contrast,panel,NES,FDR,lead_genes
ug_root_dark,germ_cluster::3,-1.9539961344922154,0.010855683269476373,AT2G10940;AT1G67090;AT5G38410;AT1G60950;ATCG00740;ATCG00820;ATCG00170;ATCG00780;ATCG00160;AT4G38970;ATCG00470;ATCG01130;ATCG00810;ATCG00190;ATCG00790;ATCG00800;ATCG00040;ATCG00180;AT1G72610
ug_root_dark,gehring_L3_state::13. PEN g2/m-phase,-1.8533641108802776,0.010855683269476373,AT3G28155;AT3G44770;AT3G44765;AT5G55520;AT3G46616;AT1G33615;AT4G33270;AT3G51740;AT1G34460;AT1G08560;AT3G19050;AT3G25980;AT2G28620;AT4G14330;AT3G20150;AT5G60930;AT4G05190;AT3G44763;AT3G23890;AT1G72250;AT2G37420;AT3G58650;AT4G11080;AT1G77580;AT4G38062;AT4G31840;AT2G22610;AT2G25060;AT2G29550;AT3G44050
ug_root_dark,gehring_L3_state::20. CZSC plac call,-1.7631966059036996,0.021711366538952743,AT3G03770;AT1G32450;AT2G32487;AT3G14570;AT3G14780;AT1G70670;AT1G26450;AT2G28810;AT5G24800;AT1G73850;AT3G59100;AT2G39830;AT2G02130;AT5G62820;AT1G07640;AT5G54660;AT4G23410;AT4G14740;AT4G23420;AT2G23950;AT3G49220;AT5G49320;AT1G22930;AT2G18960;AT5G02380;AT1G62480;AT4G24060;AT2G37050
ug_root_dark,germ_cluster::14,1.7461135527269716,0.07766143106457243,AT4G30650;AT2G47485;AT2G22170;AT3G43720;AT1G77330;AT2G41800;AT3G09260;AT4G19030;AT3G16420;AT4G19200;AT1G54410;AT1G09560;AT5G02260;AT2G25980;AT3G29034;AT1G21750;AT3G02230;AT1G54030;AT1G66270;AT1G56580;AT5G45280;AT4G12880;AT1G66280;AT4G21850;AT3G04120;AT3G15950;AT1G28290;AT5G10130;AT1G54000;AT2G45790;AT5G26280;AT5G14030;AT2G46140;AT3G05890;AT5G15650;AT4G31320;AT4G24920;AT5G15230;AT5G50460;AT2G45070;AT5G65020;AT3G16460;AT5G26260;AT2G21160;AT3G52930
ug_root_dark,germ_state_time::12hsl,1.6514246281395228,0.20143433682373474,AT3G27660;AT5G66400;AT4G06746;AT2G21490;AT3G09390;AT2G21820;AT5G57550;AT4G29780;AT1G72060;AT2G41280;AT1G04560
ug_root_dark,gehring_L3_state::9. EMB g2/m-phase,-1.6193586245808564,0.07191890166028098,AT4G36700;AT1G67090;AT5G51210;AT5G55520;AT5G13840;AT5G48310;AT1G63100;AT4G33270;AT3G51740;AT3G01570;AT1G08560;AT3G19050;AT3G25980;AT2G28620;AT3G17360;AT4G14330;AT1G23000;AT1G03780;AT3G20150;AT5G60930;AT4G05190;AT3G23890;AT5G51600;AT1G17140;AT1G72250;AT4G11080;AT4G32830;AT4G31840;AT2G25060;AT3G44050;AT4G35620;AT5G23910;AT5G01910;AT1G20610;AT4G23800;AT1G50490
ug_root_dark,germ_cluster::1,-1.609499765387896,0.05970625798212005,AT1G67090;AT3G22120;AT5G38410;ATCG00740;ATCG00820;ATCG00540;ATCG00170;ATCG00160;ATCG00470;ATCG01130;ATCG00810;ATCG00190;ATCG00790;ATCG00800;ATCG00040;ATCG00380;ATCG00180
ug_root_dark,gehring_L3_state::21. CZSC plac call,-1.574329652187454,0.06694338016177095,AT3G03770;AT3G14570;AT3G14780;AT1G70670;AT1G26450;AT1G61600;AT2G28810;AT5G24800;AT1G73850;AT3G59100;AT1G76780;AT2G39830;AT2G02130;AT5G62820;AT1G07640;AT5G54660;AT4G23410;AT4G14740;AT4G23420;AT1G63420;AT5G40980;AT5G49320;AT1G22930;AT5G02380;AT1G62480;AT4G24060;AT2G37050
ug_root_dark,germ_cluster::8,1.5707257270937822,0.31873545666084935,AT3G27660;AT5G66400;AT4G06746;AT2G21490;AT3G50980;AT3G09390;AT2G21820;AT5G57550;AT1G05510;AT3G10020;AT2G41280;AT1G04560;AT2G23110;AT3G56350
ug_root_dark,gehring_L3_state::18. CZSC plac call,-1.5582238436661267,0.06668491151249772,AT3G03770;AT2G02020;AT4G34590;AT3G14570;AT3G14780;AT1G26450;AT2G28810;AT5G24800;AT1G73850;AT3G59100;AT2G02130;AT1G07640;AT2G31900;AT4G23410;AT4G14740;AT5G23810;AT2G28650;AT4G23420;AT1G63420;AT5G49320;AT1G12780;AT1G43910;AT5G02380;AT1G62480
ug_root_dark,gehring_L1_tissue::Ovule,1.5520001560760417,0.1892997382198953,AT2G18550;AT3G26740;AT4G36740;AT2G25450;AT3G09390;AT5G02230;AT4G15610;AT2G18050;AT2G22470;AT2G36080;AT1G72260;AT4G13250;AT1G54410;AT1G58360;AT1G28330;AT3G53990;AT4G39090;AT1G47128;AT4G14270;AT2G22970;AT2G33150;AT3G51860;AT1G26560;AT4G20260
ug_root_dark,gehring_L3_state::15. OVL senes,1.5520001560760417,0.1892997382198953,AT2G18550;AT3G26740;AT4G36740;AT2G25450;AT3G09390;AT5G02230;AT4G15610;AT2G18050;AT2G22470;AT2G36080;AT1G72260;AT4G13250;AT1G54410;AT1G58360;AT1G28330;AT3G53990;AT4G39090;AT1G47128;AT4G14270;AT2G22970;AT2G33150;AT3G51860;AT1G26560;AT4G20260
ug_root_dark,gehring_L2_celltype::OVL,1.5520001560760417,0.1892997382198953,AT2G18550;AT3G26740;AT4G36740;AT2G25450;AT3G09390;AT5G02230;AT4G15610;AT2G18050;AT2G22470;AT2G36080;AT1G72260;AT4G13250;AT1G54410;AT1G58360;AT1G28330;AT3G53990;AT4G39090;AT1G47128;AT4G14270;AT2G22970;AT2G33150;AT3G51860;AT1G26560;AT4G20260
ug_root_dark,gehring_L3_state::6. EMB unknown,-1.4907354593566717,0.10380747126436782,AT4G37750;AT1G63100;ATCG01130;ATCG00040;AT3G41768;AT4G03210
ug_root_dark,germ_state_time::dry_seed,1.4906053984234147,0.31411275243081527,AT4G33467;AT2G02930;AT4G35770;AT1G65970;AT4G36670;AT3G16120;AT1G64110;AT5G06570;AT5G56100;AT2G41280;AT5G39050;AT1G53540;AT1G05680;AT4G11360;AT2G36540;AT3G47340;AT2G43590;AT5G05320;AT1G56600;AT5G14180;AT4G02520;AT1G80440
ug_root_dark,gehring_L3_state::5. EMB vasc hypoph,-1.4893337168635965,0.09347949482049099,AT5G07180;AT2G26180;AT5G60450;AT1G63100;AT1G67120;AT2G34710;AT1G29950;AT2G21050;AT1G05470;AT1G08260;AT1G28110;AT5G43810;ATMG00090;AT4G37080;AT1G75500;AT3G41768;AT1G23000;AT1G73590;AT5G16000;AT2G33510;AT1G19850;ATMG00020;AT3G06355;AT2G27040;AT4G37590;AT2G38810;AT5G20540;AT4G02290;AT3G53190
ug_root_dark,germ_cluster::11,1.4622544794436858,0.36100430846422343,AT2G26560;AT1G09080;AT4G15620;AT1G74670;AT3G19615;AT3G09390;AT5G21150;AT1G70810;AT1G72060;AT1G18100;AT5G39610;AT4G27970
ug_root_dark,germ_cluster::2,1.4501208051640757,0.3586448031801435,AT3G51240;AT1G76640;AT5G15970;AT4G30650;AT1G21310;AT2G22170;AT3G17020;AT4G30660;AT1G19450;AT4G15160;AT5G15150;AT3G21720;AT3G02230;AT1G75780;AT2G30870;AT4G21850;AT1G20010;AT2G45960;AT2G03680;AT2G45180;AT5G65390;AT3G08580;AT5G42890;AT1G11580
ug_root_dark,gehring_L3_state::31. oi2 gen I,1.4415105825154206,0.35238874345549737,AT3G16370;AT5G51750;AT1G14520;AT1G02190;AT4G15200;AT3G08770;AT1G17200;AT5G44063;AT4G21750;AT1G72260;AT4G33220;AT5G67620;AT4G25830
ug_root_dark,gehring_L3_state::7. CZE basal cyst,1.4394885340463248,0.3274135332381406,AT3G16370;AT1G29660;AT3G51240;AT5G39130;AT5G17220;AT5G51950;AT3G49780;AT3G08770;AT1G61720;AT2G02147
ug_root_dark,gehring_L3_state::9. MCE,1.4210064960619764,0.348262979930192,AT2G02490;AT2G44540;AT2G22121;AT2G24693;AT1G66870;AT2G32550;AT2G02515;AT5G46950;AT5G39260;AT1G77510
ug_root_dark,gehring_L2_celltype::CZE,1.417306466149384,0.3311811988186334,AT5G59170;AT2G05310;AT3G27660;AT5G46880;AT1G79040;AT5G57260;AT5G09640;AT1G62290;AT1G18100;AT2G38870;AT1G22430;AT2G34315;AT5G66570;AT3G47470;AT1G02850
ug_root_dark,gehring_L3_state::12. MCE_ESR shea promo,1.3788757415453639,0.4195104088755921,AT3G48740;AT3G08900;AT1G48930;AT1G33055;AT1G67850;AT1G01140;AT1G23510;AT5G07200;AT4G23010;AT5G57920;AT1G23560;AT4G35750
ug_root_dark,germ_state_time::48hsl,1.3646037943572304,0.44590605002908673,AT3G22840;AT5G15970;AT2G26150;AT1G19180;AT5G37770;AT4G19200;AT1G54410;AT5G54940;AT3G02230;AT2G41430;AT4G16500;AT1G66410;AT3G04120;AT3G09440;AT1G70410;AT2G41110;AT2G03680;AT1G07400;AT3G08580;AT5G15650;AT4G24920;AT5G15230;AT1G23490;AT1G10630;AT3G52930;AT5G39570
ug_root_dark,gehring_L2_celltype::oi2,1.3622873552609904,0.42562104602966844,AT3G16370;AT5G51750;AT1G17420;AT1G14520;AT4G15200;AT3G08770;AT1G17200;AT4G21750;AT1G72260;AT4G33220;AT5G67620;AT4G25830
ug_root_dark,gehring_L3_state::21. ii1 endothel,1.3596991007305415,0.4074369931218561,AT3G16370;AT1G29660;AT3G51240;AT5G39130;AT5G17220;AT5G51950;AT3G49780;AT3G08770;AT1G61720;AT3G55120
ug_root_dark,gehring_L3_state::27. oi1 flav synth high PCD,1.3559293061474726,0.3931609947643979,AT1G27080;AT1G14520;AT5G39220;AT3G61190;AT1G73540;AT1G32920;AT2G23810;AT1G12090;AT4G25640;AT2G05940;AT2G22500;AT4G19200;AT5G11360;AT3G52800;AT2G41430;AT5G07990;AT2G47730;AT5G42050;AT2G38170;AT2G22970;AT1G09070
ug_root_dark,germ_cluster::9,-1.3550335191805163,0.2523946360153257,AT4G18780;AT4G35350;AT2G31980;AT1G20850;AT3G62020;AT5G16490;AT3G02480;AT1G23460;AT5G03170;AT3G53620;AT4G23690;AT3G51030;AT1G24764;AT4G18640;AT1G55210;AT5G23860;AT1G68810;AT2G04850
ug_root_dark,gehring_L2_celltype::ii1,1.346170542590122,0.3987812299072288,AT1G29660;AT3G51240;AT5G39130;AT5G17220;AT5G51950;AT3G49780;AT3G08770;AT1G61720;AT3G55120
ug_root_dark,gehring_L3_state::5. EMB unknown II,-1.3442938401231128,0.24030535237431785,AT5G25090;AT5G47500;AT5G13840;AT5G48310;AT1G63100;AT4G33270;AT4G33260;AT3G51740;AT3G05330;AT3G03680;AT2G20590;AT1G18370;AT2G28620;AT5G16250;AT5G06150;AT3G53380;AT5G15510;AT3G51720;AT1G14720;AT4G31840;AT5G55180;AT5G02490;AT3G52110;AT4G35620;AT3G05260;AT4G02800;AT4G35730
ug_root_dark,gehring_L3_state::19. CZSC plac phos,-1.3228332978767152,0.24832375478927202,AT2G39510;AT1G32450;AT2G32487;AT4G17670;AT1G68740;AT1G78090;AT1G73010;AT5G24800;AT3G16340;AT1G73850;AT1G76780;AT3G54390;AT3G21420;AT2G02130;AT5G54660;AT4G37650
ug_root_dark,gehring_L3_state::6. EMB cort init,1.297684079306381,0.514992364746946,AT2G05310;AT3G27660;AT4G26740;AT1G22590;AT1G69530;AT1G78500;AT1G62290;AT1G18100;AT1G12805
ug_root_dark,gehring_L2_celltype::CPT,1.2960036043935745,0.49740297515166626,AT5G39160;AT1G31290;AT5G39130;AT5G17220;AT3G49780;AT3G08770;AT1G61720;AT1G51035;AT3G53990;AT3G22240;AT3G10985;AT4G21480
ug_root_dark,germ_cluster::6,1.2834586285866718,0.5182576749167063,AT5G51750;AT4G04890;AT1G17200;AT3G51600;AT4G21750;AT5G66780;AT3G43720;AT2G02850;AT4G01250;AT2G38530;AT1G27950;AT3G28910;AT2G20835;AT3G47800;AT3G21720;AT2G37640;AT4G01610;AT1G56580;AT4G31550;AT4G30470;AT5G56260;AT1G56340;AT3G45310
ug_root_dark,gehring_L3_state::4. EMB cort init,-1.2798026801220295,0.2893457117595049,AT5G07180;AT1G02800;AT1G67120;AT5G13000;AT2G34710;ATCG01130;AT2G24700;ATCG00040;AT3G41768;AT1G23000;AT1G29418;AT1G73100;AT1G01320;AT1G63260;AT1G57820
ug_root_dark,gehring_L3_state::22. ii1 basal cont PS,1.2796393185498174,0.5079648493815919,AT5G39160;AT2G47115;AT3G51240;AT5G39130;AT5G17220;AT3G49780;AT3G08770;AT1G61720;AT1G21310;AT5G48880;AT1G25460;AT5G07990;AT1G32170;AT2G23910
ug_root_dark,gehring_L3_state::30. oi1 flav synth s-phase,1.279004900183914,0.48942881035485747,AT1G14520;AT5G39220;AT5G42235;AT2G25450;AT4G30110;AT4G26590;AT5G07990;AT2G38170;AT3G30720
ug_root_dark,gehring_L3_state::32. oi2 VLCFA synth,1.254980150591891,0.5422709424083769,AT3G16370;AT1G14520;AT4G15200;AT3G08770;AT1G17200;AT4G21750;AT2G32690;AT1G45010;AT3G43720;AT3G08860;AT4G33220
ug_root_dark,gehring_L3_state::11. CZE cyst disacc,1.2537809508512159,0.5279483823331991,AT5G59170;AT3G27660;AT2G34420;AT5G46880;AT3G09390;AT5G13790;AT3G03240;AT2G38870;AT5G18310;AT2G34315;AT5G07200
ug_root_dark,gehring_L3_state::10. CZE cyst photo,1.2530543602871955,0.5112710878417684,AT5G59170;AT3G27660;AT5G46880;AT5G57260;AT5G09640;AT1G62290;AT1G18100;AT2G38870;AT1G22430;AT2G34315;AT5G07200;AT1G11670;AT4G39260
ug_root_dark,gehring_L3_state::8. CZE basal cyst,-1.2430635901575473,0.3214057653712826,AT1G77525;AT5G59320;AT5G13930
ug_root_dark,gehring_L1_tissue::Seed coat,1.2400573946362128,0.5342690413861879,AT1G27080;AT1G14520;AT5G39220;AT5G42235;AT3G08770;AT5G21150;AT5G48880;AT4G25640;AT4G26590;AT2G41430;AT5G07990;AT2G38170
ug_root_dark,gehring_L3_state::14. MCE_ESR gen,1.2346691424836447,0.5283990040320153,AT3G48740;AT1G33055;AT1G18100;AT2G34315;AT5G07200;AT2G23410;AT5G14180;AT1G23560;AT4G35750;AT2G25940
ug_root_dark,gehring_L3_state::28. oi1 flav synth high PCD,1.2260335569267,0.5350549011052939,AT1G27080;AT1G14520;AT5G39220;AT5G42235;AT2G25450;AT1G73540;AT4G34138;AT4G30110;AT4G25640;AT4G26590;AT5G24910;AT2G41430;AT5G07990;AT4G22110;AT2G38170;AT2G02080
ug_root_dark,gehring_L3_state::33. oi2 gen II,1.220057585177362,0.5320434329786635,AT5G51750;AT1G17420;AT1G14520;AT3G08770;AT1G17200;AT4G11280;AT5G44063;AT4G21750;AT1G72520;AT1G72260;AT4G33220;AT5G67620;AT2G22500;AT3G25780;AT4G25830;AT3G52800;AT2G41430;AT1G11670
ug_root_dark,gehring_L3_state::17. CPT trans nuc,1.2162222739728517,0.5252764370636999,AT5G39160;AT3G51240;AT5G39130;AT5G17220;AT3G49780;AT3G08770;AT1G61720
ug_root_dark,gehring_L2_celltype::MCE,1.2153014243709794,0.5114181738854513,AT3G48740;AT3G08900;AT1G48930;AT1G33055;AT5G07200;AT4G23010;AT2G23410;AT1G23560;AT4G35750;AT2G25940;AT2G47650
ug_root_dark,gehring_L3_state::16. PEN s-phase,-1.203893941786563,0.38212005108556835,AT4G33330;AT3G59100;AT3G51740;AT5G67100;AT1G12080;AT1G08260;AT1G15940;AT5G43080;AT1G20720;AT2G02100;AT4G00020;AT2G46980;AT4G21430;AT1G69770;AT1G78520;AT2G38810;AT5G50090;AT3G54560
ug_root_dark,gehring_L3_state::3. EMB sus,-1.1890756273152812,0.3860552362707535,AT3G09110;AT3G62320;AT3G50240;AT4G14690;AT1G23080;AT5G17430;AT5G46510;AT1G49475;AT1G23000;AT4G31760;AT5G24275;AT4G31000;AT3G01690
ug_root_dark,gehring_L3_state::1. EMB up proto,-1.1876737751664448,0.3649425287356322,AT5G59320;AT5G13930;ATCG01130;ATMG00090;ATMG01390
ug_root_dark,gehring_L3_state::28. oi1 flav synth s-phase,1.17975552390095,0.5903125320808952,AT1G27080;AT1G14520;AT1G12090;AT1G72260;AT4G25640;AT5G07990;AT2G38170;AT2G22970;AT1G73620;AT1G16390
ug_root_dark,gehring_L3_state::34. oi2 s-phase,1.1665157323193331,0.6100582772375965,AT3G16370;AT5G51750;AT1G02190;AT3G08770;AT1G17200;AT4G21750;AT1G72260;AT4G33220;AT5G67620;AT4G25830
ug_root_dark,germ_state_time::24hsl,1.1662579585724777,0.5940560160946287,AT3G50980;AT1G79040;AT1G26770;AT2G47400;AT1G69530;AT1G03600;AT5G56100;AT5G66780;AT1G07985;AT2G23110;AT1G01170;AT5G25460;AT3G21720;AT4G25050;AT2G28420;AT2G37640
ug_root_dark,gehring_L3_state::10. PEN,1.159320645297618,0.5964975119098156,AT1G14455;AT3G63140;AT3G55630;AT2G24693;AT2G39730;AT4G25530;AT1G11070;AT4G14140;AT1G29010
ug_root_dark,gehring_L3_state::27. oi1 basal,1.1420025288694635,0.6290831381464131,AT1G27080;AT1G14520;AT5G39220;AT5G42235;AT2G25450;AT4G34138;AT4G30110;AT4G25640;AT4G26590;AT5G24910;AT2G19570;AT5G07990;AT2G38170;AT2G02080
ug_root_dark,gehring_L3_state::9. CZE nod-like,1.1411300208250572,0.6150685774376874,AT5G65890;AT1G42980;AT1G22590;AT2G32550;AT4G25530;AT3G05310;AT5G10220;AT1G11070;AT4G14140;AT2G32370
ug_root_dark,gehring_L3_state::5. EMB gro tiss init,1.140560117916576,0.602725512652705,AT2G05310;AT3G27660;AT2G34420;AT4G26740;AT1G22590;AT5G13790
ug_root_dark,gehring_L3_state::11. PEN g2/m-phase,-1.1376430605282595,0.4465907478359586,AT3G28155;AT1G20020;AT3G54500;AT5G55520;AT1G33615;AT5G13840;AT4G33270;AT4G33260;AT1G76780;AT5G06150;AT5G60930;AT4G05190;AT1G68890;AT3G23890;AT1G72250;AT1G01320;AT4G11080;AT4G38062;AT2G22610;AT3G44050;AT3G06355;AT3G27330;AT4G23800;AT5G11530;AT4G21270
ug_root_dark,gehring_L3_state::24. ii1',-1.130528530807158,0.43679841365866773,AT1G53100;AT3G28960;AT2G39010;AT4G01430;AT2G37460;AT4G00220;AT2G33860;AT1G71960;AT4G13345
ug_root_dark,gehring_L3_state::7. EMB hypoph,1.1162726336452495,0.6583463691312306,AT3G27660;AT4G26740;AT5G13790;AT5G09640;AT1G62290;AT3G63040
ug_root_dark,gehring_L3_state::11. MCE,1.1140385879018517,0.6483342682622788,AT1G16960;AT3G08900;AT1G48930;AT4G30110;AT5G44480;AT4G14140;AT5G07200;AT4G23010;AT5G57920;AT1G32540
ug_root_dark,gehring_L3_state::30. oi1 flav synth g2m-phase,1.106783089044489,0.650640245139819,AT1G27080;AT1G14520;AT5G39220;AT4G23020
ug_root_dark,gehring_L2_celltype::ii1',-1.1050249124830638,0.4705938697318008,AT1G53100;AT3G28960;AT2G39010;AT4G01430;AT2G37460;AT4G00220;AT2G33860;AT1G71960;AT4G13345
ug_root_dark,gehring_L3_state::1. EMB upp proto,1.1025609516421782,0.6466637910518801,AT3G27660;AT3G05600;AT2G34420;AT4G26740;AT5G13790;AT5G57560;AT1G62290;AT1G22430;AT2G38530;AT1G27950;AT4G15630;AT5G57390
ug_root_dark,gehring_L3_state::2. EMB low proto,1.100902034043523,0.6361765561372892,AT3G27660;AT4G26740;AT4G04890;AT5G13790;AT1G78500;AT1G62290;AT1G12805;AT1G27950;AT4G15630;AT5G57390
ug_root_dark,gehring_L3_state::26. oi1 flav synth,1.100746980888855,0.6230852587449731,AT1G27080;AT1G14520;AT5G39220;AT5G42235;AT2G47460;AT3G55120;AT4G34138;AT4G30110;AT4G25640;AT4G26590;AT5G24910;AT5G07990;AT2G38170;AT2G02080
ug_root_dark,gehring_L3_state::14. FUN cc,-1.0982704689316758,0.4608496016541993,AT3G21600;AT2G46630;AT4G34560;AT1G78580;AT3G19550;AT5G43380;AT2G28810;AT3G16340;AT2G39830;AT1G07640;AT5G22090;AT5G66440;AT1G31770;AT2G23950;AT5G02600;AT2G31960;AT5G64240;AT3G15353;AT2G18960;AT5G02380;ATMG00020
ug_root_dark,gehring_L3_state::4. EMB vasc prim,1.0868815873250222,0.6456639189038654,AT3G27660;AT2G34420;AT4G26740;AT5G13790;AT5G09640;AT1G62290;AT3G63040;AT5G57390
ug_root_dark,gehring_L3_state::3. EMB low proto,1.0829562240962634,0.6430326043484584,AT3G05600;AT4G04890;AT5G13790;AT4G21750;AT1G27950;AT5G57390;AT2G26330;AT3G28345;AT3G26932;AT1G06080
ug_root_dark,gehring_L3_state::16. PEN dehyd,1.0765978605759392,0.6457587616198311,AT5G57260;AT1G33055;AT1G18100;AT3G03240;AT5G18310;AT2G34315;AT5G07200;AT1G01470;AT4G35750;AT4G39260;AT2G02120;AT2G25940
ug_root_dark,gehring_L2_celltype::EMB,1.0735215044606985,0.6279535810833933,AT3G27660;AT2G34420;AT4G26740;AT5G13790;AT5G09640;AT1G62290;AT1G12805
ug_root_dark,gehring_L1_tissue::Embryo,1.0735215044606985,0.6279535810833933,AT3G27660;AT2G34420;AT4G26740;AT5G13790;AT5G09640;AT1G62290;AT1G12805
ug_root_dark,gehring_L3_state::13. MCE_ESR high pcd,1.0655961379797947,0.6367863975030206,AT3G48740;AT1G33055;AT1G23510;AT2G23410;AT4G08290;AT4G39090;AT1G23560;AT4G03510;AT4G35750;AT5G51490;AT2G25940;AT2G23400
ug_root_dark,gehring_L3_state::32. oi2 gen,1.063783512251688,0.6286179986170107,AT1G71030;AT1G17420;AT1G14520;AT4G15200;AT1G17200;AT4G21750;AT4G33220;AT1G73860;AT5G67620;AT4G25830;AT4G26590
ug_root_dark,gehring_L3_state::8. EMB  s-phase,1.0547611791569078,0.6398978330424665,AT3G27660;AT2G34420;AT4G26740;AT5G13790
ug_root_dark,gehring_L3_state::8. CZE nod-like,-1.0491952281632162,0.5467316846627192,AT5G46540;AT1G77525;AT5G28000;AT3G30842;AT1G73550;AT1G73610;AT4G08990
ug_root_dark,gehring_L3_state::6. CZE nodule,1.0458446917373037,0.6501497302871649,AT1G42980;AT5G20710;AT3G03910;AT2G02147;AT5G10220;AT5G40730;AT5G10230;AT1G54410;AT1G73560
ug_root_dark,gehring_L2_celltype::PEN,-1.0451746051704254,0.5295685490588039,AT1G67090;AT4G33330;AT5G17800;AT4G33270;AT3G51740;AT1G12080;AT5G63530;AT1G01320;AT2G02100;AT1G77580;AT4G31840;AT4G21430;AT3G06355;AT1G56170;AT4G35730;AT1G78520;AT1G77590;AT5G11530;AT5G50090
ug_root_dark,germ_cluster::5,1.0264810252388932,0.6823111443530292,AT1G26770;AT1G69530;AT5G25460;AT5G39850;AT2G38210;AT1G75830;AT3G57520;AT3G15357;AT2G38230;AT1G27300;AT5G27120;AT1G48920;AT1G56110;AT3G22660;AT4G25630;AT2G27840;AT3G57150;AT1G57660;AT5G09510;AT5G20160;AT3G44750;AT3G56070
ug_root_dark,germ_cluster::12,1.0246849353722531,0.6748539925293163,AT2G26150;AT1G61340;AT1G19180;AT5G10695;AT1G18740;AT4G34150;AT4G19200;AT5G54940;AT3G15210;AT2G41430;AT2G23120;AT3G09440;AT1G69410;AT2G41110;AT1G07400;AT5G42570;AT5G15650
ug_root_dark,gehring_L3_state::23. ii1 endothel s-phase,1.0154043526254608,0.6839729268219293,AT1G29660;AT3G51240;AT5G17220;AT5G51950;AT3G08770;AT1G61720;AT2G47240;AT2G22990;AT5G48880;AT1G27950;AT5G53100
ug_root_dark,gehring_L3_state::19. ii1 basal cont PS,1.0142420278858753,0.6758354408850239,AT5G39160;AT2G47750;AT5G39130;AT3G49780;AT1G61720;AT1G21310;AT1G05260;AT4G37520;AT4G12290;AT5G66170;AT5G48100
ug_root_dark,gehring_L3_state::24. oi1 flav synth polyester,1.011662091700302,0.6703961242001164,AT5G39160;AT2G47750;AT5G39130;AT3G49780;AT2G25450;AT5G08250;AT1G21310;AT2G47240;AT4G25700;AT1G11170;AT1G17060;AT2G35585;AT4G37520;AT2G19570;AT5G48100;AT3G22620;AT3G51860
ug_root_dark,gehring_L3_state::23. oi1 flav synth,0.9979106408887154,0.6902796254970961,AT5G39160;AT2G47750;AT5G39130;AT3G49780;AT2G25450;AT1G21310;AT2G47240;AT5G15180;AT4G25700;AT1G11170;AT4G37520;AT4G12290;AT2G19570;AT2G36950
ug_root_dark,gehring_L3_state::10. CZE nodule,0.9922591911155648,0.6919069836176321,AT5G65890;AT1G42980;AT5G20710;AT5G10220;AT5G10230;AT2G32370
ug_root_dark,gehring_L3_state::17. PEN gen IV,0.9896467752512171,0.6867797584420622,AT2G05310;AT5G46880;AT2G38870;AT1G11070;AT3G50440;AT5G18310;AT1G71690;AT1G17060;AT5G07200
ug_root_dark,gehring_L2_celltype::oi1,0.9880804073653437,0.6792341568499128,AT1G27080;AT1G14520;AT5G39220;AT5G42235;AT4G34138;AT4G30110;AT4G25640;AT4G26590;AT5G24910;AT5G07990;AT1G12330;AT2G38170;AT2G02080
ug_root_dark,gehring_L3_state::31. oi2 LTP,0.9713441693781648,0.7058229292522487,AT1G14520;AT5G39130;AT5G42235;AT3G08770;AT5G54770;AT3G09390
ug_root_dark,gehring_L3_state::23. ii1 endothel,0.9710946728714915,0.6954963575546036,AT3G51240;AT5G39130;AT5G17220;AT5G51950;AT3G49780;AT3G08770;AT1G61720;AT2G47240;AT5G48880;AT5G53100;AT5G14700;AT1G32170;AT1G02930;AT2G23910;AT4G30470
ug_root_dark,gehring_L3_state::16. CPT pers nuc,0.9698209192905742,0.6874340665781042,AT1G31290;AT3G08770;AT1G61720;AT2G17780;AT1G21310;AT2G23810;AT1G51035;AT3G53990;AT3G22240
ug_root_dark,gehring_L2_celltype::CZSC,-0.954247149814083,0.7345679012345678,AT2G39510;AT1G32450;AT4G17670;AT3G57230;AT5G24800;AT3G54390;AT3G21420;AT5G54660;AT1G63420;AT2G18960;AT3G59010;AT5G02380;AT1G62480;AT4G24060
ug_root_dark,gehring_L3_state::13. FUN epid,0.9491791568693904,0.7187965172980187,AT2G34420;AT1G13930;AT1G79040;AT4G16860;AT5G57560;AT2G32690;AT1G12090;AT3G43720;AT4G10340;AT3G05880;AT2G22990;AT3G23050;AT5G57800;AT4G31800;AT2G41430;AT5G66570;AT3G47470;AT3G54890;AT1G20620
ug_root_dark,gehring_L3_state::7. CZE apical cyst,0.9454870398463437,0.7165392543693249,AT3G54550;AT4G17160;AT1G07690;AT2G44240;AT5G40730;AT5G10230
ug_root_dark,germ_cluster::10,0.9336075113186738,0.7310575604587385,AT3G16370;AT1G02205;AT1G17200;AT3G55120;AT4G36250;AT1G33590;AT4G02380;AT3G43720;AT3G09260;AT2G38530;AT1G27950;AT3G16420;AT3G20370;AT3G28910;AT1G54410;AT2G20835;AT2G41430;AT1G56580;AT4G30470;AT3G10720;AT4G16500;AT4G21620
ug_root_dark,gehring_L3_state::17. CZSC plac phos,-0.9272672378689997,0.7844316730523626,AT4G36870;AT1G04580;AT5G47150;AT2G33480;AT4G16620;AT1G62380;AT1G34060;AT1G03920;AT1G63420;AT4G36648;AT4G20320;AT2G41220;AT5G02380;AT1G62480
ug_root_dark,gehring_L3_state::18. CZSC gen,0.9220581832221659,0.7450301723078436,AT2G44460;AT5G21150;AT1G21310;AT3G08860;AT4G10120;AT4G15160;AT3G10985;AT4G37520;AT4G26590;AT3G05165;AT4G34000;AT1G26560
ug_root_dark,gehring_L3_state::18. FUN epid,0.9186735024376529,0.741289145821214,AT3G26740;AT2G25450;AT5G02230;AT3G26510;AT2G36080;AT2G22990;AT1G28330;AT5G57800;AT4G40010;AT4G30270;AT2G16700;AT4G39090;AT1G47128;AT1G20620;AT5G21940
ug_root_dark,gehring_L3_state::29. oi micr,0.8970268199842407,0.7716274893016806,AT1G27080;AT5G42235;AT5G23660;AT4G30110;AT3G53990;AT4G26590;AT3G05400;AT2G38170;AT3G51860;AT1G73620
ug_root_dark,gehring_L3_state::22. ii1'/ii2  high sene,0.886484777366785,0.7815993349370313,AT3G48740;AT4G18910;AT1G07590;AT1G11170;AT1G17060;AT5G37600;AT3G26440;AT3G09950;AT2G46950;AT5G48100
ug_root_dark,germ_cluster::15,-0.8646402425782416,0.9337975243147657,AT1G78370;AT5G43380;AT4G33660;AT5G42146;AT1G07640;AT5G22090;AT1G54575;AT5G66440;AT5G02600;AT3G03341;AT3G15353
ug_root_dark,gehring_L3_state::15. PEN,0.86339283484845,0.8127915939499709,AT5G13790;AT1G33055;AT1G18100;AT3G03240;AT5G18310;AT2G34315;AT5G07200;AT2G23410;AT1G11670;AT4G35750;AT4G39260;AT2G25940
ug_root_dark,gehring_L3_state::33. oi2 VLCFA synth,0.8614883631016551,0.806248277762469,AT1G27080;AT2G39400;AT1G14520;AT4G21750;AT5G56870;AT1G45010
ug_root_dark,gehring_L3_state::12. PEN gen I,-0.851228565107897,0.9364031975781657,AT4G33330;AT5G17800;AT1G63100;AT4G33270;AT3G51740;AT1G12080;AT1G08560;AT3G25980;AT1G04425;AT2G42110;AT2G02100;AT1G77580;AT4G31840;AT2G25060;AT3G52110;AT4G21430;AT3G06355;AT1G56170;AT4G35730;AT1G78520
ug_root_dark,gehring_L3_state::3. EMB inn cotyl,0.8304244830363895,0.8508717504136353,AT3G27660;AT2G34420;AT4G26740;AT1G69530;AT1G12805
ug_root_dark,gehring_L3_state::20. ii1 endothel,0.814377569103123,0.8683394303485926,AT1G08810;AT3G49780;AT1G10060;AT2G47240;AT1G22990;AT1G11170;AT1G17060;AT1G56580;AT4G30470
ug_root_dark,gehring_L3_state::1. EMB up proto I,-0.8113659066625023,0.9962027914614122,AT5G59320
ug_root_dark,germ_cluster::7,0.8050433103689207,0.8733224534429055,AT1G20340;AT1G26770;AT1G03600;AT4G25050;AT2G37640
ug_root_dark,gehring_L3_state::19. CPT pers nuc,0.7867965384335275,0.8926817462914486,AT1G31290;AT5G39130;AT3G08770;AT1G61720
ug_root_dark,gehring_L3_state::12. FUN hil,0.781248977148849,0.8899904121690044,AT1G03170;AT1G16960;AT3G08770;AT5G02230;AT1G02610;AT5G49520;AT4G40010;AT4G30270;AT4G34000;AT1G68800;AT5G06839
ug_root_dark,gehring_L3_state::14. PEN gen II,0.7808554287764334,0.8795512227046354,AT1G22590;AT2G20825;AT1G11070;AT1G71690;AT2G32370;AT1G19450;AT1G32540
ug_root_dark,gehring_L3_state::4. EMB unknown I,-0.7624938982145588,1.0,AT1G30530;AT5G46330;AT5G47500;AT5G13840;AT1G63100;AT4G33270;AT4G33260;AT3G51740
ug_root_dark,gehring_L1_tissue::Funiculus,0.7545480413643745,0.8969779720352364,AT1G03170;AT3G08770;AT5G02230;AT2G22990;AT5G57800;AT5G54940;AT4G40010;AT4G30270;AT2G41430;AT4G39090;AT1G68800
ug_root_dark,gehring_L2_celltype::FUN,0.7545480413643745,0.8969779720352364,AT1G03170;AT3G08770;AT5G02230;AT2G22990;AT5G57800;AT5G54940;AT4G40010;AT4G30270;AT2G41430;AT4G39090;AT1G68800
ug_root_dark,gehring_L3_state::25. oi2 gen,0.753563755236405,0.8873389539061698,AT2G47750;AT1G77210;AT1G62225;AT1G62000;AT5G01100
ug_root_dark,gehring_L2_celltype::ii2,-0.7516878085361115,0.997672310798006,AT2G02000;AT1G73680;AT2G27920
ug_root_dark,gehring_L3_state::25. ii2 gen,-0.7516878085361115,0.997672310798006,AT2G02000;AT1G73680;AT2G27920
ug_root_dark,gehring_L3_state::15. PEN gen III,-0.7427324445139455,0.9761633939974458,AT4G33330;AT5G17800;AT3G42670;AT3G51740;AT1G12080;AT5G47020;AT2G32990;AT1G04425;AT3G41768;AT5G63530;AT2G02100;AT1G77580;AT2G43680;AT4G10640;AT4G21430;AT1G56170;AT1G78520
ug_root_dark,gehring_L3_state::21. ii1'/ii2,0.7187476899577452,0.9235840537359471,AT2G47750;AT5G23660;AT5G64190;AT3G07390;AT1G17060;AT5G33290;AT4G37520;AT4G12290;AT5G66170;AT5G48100;AT4G36920;AT4G04620;AT4G37310;AT4G20260;AT4G26220;AT3G57390;AT2G45920
ug_root_dark,gehring_L1_tissue::Endosperm,0.7119997370785248,0.9201094260897474,AT1G33055;AT1G11070;AT2G34315;AT4G14140;AT5G07200;AT5G66570;AT3G47470;AT4G18020;AT2G35880
ug_root_dark,gehring_L3_state::20. CZSC plac phos,-0.6987647757143319,0.9811234954913115,AT2G39510;AT1G32450;AT5G49645;AT5G24800;AT3G54390;AT1G03920;AT1G63420;AT2G18960;AT3G59010;AT5G02380;AT1G62480;ATMG00020;AT4G24060;AT2G01021
ug_root_dark,germ_cluster::4,0.6881301434867088,0.9345295642947803,AT2G21660;AT3G15357;AT1G54690;AT1G48920;AT2G18020;AT1G56110;AT4G25630;AT2G27840;AT3G57150;AT5G20160;AT2G36620;AT2G27710;AT3G55280;AT2G01250;AT3G62250;AT5G57290;AT3G49010;AT5G22440;AT5G56710;AT4G17390;AT5G60670;AT2G41650;AT3G09200;AT1G27400;AT3G23830;AT4G10450;AT4G15000;AT4G12600;AT2G19730;AT3G22230;AT3G04920;AT5G16130;AT3G05560;AT4G25890;AT3G23390;AT3G16080;AT3G06680;AT4G27090;AT2G37190;AT5G64140;AT2G20490;AT5G03850;AT1G22780;AT3G04400;AT3G59540;AT2G43460;AT1G79075;AT3G53430;AT2G40205;AT3G56020
ug_root_dark,germ_cluster::13,0.6494223092162641,0.9534249563699826,AT3G22840
ug_root_dark,gehring_L3_state::2. EMB up proto II,-0.5887201778074872,0.9952107279693486,ATCG01130;ATCG00790;ATMG00020;AT1G04660;AT5G22880;AT5G65360;AT4G39200;AT3G04400;AT1G52300;AT3G20670;AT3G60245;AT4G27090;AT5G02500;AT3G49910;AT1G67430;AT4G15000;AT5G59970;AT5G59690;AT4G18100;AT1G02780;AT3G09200;AT5G15200;AT2G34480;AT5G59870;AT5G20290;AT2G42840;AT5G18380;AT2G39460;AT5G56710;AT5G59910;AT3G49010;AT5G57290;AT3G62250;AT5G62690;AT3G53020;AT5G60390;AT2G27710;AT3G04840;AT1G09200;AT1G43170;AT2G47610;AT1G18540;AT5G10400;AT1G51060;AT2G18020;AT1G06760;AT1G28290
ug_root_light,germ_cluster::13,-2.08766506964233,0.0,AT5G38410;AT3G22840;AT5G38420;AT1G67090;AT1G44575;AT1G32470;AT1G42970;AT4G28660;AT3G26060;AT3G62030;AT4G34190;AT4G03280;AT5G17870;AT4G01150;AT5G28750;AT5G24314;AT2G44650;AT5G65220;AT3G62530;AT3G27160;AT1G78630;AT1G33810;AT1G29070;AT1G05190;AT3G54210;AT5G14910;AT5G14320;AT1G32990;AT2G24090;AT5G15200;AT1G64510;AT3G25920;AT3G52590;AT3G08740;AT2G43030;AT3G52960;AT4G01310
ug_root_light,gehring_L3_state::7. CZE apical cyst,-2.0115311286974693,0.0,AT3G60700;AT1G07690;AT2G44240;AT1G59670;AT5G10230;AT4G17160;AT2G30115;AT2G27120;AT5G66150;AT5G40730
ug_root_light,germ_state_time::12hsl,1.9367803586981018,0.07270056912061686,AT1G75830;AT2G41280;AT3G46230;AT5G66400;AT4G27170;AT1G72060;AT3G05260;AT3G56350;AT1G04560;AT4G29780;AT2G05580;AT3G09390;AT4G06746;AT5G57550;AT2G21820;AT1G48920
ug_root_light,germ_cluster::3,-1.9194973449949944,0.004231723332846928,AT5G38410;AT5G38420;AT1G67090;AT1G44575;AT4G38970;AT1G72610;AT1G10960;AT1G60950
ug_root_light,gehring_L3_state::1. EMB upp proto,-1.8260071258567767,0.023803443747263973,AT2G42840;AT1G67090;AT5G51210;AT2G18540;AT5G07190;AT2G28490;AT4G15630;AT1G29930;AT5G50770;AT1G27950;ATCG00020;AT1G48470;AT5G49190
ug_root_light,gehring_L3_state::32. oi2 gen,-1.8145655910775609,0.020312271997665256,AT4G21750;AT4G25830;AT1G51500;AT2G01520;AT1G14520;AT5G59320;AT3G54340;AT4G15200;AT2G42830;AT4G12870;AT5G67620;AT2G26250;AT2G38540;AT1G04220;AT1G17420;AT2G37300;AT3G11720
ug_root_light,gehring_L3_state::12. MCE_ESR shea promo,1.7952541521955299,0.1404442812557371,AT3G48740;AT1G71250;AT3G08900;AT5G50260;AT1G01900;AT1G71120;AT1G67850;AT1G11190;AT1G01140;AT2G14690;AT3G11930;AT1G48930;AT2G34510;AT5G27600;AT2G19110;AT5G07290;AT5G07200
ug_root_light,gehring_L3_state::8. CZE basal cyst,-1.7622266028780342,0.028564132496716767,AT5G13930;AT3G60700;AT5G10230;AT1G62333;AT5G59320;AT1G77525;AT5G40730
ug_root_light,gehring_L3_state::1. EMB up proto,-1.7523211759743245,0.02539033999708157,AT2G42840;AT5G13930
ug_root_light,gehring_L3_state::23. ii1 endothel,-1.7238070713893014,0.03411826937107836,AT5G13930;AT3G51240;AT5G25610;AT1G61720;AT5G05270;AT5G02540;AT5G53100;AT1G62333;AT1G65060;AT5G39130;AT2G26250;AT2G47895;AT4G24130;AT2G25540
ug_root_light,gehring_L3_state::17. CPT trans nuc,-1.7232889114088914,0.030327350552069653,AT5G13930;AT5G56300;AT3G51240;AT5G39160;AT1G61720;AT5G05270;AT1G62333;AT1G65060;AT5G39190;AT5G39130
ug_root_light,germ_cluster::8,1.7190719042161784,0.16963466128143934,AT1G75830;AT2G41280;AT3G46230;AT5G66400;AT4G27170;AT3G05260;AT3G56350;AT1G04560;AT2G35300;AT2G23110;AT2G05580;AT3G09390;AT4G06746;AT5G57550;AT2G21820;AT3G50980;AT3G10020;AT3G01570
ug_root_light,gehring_L3_state::2. EMB low proto,-1.698493531297924,0.037450751495695316,AT2G42840;AT1G68170;AT5G51210;AT2G18540;AT5G07190;AT2G28490;AT1G12805;AT4G15630;AT5G50770;AT1G27950;AT1G48470;AT5G49190
ug_root_light,gehring_L3_state::2. EMB up proto II,-1.6790296164938083,0.04212488226788533,AT2G42840;AT2G39460;AT5G59970;AT5G59690;AT4G27090;AT3G60245;AT3G04400;AT5G56710;AT5G15200;AT5G59870;AT3G53020;AT4G15000;AT3G20670;AT2G18020;AT1G09200;AT2G27710;AT5G10400;AT1G51060;AT4G18100;AT5G18380;AT1G52300;AT1G18540;AT3G62250;AT5G65360;AT2G34480;AT5G57290;AT3G04840;AT4G39200
ug_root_light,gehring_L3_state::10. CZE nodule,-1.6652914233872926,0.043904129578286884,AT3G60700;AT3G15960;AT5G10230;AT5G20710;AT4G36590;AT2G27120;AT5G65890;AT5G66150;AT2G32370
ug_root_light,gehring_L2_celltype::MCE,1.648346016508675,0.20323113640536075,AT3G48740;AT1G71250;AT3G08900;AT5G50260;AT1G01900;AT1G71120;AT3G45010;AT1G11190;AT2G25940;AT3G16770;AT2G23410;AT3G11930;AT1G48930;AT5G27600;AT2G19110
ug_root_light,germ_cluster::4,-1.6460744632040527,0.05126895576333779,AT1G79075;AT2G40205;AT5G03850;AT3G56020;AT3G06680;AT5G64140;AT2G43460;AT2G20490;AT3G23390;AT2G19730;AT3G22230;AT3G55280;AT3G59540;AT3G16080;AT4G25890;AT4G27090;AT5G20160;AT3G04400;AT5G56710;AT4G12600;AT4G15000;AT1G22780;AT5G22440;AT1G54690;AT3G53430;AT2G01250;AT3G04920;AT2G18020;AT2G27710;AT2G37190;AT2G36620;AT4G10450;AT2G27840;AT3G15357;AT2G41650;AT3G62250;AT5G57290;AT5G16130
ug_root_light,germ_state_time::dry_seed,1.6395983281636795,0.16853313750688453,AT1G75830;AT2G41280;AT4G33467;AT2G02930;AT5G39050;AT3G47340;AT5G64750;AT1G56600;AT5G05320;AT1G05680;AT4G02520;AT1G64110;AT2G40170;AT2G36540;AT5G56100;AT5G06570;AT4G36670;AT1G65970
ug_root_light,germ_state_time::24hsl,1.6360259712753507,0.1454011382412337,AT3G02790;AT1G75830;AT1G52690;AT1G26770;AT2G23110;AT3G21720;AT5G66780;AT5G56100;AT1G07985
ug_root_light,gehring_L3_state::14. FUN cc,-1.6311301610607738,0.0525942757082404,AT1G68170;AT3G19550;AT4G24450;AT1G66200;AT3G21600;AT5G64240;AT1G31812;AT1G78580;AT5G27690;AT5G04080;AT5G02380;AT1G67870;AT4G38740;AT5G66440;AT5G20700
ug_root_light,gehring_L3_state::13. FUN epid,-1.6239305148830527,0.051627024660732525,AT5G38410;AT1G29920;AT1G67090;AT5G25610;AT3G54890;AT2G32690;AT1G79040;AT1G29930;AT5G66570;AT5G54270;AT5G59320
ug_root_light,gehring_L1_tissue::Endosperm,-1.6136426095427796,0.05276430030643514,AT1G67090;AT1G04380;AT1G15150;AT4G28365;AT5G66570;AT4G14140;AT5G50770
ug_root_light,gehring_L2_celltype::oi2,-1.6074349539226538,0.053021004111552694,AT5G51750;AT4G21750;AT4G25830;AT1G51500;AT2G01520;AT1G14520;AT5G59320;AT3G54340;AT4G15200;AT2G42830;AT5G67620;AT2G26250;AT2G38540;AT3G16370;AT1G04220;AT1G17420;AT4G13840
ug_root_light,gehring_L3_state::1. EMB up proto I,-1.5920107575301243,0.057833552215574686,AT2G42840;AT5G59320;AT4G12870;AT1G56580;AT2G43460;AT3G06700;AT3G22230;AT1G23290;AT3G60245;AT3G04400;AT5G15200;AT3G52590;AT3G53430;AT2G01250;AT3G04920;AT2G18020;AT2G47110;AT2G27710;AT5G48480;AT2G27720;AT5G02960;AT2G36160;AT1G26630;AT1G52300;AT3G62250;AT5G65360;AT2G34480
ug_root_light,gehring_L1_tissue::Ovule,1.5887043199010105,0.12006609142647329,AT1G72260;AT5G02230;AT5G50260;AT2G25450;AT3G26740;AT4G15610;AT1G12010;AT3G09390;AT4G39090;AT4G13250;AT2G18550;AT4G33150;AT5G49360;AT4G36740;AT3G51860;AT4G30960;AT1G58360;AT2G36080;AT3G26100;AT2G22970;AT2G22470;AT2G33150;AT4G32480
ug_root_light,gehring_L2_celltype::OVL,1.5887043199010105,0.12006609142647329,AT1G72260;AT5G02230;AT5G50260;AT2G25450;AT3G26740;AT4G15610;AT1G12010;AT3G09390;AT4G39090;AT4G13250;AT2G18550;AT4G33150;AT5G49360;AT4G36740;AT3G51860;AT4G30960;AT1G58360;AT2G36080;AT3G26100;AT2G22970;AT2G22470;AT2G33150;AT4G32480
ug_root_light,gehring_L3_state::15. OVL senes,1.5887043199010105,0.12006609142647329,AT1G72260;AT5G02230;AT5G50260;AT2G25450;AT3G26740;AT4G15610;AT1G12010;AT3G09390;AT4G39090;AT4G13250;AT2G18550;AT4G33150;AT5G49360;AT4G36740;AT3G51860;AT4G30960;AT1G58360;AT2G36080;AT3G26100;AT2G22970;AT2G22470;AT2G33150;AT4G32480
ug_root_light,gehring_L2_celltype::CPT,-1.5881274600863513,0.05779643183546199,AT5G13930;AT5G39160;AT1G61720;AT5G05270;AT1G62333;AT5G39190;AT3G54390;AT5G39130;AT3G22240;AT5G02380;AT2G47895
ug_root_light,gehring_L2_celltype::PEN,-1.5841868863419475,0.05681088574347001,AT1G67090;AT1G04380;AT1G15150;AT4G28365;AT5G66570;AT4G14140;AT2G32370;AT1G78520;AT5G17800
ug_root_light,germ_cluster::10,-1.5833234893223531,0.05410560546997144,AT2G42840;AT2G27385;AT1G02205;AT4G23670;AT3G55120;AT1G27950;AT2G26250;AT2G38540;AT1G09310;AT3G16370;AT5G02380;AT1G56580
ug_root_light,gehring_L3_state::19. CZSC plac phos,-1.5742260342489813,0.05626268522080574,AT2G39510;AT1G32450;AT2G02130;AT3G54390;AT4G40010;AT4G17670;AT3G04300;AT5G24660;AT5G25620;AT2G32487;AT5G02380;AT1G78090;AT5G20700;AT5G21150;AT3G21420;AT5G19530;AT5G24580;AT5G24800;AT3G15353;AT5G54660;AT1G74840;AT1G73010
ug_root_light,gehring_L3_state::5. EMB gro tiss init,-1.5704718527874626,0.05547237325449343,AT1G67090;AT1G22590;AT5G51210;AT2G18540;AT5G07190;AT2G28490;AT2G05310;AT1G12805;AT2G01770;AT1G29930;AT5G50770
ug_root_light,gehring_L3_state::22. ii1 basal cont PS,-1.5535061471627654,0.06347584999270393,AT5G13930;AT3G51240;AT5G39160;AT1G61720;AT5G05270;AT5G07990;AT1G62333;AT5G39130
ug_root_light,gehring_L1_tissue::Seed coat,-1.5321089663879919,0.07566321319130308,AT5G13930;AT5G39220;AT5G05270;AT5G07990;AT1G27080;AT1G14520;AT5G15800;AT3G20520;AT4G25640;AT4G12870;AT5G03380
ug_root_light,germ_cluster::15,-1.5198367868166887,0.08007722614464187,AT1G66200;AT4G33660;AT1G31812;AT5G04080;AT4G34870;AT5G02380;AT4G38740;AT5G66440;AT2G38640;AT2G20562;AT4G10040;AT2G24940;AT2G27030;AT4G01600;AT5G35680;AT5G12140;AT3G56240;AT3G15353;AT1G70490;AT5G59890;AT1G10380;AT2G16600;AT5G02600;AT5G42980;AT2G47710;AT5G42146;AT4G11010;AT5G22090
ug_root_light,gehring_L3_state::32. oi2 VLCFA synth,-1.5171275342082267,0.07828688165766817,AT4G21750;AT1G68530;AT4G25830;AT2G01520;AT2G32690;AT1G14520;AT5G59320;AT3G54340;AT4G15200;AT4G12870;AT2G26250;AT2G38540;AT1G35180;AT3G16370;AT1G04220;AT4G13840
ug_root_light,gehring_L3_state::31. oi2 LTP,-1.5147412632458264,0.07685111838402368,AT5G13930;AT4G25830;AT2G01520;AT1G62333;AT1G70830;AT1G14520;AT5G59320;AT5G39130;AT4G12870;AT2G38540;AT1G08830;AT5G62210;AT2G47895;AT1G56580
ug_root_light,germ_cluster::11,1.5079934882238353,0.16192399485955572,AT4G22710;AT1G75830;AT4G15396;AT1G72060;AT1G09080;AT5G39610;AT4G15620;AT1G66600;AT1G62420;AT4G27460;AT3G09390;AT3G19615;AT4G27970;AT5G03795;AT1G70810;AT1G48920
ug_root_light,gehring_L3_state::3. EMB inn cotyl,-1.486101392305783,0.09805924412665987,AT1G67090;AT5G51210;AT2G18540;AT5G07190;AT2G28490;AT1G12805;AT1G29910;AT1G29930;AT5G50770
ug_root_light,germ_state_time::48hsl,-1.444045336031484,0.134991974317817,AT3G22840;AT5G15970;AT2G02130;AT4G34870;AT5G02380;AT1G54580;AT3G61640;AT5G12140;AT4G24920;AT3G15353;AT2G41430;AT1G70490;AT2G03680;AT1G78040;AT5G42980;AT1G09200;AT4G11010;AT3G09820;AT3G43810
ug_root_light,gehring_L3_state::33. oi2 VLCFA synth,-1.4324386955407835,0.14333256449965404,AT4G21750;AT1G68530;AT1G51500;AT2G01520;AT1G27080;AT1G14520;AT5G59320;AT1G76990;AT2G26250;AT2G38540;AT1G04220
ug_root_light,gehring_L1_tissue::Embryo,-1.423961384423734,0.1429168380138758,AT1G67090;AT5G51210;AT2G18540;AT5G07190;AT2G28490;AT1G12805;AT1G29910;AT1G29930;AT5G50770;ATCG00020;AT1G48470;AT5G49190;AT2G41070
ug_root_light,gehring_L2_celltype::EMB,-1.423961384423734,0.1429168380138758,AT1G67090;AT5G51210;AT2G18540;AT5G07190;AT2G28490;AT1G12805;AT1G29910;AT1G29930;AT5G50770;ATCG00020;AT1G48470;AT5G49190;AT2G41070
ug_root_light,gehring_L2_celltype::CZSC,-1.419361431127745,0.14356743718938034,AT2G39510;AT1G32450;AT3G54390;AT4G40010;AT4G17670;AT3G04300;AT1G76990;AT5G02380;AT5G20700;AT5G21150;AT3G21420;AT5G24580;AT5G24800;AT5G54660;AT1G74840;AT1G62480
ug_root_light,gehring_L3_state::6. CZE nodule,-1.4087201569748506,0.1501657251255967,AT3G15960;AT1G73560;AT5G10230;AT5G20710;AT4G36590;AT2G27120;AT5G46540
ug_root_light,gehring_L3_state::31. oi2 gen I,-1.405795886455013,0.14916824748285423,AT5G51750;AT4G21750;AT4G25830;AT2G01520;AT1G14520;AT5G59320;AT3G54340;AT4G15200;AT5G67620;AT2G26250;AT2G38540;AT3G16370;AT1G52400;AT4G13840
ug_root_light,gehring_L3_state::7. EMB hypoph,-1.4015425762355684,0.15011180741517818,AT1G68170;AT5G51210;AT2G18540;AT5G07190;AT2G28490;AT1G29930;AT5G50770;ATCG00020;AT5G49190;AT2G41070
ug_root_light,gehring_L3_state::6. EMB cort init,-1.3974104737728392,0.15067162287741825,AT1G22590;AT5G51210;AT2G18540;AT5G07190;AT2G28490;AT2G05310;AT1G12805;AT1G29930;AT5G50770
ug_root_light,gehring_L3_state::21. ii1'/ii2,1.3712172198413215,0.27277734198975245,AT2G47750;AT5G23660;AT1G43640;AT4G12290;AT5G59845;AT5G66170;AT1G17060;AT4G00220;AT3G07390;AT2G28650;AT1G54570;AT2G19110;AT2G45920;AT1G78080;AT5G48100
ug_root_light,gehring_L2_celltype::CZE,-1.3495602676120695,0.19775168651573144,AT1G67090;AT2G18540;AT5G07190;AT2G05310;AT1G79040;AT5G66570;AT5G50770;AT1G62710;AT5G49190;AT2G41070;AT2G34315;AT5G46110
ug_root_light,gehring_L3_state::8. EMB  s-phase,-1.3244960518307334,0.2231176127243543,AT1G67090;AT5G51210;AT2G18540;AT1G29910;AT3G54890;AT1G29930;ATCG00020;AT5G49190;AT4G10340;AT5G13790;AT1G09420;AT3G15680;AT3G54560
ug_root_light,gehring_L3_state::34. oi2 s-phase,-1.3177328552089558,0.22650041107152644,AT5G51750;AT4G21750;AT4G25830;AT2G01520;AT5G59320;AT3G54340;AT3G26450;AT5G67620;AT2G26250;AT2G38540;AT3G16370;AT1G52400;AT4G13840
ug_root_light,gehring_L3_state::3. EMB low proto,-1.3076353607973918,0.23319818223510036,AT2G42840;AT4G21750
ug_root_light,gehring_L3_state::9. MCE,1.3065947806859768,0.34174775105562694,AT1G66870;AT2G02515;AT2G02490;AT2G44540
ug_root_light,gehring_L3_state::26. oi1 flav synth,-1.290006150590548,0.24991770706429708,AT2G47460;AT5G39220;AT5G05270;AT5G07990;AT1G27080;AT1G14520;AT3G55120;AT4G25640;AT4G12870;AT1G16750
ug_root_light,gehring_L3_state::13. MCE_ESR high pcd,1.2647577529862608,0.37977150442727825,AT3G48740;AT5G50260;AT1G01900;AT1G71120;AT3G45010;AT1G11190;AT2G25940;AT1G26820;AT2G23410;AT4G39090;AT3G11930;AT2G19110
ug_root_light,gehring_L3_state::10. CZE cyst photo,-1.2647125772438916,0.27958226655877316,AT1G67090;AT2G18540;AT5G07190;AT1G04380;AT5G50770;AT1G62710;ATCG00020;AT5G49190;AT2G41070;AT2G34315;AT5G46110
ug_root_light,gehring_L3_state::28. oi1 flav synth s-phase,-1.2601748674856252,0.28112748674546423,AT5G07990;AT1G27080;AT1G14520;AT4G25640;AT4G12870;AT5G62210;AT1G65370;AT5G59690;AT3G53730;AT1G08880;AT5G59870;AT3G20670;AT3G45980;AT1G07820;AT1G12090;AT1G73620;AT1G09200;AT4G36360;AT5G10400;AT1G51060
ug_root_light,gehring_L3_state::10. PEN,-1.2586562781367208,0.2773618662724672,AT1G67090;AT5G24316;AT5G54270;AT4G14140;AT4G38700;AT1G58055;AT1G77525;AT2G39730;AT4G25530
ug_root_light,gehring_L3_state::19. CPT pers nuc,-1.2477547449910562,0.28631659996709,AT5G13930;AT1G61720;AT1G62333;AT5G59320;AT5G39130;AT4G12870;AT2G38540;AT5G02380;AT2G47895;AT5G20700;AT1G07590
ug_root_light,gehring_L3_state::14. MCE_ESR gen,1.2254053348223257,0.4354952922972016,AT3G48740;AT1G71250;AT5G50260;AT1G01900;AT1G71120;AT3G45010;AT2G25940;AT4G00220;AT3G16770;AT2G23410;AT3G11930;AT2G19110
ug_root_light,germ_cluster::7,1.2197276310820604,0.41439324398751604,AT3G02790;AT1G26770
ug_root_light,gehring_L3_state::12. PEN gen I,-1.2194455922004142,0.32015631840070047,AT1G04380;AT4G28365;AT4G14140;AT2G32370;AT1G04425;AT1G78520;AT5G17800;AT2G25060;AT2G42110;AT1G71690;AT5G50740;AT3G06355;AT5G50090;AT1G12080;AT4G31840;AT1G08560
ug_root_light,gehring_L3_state::9. EMB g2/m-phase,-1.2151978882504721,0.31997010098363,AT1G67090;AT5G51210;AT1G29930;ATCG00020;AT2G25060;AT4G11080;AT1G17140;AT5G01910;AT1G50490;AT4G14330;AT4G32830;AT4G31840;AT1G08560;AT1G23000;AT3G25980;AT5G44560
ug_root_light,gehring_L3_state::25. oi2 gen,1.2117539860740378,0.40191848724068296,AT1G77210;AT2G47750;AT4G12290;AT5G59845;AT5G42930;AT2G23760;AT5G01100;AT2G23550
ug_root_light,gehring_L3_state::23. ii1 endothel s-phase,-1.2089700532412657,0.3234729315628192,AT5G13930;AT3G51240;AT4G17480;AT5G25610;AT1G61720;AT5G05270;AT1G07720;AT5G02540;AT5G53100;AT1G61255;AT1G62333;AT1G65060;AT5G10180
ug_root_light,gehring_L3_state::20. CZSC plac call,-1.19741362295659,0.3343061432949074,AT1G32450;AT2G02130;AT4G40010;AT3G04300;AT2G32487;AT5G02380;AT5G20700;AT5G62820;AT5G24580;AT3G03770;AT5G24800;AT5G45320;AT5G54660;AT1G74840;AT1G62480;AT3G14570
ug_root_light,gehring_L3_state::21. ii1 endothel,-1.1713828396730708,0.3714557913996116,AT5G13930;AT3G51240;AT5G25610;AT1G61720;AT5G05270;AT1G07720;AT5G02540;AT5G53100;AT1G61255;AT1G62333;AT1G65060;AT5G10180;AT3G55120;AT5G39130;AT1G27950;AT2G26250;AT3G16370
ug_root_light,gehring_L2_celltype::ii1',-1.1619770219929442,0.37929814514508176,AT5G55250;AT2G02990;AT5G39220;AT1G11590;AT2G39010;AT3G28960;AT1G16705;AT2G33860;AT5G20700;AT4G03210
ug_root_light,germ_cluster::9,-1.1542213973770499,0.3861447541222822,AT3G06035;AT1G31935;AT3G53620;AT4G18780;AT5G03170;AT5G12140;AT3G56240;AT3G51030;AT3G56800;AT1G60810;AT1G70490;AT2G03680;AT5G67600;AT3G14595;AT1G78040;AT5G16490;AT5G06370;AT1G55330;AT5G26667;AT3G02480;AT1G68810;AT5G15230;AT1G14890;AT1G55210;AT5G48500;AT1G62981;AT1G05850
ug_root_light,gehring_L3_state::15. PEN,-1.1482086708390709,0.39043418277330433,AT1G67090;AT1G04380;AT1G15150;AT5G50770;AT4G19645;AT2G46530;ATCG00020;AT5G49190;AT2G34315;AT5G13790
ug_root_light,gehring_L3_state::19. ii1 basal cont PS,-1.1397111876032264,0.39638401325801004,AT5G56300;AT5G39160;AT1G61720;AT1G62333;AT5G39190;AT1G66200;AT5G39130
ug_root_light,gehring_L3_state::20. CZSC plac phos,-1.1315903840898178,0.4035727725851913,AT2G39510;AT1G32450;AT3G54390;AT4G40010;AT1G76990;AT5G02380;AT5G20700;AT5G21150
ug_root_light,gehring_L2_celltype::oi1,-1.1298467849221592,0.40022617831606594,AT5G39220;AT5G05270;AT5G07990;AT1G27080;AT1G14520;AT3G54140;AT4G25640;AT4G12870;AT1G16750
ug_root_light,gehring_L3_state::6. EMB unknown,-1.1296281213180994,0.39355026995476433,AT4G37750;AT4G03210;AT3G06700;AT4G09320;AT4G27090;AT3G60245;AT3G09500;AT5G15200;AT3G41768;AT2G37600;AT3G62870;AT3G52590;AT3G04920;AT2G18020;AT2G27710;AT2G27720;AT1G52300;AT2G34480;AT2G27530;AT4G39200;AT1G70600;AT5G07090;AT5G20290;AT1G67430
ug_root_light,gehring_L3_state::24. ii1',-1.1268916214912186,0.39090544287173495,AT5G55250;AT2G02990;AT5G39220;AT1G11590;AT2G39010;AT3G28960;AT1G16705
ug_root_light,gehring_L2_celltype::ii1,1.1266263874586242,0.5398114450480027,AT1G29660;AT1G02930;AT3G08770;AT2G21430;AT3G49780
ug_root_light,germ_cluster::1,-1.1072421956950387,0.4209177265909629,AT5G38410;AT1G67090
ug_root_light,germ_cluster::6,-1.1050784619751108,0.41760966471006344,AT2G42840;AT5G51750;AT4G21750;AT4G14440;AT3G02110;AT1G27950;AT3G23730;AT2G26250;AT2G38540
ug_root_light,gehring_L3_state::16. PEN dehyd,1.1026927958269166,0.5650816963466128,AT1G52690;AT5G65590;AT3G03240;AT1G36060;AT2G25940;AT4G00220;AT3G16770;AT3G57780
ug_root_light,germ_cluster::2,-1.0984896832088071,0.42317233328469284,AT5G15970;AT3G51240
ug_root_light,gehring_L3_state::16. CPT pers nuc,1.0969545604386393,0.5471674412762215,AT2G17780;AT1G51030;AT1G51010;AT1G51300;AT3G08770
ug_root_light,gehring_L3_state::11. PEN g2/m-phase,1.0946047211499528,0.5252616118964567,AT3G05460;AT1G11070;AT1G03445;AT4G35725
ug_root_light,gehring_L3_state::21. CZSC plac call,-1.0734683144702644,0.46624995439953304,AT5G65140;AT2G02130;AT3G04300;AT5G02380;AT5G21150;AT5G40980;AT5G62820;AT5G24580;AT3G03770;AT5G24800;AT5G45320;AT5G54660;AT1G74840;AT1G62480;AT3G14570
ug_root_light,gehring_L3_state::30. oi1 flav synth g2m-phase,-1.068753005153658,0.4691353590229995,AT5G39220;AT5G07990;AT1G27080;AT1G14520;AT4G23020;AT4G21760
ug_root_light,gehring_L3_state::11. MCE,1.0636613690920294,0.57232028115083,AT1G71250;AT3G08900;AT4G30110;AT1G32540;AT1G01900;AT3G45010;AT3G16770;AT1G48930;AT5G27600;AT5G07200;AT5G44480
ug_root_light,gehring_L3_state::7. CZE basal cyst,-1.0624176437086275,0.4735683111576881,AT5G13930;AT3G51240;AT5G25610;AT1G61720;AT5G05270;AT5G02540;AT5G53100;AT1G61255;AT1G62333;AT1G65060;AT5G10180;AT5G39130;AT1G27950;AT2G26250;AT3G16370
ug_root_light,gehring_L3_state::4. EMB vasc prim,-1.0600874628191812,0.4704792105429369,AT5G51210;AT2G18540;AT2G28490;AT1G29930;AT5G50770;AT5G22470;ATCG00020;AT5G49190;AT1G75500;AT2G41070;AT5G13790;AT1G09420
ug_root_light,gehring_L3_state::27. oi1 flav synth high PCD,-1.054408353199922,0.4734551634749916,AT5G13930;AT5G39220;AT5G05270;AT5G07990;AT1G27080;AT1G14520;AT4G25640;AT4G12870
ug_root_light,gehring_L3_state::27. oi1 basal,-1.054256330316351,0.4668694763956122,AT5G39220;AT5G07990;AT1G27080;AT1G70830;AT1G14520;AT3G54140;AT4G25640;AT1G16750
ug_root_light,gehring_L3_state::8. CZE nod-like,1.048602785999902,0.5829564230518884,AT2G39640;AT5G10220;AT3G05460;AT3G03240;AT4G35725;AT3G30842
ug_root_light,gehring_L3_state::33. oi2 gen II,-1.0260696427484899,0.5161493402263868,AT5G51750;AT4G21750;AT4G25830;AT1G14520;AT5G59320;AT3G54340;AT5G67620;AT2G38540;AT1G17420;AT1G52400;AT4G13840
ug_root_light,gehring_L3_state::25. ii2 gen,0.9948914602986282,0.659537360014687,AT4G24150;AT1G43640;AT5G66170;AT2G02000;AT3G60160;AT1G73680;AT5G42235;AT3G23560;AT2G19570;AT1G78080;AT4G16130;AT5G12170;AT4G39350
ug_root_light,gehring_L2_celltype::ii2,0.9948914602986282,0.659537360014687,AT4G24150;AT1G43640;AT5G66170;AT2G02000;AT3G60160;AT1G73680;AT5G42235;AT3G23560;AT2G19570;AT1G78080;AT4G16130;AT5G12170;AT4G39350
ug_root_light,gehring_L3_state::23. oi1 flav synth,0.9834833301635689,0.6621039104093996,AT2G47750;AT4G12290;AT5G50260;AT2G25450;AT4G25700;AT3G02940;AT1G11170;AT3G49780
ug_root_light,gehring_L3_state::9. CZE nod-like,-0.9823075810217913,0.5913088335940053,AT1G22590;AT2G27120;AT3G54500;AT5G65890;AT4G14140;AT2G32370;AT4G25530;AT2G32550
ug_root_light,gehring_L3_state::28. oi1 flav synth high PCD,-0.9743413268546554,0.5983480470840021,AT5G39220;AT5G07990;AT1G27080;AT1G70830;AT1G14520;AT3G54140;AT4G25640
ug_root_light,gehring_L3_state::17. PEN gen IV,0.9740555809070903,0.6609142647328805,AT4G21380;AT1G11070;AT2G37025;AT1G36060;AT3G50440;AT1G17060;AT3G16770;AT5G41070;AT5G46880;AT5G07200;AT4G00730;AT3G15990
ug_root_light,gehring_L3_state::30. oi1 flav synth s-phase,-0.9513336677742932,0.6324107630095009,AT5G39220;AT5G07990;AT1G70830;AT1G14520;AT3G30720
ug_root_light,gehring_L3_state::14. PEN gen II,-0.9423707725187357,0.6417923103316362,AT1G22590;AT4G28365;AT2G32370;AT1G78520;AT5G17800;AT1G71690;AT3G06355;AT5G48720;AT5G50090
ug_root_light,gehring_L3_state::22. ii1'/ii2  high sene,-0.9342187062949823,0.6499080694586313,AT2G02990;AT1G73220;AT2G40670;AT2G05910;ATCG00020;AT3G23430;AT5G16110;AT5G20700;AT5G14940;AT1G07590;AT5G13170;AT1G31050;AT1G79520
ug_root_light,gehring_L3_state::24. oi1 flav synth polyester,0.9290433801113167,0.7415702833363932,AT2G47750;AT2G40370;AT2G25450;AT4G25700;AT3G02940;AT1G11170;AT3G49780;AT1G17060;AT5G59220;AT1G73290;AT2G19570;AT3G51860;AT5G48100;AT2G47240
ug_root_light,gehring_L3_state::11. CZE cyst disacc,-0.9273199721154857,0.6550540677536538,AT1G67090;AT4G28365;AT1G29930;AT5G50770;AT1G62710;AT2G41070;AT2G34315;AT5G13790;AT5G56150;AT1G26680;AT5G59170
ug_root_light,gehring_L3_state::5. EMB unknown II,-0.9134443850235325,0.675399531156134,AT5G25090;AT4G12870;AT1G14720;AT5G02490;AT4G17000;AT3G05400;AT1G76310;AT5G66230;AT1G50490;AT5G16250;AT4G31840;AT4G02800;AT5G44560;AT1G73660;AT3G05330;AT2G20590
ug_root_light,gehring_L3_state::18. CZSC plac call,-0.9106657711512718,0.6736578028712861,AT1G68170;AT2G02130;AT4G40010;AT3G04300;AT4G34590;AT5G02380;AT5G20700;AT5G24580;AT3G03770;AT5G24800;AT5G45320;AT1G74840;AT1G62480
ug_root_light,gehring_L3_state::17. CZSC plac phos,0.8998438646112318,0.7834194445172966,AT2G47750;AT1G43640;AT4G12290;AT5G02230;AT5G66170;AT4G10120;AT3G60160
ug_root_light,gehring_L3_state::5. EMB vasc hypoph,-0.8884804947374826,0.7104474248550482,AT5G07180;AT1G75500;AT2G03090;AT5G13790;AT2G33510;AT3G06355;AT2G26180;AT3G41768;AT2G38810;AT1G23000;AT1G05470
ug_root_light,gehring_L3_state::29. oi micr,-0.8672925685088174,0.7411598934773092,AT1G73220;AT1G27080;AT1G32450;AT4G17670;AT4G12870;AT3G30775;AT3G23430
ug_root_light,gehring_L1_tissue::Funiculus,0.8565022059569433,0.8262529832935561,AT1G68800;AT5G02230;AT3G08770;AT4G30270;AT3G60160;AT2G22990;AT4G39090;AT5G49360;AT3G20470
ug_root_light,gehring_L2_celltype::FUN,0.8565022059569433,0.8262529832935561,AT1G68800;AT5G02230;AT3G08770;AT4G30270;AT3G60160;AT2G22990;AT4G39090;AT5G49360;AT3G20470
ug_root_light,gehring_L3_state::3. EMB sus,-0.853830877593808,0.7546573276910356,AT5G24275;AT5G38565;AT3G09110;AT2G18340
ug_root_light,gehring_L3_state::13. PEN g2/m-phase,0.8316669630239111,0.8542849867047264,AT3G44765;AT1G11070
ug_root_light,germ_cluster::12,-0.8260889548434408,0.7968541461279198,AT2G44670;AT2G02130;AT5G02380;AT2G13820;AT3G61640;AT1G71950;AT4G27960;AT2G23120;AT1G54050;AT5G12140;AT3G56800;AT2G41430;AT1G30070;AT4G24960;AT1G70490
ug_root_light,gehring_L3_state::18. CZSC gen,0.8230484112931421,0.8439049017807968,AT3G08860;AT2G44460;AT5G20830;AT4G10120;AT5G17980;AT1G05490;AT1G69850;AT3G58780
ug_root_light,gehring_L3_state::18. FUN epid,-0.8007341703479107,0.8320689733983359,AT1G68170;AT1G66200;AT5G59320;AT4G40010;AT5G22920;AT1G44800;AT5G02380
ug_root_light,germ_cluster::14,0.7795442518723228,0.8965402139626484,AT1G66280;AT5G26280;AT2G41800;AT2G25980;AT3G16460;AT1G77330;AT1G28290;AT1G54030;AT4G19200;AT3G16420;AT5G45280;AT1G66270
ug_root_light,germ_cluster::5,0.7715718064518067,0.8826121232410717,AT1G75830;AT1G26770
ug_root_light,gehring_L3_state::20. ii1 endothel,-0.760572962720472,0.8815586500177189,AT1G62333;AT1G08810;AT2G38380;AT2G26250;AT1G04220;AT4G13840;AT1G56580;AT5G41080;AT2G25540;AT5G16110;AT5G13170;AT3G62730;AT3G05890;AT5G66460
ug_root_light,gehring_L3_state::12. FUN hil,-0.7580963157582457,0.8752946326640972,AT5G59320;AT4G40010;AT4G17670;AT2G41230;AT3G04300;AT5G02380;AT4G37050;AT3G21420;AT1G71050;AT5G09440
ug_root_light,gehring_L3_state::4. EMB unknown I,0.6906538044700682,0.9599307613627422,AT1G76620;AT1G72260;AT3G08770
ug_root_light,gehring_L3_state::15. PEN gen III,-0.6891755623580483,0.9440925549496232,AT4G28365;AT1G04425;AT2G32990;AT1G78520;AT5G17800
ug_root_light,gehring_L3_state::4. EMB cort init,0.6525887919138472,0.9600697631723885,AT3G13960;AT5G57390;AT4G22010;AT1G28290;AT1G48920;AT5G02500
ug_root_light,gehring_L3_state::16. PEN s-phase,-0.585495219725461,0.9854078505763899,AT4G28365;AT2G32370;AT1G78520;AT3G54560;AT5G50090;AT1G12080;AT5G59870;AT2G38810;AT3G20670;AT1G54690
ug_leaf_dark,germ_cluster::7,1.981596861336915,0.004215456674473068,AT5G01530;AT3G21055;AT5G24490;AT1G64720;AT1G20340;AT2G26500;AT1G03600;AT1G67090;AT5G65220;AT3G27850;AT4G34620;AT1G29070;AT1G73885;AT2G43030;AT4G16410;AT1G78630;AT4G24770;AT2G32180;AT5G28750;AT3G25920;AT5G40950;AT2G24090;AT5G17870;AT2G32650;AT3G08740;AT1G56200;AT1G50900;AT1G33810;AT5G54600
ug_leaf_dark,germ_cluster::13,1.878740971713746,0.002107728337236534,AT4G03280;AT1G67090;AT4G01150;AT2G35370;AT1G32470;AT5G38420;AT5G65220;AT1G05190;AT4G01310;AT1G42970;AT4G34620;AT5G38410;AT4G09040;AT5G14910;AT1G29070;AT2G43030;AT1G74970;AT1G78630;AT5G14320;AT5G47190;AT5G28750;AT3G25920;AT3G26060;AT3G27160;AT3G63160;AT2G24090;AT2G33450;AT4G28660;AT1G44575;AT5G17870;AT1G64510;AT3G08740;AT1G33810;AT5G54600
ug_leaf_dark,gehring_L3_state::8. CZE nod-like,-1.780643219094044,0.0,AT3G48280;AT2G32550;AT1G73550;AT3G30842;AT5G09730;AT4G08990;AT4G36590;AT2G27120;AT2G23970;AT1G73610;AT5G51105;AT5G10220;AT3G02670;AT1G77525;AT3G03240
ug_leaf_dark,gehring_L3_state::12. MCE_ESR shea promo,-1.6165124590748954,0.06714215445154943,AT1G09380;AT5G13170;AT5G07200;AT1G23510;AT5G50260;AT3G45130;AT5G55410;AT1G48930;AT4G04460;AT1G23560;AT3G52970;AT1G11190
ug_leaf_dark,germ_cluster::8,-1.6139110653663356,0.048204623708804725,AT1G54860;AT4G28520;AT3G05260;AT1G54870;AT3G15670;AT5G44120;AT5G40420;AT3G56350;AT1G75830;AT1G04560;AT2G05580;AT3G01570;AT3G54940;AT2G02120;AT5G01300;AT2G23110;AT2G41260;ATMG00020;ATMG01390;AT3G50980;AT3G27660
ug_leaf_dark,gehring_L3_state::13. FUN epid,1.5930943986945856,0.08009367681498829,AT2G34420;AT1G29920;AT3G54890;AT5G54270;AT1G29930;AT3G47470;AT4G16860;AT4G10340;AT1G79040;AT5G66570;AT5G57560;AT5G24770;AT5G22920;AT1G13930;AT1G67090;AT2G41430
ug_leaf_dark,gehring_L2_celltype::MCE,-1.57163048919772,0.0865100836202656,AT1G09380;AT5G13170;AT5G07200;AT2G23410;AT5G50260;AT3G45130;AT5G55410;AT3G48300;AT1G48930;AT4G04460;AT1G23560;AT3G52970;AT1G11190
ug_leaf_dark,gehring_L3_state::10. CZE nodule,-1.5497409465187584,0.10846040334481062,AT1G22120;AT3G60700;AT4G36590;AT2G27120;AT2G23970;AT5G10220;AT4G14780
ug_leaf_dark,gehring_L3_state::13. MCE_ESR high pcd,-1.5385084104304556,0.11448598130841123,AT1G09380;AT5G13170;AT1G23510;AT2G23410;AT5G50260;AT3G45130;AT5G55410;AT2G23400;AT4G04460;AT1G23560;AT3G52970;AT1G26820;AT1G11190;AT1G01070;AT4G37050;AT3G45010;AT1G01900
ug_leaf_dark,germ_cluster::14,-1.5346337646244108,0.10255779636005902,AT5G10130;AT1G66280;AT1G54000;AT5G02260;AT4G31320;AT3G29034;AT5G45280;AT5G26260;AT3G05890;AT2G41800;AT1G66270;AT4G12880;AT1G09560;AT4G21850;AT1G77330;AT5G15230;AT3G43720;AT1G28290;AT3G02230;AT2G46140;AT3G09260;AT5G65020;AT5G15650;AT2G22170;AT1G54030;AT2G21160;AT3G04120;AT1G56580;AT4G24920;AT3G16420;AT5G26280;AT5G48580;AT5G14030;AT3G16460;AT3G52930;AT5G23820
ug_leaf_dark,gehring_L3_state::6. CZE nodule,-1.5143479231334185,0.1304107230693556,AT1G22120;AT3G03910;AT3G30842;AT4G36590;AT2G27120;AT2G23970;AT1G73610;AT5G51105;AT5G10220;AT4G14780
ug_leaf_dark,gehring_L3_state::2. EMB low proto,-1.5045665794777408,0.13026725692736513,AT4G28520;AT5G44120;AT5G08460;AT5G40420;AT2G34870;AT3G12203;AT3G01570;AT1G04660;AT5G51210;AT3G28345;AT3G27660;AT5G17700;AT2G34700;AT1G27950
ug_leaf_dark,germ_cluster::11,-1.4583535863214794,0.24636005902606983,AT4G15396;AT4G28520;ATMG00570;AT5G55490;AT1G75830;AT1G66600;AT1G18100;AT2G35980;AT2G41260;AT5G28646;ATMG01390;AT4G22710;AT4G27460;AT1G55580;AT4G39363;AT4G27970;AT2G26560;AT3G41768;AT4G09030;AT2G07667;AT3G25710;AT5G11740;AT3G52490;AT2G34315;AT1G09080;AT3G19615
ug_leaf_dark,gehring_L3_state::9. CZE nod-like,-1.4518672820470087,0.23804945669185706,AT2G32550;AT4G08990;AT2G27120;AT5G51105;AT5G10220;AT4G14780;AT3G05310
ug_leaf_dark,gehring_L3_state::7. EMB hypoph,-1.4235567087627732,0.3068740777176586,AT1G54860;AT4G28520;AT5G44120;AT5G09640;AT5G40420;AT3G63040;AT3G01570;AT3G54940;AT5G51210;AT5G14690;AT3G27660;AT1G11670;AT2G34700;AT1G33750;AT3G01516;AT5G10510
ug_leaf_dark,gehring_L3_state::10. CZE cyst photo,-1.3445194491114418,0.6034848083544591,AT5G07200;AT5G57260;AT5G44120;AT5G09640;AT5G40420;AT4G14780;AT3G01570;AT1G18100;AT2G44470
ug_leaf_dark,gehring_L3_state::32. oi2 VLCFA synth,-1.3337087574932573,0.6190359075258238,AT5G01180;AT3G54340;AT4G15210;AT5G59320;AT2G01520;AT3G20470;AT3G23450;AT1G75900;AT4G33220;AT1G06520;AT3G58780;AT3G16370;AT3G43720;AT1G04220;AT1G35180;AT2G32690;AT1G45010;AT5G57685;AT1G17840;AT1G55260
ug_leaf_dark,gehring_L3_state::22. ii1'/ii2  high sene,-1.3286919183124923,0.6035907525823906,AT1G09380;AT5G13170;AT3G09950;AT5G50260;AT2G46950;AT4G16620;AT1G73220;AT3G52780;AT2G02990;AT4G12910;AT1G31050;AT3G23430;AT3G45010;AT3G26440;AT4G01430;AT1G70680;AT1G11170;AT1G17060;AT5G15740
ug_leaf_dark,gehring_L3_state::1. EMB up proto I,-1.3257484099166408,0.578132685686178,AT5G59320;AT3G20210;AT1G04660;AT3G20470;ATMG00020;ATMG01390
ug_leaf_dark,germ_state_time::12hsl,-1.3149569059573325,0.5930383958797488,AT1G54860;AT4G28520;AT3G05260;AT1G54870;AT5G44120;AT3G56350;AT1G75830;AT1G04560;AT2G05580;AT2G02120;AT2G41260;ATMG01390;AT3G27660;AT3G59710
ug_leaf_dark,gehring_L3_state::3. EMB sus,-1.3127457852140703,0.5669781931464174,AT1G51190;AT1G68320;AT5G08460;AT5G24275;AT2G34870;AT5G61412;AT5G38565;AT2G43745;AT4G31760;AT5G17430;AT4G34060
ug_leaf_dark,gehring_L3_state::21. ii1'/ii2,-1.3112935268240613,0.5433893390633495,AT1G09380;AT5G13170;AT1G04580;AT2G47750;AT1G43640;AT3G20210;AT4G16620
ug_leaf_dark,gehring_L3_state::4. EMB vasc prim,-1.3068322741189975,0.5332636497786523,AT1G54860;AT4G28520;AT5G44120;AT5G09640;AT5G40420;AT3G63040;AT3G12203;AT3G01570;AT3G54940
ug_leaf_dark,gehring_L3_state::16. CPT pers nuc,-1.3022890490601724,0.5248401377274963,AT1G51035;AT4G29650;AT2G47895;AT4G22050;AT5G18090;ATMG00020;AT3G22240;AT1G21310;AT2G14890;AT5G02490
ug_leaf_dark,gehring_L3_state::24. oi1 flav synth polyester,-1.3019304836124528,0.5035661583866208,AT1G04580;AT1G73290;AT2G47750;AT1G28590;AT1G23200;AT4G26580;AT5G23190;AT4G24130;AT3G22600;AT2G40370;AT3G22620;AT1G61810;AT4G36610;AT1G21310;AT5G08250;AT4G37050;AT3G05890;AT5G41040;AT4G01430;AT1G11170;AT1G17060
ug_leaf_dark,gehring_L3_state::20. CZSC plac call,1.281590208875597,0.4679156908665106,AT2G32487
ug_leaf_dark,gehring_L3_state::23. oi1 flav synth,-1.275875771653893,0.5838448213178211,AT3G28360;AT1G04580;AT1G73290;AT2G47750;AT1G28590;AT5G50260;AT1G23200;AT5G15180
ug_leaf_dark,gehring_L3_state::6. EMB cort init,-1.2684191245091196,0.5855570585341859,AT4G28520;AT5G44120;AT5G17810;AT5G40420;AT3G12203;AT3G01570;AT1G18100;AT2G44470;AT5G51210;AT3G23470;AT3G27660
ug_leaf_dark,gehring_L3_state::1. EMB up proto,-1.2641115277666883,0.5765961633054599,AT2G47895;AT5G59320;AT3G20470;ATMG00020;ATMG01390;AT5G13930;AT5G02490;ATMG00090;AT5G11740;AT2G42840
ug_leaf_dark,germ_cluster::9,-1.2578877241534585,0.5802432933519998,AT5G40420;AT3G02480;AT1G23040;AT3G06035;AT1G62981;AT3G18280;AT5G03170;AT4G23690;AT5G15230;AT1G55330;AT5G15490;AT4G35350;AT1G55210;AT2G31980;AT3G51030;AT5G26667;AT5G48500;AT3G62020;AT4G18780;AT1G04820;AT3G56800;AT1G70490;AT4G18640;AT5G67600;AT1G20850;AT4G16380;AT5G16490;AT5G59290;AT4G15910;AT3G05880;AT2G03680
ug_leaf_dark,gehring_L3_state::14. MCE_ESR gen,-1.242020061113352,0.6264688200251408,AT5G07200;AT2G23410;AT5G50260;AT3G45130;AT5G55410;AT3G48300;AT1G18100;AT2G44470;AT4G04460;AT1G23560
ug_leaf_dark,gehring_L3_state::11. CZE cyst disacc,-1.2364560915192038,0.625860796851943,AT1G09500;AT5G07200;AT4G28365;AT3G49300
ug_leaf_dark,gehring_L3_state::23. ii1 endothel s-phase,-1.2360963697385694,0.6051698695659548,AT2G47895;AT5G51950;AT1G77520;AT5G25610;AT4G24130;AT1G65060;AT1G29660;AT5G13930;AT4G17480;AT3G51240;AT1G61255;AT1G27950;AT5G14920;AT1G07720;AT2G14900;AT5G42800;AT2G26250;AT4G00360;AT2G17710;AT5G05270;AT2G31360;AT1G06550
ug_leaf_dark,germ_cluster::10,-1.1953012015264364,0.7325381210034432,AT3G02480;AT1G02205;AT4G29020;AT2G38530;AT2G20835;AT1G01120;AT4G18970;AT3G16370;AT5G15230;AT3G43720;AT3G20370;AT1G27950;AT5G43760;AT4G21620;AT3G16400;AT3G09260;AT1G54010;AT1G09310;AT1G72970;AT2G42840;AT2G26250;AT4G39330;AT1G56580;AT3G16420;AT5G26280;AT3G08580;AT4G16500;AT3G16460;AT5G23820;AT5G22500;AT4G36250;AT5G45670;AT3G28910;AT3G10720;AT4G23670
ug_leaf_dark,gehring_L3_state::29. oi micr,-1.1899740499504972,0.733065706170763,AT5G01180;AT1G43640;AT4G15210;AT1G27080;AT1G73220;AT5G42235;AT1G32450;AT4G12890;AT3G23430
ug_leaf_dark,germ_cluster::2,-1.1789437868344983,0.7561562346286276,AT4G15160;AT5G09980;AT4G32460;AT1G75780;AT1G21310;AT2G14890;AT3G23810;AT5G10430;AT4G12730;AT5G65390;AT4G21850;AT3G51240;AT5G15230;AT3G17390;AT3G02230;AT2G36880;AT1G19450;AT4G13930;AT2G22170;AT2G06850;AT1G11580;AT1G04820;AT3G08580;AT4G30660;AT3G09820;AT3G52930;AT4G38920;AT1G62480;AT5G15150;AT1G08200;AT5G17920;AT4G29350;AT1G66240;AT2G03680;AT2G35120;AT1G20010;AT5G42890
ug_leaf_dark,gehring_L3_state::21. ii1 endothel,-1.1777837191434013,0.7373116308187632,AT1G24540;AT2G47895;AT5G51950;AT1G77520;AT5G25610;AT4G24130;AT1G65060;AT3G20470;AT3G23450;AT1G45130;AT1G29660;AT5G13930;AT3G51240;AT3G16370;AT1G61255;AT1G27950;AT5G14920;AT1G07720;AT2G14900;AT5G42800;AT2G26250;AT1G32170;AT4G00360;AT3G49780;AT2G17710;AT5G05270;AT2G31360;AT1G06550
ug_leaf_dark,gehring_L3_state::11. PEN g2/m-phase,1.1747169869123968,0.6862763466042154,AT5G44973;AT3G54500;AT1G43670;AT4G28080;AT1G20020;AT3G28155;AT4G38062
ug_leaf_dark,gehring_L2_celltype::CZE,-1.171775609272013,0.7402346575619918,AT5G57260;AT5G44120;AT5G09640;AT5G40420;AT4G14780;AT3G01570;AT1G18100;AT2G44470
ug_leaf_dark,gehring_L3_state::8. CZE basal cyst,-1.1567381595334225,0.7795868175110675,AT3G60700;AT1G19320;AT2G14365;AT5G59320;AT3G20210;AT1G77525;ATMG00020;ATMG01390;AT5G13930;AT5G40730;AT5G10230
ug_leaf_dark,gehring_L3_state::34. oi2 s-phase,-1.155166986720799,0.7630964092474176,AT5G01180;AT3G54340;AT4G15210;AT5G59320;AT2G01520;AT5G67620;AT3G20470;AT3G23450;AT1G75900;AT4G33220;AT3G58780;AT3G16370;AT1G17840;AT1G49430;AT1G55260
ug_leaf_dark,gehring_L3_state::5. EMB gro tiss init,-1.1239167373043397,0.8632163890402945,AT1G54860;AT4G28520;AT5G44120;AT5G40420;AT3G12203;AT3G01570;AT2G44470;AT5G51210;AT5G10278;AT3G27660;AT2G01770;AT5G10280
ug_leaf_dark,gehring_L3_state::15. PEN gen III,-1.1216272245556678,0.8497424081600953,AT5G07200;AT4G28365;AT1G68510;AT3G48300;AT2G44470;AT1G78520
ug_leaf_dark,gehring_L3_state::19. CPT pers nuc,-1.112944900917561,0.8621211547920845,AT1G51035;AT3G10590;AT2G47895;AT5G59320;AT4G22050;AT3G59010;AT5G50790;ATMG00020;ATMG01390;AT5G13930;AT2G01021;AT3G13520;ATMG00090;AT5G20700;AT5G42800;AT5G11740
ug_leaf_dark,gehring_L3_state::31. oi2 gen I,-1.1102340237442268,0.851285046728972,AT5G01180;AT3G54340;AT4G15210;AT5G59320;AT2G01520;AT5G67620;AT3G20470;AT3G23450;AT1G75900;AT4G33220;AT3G58780;AT3G16370;AT1G20550;AT1G17840;AT1G55260
ug_leaf_dark,germ_cluster::3,1.1090300632365637,0.7967213114754098,AT1G67090;AT1G07320;AT1G60950;ATCG00790;AT5G38420;AT4G38970;AT1G05190;ATCG00470;AT3G27850;AT2G38140;AT5G38410;ATCG00800;ATCG00820;ATCG00780;AT3G63490;AT4G20360;AT3G63160;ATCG00190;AT2G37220;AT1G44575;AT1G06190;AT1G35680;AT5G58250;AT3G15190;AT1G79850;ATCG00740
ug_leaf_dark,gehring_L3_state::27. oi1 basal,-1.1083299193085456,0.8383321536117476,AT2G13810;AT1G23200;AT4G15210;AT1G27080;AT5G42235;AT4G32500;ATMG00020;AT5G45650;AT4G36360;AT2G01021;AT1G70830;AT1G09540
ug_leaf_dark,gehring_L3_state::32. oi2 gen,-1.093110739967229,0.8746925725528776,AT3G54340;AT4G15210;AT5G59320;AT1G35630;AT2G01520;AT5G67620;AT5G47330;AT3G20470;AT4G33220;AT4G05120;AT3G58780;AT1G04220;AT4G38620;AT1G55260
ug_leaf_dark,gehring_L2_celltype::EMB,-1.0830541006740886,0.8713220498144256,AT1G54860;AT4G28520;AT5G44120;AT5G09640;AT5G40420;AT3G12203;AT3G01570;AT1G04660;AT5G51210
ug_leaf_dark,gehring_L1_tissue::Embryo,-1.0830541006740886,0.8713220498144256,AT1G54860;AT4G28520;AT5G44120;AT5G09640;AT5G40420;AT3G12203;AT3G01570;AT1G04660;AT5G51210
ug_leaf_dark,germ_state_time::dry_seed,1.076777300193606,0.8051522248243559,AT5G55135;AT4G36600;AT4G33467;AT4G35770;AT3G47340;AT3G16120;AT5G56100;AT1G80440;AT5G54000;AT4G36670;AT5G06570
ug_leaf_dark,gehring_L3_state::7. CZE apical cyst,-1.0757444905698275,0.8778980160682079,AT1G22120;AT3G60700;AT1G19320;AT3G30842;AT2G27120;AT1G59670;AT2G30115
ug_leaf_dark,gehring_L2_celltype::oi2,-1.0623518744106972,0.905296306593383,AT3G54340;AT4G15210;AT5G59320;AT2G01520;AT5G67620;AT3G20470;AT3G23450;AT1G75900;AT4G33220;AT1G06520;AT3G23820;AT3G58780;AT3G16370;AT1G04220;AT1G17840;AT1G55260
ug_leaf_dark,gehring_L3_state::25. ii2 gen,-1.0618469107467983,0.8694048204623709,AT1G43640;AT2G02000;AT3G20210;AT5G42235;AT1G05260;AT5G03760;AT5G56300;AT1G07750;AT4G09030;AT5G03380;AT2G19570;AT2G44670;AT1G14970;AT2G27920
ug_leaf_dark,gehring_L2_celltype::ii2,-1.0618469107467983,0.8694048204623709,AT1G43640;AT2G02000;AT3G20210;AT5G42235;AT1G05260;AT5G03760;AT5G56300;AT1G07750;AT4G09030;AT5G03380;AT2G19570;AT2G44670;AT1G14970;AT2G27920
ug_leaf_dark,germ_cluster::15,1.060767427495333,0.7519320843091336,AT1G01470;AT3G15353;AT5G02600;AT5G57350;AT4G33660;AT1G54575;AT1G78370;AT5G42146;AT4G01600;AT2G47710;AT1G79430;AT5G02380;AT2G20562;AT5G66440;AT5G45350;AT5G54940;AT5G22090;AT5G43380
ug_leaf_dark,germ_cluster::1,1.0560801367571784,0.6800936768149883,AT1G67090;AT1G07320;ATCG00790;AT5G65220;AT1G05190;ATCG00470;AT3G27850;AT2G38140;AT4G34620;AT1G75350;AT5G50920;AT5G38410;ATCG00800;ATCG00820;AT4G24770;AT5G14320;AT2G47400;AT3G63490;AT4G20360;ATCG00190;AT2G37220;AT3G21720;AT1G35680;AT3G15190;AT1G79850;ATCG00740;AT1G48350
ug_leaf_dark,gehring_L3_state::11. MCE,-1.0537166584373314,0.877907385285644,AT1G09380;AT5G13170;AT5G07200;AT1G48930;AT4G04460;AT4G02830
ug_leaf_dark,gehring_L3_state::17. CPT trans nuc,-1.0484895131593752,0.8770831283817019,AT3G62730;AT1G43640;AT5G04500;AT2G47895;AT3G20210;AT1G65060;AT4G21480;AT1G05260;AT4G12890;AT5G56300;AT5G13930;AT3G51240;AT2G21430
ug_leaf_dark,gehring_L3_state::18. CZSC gen,-1.0433255650683453,0.8767975463672927,AT4G15160;AT3G59010;AT3G48230;AT1G32450;AT1G21310;AT4G37050;AT3G58780;AT2G44460;AT1G29050;AT1G26560;AT5G20700;AT5G17980;AT1G05490;AT2G44670;AT4G20320;AT3G56480;AT5G20830;AT2G32240
ug_leaf_dark,gehring_L3_state::16. PEN dehyd,-1.042735084315741,0.8617238639373416,AT5G07200;AT5G57260;AT5G55410;AT3G48300;AT1G18100;AT2G44470;AT2G02120
ug_leaf_dark,gehring_L3_state::19. ii1 basal cont PS,-1.0412763323661323,0.8496552172177932,AT3G28360;AT3G62730;AT2G47750;AT1G43640;AT3G59010;AT1G05260;AT1G21310;AT4G37050;AT5G56300;AT3G58780
ug_leaf_dark,gehring_L3_state::12. FUN hil,-1.0386253046830916,0.8422418975788382,AT1G04580;AT5G59320;AT5G59310;AT5G06839;AT3G59010;AT3G48230;ATMG00020;AT4G37050;AT5G49520
ug_leaf_dark,gehring_L3_state::17. CZSC plac phos,-1.037115495870055,0.8312480436435182,AT1G04580;AT2G47750;AT1G43640;AT4G16620
ug_leaf_dark,gehring_L3_state::31. oi2 LTP,-1.0351324934218666,0.8213846532218397,AT4G15210;AT2G47895;AT5G59320;AT3G20210;AT2G01520;AT5G42235;AT3G20470;ATMG00020;AT3G23450;AT4G12890;ATMG01390;AT4G12910;AT5G13930;AT2G01021;AT1G70830;AT4G21620;AT3G13520;AT5G42800;AT2G19570;AT5G11740;AT1G78570
ug_leaf_dark,gehring_L2_celltype::FUN,-1.0330772941970487,0.7982258256017097,AT1G04580;AT5G59320;AT5G59310;AT3G59010;AT3G48230;AT3G20470;ATMG00020;ATMG01390;AT4G37050
ug_leaf_dark,gehring_L1_tissue::Funiculus,-1.0330772941970487,0.7982258256017097,AT1G04580;AT5G59320;AT5G59310;AT3G59010;AT3G48230;AT3G20470;ATMG00020;ATMG01390;AT4G37050
ug_leaf_dark,gehring_L3_state::17. PEN gen IV,-1.0255233594635573,0.8033423095200379,AT5G07200;AT4G28365;AT2G05330;AT2G44470;AT1G78520;AT4G21380;AT1G04030;AT3G15990;AT1G17060;AT3G23090;AT1G11070;AT4G31610;AT2G38870;AT5G46880;AT3G14840;AT5G41070;AT2G39700;AT1G12080
ug_leaf_dark,germ_cluster::6,-1.0243569613824441,0.792449581898672,AT5G66780;AT4G32460;AT2G38530;AT2G20835;AT4G18970;AT3G43720;AT1G27950;AT5G43760;AT1G54010;AT2G37640;AT1G06360;AT2G02850;AT3G45310;AT2G42840;AT2G26250;AT4G39330;AT1G56580;AT1G56340
ug_leaf_dark,gehring_L3_state::8. EMB  s-phase,1.0216247487175163,0.72,AT2G34420;AT3G54890;AT1G29930;AT1G29910;AT4G10340;ATCG00020;AT4G36700;AT1G67090;AT3G50240;AT1G09420
ug_leaf_dark,gehring_L3_state::26. oi1 flav synth,-1.0198339803204832,0.791312201140203,AT2G13810;AT4G15210;AT1G27080;AT5G42235;AT4G32500;AT2G47460
ug_leaf_dark,germ_state_time::24hsl,1.0141678383968318,0.6794549712582498,AT1G79040;AT4G16160;AT2G38230;AT1G32560;AT3G21055;AT5G24490;AT1G43670;AT1G64720;AT5G56100;AT1G03600;AT1G67090;AT1G01170;AT4G27450;AT3G27850;AT4G34620;AT1G78630;AT4G24770;AT2G47400;AT2G32180
ug_leaf_dark,gehring_L3_state::20. ii1 endothel,-1.0032021307537025,0.8190343208035161,AT1G09380;AT5G13170;AT3G62730;AT4G16620;AT1G22990;AT2G38380;AT2G24430
ug_leaf_dark,gehring_L2_celltype::CPT,-1.002203408773941,0.8093130021314969,AT1G51035;AT2G47895;AT3G20210;AT4G22050;AT5G18090;AT4G21480;ATMG00020;AT4G12890;AT3G22240;AT5G13930;AT5G02490;AT2G21430;AT5G43060;ATMG00090;AT2G14900;AT5G42800;AT5G11740;AT1G64060;AT4G20320;AT3G49780;AT2G17710;AT3G54390;AT5G05270;AT3G23600
ug_leaf_dark,gehring_L3_state::28. oi1 flav synth high PCD,-0.9941794926159914,0.8184564067879979,AT2G13810;AT1G23200;AT4G15210;AT1G27080;AT5G42235;AT4G32500;AT5G64900;AT5G45650;AT4G36360;AT2G01021;AT1G70830;AT2G28650
ug_leaf_dark,gehring_L3_state::10. PEN,-0.9910210845551999,0.811983048923531,AT1G73550;AT5G09730;AT4G08990;AT5G51105;AT1G14455;AT1G77525
ug_leaf_dark,gehring_L3_state::1. EMB upp proto,-0.9882457754543813,0.8060188704556633,AT4G28520;AT5G44120;AT5G40420;AT2G34870;AT3G12203;AT3G01570;AT1G04660;AT5G51210;AT3G27660;AT2G38530;AT5G17700
ug_leaf_dark,gehring_L3_state::20. CZSC plac phos,-0.9805561807025343,0.8119498425237317,AT2G39510;AT3G59010;AT3G48230;AT1G32450;ATMG00020;AT1G03920;AT2G01021;AT5G20700;AT4G29100;AT5G24580
ug_leaf_dark,gehring_L1_tissue::Seed coat,-0.9797696439723775,0.801528456931223,AT1G43640;AT4G15210;AT1G27080;AT5G42235;AT3G20520;AT3G20470;AT5G64900;AT5G13930;AT3G58780
ug_leaf_dark,gehring_L3_state::25. oi2 gen,-0.9760767026721062,0.7992685900040634,AT1G04580;AT2G47750;AT1G23200;AT1G62080;AT3G49380;AT1G62225;AT4G37050;AT3G23820;AT5G56300;AT5G42930;AT1G13635;AT5G42690;AT2G25220;AT5G15740;AT1G53500;AT2G37090;AT5G01100;AT5G15650;AT1G49580;AT5G15470
ug_leaf_dark,gehring_L3_state::14. FUN cc,0.9470820297993018,0.8307962529274004,AT1G68170;AT3G15353;AT5G27690;AT5G02600;AT5G57350;AT5G64240;AT4G24450;AT3G02470;AT4G37180;AT5G02380;AT3G21600
ug_leaf_dark,gehring_L3_state::14. PEN gen II,-0.9445669157785007,0.86096901131333,AT4G28365;AT1G68510;AT1G78520;AT4G02830
ug_leaf_dark,gehring_L3_state::33. oi2 VLCFA synth,-0.9431598813341433,0.8522616268194508,AT5G59320;AT1G27080;AT2G01520;AT5G59310;AT5G45920;ATMG00020;AT3G23450;AT4G16670;AT3G23820;AT2G01021;AT1G04220;AT1G45010;AT5G57685;AT2G35760;AT1G17840;AT1G55260;AT2G26250;AT4G39330;AT4G20320;AT2G41220;AT1G68530;AT2G32240;AT4G21960
ug_leaf_dark,gehring_L1_tissue::Endosperm,-0.941016273065539,0.8454459747499591,AT5G07200;AT4G28365;AT1G68510;AT3G48300;AT2G44470;AT1G78520
ug_leaf_dark,gehring_L3_state::9. EMB g2/m-phase,0.9393562159770276,0.7915330571068276,AT2G34420;AT1G29930;ATCG00020;AT4G36700;AT1G67090
ug_leaf_dark,gehring_L3_state::3. EMB low proto,-0.93336487279689,0.8501371210640865,AT5G08460;AT1G67100;AT5G22810;AT1G04660;AT3G28345;AT2G34700;AT1G27950;AT3G41768;AT1G72970;AT2G42840;AT2G26250;AT1G06080;AT1G71691;AT5G41070
ug_leaf_dark,gehring_L3_state::13. PEN g2/m-phase,-0.9242867919317025,0.8591683173581846,AT4G28365;AT3G46616;AT4G02830;AT3G44765;AT3G44770;AT1G11070;AT1G59540;AT2G28620;AT3G20150;AT4G21270
ug_leaf_dark,gehring_L3_state::3. EMB inn cotyl,-0.9108716447795113,0.8755336940482047,AT1G54860;AT4G28520;AT5G44120;AT5G40420;AT3G12203;AT3G01570
ug_leaf_dark,gehring_L3_state::7. CZE basal cyst,-0.9067085088591783,0.8722363890542886,AT1G24540;AT2G47895;AT5G51950;AT1G77520;AT5G25610;AT4G24130;AT1G65060;AT1G45130;AT1G29660;AT5G13930;AT3G51240;AT3G16370;AT1G61255;AT1G27950;AT2G14900;AT5G42800;AT2G26250;AT1G32170;AT4G00360;AT3G49780;AT2G17710;AT5G05270;AT2G31360;AT1G06550
ug_leaf_dark,gehring_L2_celltype::ii1,-0.895299661422523,0.8852568975539955,AT2G47895;AT5G51950;AT5G25610;AT4G24130;AT1G65060;AT1G45130;AT1G29660;AT5G13930;AT3G58780;AT3G51240;AT2G21430;AT2G14900;AT5G42800;AT2G26250;AT1G32170;AT4G00360;AT3G49780;AT2G17710;AT5G05270;AT2G31360;AT3G23600;AT1G06550
ug_leaf_dark,gehring_L3_state::23. ii1 endothel,-0.8906135726223505,0.8835748609482008,AT2G47895;AT5G51950;AT1G77520;AT5G25610;AT4G24130;AT1G65060;AT5G13930;AT5G14700;AT3G51240;AT2G21430;AT2G28250;AT2G14900;AT5G42800;AT2G26250;AT1G32170;AT4G00360;AT3G49780;AT2G17710;AT5G05270;AT2G31360;AT1G06550
ug_leaf_dark,gehring_L3_state::27. oi1 flav synth high PCD,-0.8872864055836838,0.8789934436232543,AT5G01180;AT5G11360;AT4G15210;AT1G27080;AT1G76620;AT4G12890;AT5G64900;AT5G13930;AT4G36360
ug_leaf_dark,gehring_L3_state::33. oi2 gen II,-0.8744211237587748,0.8920868175110673,AT3G54340;AT4G15210;AT5G59320;AT5G67620;AT3G20470;AT3G23450;AT1G75900;AT3G25780;AT4G33220;AT1G06520;AT1G11670;AT5G64900;AT3G58780
ug_leaf_dark,gehring_L2_celltype::CZSC,-0.8685532603109474,0.8940172341549616,AT2G39510;AT3G59010;AT3G48230;AT1G32450
ug_leaf_dark,gehring_L3_state::24. ii1',-0.867141278472573,0.8865157822753831,AT3G20210;AT3G57240;AT1G53100;AT2G02990;AT4G12910;AT5G03760;AT1G17620;AT3G26440;AT4G01430;AT1G76160;AT5G15740;AT2G28650;AT4G09030;AT5G28540;AT3G06550;AT4G16563;AT1G56010;AT5G42250;AT5G33290
ug_leaf_dark,germ_state_time::48hsl,-0.8641363533789673,0.8814352342967542,AT3G02480;AT2G14890;AT2G26150;AT5G15230;AT3G17390;AT3G02230;AT5G15650;AT3G22840;AT1G07400;AT4G13930;AT3G09440;AT3G43810;AT3G04120;AT2G41110;AT4G24920;AT1G23490;AT1G04820;AT3G08580;AT1G09200;AT4G16500;AT1G70490;AT3G09820;AT3G52930;AT3G61640;AT4G11010
ug_leaf_dark,gehring_L3_state::5. EMB unknown II,-0.8624460329742274,0.874262174126906,AT3G05260;AT5G02490;AT2G44450;AT3G07320;AT4G12420;AT2G43290;AT5G55180;AT3G52110;AT1G30690;AT2G28620;AT5G15510;AT4G17000;AT2G40095;AT4G02800;AT5G66230;AT3G59760
ug_leaf_dark,gehring_L3_state::6. EMB unknown,-0.8564178920100411,0.8741847747461011,ATCG00040;AT1G04660;ATMG00020;AT2G34700;AT1G28290;AT3G41768;AT3G06700;AT4G25630;AT3G60245;AT4G17520;AT2G27710;AT3G57150;AT3G53870;AT1G70600;AT5G60390;AT1G56110;AT5G02870;AT5G02500;AT2G27720;AT2G18020;AT2G01008;AT1G48920;AT4G09320;AT1G72370
ug_leaf_dark,gehring_L2_celltype::oi1,-0.8418118011329888,0.8898437410631556,AT4G15210;AT1G27080;AT5G42235;AT4G32500;AT5G64900;AT5G45650;AT4G36360
ug_leaf_dark,gehring_L2_celltype::PEN,-0.8343756260870634,0.8929134793154333,AT5G07200;AT4G28365;AT3G48300;AT1G78520
ug_leaf_dark,gehring_L3_state::2. EMB up proto II,-0.8200584580584543,0.9037193131511871,AT1G04660;ATMG00020;AT2G34700;AT1G28290;AT2G42840;AT1G09200;AT1G51060;AT5G59870;AT5G65360;AT3G60245;AT2G27710;AT3G04840;AT5G60390;AT3G20670;AT3G09200;AT1G18540;AT3G62250;AT5G57290;AT5G02500;AT5G22880
ug_leaf_dark,gehring_L3_state::22. ii1 basal cont PS,-0.8190097111410927,0.8954801947639234,AT1G43640;AT2G47895;AT3G59010;AT4G24130;AT1G25460;AT1G21310;AT5G13930;AT3G58780;AT3G51240;AT2G21430;AT2G14900;AT5G42800;AT4G20320;AT1G32170;AT3G49780;AT2G17710;AT5G20830;AT5G05270;AT1G06550
ug_leaf_dark,gehring_L3_state::9. MCE,-0.8113971811985375,0.8979832759468765,AT2G32550;AT2G19500;AT5G09730;AT5G46950;AT5G51105;AT1G77525;AT4G24130
ug_leaf_dark,gehring_L3_state::30. oi1 flav synth g2m-phase,-0.806046539102731,0.8963449241363654,AT2G13810;AT1G27080;AT5G18090;AT5G22794
ug_leaf_dark,gehring_L2_celltype::ii1',-0.8045126260940411,0.8894089907825232,AT3G20210;AT3G57240;AT1G53100;AT2G02990;AT4G12910;AT1G17620;AT3G26440;AT4G01430;AT1G76160;AT5G15740;AT2G28650;AT4G09030;AT5G20700;AT1G14970;AT4G16563;AT1G56010;AT5G42250;AT5G33290
ug_leaf_dark,gehring_L3_state::18. CZSC plac call,-0.8028499826045941,0.8820668644780477,AT5G50790;AT3G14780;AT5G45320;AT1G43910;AT3G47540;AT2G31900;AT2G28650;AT5G20700;AT3G03770;AT1G60680;AT5G24580;AT2G37050;AT5G47060;AT3G14570;AT4G23410;AT4G23420;AT3G59100;AT5G02230;AT1G62480;AT1G54270;AT4G40010
ug_leaf_dark,gehring_L3_state::15. PEN,-0.7917166706041283,0.8871885171269792,AT5G07200;AT2G23410;AT1G18100;AT2G44470
ug_leaf_dark,gehring_L3_state::5. EMB vasc hypoph,-0.7562418267314172,0.9285189116421156,AT3G49380;ATMG00020;AT4G02290;AT1G28290;ATMG00090;AT2G03090;AT3G41768;AT1G75500
ug_leaf_dark,germ_cluster::12,-0.7505601090454794,0.9261098130841122,AT3G51810;AT3G02480;AT2G13820;AT2G26150;AT3G47960;AT1G55210;AT1G30070;AT5G15650;AT1G07400;AT3G09440;AT5G11740;AT5G42570;AT2G41110;AT2G44670;AT5G21090;AT5G11970;AT1G23490;AT2G32240;AT3G03341;AT3G56800;AT1G70490;AT3G25230;AT3G61640;AT5G56030
ug_leaf_dark,germ_cluster::4,-0.7484531747059032,0.9197037540377584,AT2G21660;AT1G79075;AT3G23830;AT4G25630;AT2G27710;AT3G57150;AT3G05560;AT2G40205;AT5G22440;AT3G53430;AT3G09200;AT5G60670;AT3G56020;AT3G62250;AT2G36620;AT4G17390;AT1G56110;AT5G03850;AT5G57290;AT2G01250;AT1G54690;AT5G16130;AT4G10450;AT4G12600;AT3G55280;AT2G18020;AT1G48920
ug_leaf_dark,germ_cluster::5,0.7473212163048145,1.0,AT3G57520;AT2G38230;AT2G38210
ug_leaf_dark,gehring_L3_state::18. FUN epid,-0.734200105963743,0.9281849483521889,AT1G04580;AT5G59320;AT5G59310;AT1G44800;ATMG00020;ATMG01390
ug_leaf_dark,gehring_L3_state::19. CZSC plac phos,-0.6945384851803684,0.9641968131884512,AT2G39510;AT1G19630;AT3G48230;AT1G32450;AT1G68740;AT1G78090;AT3G28345;AT5G24660;AT1G76780;AT4G33550;AT3G16340;AT1G73010;AT4G37650
ug_leaf_dark,gehring_L2_celltype::OVL,0.6414975005658333,1.0,AT3G26740;AT4G36740;AT2G25450;AT4G33150;AT2G18050;AT4G14930;AT4G32480;AT5G63370;AT5G49360;AT5G66880;AT3G14067;AT4G27260;AT5G25280;AT1G28330;AT4G05320
ug_leaf_dark,gehring_L1_tissue::Ovule,0.6414975005658333,1.0,AT3G26740;AT4G36740;AT2G25450;AT4G33150;AT2G18050;AT4G14930;AT4G32480;AT5G63370;AT5G49360;AT5G66880;AT3G14067;AT4G27260;AT5G25280;AT1G28330;AT4G05320
ug_leaf_dark,gehring_L3_state::15. OVL senes,0.6414975005658333,1.0,AT3G26740;AT4G36740;AT2G25450;AT4G33150;AT2G18050;AT4G14930;AT4G32480;AT5G63370;AT5G49360;AT5G66880;AT3G14067;AT4G27260;AT5G25280;AT1G28330;AT4G05320
ug_leaf_dark,gehring_L3_state::21. CZSC plac call,-0.6391495059697037,1.0,AT3G14780;AT5G45320;AT1G61600;AT5G62820;AT1G76780;AT3G03770;AT4G29100;AT5G24580;AT2G37050;AT3G14570;AT4G23410;AT2G32240;AT4G23420;AT3G59100;AT1G70670
ug_leaf_dark,gehring_L3_state::4. EMB unknown I,0.6329820335657448,0.9810304449648712,AT4G16860;AT1G52030;AT1G24260;AT2G43530;AT1G73660;AT5G47500;AT1G69840;AT5G15410
ug_leaf_dark,gehring_L3_state::4. EMB cort init,-0.6015889414655082,1.0,ATCG00040;AT4G22010;AT2G34700;AT1G28290;AT3G41768
ug_leaf_dark,gehring_L3_state::16. PEN s-phase,-0.558272174433963,1.0,AT4G28365;AT1G78520;AT2G46980;AT4G02110;AT5G61000;AT1G11070;AT5G43080;AT1G12080;AT3G59100;AT1G51060;AT5G59870;AT5G38690;AT2G02100;AT1G69770;AT5G49160;AT5G50090;AT5G67100;AT5G63550;AT5G05180;AT3G20670;AT3G51740;AT1G04020;AT4G27230;AT4G33330;AT1G54690;AT3G54670;AT4G00020;AT5G48600
ug_leaf_dark,gehring_L3_state::12. PEN gen I,-0.5354838851176943,1.0,AT4G28365;AT1G78520;AT4G02830
ug_leaf_dark,gehring_L3_state::30. oi1 flav synth s-phase,-0.487468753586293,1.0,AT4G15210;AT5G42235;AT2G46980;AT2G01021;AT1G70830;AT5G61000;AT3G27060;AT3G59100;AT1G51060;AT5G59870;AT5G38690;AT2G38170;AT3G06740;AT4G30110;AT1G69770;AT5G49160;AT5G65350;AT5G67100;AT5G63550;AT5G07990
ug_leaf_dark,gehring_L3_state::28. oi1 flav synth s-phase,-0.4259438330544328,0.9994589276930644,AT1G27080;AT2G46980;AT4G36360;AT1G09200;AT1G16390;AT1G51060;AT5G59870;AT1G70210;AT1G72260;AT5G38690;AT2G38170;AT5G65360
ug_leaf_light,germ_cluster::13,-2.133248304395803,0.0,AT5G38410;AT3G62030;AT1G44575;AT4G28660;AT5G38420;AT1G42970;AT1G32990;AT3G11630;AT5G54600;AT3G52150;AT4G01150;AT1G67090;AT3G26060;AT5G63310;AT2G33450;AT3G25920;AT3G52960;AT2G24090;AT3G27160;AT1G78630;AT5G24314;AT3G62530;AT1G32470;AT2G44650;AT4G34190;AT3G54210;AT5G47190;AT5G28750;AT1G29070;AT4G01310;AT5G17870;AT2G35370;AT5G14320;AT1G64510;AT4G03280;AT1G74970;AT5G14910;AT3G08740;AT1G05190;AT3G63160
ug_leaf_light,germ_cluster::8,2.1250865162941657,0.0,AT1G17810;AT2G35300;AT2G23110;AT3G22640;AT1G04560;AT3G50980;AT1G54860;AT2G41260;AT2G23240;AT3G58450;AT3G56350;AT5G66400;AT3G05260;AT2G41280;AT2G21820;AT2G02120;AT3G15670;AT1G54870;AT3G09390;AT5G44120;AT3G46230;AT5G01300;AT4G11310;ATMG01390;AT3G27660;AT3G12490;ATMG00020;AT3G41979;AT2G21490
ug_leaf_light,germ_state_time::12hsl,1.9233816923942242,0.0,AT3G22640;AT1G04560;AT1G54860;AT2G41260;AT2G23240;AT3G56350;AT5G66400;AT3G05260;AT2G41280;AT1G72060;AT2G21820;AT2G02120;AT1G54870;AT3G09390;AT5G44120;AT3G46230;AT4G11310;ATMG01390;AT3G27660;AT3G41979;AT2G21490;AT2G05580;AT2G20490;AT3G41768;AT4G06746;AT1G27300
ug_leaf_light,germ_cluster::11,1.8948509039234458,0.0014508307496621353,AT3G48580;AT1G18100;AT1G66600;ATMG00570;AT2G41260;AT1G72060;AT5G05290;AT2G34315;AT4G15396;AT5G39610;AT2G35980;AT5G28646;AT5G55490;AT3G09390;AT1G09080;AT1G70810;AT4G27970;ATMG01390;AT1G62420;AT4G22710;AT1G55580;AT3G41979
ug_leaf_light,gehring_L3_state::27. oi1 flav synth high PCD,-1.8571103820647195,0.04151762902401635,AT5G39220;AT4G15210;AT5G62210;AT5G13930;AT3G60900;AT4G12890;AT5G05270;AT2G05940;AT1G70210;AT1G73540;AT2G22970;AT4G36360;AT1G16390;AT1G12090;AT1G14520;AT2G22500;AT5G01180;AT5G11360;AT3G46620
ug_leaf_light,germ_cluster::7,-1.8469918863060633,0.027678419349344237,AT1G68590;AT1G32990;AT3G21055;AT4G25050;AT3G27830;AT5G54600;AT5G57170;AT1G67090;AT3G25920;AT2G24090;AT1G20340;AT1G78630;AT5G24314;AT5G40950;AT5G28750;AT5G01530;AT1G29070;AT1G50900;AT5G17870;AT3G02790;AT1G10522;AT3G56910;AT4G16410;AT3G08740;AT1G03600;AT5G24490;AT4G24770;AT1G64720;AT3G27850;AT5G20720;AT1G33810
ug_leaf_light,gehring_L3_state::9. EMB g2/m-phase,-1.846892538385143,0.020758814512008176,AT5G48310;AT1G03780;AT5G13840;AT5G23910;AT1G67090;AT4G32830;AT3G20150;AT5G44560;AT1G72250;AT4G05190;AT2G34420;AT3G44050;AT3G51740;AT5G60930;AT4G33270;AT4G35620;AT2G28620;AT3G23890;AT1G29930;AT2G34700;AT5G62550;AT4G11080;AT5G01910;AT5G55520;AT1G20610;AT4G23800;AT1G63100;AT2G25060;AT3G17360;AT1G17140;AT4G31840;AT1G50490;AT1G23000
ug_leaf_light,gehring_L3_state::13. PEN g2/m-phase,-1.8149091107335047,0.02171691364333163,AT3G44770;AT4G28365;AT3G44765;AT1G11070;AT5G23910;AT2G22610;AT3G20150;AT1G72250;AT4G05190;AT3G44050;AT3G51740;AT5G60930;AT4G33270;AT4G21270;AT2G36200;AT4G01730;AT4G38062;AT1G59540;AT2G28620;AT2G37420;AT3G23890;AT5G62550;AT4G11080;AT5G55520;AT4G23800;AT3G28155;AT2G25060;AT4G31840;AT1G77580
ug_leaf_light,germ_state_time::dry_seed,1.7765380353506208,0.011969353684712617,AT1G65970;AT2G41260;AT2G23240;AT4G33467;AT4G36600;AT1G64110;AT2G41280;AT2G02930;AT5G06570;AT5G55135;AT5G54000;AT3G16120;AT5G14180;AT1G05680;AT1G56600;AT5G56100;AT5G39050;AT5G12030;AT5G05320;AT4G11360;AT2G36540;AT4G02520;AT3G61990
ug_leaf_light,gehring_L3_state::30. oi1 flav synth g2m-phase,-1.7756875299952242,0.021291091807187874,AT5G18090;AT5G39220;AT3G60900;AT2G45470;AT5G23910;AT1G72250;AT5G60930;AT5G62410;AT5G18700;AT1G70210;AT2G22970;AT3G13690;AT5G21100;AT3G23890;AT2G23290;AT5G55820;AT4G23020;AT1G14520;AT3G17360;AT1G58602;AT2G43530;AT1G72670
ug_leaf_light,gehring_L3_state::7. EMB hypoph,1.7458881125015464,0.02002146434533747,AT1G33750;AT3G01516;AT1G79580;AT3G20840;AT1G54860;AT3G30350;AT2G18540;AT5G48940;AT3G63040;AT3G24650;AT5G51210;AT5G44120;AT2G41070;AT5G14690;AT3G27660
ug_leaf_light,gehring_L3_state::6. EMB cort init,1.7048653859563774,0.033369107242229114,AT3G23470;AT1G18100;AT3G22640;AT2G18540;AT1G12805;AT4G16160;AT1G54100;AT5G51210;AT5G44120;AT2G22660;AT3G27660
ug_leaf_light,gehring_L2_celltype::OVL,1.701404768001626,0.023696902244481545,AT5G50260;AT4G36740;AT4G15610;AT2G18050;AT4G35690;AT4G33150;AT2G33380;AT2G18550;AT3G09390;AT2G22470;AT3G51860;AT2G38800;AT4G14270;AT1G58360;AT1G12010;AT2G33480;AT5G09440;AT4G39090;AT2G31560;AT4G34230;AT5G25280;AT4G30960;AT4G05320;AT5G63370;AT1G47128;AT1G54410;AT4G13250;AT2G33150;AT1G28330;AT2G25450;AT2G36080
ug_leaf_light,gehring_L1_tissue::Ovule,1.701404768001626,0.023696902244481545,AT5G50260;AT4G36740;AT4G15610;AT2G18050;AT4G35690;AT4G33150;AT2G33380;AT2G18550;AT3G09390;AT2G22470;AT3G51860;AT2G38800;AT4G14270;AT1G58360;AT1G12010;AT2G33480;AT5G09440;AT4G39090;AT2G31560;AT4G34230;AT5G25280;AT4G30960;AT4G05320;AT5G63370;AT1G47128;AT1G54410;AT4G13250;AT2G33150;AT1G28330;AT2G25450;AT2G36080
ug_leaf_light,gehring_L3_state::15. OVL senes,1.701404768001626,0.023696902244481545,AT5G50260;AT4G36740;AT4G15610;AT2G18050;AT4G35690;AT4G33150;AT2G33380;AT2G18550;AT3G09390;AT2G22470;AT3G51860;AT2G38800;AT4G14270;AT1G58360;AT1G12010;AT2G33480;AT5G09440;AT4G39090;AT2G31560;AT4G34230;AT5G25280;AT4G30960;AT4G05320;AT5G63370;AT1G47128;AT1G54410;AT4G13250;AT2G33150;AT1G28330;AT2G25450;AT2G36080
ug_leaf_light,germ_cluster::3,-1.6761187992622053,0.050186144974085696,AT5G38410;AT1G44575;AT5G38420;AT4G38970;AT2G10940;AT1G32990;AT1G72610;AT3G11630;AT5G08280;AT1G67090;AT3G63490;AT1G35680;AT3G52960;AT1G55490;AT5G58250;AT1G79850;AT3G15190;AT4G29060;AT1G60950;AT2G28000;AT4G20360;AT3G13470;ATCG00800;AT2G38140;AT1G05190;AT3G63160;AT1G10960;ATCG00810
ug_leaf_light,gehring_L3_state::5. EMB gro tiss init,1.6732253830027355,0.028726448843310277,AT2G01770;AT3G22640;AT1G54860;AT2G18540;AT1G12805;AT4G16160;AT5G10280;AT3G24650;AT5G51210;AT5G44120;AT2G41070;AT3G27660
ug_leaf_light,gehring_L3_state::16. PEN dehyd,1.6653489117938822,0.029676083515816406,AT1G18100;AT1G52690;AT2G34315;AT3G03240;AT2G02120;AT3G16770;AT1G01470;AT4G35560;AT1G20450;AT1G56170;AT4G35750;AT1G76180;AT1G33055;AT4G38810;AT5G10300;AT5G47060;AT1G55810;AT5G18310;AT3G62860;ATCG00020;AT3G23090;AT1G33700;AT1G12080;AT1G33050
ug_leaf_light,gehring_L3_state::21. ii1 endothel,-1.6042711806385765,0.07185743484925908,AT1G65060;AT5G17220;AT5G42800;AT5G13930;AT4G22880;AT1G24540;AT5G53100;AT5G05270;AT1G29660;AT3G51240;AT5G02540;AT3G16370
ug_leaf_light,germ_state_time::24hsl,1.591281961851157,0.06601279910962717,AT1G27461;AT2G23110;AT1G52690;AT5G66780;AT3G50980;AT3G21720;AT2G28420;AT1G07985;AT4G16160;AT1G32560
ug_leaf_light,gehring_L3_state::23. ii1 endothel,-1.5904367911735837,0.07097030602395957,AT1G65060;AT5G17220;AT5G42800;AT5G13930;AT4G22880;AT1G34580;AT5G53100;AT2G25540;AT5G05270;AT3G51240;AT5G02540
ug_leaf_light,gehring_L2_celltype::ii1,-1.5833425122451963,0.07089933571793561,AT1G65060;AT5G17220;AT5G42800;AT5G13930;AT4G22880;AT5G05270;AT1G29660;AT3G51240
ug_leaf_light,gehring_L3_state::28. oi1 flav synth s-phase,-1.5786732929846368,0.06619593998234775,AT5G62210;AT3G60900;AT1G75150;AT5G59870;AT1G09200;AT4G27230;AT1G70210;AT2G22970;AT5G65360;AT2G46980;AT4G36360;AT1G16390;AT1G12090;AT1G14520;AT2G43530;AT5G65350;AT5G10400;AT1G51060
ug_leaf_light,gehring_L3_state::19. ii1 basal cont PS,1.5786715017076403,0.06930506888770661,AT3G28360;AT5G48100;AT1G62333;AT5G50750;AT5G66170;AT3G16770;AT1G61720;AT3G49780;AT2G37180;AT1G21310;AT1G43640;AT1G05260;AT4G12290;AT2G17710;AT5G54840;AT1G76180;AT2G33480;AT4G32940;AT1G62480;AT5G39190;AT4G37520
ug_leaf_light,gehring_L3_state::7. CZE basal cyst,-1.577997876129358,0.06067961165048544,AT1G65060;AT5G17220;AT5G42800;AT5G13930;AT4G22880;AT1G24540;AT5G53100;AT5G05270;AT1G29660;AT3G51240;AT5G02540;AT3G16370
ug_leaf_light,gehring_L3_state::13. FUN epid,-1.544765794949606,0.07173460162729452,AT5G38410;AT1G29920;AT3G54890;AT5G54270;AT5G24770;AT4G10340;AT5G59310;AT1G67090;AT5G24780;AT4G16860;AT3G47470;AT2G34420;AT3G43720;AT1G75900;AT3G17390;AT1G29930;AT5G66570;AT5G57560;AT1G12090;AT2G32690;AT1G79040;AT4G22570;AT2G14890;AT1G41830;AT5G22920;AT3G23050
ug_leaf_light,gehring_L3_state::20. CZSC plac phos,1.5392382436880816,0.09979642942318831,AT1G75750;AT4G34000;AT1G75390;AT3G60160;ATMG00020;AT5G49645;AT5G20700;AT2G01021;AT5G02380;AT3G26510;AT3G10985;AT1G32450;AT5G25770;AT2G32240;AT1G62480;AT5G24800;AT1G69850;AT5G20830;AT5G21150;AT3G57390;AT4G37520
ug_leaf_light,gehring_L3_state::33. oi2 gen II,-1.520280239938858,0.0816665450032849,AT4G15210;AT5G24420;AT5G44063;AT1G17420;AT1G72520;AT4G13840;AT4G25830;AT2G34150;AT1G75900;AT1G11670;AT1G52400;AT4G33220;AT1G55260;AT4G11280;AT1G14520;AT2G22500;AT2G38540;AT4G21750;AT1G72970;AT4G19380;AT5G45670;AT2G01850;AT3G52800
ug_leaf_light,gehring_L3_state::23. ii1 endothel s-phase,-1.509984013601396,0.08346107988417646,AT1G65060;AT5G17220;AT5G42800;AT5G13930;AT4G22880;AT5G53100;AT5G05270;AT1G29660;AT3G51240;AT5G02540
ug_leaf_light,gehring_L3_state::22. ii1'/ii2  high sene,1.504357332128525,0.1276731059702679,AT5G48100;AT5G50260;AT1G70680;AT5G50750;AT1G31050;AT4G06410;AT3G26440;AT4G16680;AT2G40670;AT1G73220;AT5G14940;AT1G25530;AT1G79520;AT2G05910;AT1G07590;AT5G20700;AT4G22920;AT3G48740;AT4G16620;AT5G16110;AT5G10650;ATCG00020
ug_leaf_light,gehring_L3_state::6. CZE nodule,1.4912264345049115,0.13519929048414023,AT4G14780;AT1G73610;AT5G51105;AT2G02147;AT5G44973;AT3G30842;AT4G36590;AT5G20710;AT5G10230;AT5G40730;AT3G03260;AT1G22120
ug_leaf_light,gehring_L3_state::24. oi1 flav synth polyester,1.455321545263384,0.17512380578274717,AT5G48100;AT5G23190;AT5G08250;AT1G20500;AT5G59220;AT5G50750;AT1G73290;AT3G49780;AT1G21310;AT3G51860;AT2G40370;AT2G33480;AT3G22600;AT4G36610;AT3G22620;AT2G43150;AT5G41040;AT5G39190;AT4G37520;AT4G01430;AT1G12080
ug_leaf_light,gehring_L3_state::23. oi1 flav synth,1.4441349504413896,0.17990301295810476,AT3G28360;AT5G48100;AT5G50260;AT1G20500;AT5G50750;AT1G73290;AT3G49780;AT5G15180;AT1G21310;AT4G12290;AT2G43050;AT2G36950;AT2G33480;AT4G36610;AT2G43150;AT5G41040;ATCG00020;AT5G39190;AT4G37520;AT4G01430
ug_leaf_light,gehring_L3_state::10. CZE nodule,1.4415452435908334,0.1724961401835139,AT4G14780;AT4G36590;AT2G16586;AT5G20710;AT5G10230;AT3G03260;AT1G72770;AT1G22120;AT2G01021;AT3G18550
ug_leaf_light,gehring_L3_state::16. PEN s-phase,-1.432623622830713,0.12854496678589677,AT1G78760;AT4G28365;AT1G11070;AT4G33330;AT1G75150;AT5G61000;AT1G69770;AT1G20720;AT5G59870;AT4G00020;AT3G51740;AT5G67100;AT4G02110;AT4G27230;AT5G49160;AT1G04020;AT2G46980
ug_leaf_light,gehring_L3_state::26. oi1 flav synth,-1.4317422870852818,0.12098349815143225,AT1G24070;AT5G39220;AT4G15210;AT5G62210;AT5G05270;AT5G45650;AT4G10060;AT4G18570;AT4G26590;AT4G36360;AT1G16390;AT5G42240;AT1G14520;AT1G16750
ug_leaf_light,gehring_L3_state::9. MCE,-1.4213686851855998,0.12348833248168967,AT3G11920;AT2G32550;AT5G63087;AT1G29600;AT5G09730
ug_leaf_light,gehring_L2_celltype::oi2,-1.4189911670902817,0.12035069789957775,AT4G15210;AT5G24420;AT1G17420;AT3G16370;AT4G13840;AT4G25830;AT1G75900;AT3G52840;AT4G33220;AT1G55260;AT1G14520;AT3G23820;AT2G38540;AT4G21750;AT1G72970;AT4G19380;AT5G45670;AT1G17840;AT2G01850
ug_leaf_light,gehring_L3_state::31. oi2 gen I,-1.418178249942168,0.1146525293817067,AT4G15210;AT5G24420;AT5G44063;AT3G16370;AT4G13840;AT4G25830;AT2G34150;AT1G75900;AT1G52400;AT5G44060;AT4G33220;AT1G55260;AT1G14520;AT5G01180;AT2G43530;AT2G38540;AT4G21750;AT1G72970;AT4G19380;AT5G45670;AT1G17840;AT2G28900;AT2G01850
ug_leaf_light,gehring_L3_state::30. oi1 flav synth s-phase,-1.416337350886051,0.10919288512543496,AT5G39220;AT4G15210;AT1G75150;AT5G61000;AT1G69770;AT1G65470;AT1G20720;AT5G59870;AT4G00020;AT5G67100;AT4G26590;AT4G27230;AT5G49160;AT3G27060;AT1G04020;AT2G46980;AT3G30720;AT5G42240;AT3G06740;AT2G21790;AT1G14520;AT4G08035
ug_leaf_light,gehring_L3_state::14. FUN cc,1.3942158698101952,0.2339464583830193,AT5G04080;AT1G75390;AT5G43380;AT4G24450;AT1G31770;AT1G65480;ATMG00020;AT5G20700;AT3G21600;AT5G02380;AT4G37180;AT3G19550;AT5G66440;AT1G22710;AT1G31812;AT5G20830;AT5G27690;AT1G54410;AT5G02600;AT3G15353;AT5G54940;AT1G68170;AT2G31960;AT5G57350;AT1G07640;AT3G16340
ug_leaf_light,gehring_L3_state::17. CZSC plac phos,1.386054040181206,0.23524184298093195,AT5G48100;AT5G47150;AT5G66170;AT1G43640;AT1G75390;AT3G60160;AT4G12290;AT1G76180;AT5G20700;AT2G33480;AT5G02380;AT3G10985;AT4G16620;AT1G62480;ATCG00020;AT3G57390;AT4G37520
ug_leaf_light,gehring_L1_tissue::Embryo,1.3812210323551661,0.2225448210786093,AT3G22640;AT1G54860;AT2G18540;AT1G12805;AT4G16160;AT3G24650;AT5G51210;AT5G44120;AT2G41070;AT3G27660
ug_leaf_light,gehring_L2_celltype::EMB,1.3812210323551661,0.2225448210786093,AT3G22640;AT1G54860;AT2G18540;AT1G12805;AT4G16160;AT3G24650;AT5G51210;AT5G44120;AT2G41070;AT3G27660
ug_leaf_light,gehring_L3_state::14. MCE_ESR gen,1.3807248297726875,0.21399753557516496,AT1G71250;AT1G18100;AT5G50260;AT3G45130;AT2G34315;AT5G14180;AT3G16770;AT4G35560;AT1G56170;AT2G22660;AT4G35750;AT1G33055;AT5G47060;AT1G55810;AT4G27450;AT3G48740;AT3G11930;AT3G62860;ATCG00020;AT2G19110;AT3G23090
ug_leaf_light,germ_cluster::15,1.3641210321612156,0.230856188886239,AT1G54575;AT3G03341;AT1G01470;AT5G04080;AT5G42146;AT1G69410;AT3G03270;AT5G43380;AT2G24940;AT2G47710;AT1G79430;AT4G01600;AT2G38640;AT5G02380;AT5G66440;AT1G22710;AT1G31812;AT2G16600;AT4G10040;AT2G21060;AT4G33660;AT4G34870;AT1G54410;AT5G02600;AT5G12140;AT5G62680;AT3G15353;AT5G54940
ug_leaf_light,gehring_L1_tissue::Seed coat,-1.3609152666949353,0.15387652715194872,AT5G39220;AT4G15210;AT5G13930;AT1G34580;AT3G60900;AT2G25540;AT5G05270;AT3G20520;AT5G48880;AT4G26590
ug_leaf_light,gehring_L3_state::4. EMB unknown I,-1.3597000462696203,0.1485747928284197,AT3G60900;AT5G47500;AT2G45470;AT4G33260;AT5G13840;AT4G16860;AT3G51740;AT4G17000;AT4G33270;AT3G43720;AT2G05790;AT2G22970;AT1G10640;AT1G63100;AT1G18650;AT2G43530
ug_leaf_light,gehring_L3_state::5. EMB unknown II,-1.3511095478535315,0.15196516777380345,AT5G48310;AT5G47500;AT4G33260;AT5G13840;AT5G44560;AT4G12420;AT3G51740;AT4G17000;AT4G33270;AT3G05330;AT4G35620;AT1G18370;AT3G07320;AT2G28620;AT5G06150;AT4G02800;AT3G52110;AT1G14720;AT2G20590;AT1G63100;AT5G65685;AT5G66230;AT3G51720;AT4G31840;AT1G50490
ug_leaf_light,gehring_L3_state::19. CPT pers nuc,1.347718239196708,0.251272725604946,AT4G22050;AT5G50790;AT1G62333;AT1G75750;AT1G61720;AT2G37180;ATMG00090;ATMG01390;AT1G07590;ATMG00020;AT1G76180;AT5G20700;AT2G01021;AT5G02380;AT3G10985;AT1G62480;AT3G16640;AT3G08770
ug_leaf_light,gehring_L3_state::32. oi2 VLCFA synth,-1.3374900984810483,0.15763924374041902,AT4G15210;AT1G35180;AT3G16370;AT4G13840;AT4G25830;AT3G43720;AT1G45010;AT1G75900;AT4G26590;AT3G52840;AT4G33220;AT1G55260;AT2G32690;AT1G14520;AT5G01180;AT2G38540;AT4G21750;AT5G45670;AT1G17840;AT2G01850
ug_leaf_light,germ_cluster::14,1.3296736583778366,0.27130535018681934,AT2G25980;AT1G54000;AT4G31320;AT1G66270;AT2G41800;AT1G66280;AT3G29034;AT2G47485;AT4G19030;AT1G56580;AT2G46140;AT5G15230;AT1G77330;AT5G13870;AT1G54410
ug_leaf_light,gehring_L2_celltype::CZE,1.3221360724083924,0.27855950393513,AT1G18100;AT4G14780;AT2G18540;AT2G34315;AT5G59170;AT1G02850;AT5G44120;AT2G41070;AT3G27660
ug_leaf_light,germ_cluster::12,1.3134150740295603,0.28741457437272305,AT3G51810;AT3G03341;AT3G02480;AT1G07400;AT2G26150;AT5G01600;AT1G69410;AT3G09440;AT4G24960;AT5G02380;AT2G23120;AT5G42570;AT1G61340;AT3G62290;AT2G32240
ug_leaf_light,gehring_L3_state::18. FUN epid,1.302829296287578,0.29437355910644725,AT2G33380;AT3G60160;AT2G38800;ATMG01390;AT1G71050;AT2G16700;ATMG00020;AT2G33480;AT2G01021;AT5G02380;AT4G37180;AT3G26510;AT4G39090;AT5G25280;AT5G24800;AT1G20620;AT4G30270;AT5G21940;AT1G47128;AT1G28330;AT1G44800;AT2G25450;AT2G36080;AT1G68170;AT1G32700;AT1G80050
ug_leaf_light,gehring_L2_celltype::CZSC,1.294086484641927,0.2987775324465507,AT1G75750;AT4G34000;AT1G75390;AT5G20700;AT5G02380;AT3G26510;AT3G10985;AT1G32450;AT5G54660;AT5G25770;AT2G32240;AT1G62480;AT5G24800;AT1G69850;AT5G20830;AT5G21150;AT3G57390;AT4G37520;AT3G57230;AT1G76990;AT1G03040;AT1G32700;AT5G25220
ug_leaf_light,gehring_L3_state::17. CPT trans nuc,-1.2868173433783263,0.19898981958256357,AT1G65060;AT5G17220;AT5G42800;AT5G13930;AT4G22880;AT1G34580;AT4G12890;AT5G05270;AT3G51240
ug_leaf_light,gehring_L2_celltype::oi1,-1.2783317291494558,0.20344821060201743,AT5G39220;AT4G15210;AT5G62210;AT1G34580;AT5G05270;AT5G45650;AT4G10060;AT4G18570;AT4G26590;AT4G36360;AT1G16390;AT5G42240;AT1G14520;AT1G16750;AT2G22620
ug_leaf_light,gehring_L3_state::3. EMB inn cotyl,1.275408653933969,0.32222044180777487,AT3G22640;AT1G54860;AT2G18540;AT1G12805;AT4G16160;AT5G51210;AT5G44120;AT2G41070;AT3G27660
ug_leaf_light,gehring_L3_state::11. PEN g2/m-phase,-1.2697389048952266,0.20439448134900354,AT5G63087;AT1G20020;AT1G11070;AT3G55630;AT4G33260;AT5G13840;AT2G22610;AT1G72250;AT4G05190;AT3G44050;AT1G68890;AT5G60930;AT4G33270;AT4G21270;AT4G38062;AT1G59540;AT3G23890;AT5G06150;AT4G11080;AT5G55520;AT4G23800;AT3G28155
ug_leaf_light,gehring_L3_state::34. oi2 s-phase,-1.2626469817473063,0.20527549204447343,AT4G15210;AT5G24420;AT3G16370;AT3G13600;AT1G65470;AT4G13840;AT4G25830;AT2G34150;AT5G67100;AT1G75900;AT1G52400;AT4G33220;AT1G55260;AT1G49430;AT5G01180;AT2G43530;AT2G38540;AT4G21750;AT1G72970;AT4G19380;AT5G45670;AT3G26450;AT1G17840
ug_leaf_light,gehring_L3_state::10. CZE cyst photo,1.2595444153268414,0.33975818282996917,AT1G18100;AT4G14780;AT2G18540;AT2G34315;AT5G59170;AT3G16770;AT5G44120;AT2G41070;AT3G27660
ug_leaf_light,gehring_L3_state::18. CZSC gen,1.2552041965526095,0.33603800451733284,AT1G75750;AT4G34000;AT3G08860;AT1G21310;AT1G75390;AT1G76180;AT5G49645;AT5G20700;AT3G10985;AT5G25620;AT1G32450;AT5G54660;AT5G25770;AT2G32240;AT1G69850;AT5G20830;AT5G21150;AT4G37520;AT3G57230;AT3G11690;AT4G20320;AT1G03040;AT5G25220;AT1G29050;AT3G05165
ug_leaf_light,gehring_L3_state::21. CZSC plac call,1.2498802701365501,0.334893189329154,AT1G75390;AT4G23420;AT4G23410;AT5G11090;AT3G14780;AT1G22930;AT5G02380;AT3G26510;AT2G02230;AT5G54660;AT5G25770;AT2G32240;AT1G62480;AT5G24800;AT1G69850;AT1G26450;AT5G21150;AT3G57390;AT1G73850;AT3G14570;AT1G61600;AT1G32700;AT1G07640;AT5G40980;AT1G70670;AT1G76780;AT5G49320;AT5G62820
ug_leaf_light,gehring_L3_state::8. CZE basal cyst,1.2497122699941012,0.3259533084240931,AT2G14365;AT1G62333;AT1G77525;AT2G02147;AT5G44973;AT5G10230;AT5G40730;AT3G20210;ATMG01390;ATMG00020
ug_leaf_light,gehring_L3_state::4. EMB vasc prim,1.2402274628363057,0.3331421094359325,AT1G54860;AT2G18540;AT4G16160;AT3G63040;AT3G24650;AT5G51210;AT5G44120;AT2G41070;AT3G27660
ug_leaf_light,gehring_L3_state::20. ii1 endothel,1.2400050705560333,0.32506244743745843,AT1G62333;AT5G50750;AT1G03103;AT3G02310;AT3G49780;AT5G59845;AT2G24430;AT2G38380;AT1G22990;AT1G12780;AT2G38400;AT2G33480;AT1G22930;AT5G66460;AT4G16620;AT4G30470;AT2G43150;AT1G56580;AT5G16110;AT3G57390;AT4G01430
ug_leaf_light,gehring_L3_state::18. CZSC plac call,1.2358453628216173,0.3226424382517872,AT5G50790;AT2G28650;AT1G75390;AT1G12780;AT4G23420;AT4G23410;AT5G20700;AT3G14780;AT5G02380;AT5G47060;AT2G02230;AT1G62480;AT1G60680;AT5G24800;AT1G69850;AT1G26450;AT3G57390;AT1G73850
ug_leaf_light,gehring_L3_state::19. CZSC plac phos,1.2194115215289332,0.3398208323396137,AT1G19630;AT1G75750;AT3G14990;AT3G28345;AT4G34000;AT1G75390;AT5G24660;AT5G20700;AT5G02380;AT5G25620;AT1G32450;AT5G54660;AT2G32240;AT5G24800;AT5G21150;AT1G73850
ug_leaf_light,gehring_L3_state::17. PEN gen IV,-1.2039239652879525,0.27614546073922674,AT1G78760;AT5G07200;AT2G33880;AT5G28000;AT4G28365;AT1G11070;AT4G31610;AT4G31550;AT4G00730;AT3G14840;AT1G34260;AT3G50440;AT2G37025;AT2G05310;AT1G04030;AT4G21380;AT4G26760;AT5G41070;AT5G46880;AT1G77580
ug_leaf_light,germ_cluster::1,-1.1855470009093652,0.29999835165740846,AT5G38410;AT3G27830;AT1G67090;AT3G63490;AT1G35680;AT1G55490;AT1G48350;AT1G79850;AT3G15190;AT4G29060;AT1G75350;AT5G14320;AT2G28000;AT4G20360;AT3G56910;ATCG00800;AT2G38140;AT2G04030;AT1G05190;ATCG00810;AT4G24770
ug_leaf_light,gehring_L3_state::15. PEN,1.1784231858286487,0.40372019568037315,AT1G18100;AT2G34315;AT3G03240;AT3G16770;AT1G56170;AT2G22660;AT4G35750;AT1G33055;AT5G47060;AT1G55810;AT4G27450;AT5G18310;AT3G11930;ATCG00020;AT3G23090
ug_leaf_light,gehring_L3_state::14. PEN gen II,-1.1700829203292844,0.315174693408278,AT1G78760;AT4G28365;AT2G20825;AT1G22590;AT1G11070;AT4G33330;AT1G77590;AT1G19450;AT1G32540;AT1G20060
ug_leaf_light,gehring_L3_state::13. MCE_ESR high pcd,1.1568957687872634,0.43182940956015126,AT5G50260;AT1G23510;AT2G23400;AT3G45130;AT1G73370;AT2G40670;AT4G35750;AT1G33055;AT4G22920;AT4G39090;AT5G47060;AT1G55810;AT3G48740;AT3G11930;AT2G32240;AT3G62860;AT1G01070;AT2G19110
ug_leaf_light,gehring_L3_state::32. oi2 gen,-1.151937910351583,0.3331088090924575,AT4G15210;AT1G73860;AT1G17420;AT4G25830;AT4G38620;AT4G26590;AT3G52840;AT4G33220;AT1G55260;AT1G14520;AT4G39210;AT2G38540;AT4G21750;AT5G45670;AT2G01850
ug_leaf_light,gehring_L3_state::10. PEN,-1.1517589132774706,0.3236872163275121,AT1G73550;AT5G63087;AT3G63140;AT1G20020;AT2G39730;AT1G11070;AT5G54270;AT5G09730;AT3G55630;AT1G67090
ug_leaf_light,gehring_L3_state::20. CZSC plac call,1.1478402659840141,0.43990537939755625,AT1G75390;AT4G23420;AT4G23410;AT5G20700;AT3G14780;AT1G22930;AT5G02380;AT1G32450;AT2G02230;AT5G54660;AT5G25770;AT2G32240;AT1G62480;AT5G24800;AT1G69850;AT1G26450;AT1G73850;AT3G14570
ug_leaf_light,gehring_L3_state::8. CZE nod-like,1.1472861961940914,0.4311934934848124,AT4G25530;AT1G73610;AT5G51105;AT1G77525;AT1G69190;AT5G44973;AT3G30842;AT3G24790;AT4G36590;AT3G03240;AT5G20710;AT3G03260
ug_leaf_light,gehring_L3_state::24. ii1',-1.1374371987986531,0.3357909336447916,AT5G39220;AT1G24010;AT1G16705;AT2G02990;AT4G12910;AT1G76160;AT5G23210;AT5G55250;AT5G03760;AT5G42250;AT4G39350
ug_leaf_light,gehring_L3_state::15. PEN gen III,-1.1336047757307435,0.33356043831261,AT1G78760;AT5G07200;AT4G28365;AT2G20825;AT1G11070;AT4G33330;AT1G77590;AT1G19450;AT3G51740
ug_leaf_light,gehring_L3_state::7. CZE apical cyst,1.1285279311189418,0.4558510215438429,AT1G07690;AT3G30842;AT5G10230;AT5G40730;AT1G22120
ug_leaf_light,gehring_L3_state::22. ii1 basal cont PS,-1.119406122069075,0.3464693615434546,AT5G17220;AT5G42800;AT5G13930;AT4G22880;AT5G05270;AT3G51240
ug_leaf_light,gehring_L3_state::28. oi1 flav synth high PCD,-1.118572347143451,0.33936879756878147,AT1G24070;AT5G39220;AT4G15210;AT1G34580;AT2G25540;AT5G45650;AT5G49030;AT4G26590;AT1G73540
ug_leaf_light,gehring_L2_celltype::ii1',-1.100533551381044,0.3616210054636217,AT5G39220;AT1G24010;AT1G16705;AT4G37310;AT2G02990;AT4G12910;AT1G76160;AT5G55250;AT1G14970;AT5G42250;AT4G39350
ug_leaf_light,gehring_L2_celltype::CPT,-1.0988866645948938,0.35545477772100154,AT5G18090;AT1G20680;AT5G17220;AT5G42800;AT5G13930;AT4G22880;AT4G12890;AT5G05270
ug_leaf_light,gehring_L3_state::8. EMB  s-phase,-1.0969859448235155,0.34943355309894436,AT1G29910;AT3G54890;AT4G10340;AT1G67090;AT3G50240;AT5G59870;AT2G34420;AT4G02110;AT5G49160;AT3G12203;AT1G05470;AT1G29930;AT2G34700;AT4G14770;AT2G05990;AT2G27040
ug_leaf_light,gehring_L3_state::21. ii1'/ii2,1.096949288691851,0.5080115409740873,AT5G48100;AT5G47150;AT5G66170;AT5G59845;AT1G43640;AT2G28650;AT2G45920;AT3G20210;AT5G64190;AT4G12290;AT1G71960;AT4G04620;AT2G33480;AT5G61430;AT4G16620;AT3G25290;AT2G19110;AT3G57390;AT4G37520;AT5G06530
ug_leaf_light,gehring_L3_state::27. oi1 basal,-1.0879229192388264,0.3570820254519795,AT5G39220;AT4G15210;AT1G34580;AT2G25540;AT5G45650;AT4G10060;AT5G49030;AT4G26590;AT4G36360;AT5G42240;AT1G14520;AT1G16750;AT2G22620;AT1G23200;AT1G73600
ug_leaf_light,gehring_L3_state::16. CPT pers nuc,1.078692298051765,0.5338748471363112,AT4G22050;AT1G62333;AT3G28007;AT1G61720;AT3G22240;ATMG00090;AT1G21310;AT1G77380
ug_leaf_light,gehring_L3_state::12. FUN hil,1.0503451916747364,0.5834153152078861,AT1G03010;AT4G34000;AT1G03170;AT3G60160;AT1G71050;ATMG00020;AT2G33480;AT5G06839;AT5G02380;AT5G09440;AT5G47060;AT4G36990;AT3G08770;AT4G30270;AT4G36930;AT3G15353;AT4G20320;AT1G16960;AT2G41230;AT5G25220;AT1G80050
ug_leaf_light,gehring_L1_tissue::Endosperm,-1.0095350725171341,0.49108150824113794,AT1G78760;AT5G07200;AT4G28365;AT1G11070;AT1G67090;AT3G47470;AT3G51740;AT4G33270;AT5G66570;AT2G37025;AT5G63530;AT3G26790;AT2G35880
ug_leaf_light,germ_cluster::10,-1.0079483492102552,0.4828238955730013,AT3G20370;AT5G22500;AT3G16370;AT1G70410;AT4G18970;AT1G54010;AT3G10720;AT3G43720;AT5G23820;AT5G43760;AT1G33590;AT5G26280;AT2G20835;AT1G09310;AT3G04290;AT1G01120;AT2G38540;AT4G23670;AT1G72970;AT3G28910;AT5G45670
ug_leaf_light,gehring_L2_celltype::PEN,-1.002760356204733,0.4825980809629251,AT1G78760;AT5G07200;AT4G28365;AT1G11070;AT4G33330;AT1G67090;AT1G77590;AT3G51740;AT4G33270
ug_leaf_light,gehring_L3_state::33. oi2 VLCFA synth,0.9857124987688382,0.7178059155930437,AT2G01520;AT2G37180;AT1G20450;AT5G56870;ATMG00020;AT1G76180;AT2G01021;AT2G32240;AT1G62480;AT3G53420;AT2G37300;AT4G27830;AT4G16670;AT1G76990;AT5G45920;AT5G57685;AT4G20320
ug_leaf_light,gehring_L2_celltype::FUN,0.9772746932714459,0.7077493768792993,ATMG00090;AT1G03170;AT3G60160;AT2G38800;ATMG01390;AT1G71050;ATMG00020;AT5G02380;AT5G09440;AT4G39090;AT5G25280;AT3G08770;AT3G41768;AT4G30270
ug_leaf_light,gehring_L1_tissue::Funiculus,0.9772746932714459,0.7077493768792993,ATMG00090;AT1G03170;AT3G60160;AT2G38800;ATMG01390;AT1G71050;ATMG00020;AT5G02380;AT5G09440;AT4G39090;AT5G25280;AT3G08770;AT3G41768;AT4G30270
ug_leaf_light,germ_state_time::48hsl,0.9761450640986955,0.6971520758039956,AT3G02480;AT3G22840;AT1G07400;AT2G26150;AT5G15970;AT3G09440;AT5G02380;AT3G62290;AT5G15230;AT5G39570;AT4G34870;AT1G54410;AT5G12140;AT4G16500;AT3G15353;AT5G54940
ug_leaf_light,gehring_L3_state::25. oi2 gen,-0.9614297922718598,0.556947190686721,AT2G47750;AT2G25540;AT1G62225;AT2G37090;AT5G56300;AT1G02720;AT1G14970;AT1G13635;AT4G22540;AT2G25220;AT5G11790;AT1G63300;AT1G23200;AT1G53500;AT3G23820;AT1G65985;AT3G14760;AT1G49580;AT3G12020
ug_leaf_light,gehring_L3_state::1. EMB upp proto,0.9602665984900491,0.7156975462248402,AT3G22640;AT2G18540;AT4G16160;AT5G51210;AT2G38530;AT5G44120;AT3G27660;AT3G21090
ug_leaf_light,gehring_L2_celltype::MCE,0.9224944061895077,0.7886877158579997,AT1G71250;AT5G50260;AT3G45130;AT3G16770;AT4G35560;AT1G56170;AT4G35750;AT1G33055;AT1G55810;AT3G48740;AT3G11930;AT3G62860;AT2G19110;AT5G27600
ug_leaf_light,gehring_L3_state::25. ii2 gen,0.8990063814396582,0.8123615890429627,AT5G42235;AT5G66170;AT1G43640;AT1G05260;AT3G60160;AT3G20210;AT3G10985;AT3G23560;AT1G73680;AT4G37520
ug_leaf_light,gehring_L2_celltype::ii2,0.8990063814396582,0.8123615890429627,AT5G42235;AT5G66170;AT1G43640;AT1G05260;AT3G60160;AT3G20210;AT3G10985;AT3G23560;AT1G73680;AT4G37520
ug_leaf_light,gehring_L3_state::12. MCE_ESR shea promo,0.8899983451180966,0.8162831954678014,AT1G71250;AT5G50260;AT1G23510;AT3G45130;AT1G56170;AT4G35750;AT1G33055;AT5G28640;AT3G48740;AT3G11930;AT3G62860;AT2G19110;AT5G27600
ug_leaf_light,gehring_L3_state::2. EMB low proto,0.8849957194439099,0.812640320073686,AT2G18540;AT1G12805;AT3G24650;AT3G28345;AT5G51210;AT5G44120;AT3G27660;AT3G21090
ug_leaf_light,germ_cluster::5,0.8813776136359741,0.8060963187232958,AT3G15357;AT2G20490;AT1G27300;AT2G38230;AT5G39850;AT3G08520;AT3G22660;AT3G57150;AT3G03920;AT3G24080;AT3G23830;AT5G20160;AT3G56070;AT5G27120;AT3G04920;AT3G59540;AT1G26770;AT1G48920;AT4G10450;AT4G09030;AT3G44750;AT5G03850;AT2G38210;AT1G57660
ug_leaf_light,gehring_L3_state::31. oi2 LTP,0.8442076052942876,0.8640422529612847,AT5G42235;AT1G62333;AT1G75750;AT2G01520;AT5G59845;AT3G09390;AT3G20210;ATMG01390;AT2G17710;AT4G21620;ATMG00020;AT2G01021;AT1G56580;AT1G62480;AT3G08770
ug_leaf_light,gehring_L3_state::29. oi micr,0.821472658345693,0.8931171390256204,AT5G42235;AT3G05390;AT4G10850;AT3G51860;AT1G43640;AT1G73220;AT5G01520
ug_leaf_light,germ_cluster::2,-0.820786931043522,0.8419041302906098,AT1G76640;AT3G51240;AT1G20010;AT1G19450;AT4G12730;AT3G17390;AT2G06850;AT1G04820;AT4G30650;AT2G36880;AT5G17920;AT1G74100;AT2G14890;AT3G23810;AT1G08200;AT4G13930;AT4G30660
ug_leaf_light,gehring_L3_state::3. EMB low proto,-0.8194427375742246,0.8272919860330438,AT5G62850;AT5G08460;AT1G06080;AT4G13495;AT5G50740;AT1G71691;AT2G34700;AT3G05600;AT1G04660;AT3G26932;AT5G41070;AT4G21750;AT1G72970;AT1G23000;AT4G00180;AT2G34710;AT3G63450;AT5G16560;AT1G27950;AT2G42840
ug_leaf_light,gehring_L3_state::9. CZE nod-like,0.8114881871330392,0.8977366270973898,AT4G14780;AT4G25530;AT5G51105;AT2G16586;AT5G52330;AT1G35320;AT2G01021;AT4G14140;AT2G19540;AT3G06355
ug_leaf_light,gehring_L3_state::12. PEN gen I,0.8039419256864957,0.897097013541087,AT4G25070;AT2G16586;AT1G56170;AT2G22660;AT1G03470;AT1G78520
ug_leaf_light,gehring_L3_state::11. CZE cyst disacc,-0.8023790378946867,0.8429968819413305,AT5G07200;AT5G28000;AT5G62850;AT4G28365;AT1G09500;AT1G67090;AT2G34420;AT4G00730;AT1G29930;AT5G16230;AT2G37025;AT5G63530;AT3G26790
ug_leaf_light,gehring_L3_state::3. EMB sus,0.7709351562627198,0.9397302796327213,AT5G17430;AT2G18340;AT1G51190;AT2G39800
ug_leaf_light,germ_cluster::6,0.7246284155029838,0.9972564163716083,AT5G66780;AT3G21720;AT2G02850;AT2G38530;AT4G01610;AT3G21090;AT4G30470;AT1G56580
ug_leaf_light,germ_cluster::9,0.7180140184093385,0.990851455166981,AT3G02480;AT2G31980;AT5G06370;AT1G14890;AT3G18280;AT2G16700;AT1G23040;AT3G06035;AT3G05880;AT3G62290;AT3G14595;AT5G67600;AT4G15910;AT5G15230;AT5G12140;AT5G54940;AT1G31935;AT1G78040
ug_leaf_light,gehring_L3_state::2. EMB up proto II,-0.7171449854826795,0.9391926417986715,AT5G59870;AT1G09200;AT5G65360;AT2G34700;AT1G04660;AT5G10400;AT1G51060;AT2G39460;AT3G09200;AT2G42840;AT3G04840;AT5G56710;AT5G60390;AT1G18540;AT5G22880;AT5G59970;AT3G20670;AT5G59690;AT3G62250;AT2G47610
ug_leaf_light,gehring_L3_state::11. MCE,0.7094136012784679,0.9867164891023062,AT1G71250;AT3G16770;AT4G35560;AT1G56170;AT2G22660;AT1G03470;AT5G28640;AT3G45610;AT1G55810;AT4G14140
ug_leaf_light,gehring_L3_state::1. EMB up proto I,0.7028344830278895,0.9800788428894096,AT3G20210;ATMG01390;ATMG00020;AT1G56580;AT3G08770;ATCG01130;AT5G48480;AT2G27720;AT4G12870;AT1G23290;AT3G04920;AT2G27710;AT3G20470;AT5G02960;AT5G15200;AT2G36160;AT5G20290;AT1G56070;AT3G53430;AT1G52300;AT2G47110;AT3G04400
ug_leaf_light,gehring_L3_state::4. EMB cort init,0.6464192568081792,1.0,AT3G24650;AT2G16586;AT5G28640;AT3G06355;AT3G41768;ATCG01130;AT1G20100;AT4G30990
ug_leaf_light,gehring_L3_state::6. EMB unknown,0.6441355280770077,1.0,AT2G16586;ATMG00020;AT3G41768;ATCG01130;AT3G57150;AT3G49910;AT1G43170;AT2G27720;AT3G09630;AT2G01008;AT3G04920;AT4G27090;AT1G48920;AT1G28290;AT2G27710;AT3G09500;AT1G70600;AT5G15200;AT5G20290
ug_leaf_light,germ_cluster::4,0.6303042553439802,0.9962303033560294,AT3G15357;AT2G20490;AT3G57150;AT2G37190;AT3G23830;AT5G20160;AT2G21660;AT3G04920;AT4G27090;AT3G59540;AT1G48920;AT4G10450;AT2G27710;AT1G79075;AT5G03850;AT3G23390;AT4G25890;AT3G53430;AT2G40205;AT2G19730;AT3G04400;AT1G22780;AT1G56110;AT3G56020;AT5G57290;AT3G05560;AT2G43460;AT4G25630;AT4G12600;AT3G49010;AT4G17390;AT4G15000;AT2G41650;AT2G27840;AT1G54690;AT2G18020;AT3G22230;AT5G64140;AT3G16080;AT3G55280;AT3G62250;AT5G22440;AT3G06680;AT5G60670;AT2G01250;AT5G56710;AT1G27400;AT2G36620;AT3G09200;AT5G16130
ug_leaf_light,gehring_L3_state::5. EMB vasc hypoph,0.5487013675316064,1.0,AT2G16586;ATMG00090;AT3G49380;ATMG00020;AT5G28640;AT4G02290;AT3G06355;AT3G41768
ug_leaf_light,gehring_L3_state::1. EMB up proto,0.5370316142288799,0.9956475077510136,ATMG00090;ATMG01390;ATMG00020;AT3G08770;AT2G16600;AT1G13710;ATCG01130
gcr_40cGy,gehring_L3_state::9. EMB g2/m-phase,-1.9552953607494885,0.0,AT4G25140;AT5G40420;AT1G03780;AT1G20610;AT4G27160;AT3G23890;AT5G44560;AT1G63100;AT2G34700;AT2G25060;AT4G35620;AT1G08560;AT1G50490;AT4G36700;AT5G01910;AT4G14330;AT4G31840;AT1G23000;AT4G33270;AT5G51600;AT3G25980;AT2G28620;AT5G17160;AT3G44050;AT1G72250;AT5G13840;AT5G55520;AT3G19050;AT4G05190;AT5G60930;AT5G62550;AT3G20150
gcr_40cGy,germ_cluster::15,-1.920956625004389,0.0,AT3G16360;AT5G42146;AT1G78370;AT4G01600;AT3G03341;AT5G04080;AT4G19840;AT5G45350;AT1G10380;AT1G79430;AT2G20562;AT4G38740;AT5G22090;AT1G54575;AT5G42980;AT3G15353;AT1G07640;AT4G10040;AT5G02380;AT1G22710;AT5G57350;AT5G12140;AT3G03270;AT2G38640;AT5G62680;AT3G56240;AT4G33660;AT4G11010;AT5G66440
gcr_40cGy,germ_cluster::1,1.9022250659561841,0.0037418147801683817,AT3G21720;ATCG00820;ATCG00190;ATCG00160;ATCG00180;ATCG00800;ATCG00790;ATCG00810;ATCG00740;ATCG00470;ATCG00340;ATCG00380;ATCG00540;ATCG00170
gcr_40cGy,germ_cluster::11,-1.8349239350080644,0.0,AT3G19615;AT5G03795;AT4G28520;AT1G09080;AT4G22710;AT1G70810;AT1G66600;AT3G25710;AT3G41768;AT5G21150;AT4G27160;AT3G41979;AT1G55580;AT2G34315;AT2G35980;AT3G52490;AT5G02460;AT4G15620;AT5G10520
gcr_40cGy,gehring_L3_state::14. FUN cc,-1.7774542091199652,0.010887495875948531,AT5G04080;AT4G19840;AT1G31770;AT1G65480;AT5G20830;AT2G46630;AT4G38740;AT5G22090;AT5G27690;AT3G15353;AT2G39830;AT1G07640;AT5G02380;AT1G22710;AT1G67870;AT5G64240;AT5G57350;AT4G02940;AT2G23950;AT3G21600;AT1G75390;AT4G29100;AT5G66440;AT3G16340;AT1G78580;AT5G02600
gcr_40cGy,gehring_L3_state::5. EMB unknown II,-1.7598426632627884,0.009798746288353678,AT4G12870;AT3G05330;AT2G33400;AT1G76310;AT5G06150;AT5G44560;AT1G63100;AT4G35620;AT3G03680;AT1G50490;AT2G40095;AT4G02800;AT4G31840;AT4G33270;AT1G18370;AT3G51720;AT2G28620;AT5G66230;AT2G44450;AT5G13840;AT3G59760;AT5G25090;AT5G15510;AT3G05400;AT3G52110
gcr_40cGy,germ_cluster::6,1.7141144372304633,0.03554724041159962,AT3G21720;AT5G66780;AT2G20835;AT3G51600;AT2G02850;AT4G32460;AT4G18970;AT4G01250;AT5G43760;AT2G38540;AT3G23730;AT4G21750;AT1G68560
gcr_40cGy,germ_state_time::12hsl,-1.6546566141709027,0.050808314087759814,AT4G28520;AT1G04560;AT3G46230;AT4G25140;AT3G41768;AT2G21490;AT4G27160;AT5G06165;AT3G41979;AT3G56350;AT4G11310;AT3G59710
gcr_40cGy,gehring_L3_state::13. PEN g2/m-phase,-1.6140917905076315,0.08476693217702785,AT4G38062;AT3G44770;AT1G20930;AT3G23890;AT4G01730;AT2G36200;AT2G25060;AT1G08560;AT4G14330;AT4G31840;AT3G58650;AT4G33270;AT3G46614;AT3G25980;AT2G28620;AT5G17160;AT3G44050;AT1G72250;AT5G55520;AT3G19050;AT4G05190;AT5G60930;AT5G62550;AT3G20150;AT1G77580;AT2G37420;AT1G59540;AT3G54320;AT2G22610;AT4G23800;AT4G11080
gcr_40cGy,gehring_L3_state::3. EMB low proto,-1.5811065501603767,0.11840151765094027,AT5G62850;AT1G67100;AT5G50740;AT5G23940;AT3G41768;AT3G05600;AT5G48360;AT3G63450;AT2G34700;AT2G47230;AT1G23000;AT2G34710;AT1G72970;AT1G32583
gcr_40cGy,gehring_L3_state::2. EMB low proto,-1.5395210054158823,0.16573188166721656,AT1G12805;AT5G62850;AT4G28520;AT4G25140;AT5G40420;AT5G23940;AT4G27160;AT2G34700;AT4G36700;AT1G23000
gcr_40cGy,gehring_L3_state::4. EMB unknown I,-1.5380780585470055,0.1513361926756846,AT4G12870;AT1G52030;AT3G08770;AT3G21500;AT3G41768;AT2G43530;AT1G73620;AT1G63100;AT4G33270;AT1G30530;AT1G10640;AT5G13840;AT3G03270
gcr_40cGy,gehring_L3_state::12. FUN hil,-1.5312101164902887,0.14846585285384362,AT4G31610;AT1G04580;AT1G68800;AT3G08770;AT3G59010;AT1G16960;AT4G17670;AT4G37050;AT3G60160;AT5G59320;AT3G15353;AT2G39830;AT5G02380;AT4G02940;AT4G40010
gcr_40cGy,gehring_L3_state::7. EMB hypoph,-1.5223775839976976,0.14834213130979876,AT3G30350;AT5G48940;AT4G28520;AT1G79580;AT4G25140;AT5G40420;AT4G27160
gcr_40cGy,gehring_L3_state::5. EMB vasc hypoph,-1.5086452859216262,0.1649874375047585,AT3G49380;AT3G41768;AT2G03090;AT1G19850;AT1G28290;AT1G73590;AT3G53190;AT2G26180;AT1G63100;AT1G23000;AT2G34710;AT1G05470;AT5G62230;AT2G38810;AT2G27040;AT5G43810;AT5G13250;AT3G48670;AT1G75500;AT1G28110
gcr_40cGy,gehring_L3_state::6. EMB cort init,-1.4979648576423092,0.1695338643540557,AT1G12805;AT4G28520;AT4G25140;AT5G40420;AT3G23470;AT1G62500;AT4G27160;AT2G34700;AT4G36700
gcr_40cGy,germ_cluster::14,-1.4413389770946081,0.26746948201913556,AT2G25980;AT2G41800;AT4G19030;AT1G66270;AT1G54000;AT1G66280;AT1G28290;AT2G46140;AT5G23820;AT5G26280;AT4G21850;AT3G16460;AT3G09260;AT3G16420;AT5G48580;AT3G29034;AT5G65020;AT3G15950
gcr_40cGy,gehring_L3_state::19. CZSC plac phos,-1.4334564493767148,0.2708264599142197,AT1G76780;AT1G73010;AT1G68740;AT5G21150;AT5G54660;AT4G17670;AT2G39510;AT1G32450;AT3G15353;AT1G73850;AT5G02380;AT4G02940;AT4G40010;AT3G14990;AT1G75390;AT5G19530;AT3G21420;AT2G16990;AT3G16340;AT3G28345;AT2G33350;AT3G54390;AT5G25620;AT5G24800
gcr_40cGy,gehring_L1_tissue::Funiculus,-1.424484858362483,0.2597877488177719,AT1G04580;AT1G68800;AT3G08770;AT3G41768;AT3G59010;AT4G17670;AT4G37050;AT4G22570;AT3G60160;AT5G59320;AT3G15353;AT5G02380;AT4G02940;AT4G40010;AT3G21420;AT2G16990;AT3G20470;AT1G71050
gcr_40cGy,gehring_L2_celltype::FUN,-1.424484858362483,0.2597877488177719,AT1G04580;AT1G68800;AT3G08770;AT3G41768;AT3G59010;AT4G17670;AT4G37050;AT4G22570;AT3G60160;AT5G59320;AT3G15353;AT5G02380;AT4G02940;AT4G40010;AT3G21420;AT2G16990;AT3G20470;AT1G71050
gcr_40cGy,germ_state_time::24hsl,1.4076188722851342,0.3941378235110695,AT3G21720;AT1G52690;AT5G66780
gcr_40cGy,gehring_L1_tissue::Embryo,-1.381000869818472,0.3375123721544045,AT1G12805;AT4G28520;AT4G25140;AT5G40420;AT1G62500;AT4G27160;AT2G34700;AT4G36700;AT1G23000
gcr_40cGy,gehring_L2_celltype::EMB,-1.381000869818472,0.3375123721544045,AT1G12805;AT4G28520;AT4G25140;AT5G40420;AT1G62500;AT4G27160;AT2G34700;AT4G36700;AT1G23000
gcr_40cGy,gehring_L3_state::33. oi2 gen II,-1.366028676104808,0.3559174247066032,AT3G54340;AT1G52030;AT5G24420;AT3G08770;AT1G73010;AT1G52400;AT5G23940;AT5G67620;AT3G25780;AT1G54020;AT1G51460;AT1G72520;AT5G59320;AT5G51750;AT1G72970
gcr_40cGy,gehring_L3_state::3. EMB inn cotyl,-1.3642148851650822,0.34221379082810954,AT1G12805;AT4G28520;AT4G25140;AT5G40420;AT1G62500;AT4G27160;AT2G34700;AT4G36700
gcr_40cGy,gehring_L3_state::1. EMB up proto I,-1.360980837999683,0.3346721558389396,AT4G12870;AT3G08770;AT3G20210
gcr_40cGy,germ_cluster::8,-1.3590996727782372,0.3261712306169581,AT4G28520;AT1G04560;AT3G46230;AT4G25140;AT5G40420;AT2G35300;AT2G21490;AT4G27160;AT3G41979;AT3G56350;AT4G11310
gcr_40cGy,gehring_L3_state::30. oi1 flav synth g2m-phase,-1.3481114535195466,0.340778620917189,AT1G52030;AT3G21500;AT1G72670;AT3G23890;AT2G43530;AT1G09470;AT1G73620;AT2G27880;AT5G21100;AT2G44450;AT1G72250;AT3G19050;AT5G60930;AT5G56530;AT4G24040
gcr_40cGy,gehring_L3_state::22. ii1'/ii2  high sene,-1.3298513683720006,0.3739436083546938,AT5G26120;AT5G48100;AT1G09380;AT2G02990;AT3G15340;AT2G05910;AT2G37460;AT4G16620;AT4G12910;AT3G23430;AT4G01430
gcr_40cGy,gehring_L3_state::28. oi1 flav synth s-phase,-1.3292525034017857,0.36150518714029106,AT4G12870;AT1G52030;AT3G21500;AT2G43530;AT1G73620;AT5G59870;AT5G65350;AT1G75150;AT5G10400;AT2G46980
gcr_40cGy,gehring_L3_state::11. PEN g2/m-phase,-1.3187088816392256,0.37309115332045056,AT1G76780;AT4G38062;AT5G06150;AT3G23890;AT3G03130;AT5G51105;AT1G03445;AT4G33270;AT5G17160;AT3G44050;AT1G72250;AT5G13840;AT5G55520;AT4G05190;AT5G60930
gcr_40cGy,gehring_L3_state::18. CZSC gen,-1.3110207413031392,0.3780589085200059,AT2G44460;AT5G21150;AT3G59010;AT5G54660;AT4G17670;AT4G37050;AT1G32450;AT5G20830
gcr_40cGy,gehring_L3_state::1. EMB upp proto,-1.3092905339249836,0.3707192345760475,AT5G62850;AT4G28520;AT4G25140;AT5G40420;AT5G23940;AT4G27160;AT3G05600;AT2G34700;AT4G36700
gcr_40cGy,gehring_L3_state::24. oi1 flav synth polyester,-1.3073580351831693,0.3635018784389268,AT1G04580;AT5G48100;AT2G37460;AT2G43150;AT4G26580;AT4G37050;AT3G49780;AT4G24130;AT4G01430;AT2G40370;AT3G21230;AT5G08250;AT1G20500
gcr_40cGy,gehring_L2_celltype::CZE,-1.2902786350109987,0.3890578604420983,AT5G62850;AT4G25140;AT5G40420;AT4G14780;AT4G27160;AT1G62710;AT2G34315;AT4G36700
gcr_40cGy,gehring_L3_state::12. PEN gen I,-1.2890107384250242,0.38007258330583965,AT2G20825;AT5G50740;AT4G33330;AT1G78520;AT1G63100;AT2G25060;AT1G08560;AT4G31840;AT4G33270;AT2G42110;AT3G25980;AT1G04380;AT3G52110;AT1G77580;AT1G15290;AT1G56170;AT3G54320
gcr_40cGy,gehring_L2_celltype::ii1',-1.2694300755416597,0.41532594562074254,AT5G26120;AT3G20210;AT2G02990;AT4G00220;AT2G37460;AT4G12910;AT5G55250;AT4G01430;AT1G71960;AT2G28650;AT3G28960;AT1G21460;AT4G12290;AT4G37310;AT4G03210;AT2G47240;AT2G33860
gcr_40cGy,gehring_L3_state::5. EMB gro tiss init,-1.266991439443018,0.4090587736249234,AT1G12805;AT4G28520;AT4G25140;AT5G40420;AT4G27160;AT2G34700;AT4G36700;AT1G23000;AT3G05470;AT5G10280
gcr_40cGy,gehring_L3_state::4. EMB cort init,-1.2641219740096319,0.4045007148355878,AT1G02800;AT3G41768;AT2G24700;AT1G28290;AT3G13960;AT5G48360;AT2G34700;AT1G23000;AT2G34710;AT5G62230;AT1G57820;AT1G70710
gcr_40cGy,gehring_L3_state::34. oi2 s-phase,-1.262881535686269,0.3970993428268255,AT3G54340;AT1G52030;AT5G24420;AT3G08770;AT1G52400;AT5G23940;AT5G67620;AT2G43530;AT1G51460;AT5G59320;AT5G51750;AT1G72970
gcr_40cGy,gehring_L3_state::20. CZSC plac phos,-1.2578521527485895,0.39868290819427327,AT5G21150;AT3G59010;AT2G39510;AT1G32450;AT5G20830;AT3G60160;AT5G02380;AT4G02940;AT4G40010;AT5G51810;AT2G01021;AT1G75390;AT4G29100;AT2G16990;AT3G54390;AT5G24800
gcr_40cGy,gehring_L3_state::4. EMB vasc prim,-1.2477451741993302,0.4098165114331396,AT5G03795;AT4G28520;AT4G25140;AT5G40420;AT4G27160;AT2G34700;AT4G36700;AT1G23000;AT2G27040;AT5G63530;AT5G43810;AT4G16160;AT1G75500;AT1G28110
gcr_40cGy,gehring_L2_celltype::oi2,-1.2452070110197855,0.40542312768063343,AT3G54340;AT5G24420;AT3G08770;AT2G42830;AT5G23940;AT5G67620;AT1G51460;AT5G59320;AT5G51750;AT1G72970;AT2G37300
gcr_40cGy,gehring_L3_state::31. oi2 gen I,-1.2395375286109866,0.4081483210081194,AT3G54340;AT1G52030;AT5G24420;AT3G08770;AT1G52400;AT5G23940;AT5G67620;AT2G43530;AT1G51460;AT5G59320;AT5G51750;AT1G72970
gcr_40cGy,germ_cluster::9,-1.2392372248023988,0.3990785690719706,AT1G62981;AT5G40420;AT1G31935;AT4G18780;AT1G23460;AT5G03170;AT1G20850;AT4G35350;AT3G18280;AT4G15910;AT5G12140;AT3G06035;AT3G62020;AT3G56240;AT5G48500;AT1G68810;AT4G18640;AT1G55210;AT4G23690;AT1G60810
gcr_40cGy,gehring_L3_state::24. ii1',-1.2392043515867344,0.38992427090606363,AT5G26120;AT3G20210;AT2G02990;AT4G00220;AT2G37460;AT4G12910;AT5G55250;AT4G01430;AT1G71960;AT2G28650;AT3G28960;AT1G21460;AT4G12290;AT4G03210;AT2G47240;AT2G33860
gcr_40cGy,gehring_L2_celltype::CZSC,-1.2339637765757667,0.39170240844605747,AT5G21150;AT3G59010;AT5G54660;AT4G17670;AT2G39510;AT1G32450;AT5G20830;AT5G02380;AT4G02940;AT4G40010;AT1G75390;AT4G29100;AT3G21420;AT2G16990;AT3G54390;AT5G24800
gcr_40cGy,gehring_L3_state::18. CZSC plac call,-1.2274248956590212,0.3982404047069174,AT3G47540;AT3G14570;AT4G23410;AT2G02020;AT5G49320;AT1G43910;AT1G73850;AT1G07640;AT5G02380;AT4G02940;AT4G40010;AT5G23810;AT2G28650;AT1G60680;AT4G34590;AT3G03770;AT1G75390;AT1G26450;AT4G23420
gcr_40cGy,gehring_L3_state::21. CZSC plac call,-1.2214177058221938,0.4023639780241849,AT1G76780;AT5G21150;AT5G54660;AT1G61600;AT3G14570;AT4G23410;AT5G49320;AT1G73850;AT2G39830;AT1G07640;AT5G02380;AT3G03770;AT1G75390;AT4G29100;AT1G26450;AT4G23420
gcr_40cGy,gehring_L3_state::6. EMB unknown,-1.2066136660942086,0.42866619400942035,AT3G41768;AT1G28290;AT5G48360;AT4G37750;AT1G63100;AT2G34700;AT3G57150;AT4G03210;AT2G37600;AT2G27710;ATMG00020;AT3G06700;AT1G56110;AT4G25630;AT5G02870;AT5G02500;AT5G07090;AT2G34480;AT5G60390;AT1G72370;AT1G04660;AT4G35100;AT1G67430;AT1G48920;AT4G39200;AT3G62870;AT2G18020
gcr_40cGy,gehring_L3_state::8. EMB  s-phase,-1.1968229833637298,0.44253134279115797,AT4G28520;AT4G25140;AT5G40420;AT4G27160;AT3G15680;AT2G34700;AT4G36700;AT4G14770;AT5G59870;AT1G05470;AT2G27040;AT5G43810
gcr_40cGy,gehring_L3_state::32. oi2 VLCFA synth,-1.1739595405958763,0.48282711302930936,AT4G12870;AT3G54340;AT1G52030;AT3G08770;AT5G23940;AT1G51460;AT5G59320
gcr_40cGy,gehring_L3_state::10. CZE cyst photo,-1.1733675742114273,0.4758924447377103,AT5G62850;AT4G25140;AT5G40420;AT4G14780;AT4G27160;AT1G62710;AT5G07200;AT2G34315;AT4G36700
gcr_40cGy,gehring_L3_state::21. ii1'/ii2,-1.1619793395224713,0.4907912356628564,AT1G04580;AT5G48100;AT1G09380;AT3G20210;AT4G00220;AT2G37460;AT4G16620;AT5G59845;AT1G71960;AT2G19110;AT5G23660;AT2G28650;AT2G40460;AT4G12290
gcr_40cGy,germ_cluster::3,1.159935580623409,1.0,ATCG00820;ATCG00190;ATCG00160;ATCG00180;ATCG00800;ATCG00790;ATCG00780;ATCG00810;ATCG00740;ATCG00470;ATCG00340;ATCG00170;AT1G72610
gcr_40cGy,gehring_L3_state::16. PEN dehyd,1.1581938626882933,1.0,AT1G52690;AT2G25940;AT4G39260;AT5G57260;ATCG00020;AT1G55810;AT1G36060;AT5G49190;AT3G16770;AT5G50090;AT2G02120
gcr_40cGy,gehring_L3_state::27. oi1 flav synth high PCD,-1.1525763157278506,0.5035466842626195,AT4G12870;AT1G52030;AT5G11360;AT3G21500;AT2G43530;AT5G13930
gcr_40cGy,gehring_L3_state::19. CPT pers nuc,-1.1210228194562915,0.5702582745591156,AT4G12870;AT4G22050;AT3G08770;AT1G20680;AT3G59010;AT5G13930;AT5G59320;AT3G15353;AT5G02380;AT2G01021
gcr_40cGy,gehring_L3_state::3. EMB sus,-1.1209896279353926,0.5597987462883537,AT1G49475;AT5G17430;AT1G51190;AT3G15990;AT1G04610;AT2G34700;AT1G23000;AT4G14690;AT3G22790;AT2G39800;AT3G48670
gcr_40cGy,germ_cluster::4,-1.0912539182182242,0.619003629165292,AT3G23830;AT3G15357;AT3G57150;AT3G06680;AT2G40205;AT4G10450;AT1G54690;AT2G27710;AT5G60670;AT3G55280;AT1G56110;AT5G20160;AT2G43460;AT4G25630;AT3G04400;AT1G79075;AT1G27400;AT3G49010;AT3G59540;AT5G16130;AT4G17390;AT5G03850;AT2G19730;AT5G64140;AT5G22440;AT4G12600;AT2G37190;AT5G57290;AT3G09200;AT3G56020;AT1G48920;AT2G18020
gcr_40cGy,gehring_L3_state::8. CZE nod-like,1.0863770484222317,1.0,AT3G03260;AT5G44973;AT1G73550;AT2G37540;AT3G48280;AT1G73610;AT3G30842;AT2G39640
gcr_40cGy,gehring_L3_state::19. ii1 basal cont PS,1.0719188651356266,1.0,AT1G62333;AT1G43640;AT5G50750;AT3G16770;AT5G56300;AT2G47750;AT3G52340;AT2G33480;AT4G15540;AT1G62480;AT5G24580;AT3G58780
gcr_40cGy,gehring_L3_state::10. PEN,-1.0650725444287443,0.6698726257246548,AT5G09730;AT1G14455
gcr_40cGy,gehring_L3_state::7. CZE apical cyst,-1.0620028170104296,0.6661428397784298,AT3G60700;AT4G39860;AT4G26470;AT3G18550;AT5G65020;AT1G19950;AT2G29890;AT5G10230;AT2G20290;AT1G23950;AT3G54560;AT5G57740
gcr_40cGy,gehring_L1_tissue::Seed coat,-1.0527498115631457,0.6775589028316591,AT4G12870;AT1G52030;AT3G08770;AT3G20520;AT5G21150;AT1G34580;AT5G13930
gcr_40cGy,gehring_L3_state::17. CZSC plac phos,-1.0479261896178667,0.6784386201343183,AT1G04580;AT5G48100;AT4G37050;AT4G16620;AT3G60160;AT5G02380;AT4G02940;AT4G40010;AT1G75390;AT4G12290;AT2G16990
gcr_40cGy,gehring_L3_state::23. oi1 flav synth,-1.0368968484644059,0.6951666116793137,AT1G04580;AT5G48100;AT2G43150;AT4G37050;AT1G34580;AT3G49780;AT4G01430;AT1G20500;AT2G43050;AT5G15180;AT5G63530;AT4G12290;AT1G73290
gcr_40cGy,gehring_L3_state::14. MCE_ESR gen,-1.0334568267362765,0.6926053728953817,AT4G00220;AT4G37050;AT5G07200;AT2G34315;AT2G19110;AT3G11930;AT1G04380;AT3G48300;AT4G04460;AT5G63530;AT5G14180;AT2G16990;AT3G48740;AT1G33055;AT1G56170;AT1G01900
gcr_40cGy,gehring_L3_state::14. PEN gen II,-1.0197520672236515,0.7130431774885324,AT2G20825;AT5G48650;AT4G33330;AT1G78520;AT1G20060;AT3G19050;AT5G63530;AT1G77580;AT1G15290;AT1G56170;AT3G54320
gcr_40cGy,gehring_L3_state::11. MCE,-1.0188401694310996,0.7040580666446717,AT1G09380;AT1G48930;AT4G30110;AT1G16960;AT4G37050;AT5G07200;AT1G04380;AT5G01370;AT5G44480;AT4G04460
gcr_40cGy,germ_cluster::12,-1.012003920998839,0.7078573490597162,AT1G78370;AT1G07400;AT3G03341;AT2G26150;AT1G61340;AT5G42980;AT1G54050;AT5G02380;AT5G12140;AT1G19180;AT2G13820;AT3G61640;AT1G69410;AT5G42570;AT1G55210
gcr_40cGy,gehring_L3_state::29. oi micr,-1.0114433474519624,0.698558485394513,AT4G12870;AT3G21500;AT4G30110;AT4G17670;AT1G73620;AT1G32450;AT3G23430
gcr_40cGy,gehring_L3_state::2. EMB up proto II,-0.9971153721024566,0.7190696139887826,AT1G28290;AT2G34700;AT5G59870;AT5G10400;AT2G27710;ATMG00020;AT2G39460;AT1G09200;AT3G04400;AT2G47610;AT5G59690;AT3G49010;AT5G65360;AT5G02500;AT5G22880;AT2G34480;AT5G60390;AT4G18100;AT1G04660;AT1G67430;AT5G59970;AT5G57290;AT3G09200;AT4G39200;AT2G18020;AT3G04840;AT5G62690;AT4G27090;AT5G59910;AT1G02780;AT3G49910;AT3G62250;AT1G43170
gcr_40cGy,gehring_L3_state::20. ii1 endothel,0.9870548590388557,1.0,AT1G62333;AT5G50750;AT5G13170;AT5G41080;AT1G03103;AT2G38400;AT2G33480;AT4G19380;AT2G23790;AT2G24430;AT1G10060;AT4G13840
gcr_40cGy,gehring_L3_state::20. CZSC plac call,-0.9849580428522813,0.734255971872738,AT5G54660;AT3G14570;AT1G32450;AT4G23410;AT5G49320;AT1G73850;AT2G39830;AT1G07640;AT5G02380;AT4G40010;AT2G23950;AT3G03770;AT1G75390;AT4G29100;AT1G26450;AT4G23420
gcr_40cGy,gehring_L3_state::15. PEN gen III,-0.9819918931402577,0.7308231606730453,AT2G20825;AT3G41768;AT4G33330;AT1G78520;AT5G07200;AT3G48300;AT3G42670;AT5G63530;AT1G77580;AT1G33055;AT1G56170;AT3G54320
gcr_40cGy,gehring_L3_state::17. CPT trans nuc,-0.9756827531163725,0.7331702838781862,AT2G42860;AT3G08770;AT3G20210;AT1G21440;AT1G12200;AT1G34580;AT3G49780;AT5G13930;AT2G19110;AT1G06550
gcr_40cGy,gehring_L3_state::8. CZE basal cyst,0.9690308906795367,1.0,AT1G62333;AT5G44973
gcr_40cGy,gehring_L3_state::22. ii1 basal cont PS,-0.9573779850205238,0.7625913182825093,AT3G08770;AT1G52400;AT1G21440;AT3G59010;AT1G25460;AT5G20830;AT3G49780;AT4G24130;AT5G13930;AT3G27200;AT1G06550
gcr_40cGy,germ_state_time::dry_seed,0.9531607751308363,1.0,AT2G40170;AT1G08170;AT2G41280;AT5G56100;AT5G14570;AT4G35770;AT1G65970;AT3G47340;AT3G16120;AT5G06570
gcr_40cGy,gehring_L3_state::32. oi2 gen,-0.9475822925168258,0.7717087745874787,AT4G12870;AT3G54340;AT2G42830;AT5G67620;AT5G59320;AT2G37300;AT1G12880;AT3G50620;AT1G73860;AT3G20470
gcr_40cGy,gehring_L2_celltype::CPT,-0.9425125890554228,0.7737682832948422,AT4G22050;AT3G08770;AT3G20210;AT1G20680;AT3G49780;AT5G13930;AT2G27880;AT5G02380;AT3G28007
gcr_40cGy,gehring_L3_state::6. CZE nodule,0.9324283094590582,1.0,AT3G03260;AT5G44973;AT1G73610;AT3G30842
gcr_40cGy,gehring_L3_state::18. FUN epid,-0.9320089666239617,0.7838997030682944,AT1G04580;AT1G44800;AT3G60160;AT5G59320;AT5G02380;AT4G02940;AT4G40010;AT2G01021;AT1G71050;AT5G24800;AT2G38800;AT1G80050
gcr_40cGy,gehring_L3_state::9. MCE,-0.9272051185341703,0.7836790105843222,AT5G09730;AT5G51105;AT4G24130;AT2G38255
gcr_40cGy,germ_cluster::2,0.9052973683886327,1.0,AT3G21720;AT4G32460;AT4G30650;AT4G30660;AT1G19450;AT1G62480;AT2G45180
gcr_40cGy,gehring_L3_state::21. ii1 endothel,0.8955956586208396,1.0,AT1G62333;AT3G23450;AT5G51950;AT3G55120;AT1G61255;AT5G14920
gcr_40cGy,gehring_L3_state::12. MCE_ESR shea promo,-0.8828345070272345,0.8644671725503134,AT1G09380;AT1G48930;AT4G37050;AT5G07200;AT2G19110;AT3G11930;AT1G75120;AT4G04460;AT2G16990;AT3G48740;AT1G33055;AT1G56170;AT1G01900
gcr_40cGy,gehring_L2_celltype::MCE,-0.8802370153909176,0.858607980690757,AT1G09380;AT1G48930;AT4G37050;AT5G07200;AT2G19110;AT3G11930;AT3G48300;AT4G04460;AT2G16990;AT3G48740;AT1G33055;AT1G56170;AT1G01900
gcr_40cGy,gehring_L3_state::16. PEN s-phase,-0.8788349921075416,0.8499316585756704,AT4G33330;AT1G78520;AT5G59870;AT1G75150;AT2G38810;AT5G67100;AT2G46980;AT1G69770;AT5G48600;AT1G20720;AT3G54320;AT5G49160;AT1G54690;AT1G15940;AT5G63700;AT4G02110
gcr_40cGy,gehring_L3_state::11. CZE cyst disacc,-0.8702943630588403,0.8548778011826511,AT5G62850;AT1G62710;AT5G07200;AT3G03240;AT2G34315;AT1G22710
gcr_40cGy,germ_cluster::5,0.8404768450706719,1.0,AT2G38210;AT3G57520;AT3G24080;AT2G38230
gcr_40cGy,gehring_L1_tissue::Endosperm,-0.8237522999246571,0.9319834286215436,AT1G78520;AT5G07200;AT2G34315;AT4G33270;AT1G04380;AT3G48300;AT5G63530;AT1G77580;AT1G15290;AT1G33055;AT1G56170;AT3G54320
gcr_40cGy,gehring_L3_state::17. PEN gen IV,-0.8183838285981967,0.9285673045199604,AT4G31610;AT3G15990;AT1G78520;AT5G07200;AT1G04030;AT1G77580;AT4G26760;AT1G15290;AT2G39700;AT1G56170;AT4G31550;AT2G05310;AT5G63700;AT4G18020;AT3G23090
gcr_40cGy,gehring_L3_state::1. EMB up proto,-0.8177398538714169,0.9181788188716595,AT3G08770;AT5G13930;AT5G59320;AT3G20470;AT2G27710;ATMG00020;AT4G13940;AT3G06700;AT3G04400;ATMG01390;AT5G02500;AT5G02490;AT2G34480;AT5G60390;AT5G47210;AT3G09200;AT4G39200;AT3G62870;AT2G18020;AT4G27090;AT1G13710;AT1G09690;AT1G69620;AT1G02780;AT5G39740;AT3G62250;AT2G47895
gcr_40cGy,gehring_L3_state::33. oi2 VLCFA synth,0.7866097814163758,1.0,AT3G23450;AT1G79700;AT2G39400;AT1G62480;AT4G05631;AT5G59310;AT1G14520;AT3G62070;AT2G38540;AT1G76180;AT4G16670;AT4G21750;AT2G01850
gcr_40cGy,gehring_L3_state::26. oi1 flav synth,-0.7855963889635199,0.9626139646417909,AT4G12870;AT3G21500;AT4G30110
gcr_40cGy,gehring_L3_state::25. oi2 gen,-0.7785511131812795,0.9613134159866124,AT1G04580;AT3G49380;AT4G37050;AT5G59845;AT2G37090
gcr_40cGy,gehring_L3_state::23. ii1 endothel s-phase,0.7779611204894559,1.0,AT1G62333;AT5G51950;AT1G61255;AT5G14920;AT4G09820;AT5G02540;AT1G65060;AT1G07720;AT2G31360
gcr_40cGy,gehring_L2_celltype::oi1,-0.7685959239088856,0.9675613894518545,AT4G12870;AT3G21500;AT4G30110;AT1G34580
gcr_40cGy,gehring_L3_state::31. oi2 LTP,-0.7684102354850062,0.9566906670289363,AT4G12870;AT3G08770;AT3G20210;AT5G59845;AT4G12910;AT5G13930;AT5G59320
gcr_40cGy,gehring_L3_state::27. oi1 basal,0.7650687229464851,1.0,AT4G15210;AT5G45650;AT4G32500;AT5G24910;AT1G23200;AT1G16750;AT2G23790;AT1G14520;AT4G00870
gcr_40cGy,gehring_L2_celltype::ii1,0.7522813500973292,1.0,AT1G62333;AT5G51950;AT3G55120
gcr_40cGy,gehring_L3_state::23. ii1 endothel,-0.7502137514122692,0.9729749948209586,AT3G08770;AT1G77520;AT1G34580;AT3G49780;AT4G24130;AT5G13930;AT5G14700;AT2G28250;AT1G06550
gcr_40cGy,gehring_L3_state::15. PEN,-0.7350294411362271,0.9821272141890124,AT4G00220;AT5G65590;AT5G07200;AT3G03240;AT2G34315;AT4G29230;AT3G11930;AT1G04380
gcr_40cGy,gehring_L3_state::7. CZE basal cyst,0.7280188879416755,1.0,AT1G62333;AT5G51950
gcr_40cGy,gehring_L3_state::13. MCE_ESR high pcd,-0.7265474399086536,0.9828439458924447,AT1G09380;AT1G26820;AT4G37050;AT2G19110;AT4G08290;AT3G11930;AT1G73370;AT4G04460;AT2G16990;AT3G48740;AT1G01070;AT1G33055;AT1G01900
gcr_40cGy,gehring_L2_celltype::PEN,-0.7257611918275139,0.9727794068038509,AT4G33330;AT1G78520;AT5G07200;AT4G31840;AT4G33270;AT1G04380;AT3G48300;AT5G63530;AT1G77580;AT1G15290;AT1G56170;AT3G54320
gcr_40cGy,gehring_L3_state::16. CPT pers nuc,-0.724756071296273,0.9635433850214451,AT4G22050;AT3G08770;AT1G20680;AT2G43150;AT2G27880
gcr_40cGy,gehring_L3_state::10. CZE nodule,-0.7102183940450466,0.9704826681072144,AT4G14780;AT3G60700;AT5G27330;AT2G01021;AT3G18550;AT5G65020;AT1G19950;AT1G55550;AT5G10230;AT2G20290
gcr_40cGy,gehring_L3_state::30. oi1 flav synth s-phase,-0.6725906658666836,0.9986910619253224,AT3G30720;AT4G30110;AT5G59870;AT5G65350;AT1G75150;AT2G01021;AT5G67100;AT2G46980;AT1G69770;AT1G20720;AT5G49160
gcr_40cGy,germ_state_time::48hsl,-0.6634606086156626,0.9947424995476846,AT1G07400;AT2G26150;AT5G42980;AT3G15353;AT5G02380;AT5G12140;AT1G19180;AT5G15970;AT4G11010;AT3G61640
gcr_40cGy,germ_cluster::10,-0.6455830302284931,0.9976536779519434,AT3G20370;AT5G42980;AT5G23820;AT5G26280;AT5G02380;AT1G72970;AT1G54010;AT3G04290;AT3G16460;AT3G16400;AT3G09260;AT3G16420;AT4G23670;AT1G33590;AT3G15950
gcr_40cGy,gehring_L2_celltype::ii2,-0.6393850546394125,0.980895331573738,AT4G24150;AT3G20210
gcr_40cGy,gehring_L3_state::25. ii2 gen,-0.6393850546394125,0.980895331573738,AT4G24150;AT3G20210
gcr_40cGy,gehring_L3_state::28. oi1 flav synth high PCD,-0.6182541655110945,0.9827929266990242,AT4G30110;AT1G12200;AT4G22110;AT1G34580;AT1G30530;AT2G28650;AT2G01021;AT1G24070;AT5G64900
gcr_40cGy,germ_cluster::7,0.5797151116759796,1.0,AT1G73885;AT2G26500;AT1G33810;AT1G03600;AT1G56200;AT5G57170;AT1G64720;AT2G43030;AT5G01530;AT5G24490;AT2G37640;AT4G34620;AT5G54600;AT1G26770;AT5G17870;AT1G50900;AT1G20340;AT3G56910;AT4G24770;AT5G65220;AT3G27850;AT5G15200;AT4G25050;AT4G18730;AT5G40950;AT5G24314;AT3G21055;AT3G08740;AT1G10522;AT2G24090;AT2G32650;AT3G25920;AT1G15930;AT1G29070;AT2G19730;AT4G18100;AT4G17390;AT5G20720;AT1G67090;AT3G02790;AT1G78630;AT3G27830;AT4G16410;AT3G49010;AT3G56340;AT1G02280;AT2G32180;AT1G68590;AT1G32990;AT5G28750
gcr_40cGy,gehring_L3_state::15. OVL senes,0.5756430033281607,1.0,AT2G33480;AT4G15610;AT4G05631;AT4G00870;AT4G13250;AT4G32480;AT4G27260;AT4G33150;AT3G51860;AT5G49360;AT1G47128;AT5G25280;AT4G39090;AT4G20260;AT5G63370;AT5G47370;AT3G26100;AT3G53990
gcr_40cGy,gehring_L2_celltype::OVL,0.5756430033281607,1.0,AT2G33480;AT4G15610;AT4G05631;AT4G00870;AT4G13250;AT4G32480;AT4G27260;AT4G33150;AT3G51860;AT5G49360;AT1G47128;AT5G25280;AT4G39090;AT4G20260;AT5G63370;AT5G47370;AT3G26100;AT3G53990
gcr_40cGy,gehring_L1_tissue::Ovule,0.5756430033281607,1.0,AT2G33480;AT4G15610;AT4G05631;AT4G00870;AT4G13250;AT4G32480;AT4G27260;AT4G33150;AT3G51860;AT5G49360;AT1G47128;AT5G25280;AT4G39090;AT4G20260;AT5G63370;AT5G47370;AT3G26100;AT3G53990
gcr_40cGy,gehring_L3_state::9. CZE nod-like,-0.535609470408448,1.0,AT4G14780;AT5G51105;AT5G27330;AT2G01021;AT1G35320
gcr_40cGy,gehring_L3_state::13. FUN epid,0.5229732738391754,0.9959463673214842,AT3G23450;AT5G57560;ATCG00490;ATCG00470;AT5G59310;AT5G22920;AT3G23050;AT4G38400;AT5G25280;AT1G13930;AT3G05880;AT5G57800;AT1G72150;ATCG00670;AT3G17390;AT3G04730
gcr_40cGy,germ_cluster::13,-0.42547394113090736,0.9987352908830969,AT1G44575;AT3G26060;AT5G28750;AT4G34190;AT1G32990;AT1G32470;AT3G62030;AT4G01150;AT3G54210;AT2G33450;AT3G52960;AT1G78630;AT5G38410;AT2G44650;AT1G67090;AT5G20720;AT1G29070;AT3G11630;AT3G62530;AT3G25920
gcr_80cGy,gehring_L3_state::4. EMB vasc prim,2.453872564234598,0.0,AT4G27160;AT5G44120;AT4G28520;AT5G40420;AT1G48130;AT3G54940;AT4G25140;AT3G12203;AT2G28490;AT3G01570;AT4G16160;AT1G54860;AT5G03795
gcr_80cGy,germ_cluster::8,2.405269392873171,0.0,AT3G15670;AT4G27160;AT5G44120;AT4G28520;AT1G04560;AT5G40420;AT1G54870;AT1G05510;AT1G48130;AT3G54940;AT4G25140;AT2G35300;AT3G22640;AT3G01570;AT5G01300;AT1G54860;AT2G41280;AT2G23110;AT3G58450;AT5G66400;AT3G50980;AT4G06746;AT5G57550
gcr_80cGy,gehring_L3_state::7. EMB hypoph,2.3380340378187965,0.0,AT4G27160;AT5G44120;AT4G28520;AT5G40420;AT1G48130;AT3G54940;AT4G25140;AT1G03880;AT2G28490;AT3G01570;AT1G54860;AT3G20840;ATCG00020;AT1G26680
gcr_80cGy,gehring_L3_state::5. EMB gro tiss init,2.3109783488068376,0.0,AT4G27160;AT5G44120;AT4G28520;AT5G40420;AT4G25140;AT1G03880;AT3G12203;AT2G28490;AT3G22640;AT3G01570;AT4G16160;AT1G54860
gcr_80cGy,gehring_L3_state::6. EMB cort init,2.278840434526817,0.0,AT4G27160;AT5G44120;AT4G28520;AT5G40420;AT4G25140;AT1G03880;AT3G12203;AT2G28490;AT3G22640;AT3G01570;AT4G16160
gcr_80cGy,gehring_L3_state::1. EMB upp proto,2.249426190383426,0.0,AT4G27160;AT5G44120;AT4G28520;AT5G40420;AT1G48130;AT4G25140;AT1G03880;AT3G12203;AT2G28490;AT3G22640;AT3G01570;AT4G16160;AT5G17700;AT5G57560;ATCG00020;AT1G26680
gcr_80cGy,gehring_L3_state::3. EMB inn cotyl,2.239033333922742,0.0,AT4G27160;AT5G44120;AT4G28520;AT5G40420;AT4G25140;AT1G03880;AT3G12203;AT2G28490;AT3G22640;AT3G01570;AT4G16160;AT1G54860
gcr_80cGy,gehring_L3_state::8. EMB  s-phase,2.227989660580298,0.0,AT4G27160;AT5G44120;AT4G28520;AT5G40420;AT4G25140;AT3G12203;AT3G01570
gcr_80cGy,gehring_L3_state::2. EMB low proto,2.1859987272688373,0.0,AT4G27160;AT5G44120;AT4G28520;AT5G40420;AT1G48130;AT4G25140;AT1G03880;AT3G12203;AT2G28490;AT3G01570
gcr_80cGy,gehring_L2_celltype::EMB,2.183421965455156,0.0,AT4G27160;AT5G44120;AT4G28520;AT5G40420;AT4G25140;AT1G03880;AT3G12203;AT2G28490;AT3G22640;AT3G01570;AT4G16160;AT1G54860
gcr_80cGy,gehring_L1_tissue::Embryo,2.183421965455156,0.0,AT4G27160;AT5G44120;AT4G28520;AT5G40420;AT4G25140;AT1G03880;AT3G12203;AT2G28490;AT3G22640;AT3G01570;AT4G16160;AT1G54860
gcr_80cGy,gehring_L2_celltype::CZE,2.152870622773522,0.0,AT4G27160;AT5G44120;AT5G40420;AT1G48130;AT4G25140;AT3G01570;AT5G59170;AT3G26790
gcr_80cGy,germ_state_time::12hsl,2.077607228493,0.0,AT4G27160;AT5G44120;AT4G28520;AT1G04560;AT1G54870;AT4G25140;AT3G22640;AT1G54860;AT5G06165;AT2G41280;AT5G66400;AT4G06746;AT5G57550;AT4G29780;ATMG01390;AT2G21490
gcr_80cGy,gehring_L3_state::10. CZE cyst photo,2.062698451970717,0.0,AT4G27160;AT5G44120;AT5G40420;AT1G48130;AT4G25140;AT3G01570;AT5G59170;AT3G26790
gcr_80cGy,gehring_L3_state::5. EMB unknown II,-1.9649761817271945,0.0,AT4G12870;AT2G20590;AT3G05330;AT5G06150;AT1G76310;AT1G18370;AT4G31840;AT1G63100;AT2G28620;AT4G33270;AT4G02800;AT3G51720;AT5G55180;AT5G25090;AT3G03680;AT4G35620;AT4G33260;AT2G33400;AT5G66230;AT5G02490;AT1G50490;AT5G48310;AT3G53380;AT2G40095;AT5G47500;AT3G59760;AT3G51740;AT5G44560;AT3G52110;AT5G16250;AT3G05400;AT2G44450
gcr_80cGy,gehring_L3_state::13. PEN g2/m-phase,-1.9279004254600098,0.002638146167557932,AT3G28155;AT3G44765;AT3G44770;AT4G38062;AT4G01730;AT3G23890;AT4G14330;AT2G25060;AT5G17160;AT4G31840;AT2G28620;AT1G59540;AT4G21270;AT1G08560;AT4G33270;AT4G23800;AT5G62550;AT2G22610;AT4G05190;AT2G37420;AT3G58650;AT3G19050;AT2G36200;AT1G20930;AT3G20150;AT5G60930;AT4G11080;AT3G25980;AT1G72250
gcr_80cGy,germ_state_time::24hsl,1.8837739511213571,0.00030890464933018124,AT4G27160;AT5G66780;AT3G21720;AT1G52690;AT4G16160;AT2G23110;AT3G50980;AT1G32560
gcr_80cGy,germ_cluster::1,1.6676256713484603,0.01708628841607565,AT3G21720;ATCG00740;ATCG01130;ATCG00380;ATCG00810;ATCG00820;ATCG00340;ATCG00180;ATCG00800;ATCG00040;ATCG00470;ATCG00790;ATCG00540;ATCG00170;ATCG00160;ATCG00190
gcr_80cGy,gehring_L3_state::19. CZSC plac phos,-1.569173120828077,0.44496732026143787,AT2G39510;AT1G32450;AT1G68740;AT1G76780;AT3G21420;AT5G24660;AT5G21150;AT2G22190;AT5G47370;AT4G02940;AT2G16990;AT2G02130;AT4G33550;AT5G54660;AT4G40010;AT3G54390;AT5G19530;AT1G73850;AT3G16340;AT3G20640
gcr_80cGy,gehring_L3_state::12. FUN hil,-1.5639158473822987,0.3416399286987522,AT1G04580;AT4G31610;AT5G59310;AT3G08770;AT4G37050;AT3G21420;AT3G60160;AT3G59010;AT5G47370;AT4G02940;AT2G16990;AT1G68800;AT5G59320;AT1G80050;AT4G40010;AT1G71050;AT1G68710;AT5G53460
gcr_80cGy,gehring_L3_state::21. ii1'/ii2,-1.5610373370017516,0.280698752228164,AT5G48100;AT4G16620;AT1G04580;AT1G43640;AT5G59845;AT5G13170;AT1G09380;AT2G37460;AT3G20210;AT1G71960;AT4G37310;AT1G54570;AT5G33290;AT2G40460;AT5G61430;AT2G19110
gcr_80cGy,gehring_L3_state::4. EMB unknown I,-1.5530007722770414,0.24886512180629827,AT1G52030;AT4G12870;AT1G73620;AT3G08770;AT2G43530;AT2G28790;AT1G63100;AT3G21500;AT4G33270;AT1G10640;AT4G33260;AT1G24260;AT1G30530;AT5G47500;AT3G06130;AT3G03270;AT3G51740;AT1G70600;AT2G45470;AT2G27710;AT3G43720;AT1G70710;AT2G22970
gcr_80cGy,gehring_L3_state::9. EMB g2/m-phase,1.5496056245237675,0.05424002225003476,AT4G27160;AT5G44120;AT5G40420;AT4G25140;AT3G01570
gcr_80cGy,gehring_L3_state::3. EMB sus,-1.5383689039565984,0.2479857397504456,AT1G51190;AT1G49475;AT5G43240;AT4G14690;AT1G68320;AT2G28790;AT4G34060;AT5G17430
gcr_80cGy,germ_cluster::15,-1.5321238662803776,0.2328163992869875,AT2G20562;AT3G16360;AT5G42146;AT1G78370;AT5G02600;AT2G38640;AT4G10040;AT4G38740;AT4G01600;AT5G12140;AT4G11010;AT3G03270;AT2G21060;AT3G08580;AT5G42980;AT4G19840;AT1G07640;AT5G22090;AT1G69510;AT1G69410;AT3G56240;AT4G34870;AT4G26970;AT5G20010;AT1G22710;AT1G70490;AT5G59890;AT1G10380;AT1G79430;AT4G33660;AT5G45350
gcr_80cGy,gehring_L3_state::11. PEN g2/m-phase,-1.52431458062245,0.21925925925925926,AT3G28155;AT3G03130;AT4G38062;AT3G23890;AT5G06150;AT1G76780;AT5G17160;AT1G59540;AT4G21270;AT4G33270;AT4G23800;AT2G22610;AT4G05190;AT5G51105;AT4G33260;AT5G60930;AT4G11080;AT3G55630;AT1G72250
gcr_80cGy,gehring_L3_state::30. oi1 flav synth g2m-phase,-1.4725973470654408,0.2880855614973262,AT1G52030;AT4G21760;AT1G73620;AT1G72670;AT3G23890;AT2G43530;AT3G21500;AT5G21100;AT1G09470;AT3G19050;AT3G17360;AT5G18700;AT5G22794;AT5G60930;AT1G58602;AT1G72250;AT5G62410;AT2G37080;AT2G45470;AT5G18090;AT2G22970;AT2G44450;AT5G55820;AT3G05830
gcr_80cGy,gehring_L2_celltype::FUN,-1.472221337597361,0.2418300653594771,AT1G04580;AT5G59310;AT3G08770;AT4G37050;AT3G21420;AT3G60160;AT3G59010;AT5G47370;AT4G02940;AT2G16990;AT1G68800;AT5G59320;AT1G80050;AT4G40010;AT1G71050;AT1G68710;AT4G22570;AT5G53460
gcr_80cGy,gehring_L1_tissue::Funiculus,-1.472221337597361,0.2418300653594771,AT1G04580;AT5G59310;AT3G08770;AT4G37050;AT3G21420;AT3G60160;AT3G59010;AT5G47370;AT4G02940;AT2G16990;AT1G68800;AT5G59320;AT1G80050;AT4G40010;AT1G71050;AT1G68710;AT4G22570;AT5G53460
gcr_80cGy,gehring_L1_tissue::Seed coat,-1.4709462164023692,0.22525709584533113,AT1G52030;AT5G13930;AT5G15800;AT4G12870;AT1G43640;AT3G08770
gcr_80cGy,gehring_L3_state::28. oi1 flav synth s-phase,-1.4652337129931363,0.22085052202699262,AT1G52030;AT4G12870;AT1G73620;AT5G62210;AT2G43530;AT3G21500;AT1G09200;AT1G75150;AT1G51060;AT2G46980;AT5G10400;AT4G36360;AT5G22880;AT5G59870;AT3G20670
gcr_80cGy,gehring_L3_state::17. CZSC plac phos,-1.4518428162286308,0.2275840760546643,AT5G48100;AT4G16620;AT1G04580;AT1G43640;AT4G37050;AT3G60160;AT4G02940;AT2G16990;AT1G34060;AT1G80050;AT4G40010
gcr_80cGy,gehring_L3_state::22. ii1'/ii2  high sene,-1.442483313382046,0.22918894830659534,AT5G48100;AT4G16620;AT1G73220;AT5G13170;AT1G09380;AT5G14940;AT2G37460;AT3G23430;AT2G02990;AT2G05910;AT4G12910;AT4G01430;AT1G54570;AT2G46950
gcr_80cGy,germ_cluster::4,-1.4325618082724487,0.2293635315088602,AT2G40205;AT2G36620;AT3G06680;AT5G16130;AT3G16080;AT2G18020;AT1G54690;AT4G10450;AT3G56020;AT5G56710;AT3G05560;AT3G55280;AT4G15000;AT2G27710;AT3G49010;AT4G12600;AT3G59540;AT1G27400;AT3G57150;AT1G56110;AT3G53430;AT5G60670;AT4G25630;AT5G64140;AT2G19730;AT3G09200;AT3G62250;AT3G23390;AT4G25890;AT2G43460;AT4G17390
gcr_80cGy,gehring_L3_state::29. oi micr,-1.4219745085754756,0.23362249950485242,AT1G73220;AT4G12870;AT1G43640;AT1G73620;AT4G00870;AT1G32450;AT4G30110;AT3G21500;AT3G23430;AT5G08260;AT2G22620
gcr_80cGy,germ_cluster::13,-1.4132511215874357,0.23104606435875788,AT1G44575;AT3G62030;AT5G24314;AT1G42970;AT4G28660;AT5G63310;AT3G26060;AT4G34190;AT4G01150;AT5G38410;AT3G52960;AT1G32990;AT3G54210;AT1G78630;AT2G33450;AT5G20720;AT3G25920;AT5G28750;AT3G62530;AT2G44650
gcr_80cGy,gehring_L3_state::24. oi1 flav synth polyester,-1.4002695315228526,0.24033511586452763,AT5G48100;AT5G08250;AT1G04580;AT5G39160;AT4G37050;AT4G26580;AT1G20500;AT2G37460
gcr_80cGy,germ_cluster::11,1.3796363803652556,0.2020751247701602,AT4G27160;AT4G28520;AT5G55490;AT3G48580;AT5G03795;AT4G39363;ATMG00570;AT4G15620;ATMG01390;AT1G18100
gcr_80cGy,gehring_L3_state::27. oi1 flav synth high PCD,-1.3627512507840933,0.2937136066547832,AT1G52030;AT5G13930;AT4G12870;AT4G00870;AT5G62210;AT2G43530;AT5G11360;AT3G21500
gcr_80cGy,germ_cluster::14,-1.3203897846167316,0.3688608005185545,AT1G28290;AT4G19030;AT4G21850;AT1G66280;AT5G23820;AT2G47485;AT3G04120;AT5G45280;AT3G02230;AT5G50460;AT1G54000;AT5G65020;AT5G14030;AT3G16460;AT3G43720;AT1G56580;AT3G52930;AT2G21160;AT5G15650;AT4G12880;AT5G48580;AT4G31320;AT2G45790;AT1G54030;AT1G21750;AT3G05890;AT3G16420;AT2G46140;AT5G26280;AT5G02260;AT3G29034;AT3G09260
gcr_80cGy,gehring_L3_state::14. PEN gen II,1.3170552363581736,0.2919148936170213,AT5G48720;AT2G20825;AT1G78520;AT5G17800;AT5G28640;AT1G55810;AT3G56320;AT1G20060;AT3G54320;AT3G14205;AT3G06355;AT5G50090
gcr_80cGy,germ_cluster::6,1.312023000013646,0.28473286052009456,AT5G66780;AT3G21720
gcr_80cGy,gehring_L3_state::1. EMB up proto I,-1.310791993947145,0.37094629156010234,AT1G04660;AT4G12870;AT3G08770;AT3G20210;AT3G60245;AT5G59320;AT2G18020;AT2G27710;AT5G60390;AT3G49010;AT1G67430;AT1G56580;AT3G53430;AT5G65360;AT3G06700;AT3G09200;AT1G23290;AT1G02780;AT3G62250;AT2G43460;AT2G34480;AT5G02500;AT2G36160;AT2G47110;AT4G39200;AT5G02960;AT2G01250;AT3G22230;AT1G52300;AT1G26630
gcr_80cGy,gehring_L3_state::2. EMB up proto II,-1.3092191624421157,0.3596672608437314,AT1G04660;AT1G28290;AT1G09200;AT3G60245;AT1G51060;AT5G10400;AT5G22880;AT5G59870;AT3G20670;AT2G18020;AT5G59970;AT2G39460;AT5G56710;AT4G15000;AT2G27710;AT5G60390;AT3G49010;AT1G67430;AT2G47610;AT3G04840;AT1G18540;AT5G65360;AT5G59690;AT3G09200;AT1G02780;AT3G62250;AT4G18100;AT2G34480;AT4G27090
gcr_80cGy,gehring_L3_state::16. PEN dehyd,1.2836542386080567,0.30736012608353036,AT1G52690;AT3G26790;AT3G48300;ATCG00020;AT4G00220;AT1G55810;AT5G07200;AT1G36060;AT1G18100;AT5G49190;AT4G39260;AT1G62310;AT1G33050;AT2G25940;AT5G50090
gcr_80cGy,gehring_L1_tissue::Endosperm,1.28223572153528,0.2948635289060821,AT3G26790;AT1G78520;AT5G52330;AT3G48300;AT4G14140;AT1G55810;AT5G07200;AT1G62310;AT3G54320;AT3G14205;AT1G33050;AT5G50090
gcr_80cGy,gehring_L3_state::3. EMB low proto,-1.2763603444384175,0.4081739750445633,AT5G62850;AT1G04660;AT3G63450;AT5G50740;AT5G23940;AT5G48360;AT3G05600;AT3G60245
gcr_80cGy,gehring_L3_state::15. PEN gen III,1.266052000288719,0.3060170623907904,AT2G20825;AT1G78520;AT4G10640;AT5G17800;AT3G48300;AT5G28640;AT1G55810;AT3G56320;AT5G07200;AT3G54320;AT3G14205;AT1G33050;AT4G19160;AT5G50090;AT5G47020;AT3G16770
gcr_80cGy,germ_cluster::7,-1.2379837252643853,0.4852159605100781,AT5G24314;AT3G21055;AT3G27830;AT1G32990;AT5G40950;AT1G78630;AT1G68590;AT3G56910;AT3G49010;AT5G20720;AT3G25920;AT1G20340;AT5G28750;AT3G56340;AT2G19730;AT3G02790;AT2G24090;AT4G25050;AT4G17390;AT4G18100;AT3G08740;AT4G18730;AT1G15930;AT1G02280;AT2G32180;AT4G24770;AT1G50900;AT1G67090;AT4G16410
gcr_80cGy,gehring_L3_state::6. EMB unknown,-1.2292344217388218,0.4910860236350432,AT1G04660;AT1G28290;AT1G63100;AT5G48360;AT3G60245;AT4G09320;AT5G02870;AT2G18020;AT1G70600;AT4G03210;AT2G27710;AT5G60390;AT1G67430;AT2G37600;AT3G57150;AT2G01008;AT1G56110;AT5G07090;AT4G25630;AT3G06700;AT1G02780;AT1G72370;AT2G34480;AT4G27090;AT5G02500;AT2G16586;AT3G53870;AT4G39200;AT1G48920;AT1G52300;AT3G62870;AT3G09500
gcr_80cGy,germ_cluster::9,1.227987025970051,0.35659180457052797,AT5G40420;AT3G02480
gcr_80cGy,gehring_L3_state::32. oi2 VLCFA synth,-1.198718238812365,0.5496765979118919,AT1G52030;AT4G12870;AT3G08770;AT5G23940;AT3G08860;AT5G57685;AT3G54340;AT1G04220;AT5G59320;AT2G01520;AT2G38540;AT5G45670;AT1G51460;AT3G43720;AT3G16370;AT1G75900;AT3G18490;AT1G35180;AT4G21960;AT4G39330
gcr_80cGy,gehring_L3_state::22. ii1 basal cont PS,-1.1877651551981843,0.5607425164423137,AT5G13930;AT1G52400;AT1G43640;AT3G08770;AT5G39160;AT5G48880;AT3G27200;AT3G59010;AT3G51240;AT1G21440
gcr_80cGy,gehring_L2_celltype::PEN,1.1774245105447887,0.43555555555555553,AT1G78520;AT5G17800;AT5G52330;AT3G48300;AT4G14140;AT1G55810;AT3G56320;AT5G07200;AT1G03470;AT3G54320;AT3G14205;AT3G06355;AT5G50090
gcr_80cGy,gehring_L3_state::34. oi2 s-phase,-1.1721675563682432,0.5814474153297682,AT1G52030;AT1G52400;AT3G08770;AT5G23940;AT2G43530;AT3G54340;AT5G24420;AT5G59320;AT5G67100;AT3G26450;AT1G72970;AT5G51750;AT2G01520;AT2G38540;AT5G45670;AT1G51460
gcr_80cGy,gehring_L2_celltype::CZSC,-1.1602587698610194,0.5936679891898108,AT2G39510;AT1G32450;AT3G21420;AT5G21150;AT3G59010;AT5G47370;AT4G02940;AT2G16990;AT5G54660;AT4G40010;AT4G29100;AT3G54390
gcr_80cGy,gehring_L3_state::17. CPT trans nuc,-1.1438638211741312,0.6176559714795008,AT5G13930;AT1G65060;AT1G43640;AT3G08770;AT5G39160;AT3G20210;AT3G51240;AT1G21440;AT2G22620;AT4G21480;AT1G12200;AT1G34580;AT5G38970;AT2G19110
gcr_80cGy,gehring_L3_state::23. oi1 flav synth,-1.1406443026059137,0.605974180305731,AT5G48100;AT1G04580;AT5G39160;AT4G37050;AT1G20500;AT5G63530;AT2G22620;AT4G01430;AT5G41040;AT1G34580;AT2G36950;AT5G50260;AT2G34660;AT1G73600;AT4G12290;AT1G73290;AT1G49580;AT3G49780;AT2G19570;AT4G25700;AT2G43150;AT4G36610;AT5G15180
gcr_80cGy,gehring_L3_state::15. PEN,1.1337507929010198,0.509692671394799,AT3G26790;ATCG00020;AT4G00220;AT1G55810;AT5G07200;AT1G36060;AT1G18100;AT5G49190;AT5G13790;AT4G39260;AT1G62310;AT1G33050;AT2G25940;AT3G16770;AT3G12020;AT4G27450
gcr_80cGy,gehring_L3_state::8. CZE nod-like,-1.1300909316370105,0.6179469434832756,AT5G09730;AT3G48280;AT3G03260;AT2G39640;AT3G03240;AT5G51105
gcr_80cGy,germ_cluster::3,1.1173407385468788,0.5246230627790912,ATCG00740;ATCG01130;ATCG00810;ATCG00820;ATCG00340;ATCG00180;ATCG00800;ATCG00040;ATCG00780;ATCG00470;ATCG00790;ATCG00170;ATCG00160;ATCG00190
gcr_80cGy,gehring_L3_state::18. CZSC gen,-1.0877818673790154,0.7107919531448943,AT2G44460;AT1G32450;AT4G37050;AT3G08860;AT5G21150;AT3G59010;AT5G47370
gcr_80cGy,gehring_L3_state::9. MCE,-1.0847965585125545,0.7007209348385819,AT5G09730;AT3G11920;AT5G51105;AT1G77510;AT4G24130
gcr_80cGy,gehring_L3_state::12. PEN gen I,-1.0761849263134522,0.7011764705882353,AT2G42110;AT5G50740;AT1G04425;AT2G25060;AT4G31840;AT1G63100;AT1G08560;AT4G33270
gcr_80cGy,gehring_L3_state::33. oi2 gen II,-1.0741139709141472,0.6878619007411577,AT1G52030;AT1G54020;AT1G52400;AT3G08770;AT5G23940
gcr_80cGy,gehring_L3_state::31. oi2 gen I,-1.0576509237067182,0.7127053338818046,AT1G52030;AT1G52400;AT3G08770;AT5G23940;AT2G43530;AT1G20550;AT3G54340;AT5G24420
gcr_80cGy,gehring_L3_state::14. MCE_ESR gen,1.0400614480925836,0.6915602836879433,AT3G26790;AT3G45130;AT3G48300;ATCG00020;AT4G00220;AT1G55810;AT5G07200;AT1G71250;AT1G18100;AT1G23560;AT1G62310;AT1G33050
gcr_80cGy,gehring_L3_state::16. CPT pers nuc,1.0333881899531454,0.6822531996413141,AT1G62333;AT2G27880;AT4G02670;ATMG00090;AT1G31290;AT2G47895;AT2G36420;ATMG00020;AT1G23935;AT3G22240
gcr_80cGy,gehring_L3_state::20. ii1 endothel,-1.0295460920135568,0.769283422459893,AT4G16620;AT2G18360;AT5G59845;AT5G13170;AT1G09380;AT2G37460;AT1G04220;AT3G22400;AT1G08810;AT4G01430;AT3G02310
gcr_80cGy,gehring_L3_state::18. FUN epid,-1.025516607409788,0.7583705056301899,AT1G04580;AT5G59310;AT3G60160;AT5G47370;AT4G02940;AT5G59320;AT1G44800;AT1G80050;AT4G40010;AT2G33380;AT1G71050
gcr_80cGy,gehring_L3_state::8. CZE basal cyst,-1.0249570302638147,0.7411934470758,AT5G13930;AT3G08770;AT5G10230;AT3G20210;AT5G59320;AT3G54560;AT5G40730;AT2G02100;AT5G60390
gcr_80cGy,gehring_L3_state::18. CZSC plac call,-1.018676850301982,0.7390490403349501,AT1G43910;AT3G14780;AT5G47370;AT4G02940;AT3G03770;AT4G23410;AT2G02130;AT5G50790;AT4G34590;AT5G23810;AT4G40010;AT2G28650;AT3G14570;AT1G26450;AT3G47540;AT2G31900;AT1G07640;AT1G73850;AT4G23420;AT5G02230;AT2G02020
gcr_80cGy,gehring_L3_state::19. ii1 basal cont PS,-1.0142300087603997,0.7319656457624372,AT5G48100;AT1G43640;AT5G39160;AT4G37050;AT3G27200;AT3G59010;AT5G54840
gcr_80cGy,gehring_L3_state::5. EMB vasc hypoph,-0.9989401999240314,0.7545098039215686,AT2G03090;AT3G53190;AT1G28290;AT1G63100;AT2G26180;AT1G73590;AT2G38810;AT2G21050;AT1G19850;AT2G27040;AT1G75500;AT5G38560;AT4G02290
gcr_80cGy,gehring_L2_celltype::ii1,0.9847083773184244,0.7785941686367218,AT5G51950;AT1G62333;AT4G09820;AT2G23910;AT2G21430
gcr_80cGy,gehring_L3_state::23. ii1 endothel,0.9823575570494643,0.7596064973690231,AT5G51950;AT1G62333;AT4G09820;AT5G50750;AT2G23910;AT2G21430
gcr_80cGy,gehring_L3_state::20. CZSC plac call,-0.9619619888887326,0.835718825079439,AT5G47920;AT1G32450;AT3G14780;AT5G47370;AT3G03770;AT4G23410;AT2G02130;AT5G62820;AT5G54660;AT4G40010;AT4G29100;AT3G14570;AT3G49220;AT1G26450;AT2G23950;AT1G07640;AT1G73850
gcr_80cGy,gehring_L3_state::14. FUN cc,-0.9605161768554834,0.8217544658095348,AT5G02600;AT5G47370;AT4G02940;AT2G46630;AT4G38740;AT1G31770;AT4G29100;AT2G23950;AT4G19840;AT1G07640;AT5G22090;AT3G16340;AT5G20830;AT1G65480;AT2G22480;AT5G64240;AT1G22710;AT5G20700
gcr_80cGy,gehring_L3_state::1. EMB up proto,-0.9555107425837683,0.8176054664289959,AT5G13930;AT3G08770;AT5G02490;AT3G60245;AT5G59320;AT2G18020;AT1G09690;AT2G27710;AT5G60390;AT5G39740;AT1G69620;AT3G06700;AT3G09200;AT1G23290;AT1G02780;AT3G62250;AT4G31700;AT4G13940;AT5G47210;AT2G34480;AT4G27090;AT5G02500;AT4G39200;AT5G02960;AT2G01250;AT1G52300;AT3G62870;AT1G26630
gcr_80cGy,gehring_L3_state::31. oi2 LTP,-0.9470769064526217,0.8224555276656116,AT5G13930;AT4G12870;AT3G08770;AT5G59845;AT5G62210
gcr_80cGy,gehring_L3_state::13. MCE_ESR high pcd,0.941254416706755,0.8402689125295509,AT1G23510;AT3G26790;AT3G45130;AT2G40670;AT1G55810;AT1G23560;AT4G03510;AT3G52970;AT2G23790;AT1G62310;AT1G26820;AT1G33050
gcr_80cGy,gehring_L3_state::9. CZE nod-like,0.939510610121957,0.8183164983164983,AT2G32550;AT5G52330;AT1G08260;AT4G14140;AT1G79950;AT3G14205;AT3G06355;AT3G42850;AT1G67120;AT5G41260;AT1G76820
gcr_80cGy,gehring_L3_state::13. FUN epid,-0.9327682682412256,0.8396691622103387,AT5G59310;AT5G24770;AT1G29920;AT5G54270;AT1G29930;AT5G24780;AT5G59320;AT2G34420;AT5G38410;AT1G41830;AT4G22570;AT2G21140;AT3G47470;AT4G10340;AT3G43720
gcr_80cGy,germ_state_time::dry_seed,0.9304079594890705,0.8176887776387152,AT2G40170;AT5G64750;AT2G41280;AT4G33467;AT1G64110;AT3G47340;AT4G35770;AT3G16120;AT5G56100;AT5G05320;AT4G36670;AT1G65970
gcr_80cGy,germ_state_time::48hsl,0.9292607344135518,0.7975035460992907,AT3G02480;AT3G22840;AT2G26150
gcr_80cGy,gehring_L3_state::20. CZSC plac phos,-0.9242859980010333,0.8424480095068331,AT2G39510;AT1G32450;AT3G60160;AT5G21150;AT3G59010;AT4G02940;AT2G16990;AT4G40010;AT4G29100;AT3G54390
gcr_80cGy,gehring_L3_state::11. CZE cyst disacc,0.9200419853728966,0.7965878644602048,AT5G59170;AT3G26790;AT1G26680;AT5G07200;AT1G09500;AT1G36060;AT5G13790;AT1G74650;AT5G48180
gcr_80cGy,gehring_L3_state::23. ii1 endothel s-phase,-0.9131709711719849,0.8528314822432469,AT5G13930;AT1G65060;AT1G77520;AT3G08770;AT5G48880
gcr_80cGy,gehring_L3_state::10. CZE nodule,-0.9110362066809471,0.8417179564793328,AT3G03260;AT5G10230;AT1G55550;AT2G20290;AT4G14780;AT5G65890
gcr_80cGy,gehring_L3_state::21. ii1 endothel,-0.9048211121706321,0.8398098633392751,AT5G13930;AT1G65060;AT1G77520;AT3G08770;AT5G48880
gcr_80cGy,gehring_L3_state::24. ii1',0.9034165831198872,0.8126279470960324,AT1G16705;AT1G53100;AT4G16563;AT4G00220;AT3G45970
gcr_80cGy,gehring_L3_state::25. oi2 gen,0.8977202025588139,0.8045340301107379,AT1G62000;AT4G09820;AT2G47750;AT1G23200;AT2G23550;AT5G01100;AT1G77210
gcr_80cGy,gehring_L3_state::7. CZE basal cyst,-0.8932896199972733,0.8491952681899205,AT5G13930;AT1G65060;AT1G77520;AT3G08770;AT5G48880
gcr_80cGy,gehring_L3_state::6. CZE nodule,-0.8843063604805206,0.8546651387827857,AT3G03260;AT5G10230;AT5G51105;AT5G02490;AT4G14780;AT5G40730;AT5G65020;AT5G56010
gcr_80cGy,gehring_L2_celltype::ii1',0.8841715878318712,0.8156270837121902,AT1G16705;AT1G53100;AT4G16563;AT4G00220;AT3G45970
gcr_80cGy,gehring_L3_state::33. oi2 VLCFA synth,-0.8818026677396797,0.8449473058760985,AT5G59310;AT1G51440;AT3G62070;AT5G57685;AT1G04220;AT5G59320;AT4G27830;AT2G01520;AT2G38540;AT5G45670;AT4G16670;AT2G37180;AT3G23820;AT4G21960;AT4G39330;AT3G53420;AT2G32240
gcr_80cGy,gehring_L3_state::17. PEN gen IV,0.8774126383450256,0.8123806146572105,AT5G48720;AT1G78520;AT5G46350;AT1G55810;AT5G07200;AT1G36060
gcr_80cGy,gehring_L2_celltype::oi1,-0.875526517501944,0.8442977441760403,AT4G12870;AT4G00870;AT5G62210;AT4G30110;AT3G21500;AT2G22620;AT1G30530;AT1G34580;AT5G64900;AT4G36360;AT2G37080
gcr_80cGy,gehring_L3_state::21. CZSC plac call,-0.8685020755409487,0.8444750596694766,AT1G76780;AT3G14780;AT5G21150;AT5G47370;AT3G03770;AT4G23410;AT2G02130;AT5G62820;AT5G54660;AT1G61600;AT5G65140;AT4G29100;AT3G14570;AT1G26450;AT1G07640;AT1G73850
gcr_80cGy,gehring_L3_state::26. oi1 flav synth,-0.8680870207885711,0.8316316102198454,AT4G12870;AT4G00870;AT5G62210;AT4G30110;AT3G21500;AT1G24070
gcr_80cGy,gehring_L3_state::12. MCE_ESR shea promo,0.8658212227606988,0.815960329816064,AT1G23510;AT3G26790;AT3G45130;AT5G28640;AT5G07200;AT1G71250;AT1G23560;AT3G52970;AT1G67850;AT1G33050
gcr_80cGy,gehring_L3_state::19. CPT pers nuc,-0.8606668904134646,0.8320107536308115,AT5G13930;AT4G12870;AT3G08770;AT3G59010;AT5G50790;AT5G59320;AT4G22050;AT1G20680;AT1G07590;AT2G38540;AT5G60390
gcr_80cGy,germ_cluster::10,0.8567173240685312,0.8150669818754925,AT3G02480
gcr_80cGy,gehring_L3_state::10. PEN,-0.8535437273975048,0.8328882755448221,AT5G09730;AT5G54270;AT5G51105;AT1G14455;AT2G39730;AT3G55630
gcr_80cGy,gehring_L3_state::32. oi2 gen,0.8269882269559611,0.8554862829182474,AT4G15210;AT4G09820;AT2G23550;AT1G17420;AT4G33180;AT1G71030;AT3G51860;AT5G67620;AT2G01850;AT1G14520;AT3G20470;AT1G05230;AT3G13530;AT5G49360;AT4G21750
gcr_80cGy,gehring_L3_state::11. MCE,-0.8061968669511326,0.906768525592055,AT5G13170;AT4G37050;AT1G09380;AT4G04460;AT4G30110;AT1G01900;AT5G01370;AT1G48930
gcr_80cGy,gehring_L2_celltype::MCE,0.7947927541620378,0.8905931656995486,AT3G26790;AT3G45130;AT3G48300;AT1G55810;AT5G07200;AT1G71250;AT1G23560;AT3G52970;AT1G62310;AT1G33050
gcr_80cGy,gehring_L2_celltype::CPT,-0.7868204817228909,0.924587789661319,AT5G13930;AT3G08770;AT5G39160;AT3G28007;AT3G20210;AT5G02490;AT4G21480;AT4G22050
gcr_80cGy,germ_cluster::2,-0.7773920156512817,0.924649938296997,AT1G76640;AT1G11580;AT3G51240;AT2G35120;AT4G21850;AT2G30860;AT1G74100;AT3G09820;AT3G23810;AT2G36880;AT3G08580;AT4G13930;AT3G02230
gcr_80cGy,gehring_L3_state::30. oi1 flav synth s-phase,0.774034259250609,0.9039579721565537,AT3G27060;AT4G15210;AT1G08260
gcr_80cGy,gehring_L3_state::7. CZE apical cyst,0.7734607363663266,0.8850118203309693,AT3G30842;AT1G76720
gcr_80cGy,gehring_L3_state::27. oi1 basal,0.7561408881221349,0.8890538705296515,AT4G15210;AT1G23200;AT4G32500;AT5G24910;AT5G45650;AT2G23790;ATMG00020;AT1G05490;AT1G16750;AT4G25640
gcr_80cGy,gehring_L3_state::25. ii2 gen,-0.7491854376618702,0.9356362572165909,AT1G43640;AT3G60160;AT3G20210;AT5G08260;AT2G22620
gcr_80cGy,gehring_L2_celltype::ii2,-0.7491854376618702,0.9356362572165909,AT1G43640;AT3G60160;AT3G20210;AT5G08260;AT2G22620
gcr_80cGy,gehring_L3_state::16. PEN s-phase,-0.7418902929478475,0.9303344867358707,AT1G69770;AT2G38810;AT5G61000;AT5G49160;AT1G75150;AT5G67100;AT1G51060;AT2G46980;AT5G59870;AT3G20670;AT3G54560;AT1G54690;AT3G51740;AT1G20720;AT1G04020;AT2G02100;AT1G11070;AT4G00020;AT5G43080
gcr_80cGy,germ_cluster::12,0.7220307783208882,0.9096276595744681,AT3G02480;AT2G26150;AT5G10695;AT3G03341
gcr_80cGy,gehring_L3_state::28. oi1 flav synth high PCD,0.6876851394055203,0.9252009456264776,AT4G15210;AT1G23200;AT4G32500;AT5G24910;AT5G45650;AT1G73540;AT2G23790;AT1G05490;AT4G25640
gcr_80cGy,gehring_L1_tissue::Ovule,-0.6607632920311837,0.9803499786598378,AT4G00870;AT2G18550;AT5G47370;AT4G14930;AT4G30960;AT2G33380;AT5G50260;AT1G12010;AT2G22970;AT5G10770;AT4G34230;AT5G02230;AT3G14067;AT2G33150;AT2G31560;AT2G22470;AT2G38800;AT1G47128;AT1G26560;AT1G58360
gcr_80cGy,gehring_L3_state::15. OVL senes,-0.6607632920311837,0.9803499786598378,AT4G00870;AT2G18550;AT5G47370;AT4G14930;AT4G30960;AT2G33380;AT5G50260;AT1G12010;AT2G22970;AT5G10770;AT4G34230;AT5G02230;AT3G14067;AT2G33150;AT2G31560;AT2G22470;AT2G38800;AT1G47128;AT1G26560;AT1G58360
gcr_80cGy,gehring_L2_celltype::OVL,-0.6607632920311837,0.9803499786598378,AT4G00870;AT2G18550;AT5G47370;AT4G14930;AT4G30960;AT2G33380;AT5G50260;AT1G12010;AT2G22970;AT5G10770;AT4G34230;AT5G02230;AT3G14067;AT2G33150;AT2G31560;AT2G22470;AT2G38800;AT1G47128;AT1G26560;AT1G58360
gcr_80cGy,gehring_L2_celltype::oi2,-0.6549242915239821,0.9706912259853436,AT3G08770;AT5G23940;AT3G54340;AT5G24420;AT1G04220;AT5G59320;AT2G42830;AT1G72970;AT5G51750;AT2G01520;AT2G38540;AT5G45670;AT1G51460;AT3G16370;AT1G75900;AT3G23820;AT3G18490;AT4G39330
gcr_80cGy,germ_cluster::5,-0.599145908063877,0.9886181720508875,AT2G40205;AT3G24080;AT3G06680;AT3G44750;AT4G09320;AT3G16080;AT4G10450;AT1G57660;AT3G49010;AT4G12600;AT3G59540;AT1G27400;AT3G57150;AT1G56110;AT1G69530;AT5G27120;AT5G60670;AT4G25630;AT3G56070;AT4G33865;AT4G17390;AT5G09510;AT2G23350;AT5G25460;AT2G36170;AT5G03850;AT3G22230;AT1G48920
gcr_80cGy,gehring_L3_state::4. EMB cort init,-0.5528707874468385,0.9888770053475936,AT1G02800;AT1G28290;AT5G48360;AT3G60245;AT1G57820;AT3G13960;AT3G49010;AT2G34710;AT1G70710;AT3G05590;AT1G56110;AT3G04840;AT1G18540;AT2G45190;AT4G22010;AT1G02780;AT1G72370;AT5G47210
