AGI,dir,tp
AT1G26380,up,10 min
AT1G26410,up,10 min
AT1G47540,up,10 min
AT2G05580,up,10 min
AT2G23240,up,10 min
AT1G14930,up,10 min
AT2G15010,up,10 min
AT5G45690,up,10 min
AT2G13660,up,10 min
AT2G32210,up,10 min
AT4G28405,up,10 min
AT5G08505,down,10 min
AT3G50320,down,10 min
AT1G77815,down,10 min
AT5G36662,down,10 min
AT1G72820,down,10 min
AT2G06960,down,10 min
AT1G50780,down,10 min
AT5G38120,down,10 min
AT5G17730,down,10 min
AT3G28520,down,10 min
AT5G17740,down,10 min
AT5G17750,down,10 min
AT5G60740,down,10 min
AT4G27420,down,10 min
AT5G25320,down,10 min
AT1G76290,down,10 min
AT4G03170,down,10 min
AT3G31900,down,10 min
AT3G32400,down,10 min
AT5G20310,down,10 min
AT1G59453,down,10 min
AT3G21880,down,10 min
AT4G10240,down,10 min
AT1G10455,down,10 min
AT4G05370,down,10 min
AT4G01160,down,10 min
AT5G44760,down,10 min
AT5G05120,down,10 min
AT5G60470,down,10 min
AT3G01030,down,10 min
AT5G54360,down,10 min
AT2G15740,down,10 min
AT5G15480,down,10 min
AT2G12880,down,10 min
AT1G04500,down,10 min
AT4G10660,down,10 min
AT3G10116,down,10 min
AT2G01800,down,10 min
AT4G00580,down,10 min
AT3G26140,down,10 min
AT1G68420,down,10 min
AT2G15780,down,10 min
AT2G01780,down,10 min
AT1G44478,down,10 min
AT3G23480,down,10 min
AT5G26130,down,10 min
AT3G25850,down,10 min
AT2G21810,down,10 min
AT3G05300,down,10 min
AT1G32720,down,10 min
AT5G51900,down,10 min
AT3G61035,down,10 min
AT5G48750,down,10 min
AT1G32300,down,10 min
AT3G53050,down,10 min
AT3G52350,down,10 min
AT3G16680,down,10 min
AT4G21895,down,10 min
AT2G05635,down,10 min
AT3G32330,down,10 min
AT1G66420,down,10 min
AT4G00232,down,10 min
AT2G20613,down,10 min
AT5G41765,down,10 min
AT1G61700,down,10 min
AT1G40390,down,10 min
AT4G35280,down,10 min
AT4G35700,down,10 min
AT3G45450,down,10 min
AT5G62800,down,10 min
AT5G37870,down,10 min
AT3G03272,down,10 min
AT5G65370,down,10 min
AT3G57250,down,10 min
AT2G29040,down,10 min
AT2G07140,down,10 min
AT1G20735,down,10 min
AT1G12190,down,10 min
AT1G33020,down,10 min
AT3G16820,down,10 min
AT3G17480,down,10 min
AT3G21170,down,10 min
AT3G22720,down,10 min
AT3G24700,down,10 min
AT4G04690,down,10 min
AT3G17500,down,10 min
AT1G47350,down,10 min
AT1G59630,down,10 min
AT1G71290,down,10 min
AT3G06280,down,10 min
AT3G47130,down,10 min
AT3G47140,down,10 min
AT3G49440,down,10 min
AT3G52330,down,10 min
AT5G43550,down,10 min
AT5G44345,down,10 min
AT3G03405,down,10 min
AT5G41490,down,10 min
AT3G10990,down,10 min
AT1G31090,down,10 min
AT3G28410,down,10 min
AT5G38570,down,10 min
AT1G20800,down,10 min
AT1G27550,down,10 min
AT1G31080,down,10 min
AT1G20360,down,10 min
AT1G32020,down,10 min
AT1G46984,down,10 min
AT1G47810,down,10 min
AT1G66490,down,10 min
AT1G67130,down,10 min
AT3G17400,down,10 min
AT3G19880,down,10 min
AT3G19890,down,10 min
AT3G20690,down,10 min
AT3G23950,down,10 min
AT3G23970,down,10 min
AT3G49450,down,10 min
AT3G49510,down,10 min
AT3G60790,down,10 min
AT3G62230,down,10 min
AT5G39460,down,10 min
AT2G05970,down,10 min
AT2G15640,down,10 min
AT2G26850,down,10 min
AT2G34280,down,10 min
AT2G42730,down,10 min
AT1G47915,down,10 min
AT2G35280,down,10 min
AT1G53815,down,10 min
AT5G22670,down,10 min
AT5G44960,down,10 min
AT4G33290,down,10 min
AT4G39753,down,10 min
AT5G39560,down,10 min
AT5G51250,down,10 min
AT1G11770,down,10 min
AT1G34575,down,10 min
AT5G40750,down,10 min
AT5G56800,down,10 min
AT5G11370,down,10 min
AT5G56325,down,10 min
AT5G56560,down,10 min
AT5G56400,down,10 min
AT5G56430,down,10 min
AT5G56440,down,10 min
AT5G53592,down,10 min
AT1G06500,down,10 min
AT1G61440,down,10 min
AT1G42190,down,10 min
AT5G03590,down,10 min
AT5G03980,down,10 min
AT2G19010,down,10 min
AT3G23860,down,10 min
AT3G20980,down,10 min
AT1G19460,down,10 min
AT1G65210,down,10 min
AT4G12960,down,10 min
AT1G35150,down,10 min
AT1G42710,down,10 min
AT3G29450,down,10 min
AT1G27710,down,10 min
AT4G33840,down,10 min
AT4G19800,down,10 min
AT3G29690,down,10 min
AT3G47170,down,10 min
AT4G29250,down,10 min
AT1G29780,down,10 min
AT3G45470,down,10 min
AT2G21420,down,10 min
AT2G36260,down,10 min
AT2G39030,down,10 min
AT5G49750,down,10 min
AT3G46350,down,10 min
AT1G57550,down,10 min
AT5G40070,down,10 min
AT5G46320,down,10 min
AT5G51860,down,10 min
AT1G48150,down,10 min
AT1G72350,down,10 min
AT4G00350,down,10 min
AT4G32700,down,10 min
AT2G21480,down,10 min
AT2G43730,down,10 min
AT3G44800,down,10 min
AT2G44175,down,10 min
AT3G60060,down,10 min
AT4G27190,down,10 min
AT4G27220,down,10 min
AT2G44070,down,10 min
AT1G60240,down,10 min
AT3G20760,down,10 min
AT3G45760,down,10 min
AT3G24330,down,10 min
AT1G11990,down,10 min
AT3G23770,down,10 min
AT2G33845,down,10 min
AT1G33900,down,10 min
AT1G65780,down,10 min
AT3G29800,down,10 min
AT4G08190,down,10 min
AT2G30630,down,10 min
AT3G51690,down,10 min
AT1G68630,down,10 min
AT4G40100,down,10 min
AT1G11470,down,10 min
AT2G41390,down,10 min
AT5G38250,down,10 min
AT5G12000,down,10 min
AT1G20750,down,10 min
AT1G53820,down,10 min
AT3G42830,down,10 min
AT1G18780,down,10 min
AT1G21960,down,10 min
AT3G13228,down,10 min
AT3G14970,down,10 min
AT4G18110,down,10 min
AT5G41430,down,10 min
AT5G53910,down,10 min
AT2G03000,down,10 min
AT2G15260,down,10 min
AT3G43750,down,10 min
AT3G45580,down,10 min
AT2G25370,down,10 min
AT5G07225,down,10 min
AT3G52980,down,10 min
AT1G45100,down,10 min
AT1G60830,down,10 min
AT5G03580,down,10 min
AT5G05720,down,10 min
AT5G53680,down,10 min
AT5G53720,down,10 min
AT5G59860,down,10 min
AT3G48840,down,10 min
AT3G10845,down,10 min
AT4G10613,down,10 min
AT4G04650,down,10 min
AT1G47920,down,10 min
AT1G66640,down,10 min
AT3G58890,down,10 min
AT3G59180,down,10 min
AT1G27870,down,10 min
AT3G09510,down,10 min
AT1G18790,down,10 min
AT5G66990,down,10 min
AT3G22020,down,10 min
AT1G51900,down,10 min
AT3G15490,down,10 min
AT2G14830,down,10 min
AT5G39770,down,10 min
AT4G20220,down,10 min
AT3G04200,down,10 min
AT5G38960,down,10 min
AT1G66720,down,10 min
AT1G68040,down,10 min
AT3G23460,down,10 min
AT4G19340,down,10 min
AT5G03600,down,10 min
AT4G39020,down,10 min
AT4G26920,down,10 min
AT1G20240,down,10 min
AT1G63280,down,10 min
AT3G46840,down,10 min
AT4G21630,down,10 min
AT5G11940,down,10 min
AT1G66220,down,10 min
AT1G32980,down,10 min
AT5G45640,down,10 min
AT4G09070,down,10 min
AT5G39230,down,10 min
AT4G09430,down,10 min
AT4G11340,down,10 min
AT5G17970,down,10 min
AT5G45230,down,10 min
AT1G69650,down,10 min
AT3G58360,down,10 min
AT3G58410,down,10 min
AT2G15710,down,10 min
AT3G44805,down,10 min
AT2G06541,down,10 min
AT1G66960,down,10 min
AT1G52900,down,10 min
AT1G57850,down,10 min
AT2G03300,down,10 min
AT1G09665,down,10 min
AT4G19910,down,10 min
AT3G01010,down,10 min
AT4G08430,down,10 min
AT5G45570,down,10 min
AT1G80990,down,10 min
AT2G04750,down,10 min
AT2G07020,down,10 min
AT5G02730,down,10 min
AT1G47780,down,10 min
AT1G52460,down,10 min
AT5G47350,down,10 min
AT2G24320,down,10 min
AT4G03450,down,10 min
AT5G35830,down,10 min
AT5G50140,down,10 min
AT5G54620,down,10 min
AT1G64830,down,10 min
AT1G69100,down,10 min
AT3G30770,down,10 min
AT3G42550,down,10 min
AT4G12920,down,10 min
AT4G30030,down,10 min
AT5G45120,down,10 min
AT4G04985,down,10 min
AT1G31450,down,10 min
AT1G33880,down,10 min
AT2G31215,down,10 min
AT2G15170,down,10 min
AT4G32090,down,10 min
AT4G32100,down,10 min
AT4G32110,down,10 min
AT2G39060,down,10 min
AT4G08530,down,10 min
AT5G56480,down,10 min
AT3G22580,down,10 min
AT5G38170,down,10 min
AT5G52160,down,10 min
AT2G14846,down,10 min
AT4G23120,down,10 min
AT4G15755,down,10 min
AT1G48590,down,10 min
AT1G23240,down,10 min
AT3G54570,down,10 min
AT5G53600,down,10 min
AT2G04910,down,10 min
AT5G62780,down,10 min
AT1G18130,down,10 min
AT5G27800,down,10 min
AT1G07850,down,10 min
AT4G12270,down,10 min
AT5G52700,down,10 min
AT5G52770,down,10 min
AT5G39370,down,10 min
AT1G63205,down,10 min
AT4G03565,down,10 min
AT1G03720,down,10 min
AT3G21970,down,10 min
AT1G45243,down,10 min
AT4G29620,down,10 min
AT2G34120,down,10 min
AT1G58265,down,10 min
AT2G20465,down,10 min
AT1G61688,down,10 min
AT1G56553,down,10 min
AT5G04045,down,10 min
AT5G55565,down,10 min
AT3G16895,down,10 min
AT5G60500,down,10 min
AT1G65450,down,10 min
AT3G10595,down,10 min
AT1G35550,down,10 min
AT3G09990,down,10 min
AT1G74290,down,10 min
AT3G23220,down,10 min
AT5G67000,down,10 min
AT3G50090,down,10 min
AT5G11130,down,10 min
AT5G39130,down,10 min
AT3G04170,down,10 min
AT2G30810,down,10 min
AT2G39540,down,10 min
AT3G11920,down,10 min
AT2G46190,down,10 min
AT5G44830,down,10 min
AT5G44840,down,10 min
AT2G15460,down,10 min
AT1G77780,down,10 min
AT3G55780,down,10 min
AT4G19730,down,10 min
AT5G20560,down,10 min
AT2G39640,down,10 min
AT3G18180,down,10 min
AT3G57620,down,10 min
AT2G06500,down,10 min
AT5G31412,down,10 min
AT5G33406,down,10 min
AT1G43260,down,10 min
AT5G54210,down,10 min
AT2G04930,down,10 min
AT1G20320,down,10 min
AT3G21490,down,10 min
AT4G23882,down,10 min
AT1G57780,down,10 min
AT2G28090,down,10 min
AT5G13130,down,10 min
AT1G77660,down,10 min
AT1G43330,down,10 min
AT3G10580,down,10 min
AT3G19070,down,10 min
AT4G04580,down,10 min
AT3G10585,down,10 min
AT5G23650,down,10 min
AT5G26070,down,10 min
AT4G39745,down,10 min
AT1G19025,down,10 min
AT4G23110,down,10 min
AT4G15750,down,10 min
AT1G52110,down,10 min
AT4G19250,down,10 min
AT4G19260,down,10 min
AT4G11745,down,10 min
AT1G72290,down,10 min
AT4G20790,down,10 min
AT5G39390,down,10 min
AT1G53420,down,10 min
AT2G19230,down,10 min
AT3G52690,down,10 min
AT5G24180,down,10 min
AT5G24220,down,10 min
AT4G38120,down,10 min
AT3G28450,down,10 min
AT3G10890,down,10 min
AT5G46000,down,10 min
AT1G45403,down,10 min
AT5G14290,down,10 min
AT5G47290,down,10 min
AT2G06020,down,10 min
AT1G32010,down,10 min
AT1G36100,down,10 min
AT4G03620,down,10 min
AT3G04410,down,10 min
AT5G07050,down,10 min
AT1G25270,down,10 min
AT3G07250,down,10 min
AT2G06904,down,10 min
AT4G06479,down,10 min
AT1G36510,down,10 min
AT5G25400,down,10 min
AT5G49920,down,10 min
AT3G47190,down,10 min
AT4G35820,down,10 min
AT1G23810,down,10 min
AT1G27220,down,10 min
AT1G27240,down,10 min
AT1G27260,down,10 min
AT1G27270,down,10 min
AT1G60410,down,10 min
AT5G63740,down,10 min
AT1G17150,down,10 min
AT1G43080,down,10 min
AT1G43090,down,10 min
AT1G28000,down,10 min
AT1G28020,down,10 min
AT1G47940,down,10 min
AT1G63070,down,10 min
AT3G11380,down,10 min
AT5G28420,down,10 min
AT5G05050,down,10 min
AT3G50990,down,10 min
AT1G24110,down,10 min
AT2G03250,down,10 min
AT1G27570,down,10 min
AT1G51040,down,10 min
AT3G60420,down,10 min
AT4G29460,down,10 min
AT1G13680,down,10 min
AT1G30925,down,10 min
AT3G58300,down,10 min
AT3G58330,down,10 min
AT3G58280,down,10 min
AT1G48010,down,10 min
AT1G54980,down,10 min
AT3G62180,down,10 min
AT5G46930,down,10 min
AT5G46980,down,10 min
AT5G46990,down,10 min
AT5G50050,down,10 min
AT2G15345,down,10 min
AT1G50340,down,10 min
AT3G17140,down,10 min
AT1G51230,down,10 min
AT1G09245,down,10 min
AT1G26797,down,10 min
AT1G58242,down,10 min
AT1G40087,down,10 min
AT5G05020,down,10 min
AT2G15470,down,10 min
AT3G12430,down,10 min
AT3G23320,down,10 min
AT5G33330,down,10 min
AT5G38920,down,10 min
AT5G61090,down,10 min
AT2G46460,down,10 min
AT4G13885,down,10 min
AT4G22060,down,10 min
AT2G35615,down,10 min
AT5G20690,down,10 min
AT1G30350,down,10 min
AT3G06830,down,10 min
AT1G31250,down,10 min
AT5G44265,down,10 min
AT2G17180,down,10 min
AT2G22040,down,10 min
AT1G59690,down,10 min
AT3G06630,down,10 min
AT3G45920,down,10 min
AT3G46410,down,10 min
AT5G27790,down,10 min
AT5G60090,down,10 min
AT1G23700,down,10 min
AT2G40500,down,10 min
AT3G01085,down,10 min
AT3G23650,down,10 min
AT3G45790,down,10 min
AT1G17545,down,10 min
AT2G13720,down,10 min
AT2G04920,down,10 min
AT1G32420,down,10 min
AT1G32660,down,10 min
AT1G33010,down,10 min
AT1G47390,down,10 min
AT1G47730,down,10 min
AT1G50880,down,10 min
AT1G55070,down,10 min
AT1G67390,down,10 min
AT1G70960,down,10 min
AT1G77650,down,10 min
AT3G17620,down,10 min
AT3G19560,down,10 min
AT3G22710,down,10 min
AT3G22940,down,10 min
AT3G23960,down,10 min
AT3G44060,down,10 min
AT3G58910,down,10 min
AT4G09190,down,10 min
AT4G17565,down,10 min
AT4G21240,down,10 min
AT4G22165,down,10 min
AT4G22180,down,10 min
AT4G29970,down,10 min
AT5G39470,down,10 min
AT5G40050,down,10 min
AT5G41500,down,10 min
AT5G44970,down,10 min
AT5G47300,down,10 min
AT5G52610,down,10 min
AT5G52620,down,10 min
AT5G62060,down,10 min
AT5G62660,down,10 min
AT2G02890,down,10 min
AT2G16220,down,10 min
AT2G16290,down,10 min
AT2G16450,down,10 min
AT2G26160,down,10 min
AT2G33190,down,10 min
AT5G16285,down,10 min
AT1G22000,down,10 min
AT4G26350,down,10 min
AT5G62970,down,10 min
AT3G59160,down,10 min
AT3G59170,down,10 min
AT4G13960,down,10 min
AT1G12170,down,10 min
AT1G62270,down,10 min
AT3G17570,down,10 min
AT3G19410,down,10 min
AT3G43710,down,10 min
AT4G22430,down,10 min
AT4G39290,down,10 min
AT4G39760,down,10 min
AT5G02980,down,10 min
AT5G38680,down,10 min
AT2G29800,down,10 min
AT1G50980,down,10 min
AT5G56390,down,10 min
AT1G70110,down,10 min
AT5G53040,down,10 min
AT3G12000,down,10 min
AT5G18330,down,10 min
AT3G45990,down,10 min
AT2G13150,down,10 min
AT1G33220,down,10 min
AT5G20390,down,10 min
AT3G03400,down,10 min
AT2G37910,down,10 min
AT2G22160,down,10 min
AT3G22010,down,10 min
AT4G20680,down,10 min
AT1G32710,down,10 min
AT3G24513,down,10 min
AT5G56369,down,10 min
AT5G46877,down,10 min
AT5G66890,down,10 min
AT3G13280,down,10 min
AT5G67010,down,10 min
AT3G04150,down,10 min
AT1G29870,down,10 min
AT2G10550,down,10 min
AT5G50040,down,10 min
AT2G14440,down,10 min
AT1G72460,down,10 min
AT4G30770,down,10 min
AT4G10440,down,10 min
AT3G43660,down,10 min
AT1G50050,down,10 min
AT5G15110,down,10 min
AT2G36700,down,10 min
AT3G24130,down,10 min
AT5G07420,down,10 min
AT5G18990,down,10 min
AT2G47280,down,10 min
AT3G42560,down,10 min
AT3G25280,down,10 min
AT4G11730,down,10 min
AT5G48140,down,10 min
AT3G18810,down,10 min
AT1G76370,down,10 min
AT2G16620,down,10 min
AT2G40560,down,10 min
AT2G41920,down,10 min
AT2G30730,down,10 min
AT2G40580,down,10 min
AT1G01450,down,10 min
AT5G48700,down,10 min
AT5G55855,down,10 min
AT4G18330,down,10 min
AT4G04402,down,10 min
AT1G56040,down,10 min
AT4G14225,down,10 min
AT1G29570,down,10 min
AT4G15250,down,10 min
AT3G22030,down,10 min
AT4G11890,down,10 min
AT3G21960,down,10 min
AT3G29050,down,10 min
AT3G23270,down,10 min
AT3G58390,down,10 min
AT2G01240,down,10 min
AT4G29090,down,10 min
AT3G26860,down,10 min
AT3G54925,down,10 min
AT3G17080,down,10 min
AT3G24060,down,10 min
AT3G26870,down,10 min
AT3G26880,down,10 min
AT3G27680,down,10 min
AT5G26060,down,10 min
AT5G38440,down,10 min
AT1G26795,down,10 min
AT1G26799,down,10 min
AT2G24340,down,10 min
AT3G13227,down,10 min
AT5G44630,down,10 min
AT3G29260,down,10 min
AT3G22040,down,10 min
AT4G21260,down,10 min
AT2G37140,down,10 min
AT3G14490,down,10 min
AT5G44330,down,10 min
AT5G43120,down,10 min
AT2G33090,down,10 min
AT5G27310,down,10 min
AT2G27780,down,10 min
AT4G38070,down,10 min
AT4G00870,down,10 min
AT1G30670,down,10 min
AT4G20810,down,10 min
AT4G10680,down,10 min
AT4G21010,down,10 min
AT4G31690,down,10 min
AT5G27945,down,10 min
AT2G31690,down,10 min
AT5G28237,down,10 min
AT1G65140,down,10 min
AT1G65170,down,10 min
AT2G27650,down,10 min
AT4G03350,down,10 min
AT4G05230,down,10 min
AT4G05240,down,10 min
AT4G05250,down,10 min
AT4G05270,down,10 min
AT5G11080,down,10 min
AT2G32360,down,10 min
AT5G25340,down,10 min
AT4G22420,down,10 min
AT1G23590,down,10 min
AT3G49270,down,10 min
AT1G48953,down,10 min
AT1G61353,down,10 min
AT2G11851,down,10 min
AT2G43255,down,10 min
AT3G62097,down,10 min
AT4G17590,down,10 min
AT4G18320,down,10 min
AT1G05550,down,10 min
AT2G20970,down,10 min
AT1G51020,down,10 min
AT1G68960,down,10 min
AT3G18900,down,10 min
AT1G07680,down,10 min
AT1G10100,down,10 min
AT1G20400,down,10 min
AT1G21950,down,10 min
AT1G23270,down,10 min
AT1G23520,down,10 min
AT1G23570,down,10 min
AT1G23580,down,10 min
AT1G23610,down,10 min
AT1G23690,down,10 min
AT1G24380,down,10 min
AT1G24822,down,10 min
AT1G26350,down,10 min
AT1G26710,down,10 min
AT1G27860,down,10 min
AT1G29480,down,10 min
AT1G29580,down,10 min
AT1G31270,down,10 min
AT1G31620,down,10 min
AT1G31960,down,10 min
AT1G32650,down,10 min
AT1G34400,down,10 min
AT1G35400,down,10 min
AT1G35820,down,10 min
AT1G35900,down,10 min
AT1G36580,down,10 min
AT1G42700,down,10 min
AT1G43320,down,10 min
AT1G43680,down,10 min
AT1G43720,down,10 min
AT1G44674,down,10 min
AT1G46336,down,10 min
AT1G47280,down,10 min
AT1G47485,down,10 min
AT1G48095,down,10 min
AT1G49800,down,10 min
AT1G50160,down,10 min
AT1G50220,down,10 min
AT1G51000,down,10 min
AT1G51970,down,10 min
AT1G53640,down,10 min
AT1G54880,down,10 min
AT1G54950,down,10 min
AT1G55220,down,10 min
AT1G57906,down,10 min
AT1G62070,down,10 min
AT1G62080,down,10 min
AT1G62220,down,10 min
AT1G62920,down,10 min
AT1G64870,down,10 min
AT1G65740,down,10 min
AT1G69470,down,10 min
AT1G70120,down,10 min
AT1G72080,down,10 min
AT1G74220,down,10 min
AT1G77960,down,10 min
AT3G01230,down,10 min
AT3G01240,down,10 min
AT3G01250,down,10 min
AT3G01880,down,10 min
AT3G04270,down,10 min
AT3G06090,down,10 min
AT3G07710,down,10 min
AT3G09110,down,10 min
AT3G09450,down,10 min
AT3G12840,down,10 min
AT3G13630,down,10 min
AT3G15910,down,10 min
AT3G23040,down,10 min
AT3G23850,down,10 min
AT3G26390,down,10 min
AT3G27590,down,10 min
AT3G27800,down,10 min
AT3G28120,down,10 min
AT3G28190,down,10 min
AT3G28260,down,10 min
AT3G28780,down,10 min
AT3G28810,down,10 min
AT3G28870,down,10 min
AT3G28980,down,10 min
AT3G29791,down,10 min
AT3G30220,down,10 min
AT3G31350,down,10 min
AT3G31400,down,10 min
AT3G32050,down,10 min
AT3G32100,down,10 min
AT3G32120,down,10 min
AT3G32180,down,10 min
AT3G32200,down,10 min
AT3G32960,down,10 min
AT3G42310,down,10 min
AT3G42380,down,10 min
AT3G42870,down,10 min
AT3G42940,down,10 min
AT3G42970,down,10 min
AT3G42990,down,10 min
AT3G43250,down,10 min
AT3G43260,down,10 min
AT3G43290,down,10 min
AT3G45800,down,10 min
AT3G45820,down,10 min
AT3G45910,down,10 min
AT3G46240,down,10 min
AT3G46310,down,10 min
AT3G47920,down,10 min
AT3G48220,down,10 min
AT3G49305,down,10 min
AT3G55570,down,10 min
AT3G56180,down,10 min
AT3G56670,down,10 min
AT3G57850,down,10 min
AT3G57900,down,10 min
AT3G59460,down,10 min
AT3G60560,down,10 min
AT3G60920,down,10 min
AT3G62350,down,10 min
AT3G62640,down,10 min
AT4G02000,down,10 min
AT4G02910,down,10 min
AT4G03380,down,10 min
AT4G03580,down,10 min
AT4G03740,down,10 min
AT4G04730,down,10 min
AT4G08630,down,10 min
AT4G09850,down,10 min
AT4G09860,down,10 min
AT4G10220,down,10 min
AT4G10880,down,10 min
AT4G12220,down,10 min
AT4G12930,down,10 min
AT4G13261,down,10 min
AT4G14260,down,10 min
AT4G15050,down,10 min
AT4G15060,down,10 min
AT4G15650,down,10 min
AT4G16090,down,10 min
AT4G18000,down,10 min
AT4G18850,down,10 min
AT4G19095,down,10 min
AT4G19240,down,10 min
AT4G19620,down,10 min
AT4G20530,down,10 min
AT4G20670,down,10 min
AT4G22400,down,10 min
AT4G23080,down,10 min
AT4G23370,down,10 min
AT4G23380,down,10 min
AT4G24030,down,10 min
AT4G24410,down,10 min
AT4G25510,down,10 min
AT4G26040,down,10 min
AT4G28870,down,10 min
AT4G30970,down,10 min
AT4G33600,down,10 min
AT4G34690,down,10 min
AT4G35210,down,10 min
AT4G35680,down,10 min
AT4G36170,down,10 min
AT5G01130,down,10 min
AT5G01140,down,10 min
AT5G01440,down,10 min
AT5G03400,down,10 min
AT5G03750,down,10 min
AT5G05030,down,10 min
AT5G06010,down,10 min
AT5G11660,down,10 min
AT5G16090,down,10 min
AT5G17180,down,10 min
AT5G19270,down,10 min
AT5G23180,down,10 min
AT5G25000,down,10 min
AT5G25200,down,10 min
AT5G25600,down,10 min
AT5G25960,down,10 min
AT5G26840,down,10 min
AT5G27340,down,10 min
AT5G28070,down,10 min
AT5G28090,down,10 min
AT5G28190,down,10 min
AT5G28410,down,10 min
AT5G28550,down,10 min
AT5G28730,down,10 min
AT5G28810,down,10 min
AT5G28950,down,10 min
AT5G29070,down,10 min
AT5G34885,down,10 min
AT5G35090,down,10 min
AT5G35230,down,10 min
AT5G35540,down,10 min
AT5G36080,down,10 min
AT5G36190,down,10 min
AT5G36770,down,10 min
AT5G36980,down,10 min
AT5G37320,down,10 min
AT5G37520,down,10 min
AT5G38190,down,10 min
AT5G38370,down,10 min
AT5G38400,down,10 min
AT5G39010,down,10 min
AT5G39170,down,10 min
AT5G39200,down,10 min
AT5G39430,down,10 min
AT5G39870,down,10 min
AT5G41530,down,10 min
AT5G41720,down,10 min
AT5G42955,down,10 min
AT5G43390,down,10 min
AT5G46300,down,10 min
AT5G46380,down,10 min
AT5G46810,down,10 min
AT5G48860,down,10 min
AT5G49260,down,10 min
AT5G50540,down,10 min
AT5G50880,down,10 min
AT5G50910,down,10 min
AT5G51650,down,10 min
AT5G52130,down,10 min
AT5G53410,down,10 min
AT5G53690,down,10 min
AT5G53780,down,10 min
AT5G54330,down,10 min
AT5G54420,down,10 min
AT5G55010,down,10 min
AT5G55870,down,10 min
AT5G56060,down,10 min
AT5G56070,down,10 min
AT5G57730,down,10 min
AT5G60000,down,10 min
AT5G61605,down,10 min
AT5G61710,down,10 min
AT5G66340,down,10 min
AT2G02440,down,10 min
AT2G04870,down,10 min
AT2G05360,down,10 min
AT2G06420,down,10 min
AT2G06645,down,10 min
AT2G07190,down,10 min
AT2G07280,down,10 min
AT2G07310,down,10 min
AT2G07691,down,10 min
AT2G07692,down,10 min
AT2G09970,down,10 min
AT2G10560,down,10 min
AT2G11570,down,10 min
AT2G13500,down,10 min
AT2G13510,down,10 min
AT2G14390,down,10 min
AT2G14700,down,10 min
AT2G14810,down,10 min
AT2G15360,down,10 min
AT2G15610,down,10 min
AT2G17960,down,10 min
AT2G18810,down,10 min
AT2G18830,down,10 min
AT2G18920,down,10 min
AT2G18930,down,10 min
AT2G19420,down,10 min
AT2G20150,down,10 min
AT2G20625,down,10 min
AT2G22320,down,10 min
AT2G22340,down,10 min
AT2G22520,down,10 min
AT2G23040,down,10 min
AT2G24080,down,10 min
AT2G24255,down,10 min
AT2G24780,down,10 min
AT2G25565,down,10 min
AT2G27320,down,10 min
AT2G29880,down,10 min
AT2G30380,down,10 min
AT2G30690,down,10 min
AT2G31035,down,10 min
AT2G33420,down,10 min
AT2G34270,down,10 min
AT2G34800,down,10 min
AT2G36550,down,10 min
AT2G39160,down,10 min
AT2G39520,down,10 min
AT2G40955,down,10 min
AT2G41590,down,10 min
AT2G47660,down,10 min
AT2G02795,down,10 min
AT2G02835,down,10 min
AT2G04037,down,10 min
AT2G05752,down,10 min
AT2G06906,down,10 min
AT2G07215,down,10 min
AT2G10602,down,10 min
AT2G10975,down,10 min
AT2G11405,down,10 min
AT2G11462,down,10 min
AT2G12875,down,10 min
AT2G12935,down,10 min
AT2G13125,down,10 min
AT2G17305,down,10 min
AT5G13825,down,10 min
AT5G22180,down,10 min
AT5G22190,down,10 min
AT5G24355,down,10 min
AT5G26617,down,10 min
AT5G28463,down,10 min
AT5G28820,down,10 min
AT5G28823,down,10 min
AT5G28885,down,10 min
AT5G30341,down,10 min
AT5G33898,down,10 min
AT5G34881,down,10 min
AT5G34883,down,10 min
AT5G35604,down,10 min
AT5G35945,down,10 min
AT5G42957,down,10 min
AT5G53905,down,10 min
AT4G01245,down,10 min
AT4G01535,down,10 min
AT4G07675,down,10 min
AT4G08025,down,10 min
AT4G08097,down,10 min
AT4G08395,down,10 min
AT4G11385,down,10 min
AT4G15053,down,10 min
AT4G15056,down,10 min
AT1G02965,down,10 min
AT1G05615,down,10 min
AT1G07473,down,10 min
AT1G07476,down,10 min
AT1G11145,down,10 min
AT1G16025,down,10 min
AT1G21323,down,10 min
AT1G21475,down,10 min
AT1G35365,down,10 min
AT1G36960,down,10 min
AT1G43415,down,10 min
AT1G61095,down,10 min
AT1G66045,down,10 min
AT1G66245,down,10 min
AT1G71235,down,10 min
AT3G20155,down,10 min
AT3G23245,down,10 min
AT3G24517,down,10 min
AT3G25727,down,10 min
AT3G26616,down,10 min
AT3G28925,down,10 min
AT3G32896,down,10 min
AT3G33393,down,10 min
AT3G33494,down,10 min
AT3G42786,down,10 min
AT3G44115,down,10 min
AT3G44235,down,10 min
AT3G44935,down,10 min
AT3G48675,down,10 min
AT2G39975,down,10 min
AT3G23172,down,10 min
AT5G29613,down,10 min
AT2G03930,down,10 min
AT2G30985,down,10 min
AT1G05085,down,10 min
AT1G53285,down,10 min
AT1G61097,down,10 min
AT3G05725,down,10 min
AT3G11405,down,10 min
AT4G01985,down,10 min
AT4G27415,down,10 min
AT5G39630,down,10 min
AT4G35610,down,10 min
AT4G04775,down,10 min
AT5G15690,down,10 min
AT5G61110,down,10 min
AT3G43490,down,10 min
AT5G34870,down,10 min
AT2G07760,down,10 min
AT5G32613,down,10 min
AT4G05553,down,10 min
AT3G59845,down,10 min
AT2G17785,down,10 min
AT5G02550,down,1 h
AT1G72520,down,1 h
AT3G28670,down,1 h
AT5G08505,down,1 h
AT3G50320,down,1 h
AT1G28030,down,1 h
AT2G44800,down,1 h
AT1G48980,down,1 h
AT2G06960,down,1 h
AT5G38120,down,1 h
AT5G09490,down,1 h
AT2G39590,down,1 h
AT3G28520,down,1 h
AT5G17740,down,1 h
AT5G17750,down,1 h
AT3G28415,down,1 h
AT4G27420,down,1 h
AT5G25320,down,1 h
AT1G20600,down,1 h
AT4G03170,down,1 h
AT5G57720,down,1 h
AT1G50680,down,1 h
AT1G51120,down,1 h
AT3G42723,down,1 h
AT1G49250,down,1 h
AT3G31900,down,1 h
AT3G32280,down,1 h
AT5G07650,down,1 h
AT3G32400,down,1 h
AT5G20310,down,1 h
AT3G11680,down,1 h
AT1G50760,down,1 h
AT1G50770,down,1 h
AT5G35810,down,1 h
AT5G04730,down,1 h
AT4G09930,down,1 h
AT1G60250,down,1 h
AT4G10240,down,1 h
AT5G09780,down,1 h
AT1G10455,down,1 h
AT4G17580,down,1 h
AT3G29740,down,1 h
AT4G04090,down,1 h
AT2G40440,down,1 h
AT2G21235,down,1 h
AT5G35760,down,1 h
AT5G49250,down,1 h
AT5G09370,down,1 h
AT5G38180,down,1 h
AT5G03360,down,1 h
AT5G05120,down,1 h
AT5G27880,down,1 h
AT4G04404,down,1 h
AT3G01030,down,1 h
AT5G22990,down,1 h
AT5G15480,down,1 h
AT3G45560,down,1 h
AT4G12210,down,1 h
AT2G44330,down,1 h
AT5G50640,down,1 h
AT1G58390,down,1 h
AT1G63350,down,1 h
AT2G12880,down,1 h
AT2G15180,down,1 h
AT2G32310,down,1 h
AT1G04500,down,1 h
AT1G05290,down,1 h
AT2G33350,down,1 h
AT3G10116,down,1 h
AT2G01800,down,1 h
AT1G30060,down,1 h
AT4G00580,down,1 h
AT4G00920,down,1 h
AT2G34890,down,1 h
AT3G61720,down,1 h
AT2G21010,down,1 h
AT1G23250,down,1 h
AT3G26140,down,1 h
AT1G09260,down,1 h
AT1G68420,down,1 h
AT1G07460,down,1 h
AT2G15780,down,1 h
AT1G44478,down,1 h
AT5G56920,down,1 h
AT2G37435,down,1 h
AT2G39320,down,1 h
AT5G26130,down,1 h
AT3G25850,down,1 h
AT5G16430,down,1 h
AT2G21810,down,1 h
AT2G37810,down,1 h
AT3G05300,down,1 h
AT1G32720,down,1 h
AT5G51900,down,1 h
AT5G48750,down,1 h
AT1G32300,down,1 h
AT3G53080,down,1 h
AT3G52350,down,1 h
AT3G16680,down,1 h
AT1G64800,down,1 h
AT4G21895,down,1 h
AT1G36095,down,1 h
AT2G05635,down,1 h
AT3G32330,down,1 h
AT5G28590,down,1 h
AT1G66420,down,1 h
AT4G00232,down,1 h
AT4G01260,down,1 h
AT2G01370,down,1 h
AT2G20613,down,1 h
AT1G61700,down,1 h
AT5G51795,down,1 h
AT4G19580,down,1 h
AT1G31530,down,1 h
AT1G40390,down,1 h
AT1G49015,down,1 h
AT4G35280,down,1 h
AT1G17615,down,1 h
AT4G21050,down,1 h
AT4G21040,down,1 h
AT1G54070,down,1 h
AT4G18870,down,1 h
AT1G66630,down,1 h
AT5G37870,down,1 h
AT5G37900,down,1 h
AT3G27425,down,1 h
AT5G65370,down,1 h
AT3G23350,down,1 h
AT3G57960,down,1 h
AT3G57970,down,1 h
AT3G11870,down,1 h
AT3G26820,down,1 h
AT2G29040,down,1 h
AT5G54820,down,1 h
AT2G07140,down,1 h
AT1G20735,down,1 h
AT1G12190,down,1 h
AT1G27490,down,1 h
AT1G33020,down,1 h
AT3G16820,down,1 h
AT3G17480,down,1 h
AT3G17530,down,1 h
AT3G21170,down,1 h
AT3G22350,down,1 h
AT3G22720,down,1 h
AT3G24700,down,1 h
AT5G38810,down,1 h
AT1G67455,down,1 h
AT3G22421,down,1 h
AT1G12870,down,1 h
AT3G16880,down,1 h
AT4G04690,down,1 h
AT4G10190,down,1 h
AT1G26510,down,1 h
AT1G31510,down,1 h
AT1G32600,down,1 h
AT1G46912,down,1 h
AT1G47350,down,1 h
AT1G50470,down,1 h
AT1G59630,down,1 h
AT3G04250,down,1 h
AT3G06280,down,1 h
AT3G47130,down,1 h
AT3G47140,down,1 h
AT3G49440,down,1 h
AT3G52510,down,1 h
AT4G01640,down,1 h
AT4G13060,down,1 h
AT5G43550,down,1 h
AT5G62830,down,1 h
AT2G13630,down,1 h
AT5G44345,down,1 h
AT1G31163,down,1 h
AT1G53360,down,1 h
AT3G03405,down,1 h
AT1G11810,down,1 h
AT3G25090,down,1 h
AT2G02660,down,1 h
AT3G23685,down,1 h
AT1G30790,down,1 h
AT1G30930,down,1 h
AT3G18150,down,1 h
AT3G28410,down,1 h
AT3G29830,down,1 h
AT3G49040,down,1 h
AT5G38570,down,1 h
AT1G20800,down,1 h
AT1G27550,down,1 h
AT1G31080,down,1 h
AT1G36030,down,1 h
AT1G53550,down,1 h
AT3G30430,down,1 h
AT1G54640,down,1 h
AT2G16810,down,1 h
AT1G20360,down,1 h
AT1G46984,down,1 h
AT1G47300,down,1 h
AT1G47810,down,1 h
AT1G52490,down,1 h
AT1G53370,down,1 h
AT1G54550,down,1 h
AT1G56400,down,1 h
AT1G57580,down,1 h
AT1G60400,down,1 h
AT1G61060,down,1 h
AT1G66490,down,1 h
AT3G17400,down,1 h
AT3G19890,down,1 h
AT3G23950,down,1 h
AT3G23970,down,1 h
AT3G44080,down,1 h
AT3G44090,down,1 h
AT3G44810,down,1 h
AT3G49450,down,1 h
AT3G60790,down,1 h
AT3G62230,down,1 h
AT5G18160,down,1 h
AT5G36730,down,1 h
AT5G39460,down,1 h
AT2G05970,down,1 h
AT2G14710,down,1 h
AT2G15640,down,1 h
AT2G16300,down,1 h
AT2G19630,down,1 h
AT2G20380,down,1 h
AT2G26850,down,1 h
AT2G33200,down,1 h
AT2G34280,down,1 h
AT2G38590,down,1 h
AT2G42730,down,1 h
AT2G16365,down,1 h
AT1G59675,down,1 h
AT2G35280,down,1 h
AT2G40925,down,1 h
AT2G33705,down,1 h
AT1G53815,down,1 h
AT5G22670,down,1 h
AT5G56570,down,1 h
AT1G48400,down,1 h
AT5G44960,down,1 h
AT3G13680,down,1 h
AT3G59610,down,1 h
AT4G19930,down,1 h
AT4G23580,down,1 h
AT4G33290,down,1 h
AT4G33900,down,1 h
AT4G39753,down,1 h
AT5G38670,down,1 h
AT5G39560,down,1 h
AT5G51250,down,1 h
AT2G22030,down,1 h
AT2G29600,down,1 h
AT1G11770,down,1 h
AT1G30710,down,1 h
AT1G30740,down,1 h
AT1G34575,down,1 h
AT4G20800,down,1 h
AT1G19410,down,1 h
AT5G11370,down,1 h
AT5G44850,down,1 h
AT5G56325,down,1 h
AT1G26890,down,1 h
AT5G56560,down,1 h
AT5G56400,down,1 h
AT1G66310,down,1 h
AT3G49020,down,1 h
AT5G56430,down,1 h
AT5G56440,down,1 h
AT5G56452,down,1 h
AT5G38580,down,1 h
AT2G33796,down,1 h
AT5G26730,down,1 h
AT5G45180,down,1 h
AT1G75530,down,1 h
AT1G06500,down,1 h
AT1G61440,down,1 h
AT1G42190,down,1 h
AT4G16220,down,1 h
AT5G03590,down,1 h
AT5G03810,down,1 h
AT5G03820,down,1 h
AT5G03980,down,1 h
AT5G42170,down,1 h
AT5G63170,down,1 h
AT2G19010,down,1 h
AT1G20135,down,1 h
AT1G19460,down,1 h
AT1G48190,down,1 h
AT5G28180,down,1 h
AT2G29810,down,1 h
AT2G29820,down,1 h
AT1G65210,down,1 h
AT4G12960,down,1 h
AT3G31402,down,1 h
AT1G35150,down,1 h
AT1G42710,down,1 h
AT3G29450,down,1 h
AT3G29763,down,1 h
AT3G29765,down,1 h
AT3G29638,down,1 h
AT1G27710,down,1 h
AT3G02670,down,1 h
AT4G33840,down,1 h
AT4G19800,down,1 h
AT3G46570,down,1 h
AT5G17500,down,1 h
AT4G16560,down,1 h
AT3G47170,down,1 h
AT5G07850,down,1 h
AT5G23970,down,1 h
AT1G29780,down,1 h
AT2G21420,down,1 h
AT5G18890,down,1 h
AT1G22100,down,1 h
AT1G58936,down,1 h
AT2G17160,down,1 h
AT5G59616,down,1 h
AT2G36260,down,1 h
AT1G19470,down,1 h
AT5G15060,down,1 h
AT5G38760,down,1 h
AT3G24600,down,1 h
AT4G19470,down,1 h
AT5G49750,down,1 h
AT3G46350,down,1 h
AT1G33070,down,1 h
AT5G40070,down,1 h
AT5G46320,down,1 h
AT5G55690,down,1 h
AT5G38620,down,1 h
AT5G51860,down,1 h
AT1G48150,down,1 h
AT1G72350,down,1 h
AT4G36590,down,1 h
AT1G15160,down,1 h
AT1G23300,down,1 h
AT4G00350,down,1 h
AT1G62410,down,1 h
AT4G32700,down,1 h
AT2G43730,down,1 h
AT2G43740,down,1 h
AT3G44800,down,1 h
AT5G53960,down,1 h
AT5G20430,down,1 h
AT5G20440,down,1 h
AT1G64255,down,1 h
AT2G44175,down,1 h
AT3G56520,down,1 h
AT2G47120,down,1 h
AT3G60060,down,1 h
AT4G09360,down,1 h
AT4G27190,down,1 h
AT5G28660,down,1 h
AT5G27140,down,1 h
AT2G44070,down,1 h
AT1G60240,down,1 h
AT1G60300,down,1 h
AT1G60340,down,1 h
AT3G20760,down,1 h
AT2G05642,down,1 h
AT3G45760,down,1 h
AT3G49200,down,1 h
AT5G22490,down,1 h
AT1G11990,down,1 h
AT3G23770,down,1 h
AT1G63140,down,1 h
AT1G51990,down,1 h
AT2G33845,down,1 h
AT3G28490,down,1 h
AT4G05340,down,1 h
AT1G33830,down,1 h
AT1G33870,down,1 h
AT1G65780,down,1 h
AT1G65810,down,1 h
AT3G28610,down,1 h
AT3G29800,down,1 h
AT4G08190,down,1 h
AT5G37030,down,1 h
AT5G37140,down,1 h
AT5G37150,down,1 h
AT5G52090,down,1 h
AT5G66970,down,1 h
AT2G27570,down,1 h
AT2G30630,down,1 h
AT3G51690,down,1 h
AT3G51700,down,1 h
AT5G28780,down,1 h
AT3G50808,down,1 h
AT4G40100,down,1 h
AT4G20100,down,1 h
AT3G46860,down,1 h
AT1G29080,down,1 h
AT1G11470,down,1 h
AT3G11350,down,1 h
AT5G38250,down,1 h
AT5G12000,down,1 h
AT1G21245,down,1 h
AT4G15715,down,1 h
AT5G09550,down,1 h
AT1G20750,down,1 h
AT3G06000,down,1 h
AT2G27940,down,1 h
AT1G53820,down,1 h
AT3G42830,down,1 h
AT1G18770,down,1 h
AT1G21960,down,1 h
AT1G74620,down,1 h
AT1G77830,down,1 h
AT3G13228,down,1 h
AT3G14970,down,1 h
AT4G05350,down,1 h
AT4G12140,down,1 h
AT4G18110,down,1 h
AT5G05910,down,1 h
AT5G37280,down,1 h
AT5G41430,down,1 h
AT5G52140,down,1 h
AT5G52150,down,1 h
AT5G53910,down,1 h
AT5G54990,down,1 h
AT5G67120,down,1 h
AT2G15260,down,1 h
AT2G25360,down,1 h
AT2G29840,down,1 h
AT3G45555,down,1 h
AT3G43750,down,1 h
AT3G45570,down,1 h
AT3G45580,down,1 h
AT3G14250,down,1 h
AT3G43180,down,1 h
AT2G25370,down,1 h
AT5G07225,down,1 h
AT3G52980,down,1 h
AT5G03580,down,1 h
AT5G05720,down,1 h
AT5G53680,down,1 h
AT5G53720,down,1 h
AT5G59860,down,1 h
AT2G14870,down,1 h
AT2G21690,down,1 h
AT3G48840,down,1 h
AT3G10845,down,1 h
AT4G10613,down,1 h
AT3G25720,down,1 h
AT5G52480,down,1 h
AT1G47920,down,1 h
AT1G66640,down,1 h
AT3G58890,down,1 h
AT3G59180,down,1 h
AT3G09510,down,1 h
AT2G13980,down,1 h
AT1G18790,down,1 h
AT1G74480,down,1 h
AT5G66990,down,1 h
AT5G46025,down,1 h
AT3G22020,down,1 h
AT1G51900,down,1 h
AT3G15490,down,1 h
AT1G63295,down,1 h
AT5G39770,down,1 h
AT4G20220,down,1 h
AT1G74140,down,1 h
AT1G74820,down,1 h
AT3G04200,down,1 h
AT4G10290,down,1 h
AT5G38950,down,1 h
AT5G38960,down,1 h
AT2G16030,down,1 h
AT1G66690,down,1 h
AT1G66720,down,1 h
AT3G23460,down,1 h
AT3G44840,down,1 h
AT2G24620,down,1 h
AT3G43120,down,1 h
AT2G36210,down,1 h
AT4G19340,down,1 h
AT4G19360,down,1 h
AT5G03600,down,1 h
AT4G39020,down,1 h
AT3G16600,down,1 h
AT4G26920,down,1 h
AT5G07260,down,1 h
AT1G18050,down,1 h
AT3G27600,down,1 h
AT1G20240,down,1 h
AT1G20690,down,1 h
AT5G53270,down,1 h
AT1G63280,down,1 h
AT5G44316,down,1 h
AT3G46840,down,1 h
AT4G10540,down,1 h
AT1G66220,down,1 h
AT1G32980,down,1 h
AT5G45640,down,1 h
AT5G58820,down,1 h
AT5G58830,down,1 h
AT5G39230,down,1 h
AT3G51570,down,1 h
AT4G11340,down,1 h
AT5G17970,down,1 h
AT5G45230,down,1 h
AT2G17050,down,1 h
AT1G31380,down,1 h
AT1G31390,down,1 h
AT1G69650,down,1 h
AT1G69660,down,1 h
AT3G44790,down,1 h
AT3G58240,down,1 h
AT3G58250,down,1 h
AT3G58260,down,1 h
AT3G58340,down,1 h
AT3G58360,down,1 h
AT3G58400,down,1 h
AT3G58410,down,1 h
AT2G01790,down,1 h
AT2G15710,down,1 h
AT2G42470,down,1 h
AT2G42480,down,1 h
AT3G44805,down,1 h
AT2G06541,down,1 h
AT4G20420,down,1 h
AT1G16230,down,1 h
AT4G16930,down,1 h
AT1G61105,down,1 h
AT1G47370,down,1 h
AT1G60320,down,1 h
AT2G03030,down,1 h
AT2G03300,down,1 h
AT1G09665,down,1 h
AT4G19910,down,1 h
AT1G51210,down,1 h
AT3G01010,down,1 h
AT3G02100,down,1 h
AT4G08430,down,1 h
AT5G24710,down,1 h
AT2G26490,down,1 h
AT3G32090,down,1 h
AT1G80990,down,1 h
AT2G16490,down,1 h
AT4G01180,down,1 h
AT4G01780,down,1 h
AT2G02550,down,1 h
AT5G42910,down,1 h
AT2G04750,down,1 h
AT1G68280,down,1 h
AT2G07020,down,1 h
AT5G02730,down,1 h
AT2G38150,down,1 h
AT1G47780,down,1 h
AT1G52460,down,1 h
AT3G55190,down,1 h
AT3G56540,down,1 h
AT5G22960,down,1 h
AT5G47350,down,1 h
AT2G24320,down,1 h
AT1G52695,down,1 h
AT3G54240,down,1 h
AT2G27240,down,1 h
AT5G13940,down,1 h
AT5G35830,down,1 h
AT5G50140,down,1 h
AT5G54620,down,1 h
AT5G60070,down,1 h
AT1G64830,down,1 h
AT1G69100,down,1 h
AT3G30770,down,1 h
AT3G42550,down,1 h
AT4G12920,down,1 h
AT4G30030,down,1 h
AT5G45120,down,1 h
AT4G04985,down,1 h
AT1G31450,down,1 h
AT2G28010,down,1 h
AT2G28030,down,1 h
AT2G28220,down,1 h
AT5G13350,down,1 h
AT5G13380,down,1 h
AT1G33880,down,1 h
AT2G31215,down,1 h
AT2G15170,down,1 h
AT4G32090,down,1 h
AT4G32100,down,1 h
AT4G32105,down,1 h
AT3G25810,down,1 h
AT4G10850,down,1 h
AT2G39060,down,1 h
AT1G69190,down,1 h
AT1G32280,down,1 h
AT3G57310,down,1 h
AT5G56480,down,1 h
AT1G43666,down,1 h
AT3G22580,down,1 h
AT4G14815,down,1 h
AT5G38170,down,1 h
AT5G52160,down,1 h
AT1G43667,down,1 h
AT2G14846,down,1 h
AT2G25120,down,1 h
AT1G66120,down,1 h
AT4G20080,down,1 h
AT4G15755,down,1 h
AT1G48590,down,1 h
AT1G23240,down,1 h
AT5G29560,down,1 h
AT3G54570,down,1 h
AT4G09090,down,1 h
AT2G04910,down,1 h
AT2G42930,down,1 h
AT4G16165,down,1 h
AT5G07170,down,1 h
AT5G27080,down,1 h
AT5G26900,down,1 h
AT5G66220,down,1 h
AT5G37760,down,1 h
AT4G30540,down,1 h
AT1G18130,down,1 h
AT5G27800,down,1 h
AT2G07820,down,1 h
AT1G07850,down,1 h
AT2G16200,down,1 h
AT4G12270,down,1 h
AT4G12280,down,1 h
AT5G52700,down,1 h
AT5G52720,down,1 h
AT5G52740,down,1 h
AT5G52770,down,1 h
AT1G59800,down,1 h
AT5G39370,down,1 h
AT3G57370,down,1 h
AT1G30455,down,1 h
AT1G63190,down,1 h
AT1G63200,down,1 h
AT1G63205,down,1 h
AT4G03570,down,1 h
AT4G03590,down,1 h
AT4G03565,down,1 h
AT5G17110,down,1 h
AT5G17120,down,1 h
AT1G03720,down,1 h
AT5G17080,down,1 h
AT5G17130,down,1 h
AT3G26250,down,1 h
AT5G02330,down,1 h
AT2G17740,down,1 h
AT2G43220,down,1 h
AT5G29624,down,1 h
AT1G45243,down,1 h
AT4G29600,down,1 h
AT4G29630,down,1 h
AT1G29620,down,1 h
AT2G34120,down,1 h
AT2G20465,down,1 h
AT1G61688,down,1 h
AT5G42235,down,1 h
AT1G56553,down,1 h
AT5G60553,down,1 h
AT5G04045,down,1 h
AT5G55565,down,1 h
AT3G16895,down,1 h
AT2G42885,down,1 h
AT5G54745,down,1 h
AT5G60500,down,1 h
AT4G11180,down,1 h
AT2G21110,down,1 h
AT4G16095,down,1 h
AT5G44300,down,1 h
AT1G65450,down,1 h
AT3G10595,down,1 h
AT1G35550,down,1 h
AT2G03290,down,1 h
AT3G09990,down,1 h
AT1G74290,down,1 h
AT1G71450,down,1 h
AT3G23220,down,1 h
AT5G43410,down,1 h
AT5G07310,down,1 h
AT1G49120,down,1 h
AT5G67000,down,1 h
AT5G57650,down,1 h
AT3G14040,down,1 h
AT3G45810,down,1 h
AT3G09750,down,1 h
AT4G38310,down,1 h
AT5G39110,down,1 h
AT3G04170,down,1 h
AT3G04190,down,1 h
AT2G30810,down,1 h
AT2G39540,down,1 h
AT3G11920,down,1 h
AT1G71340,down,1 h
AT1G44085,down,1 h
AT2G04063,down,1 h
AT3G29033,down,1 h
AT2G46190,down,1 h
AT4G13760,down,1 h
AT5G44840,down,1 h
AT3G42155,down,1 h
AT1G77780,down,1 h
AT3G55780,down,1 h
AT3G62710,down,1 h
AT4G19730,down,1 h
AT5G16700,down,1 h
AT5G20560,down,1 h
AT2G39640,down,1 h
AT3G18180,down,1 h
AT3G57620,down,1 h
AT2G06500,down,1 h
AT5G31412,down,1 h
AT5G33406,down,1 h
AT3G13010,down,1 h
AT1G20320,down,1 h
AT5G37860,down,1 h
AT4G23882,down,1 h
AT1G57780,down,1 h
AT2G28090,down,1 h
AT5G14900,down,1 h
AT5G13130,down,1 h
AT1G77660,down,1 h
AT1G01150,down,1 h
AT1G43330,down,1 h
AT3G19070,down,1 h
AT4G04580,down,1 h
AT3G10585,down,1 h
AT5G23650,down,1 h
AT1G56530,down,1 h
AT5G26070,down,1 h
AT5G34581,down,1 h
AT4G39745,down,1 h
AT1G63540,down,1 h
AT4G23110,down,1 h
AT3G17230,down,1 h
AT3G59590,down,1 h
AT5G49860,down,1 h
AT4G19260,down,1 h
AT4G11745,down,1 h
AT5G10500,down,1 h
AT5G41310,down,1 h
AT1G72290,down,1 h
AT2G03740,down,1 h
AT2G35460,down,1 h
AT4G28380,down,1 h
AT2G14510,down,1 h
AT5G39390,down,1 h
AT3G42880,down,1 h
AT3G46420,down,1 h
AT1G53420,down,1 h
AT2G19230,down,1 h
AT3G52690,down,1 h
AT5G24180,down,1 h
AT5G24220,down,1 h
AT3G61290,down,1 h
AT4G11030,down,1 h
AT4G38120,down,1 h
AT3G28450,down,1 h
AT2G18590,down,1 h
AT5G46000,down,1 h
AT2G16225,down,1 h
AT1G45403,down,1 h
AT1G65050,down,1 h
AT4G16045,down,1 h
AT3G58290,down,1 h
AT2G42000,down,1 h
AT2G39790,down,1 h
AT5G14290,down,1 h
AT1G07025,down,1 h
AT5G47290,down,1 h
AT2G06020,down,1 h
AT3G10113,down,1 h
AT1G32010,down,1 h
AT1G36100,down,1 h
AT3G30230,down,1 h
AT3G42060,down,1 h
AT4G03620,down,1 h
AT5G32590,down,1 h
AT1G19040,down,1 h
AT3G04410,down,1 h
AT5G07050,down,1 h
AT1G25270,down,1 h
AT2G06904,down,1 h
AT4G06479,down,1 h
AT4G06526,down,1 h
AT1G36510,down,1 h
AT3G32260,down,1 h
AT1G52950,down,1 h
AT1G21320,down,1 h
AT1G52790,down,1 h
AT3G47190,down,1 h
AT4G10490,down,1 h
AT4G35820,down,1 h
AT1G24230,down,1 h
AT1G24250,down,1 h
AT1G23810,down,1 h
AT1G24200,down,1 h
AT1G24220,down,1 h
AT1G27220,down,1 h
AT1G27250,down,1 h
AT1G27260,down,1 h
AT1G27270,down,1 h
AT1G27280,down,1 h
AT5G15040,down,1 h
AT5G35610,down,1 h
AT5G47340,down,1 h
AT1G60410,down,1 h
AT5G63740,down,1 h
AT4G33355,down,1 h
AT5G09280,down,1 h
AT1G17150,down,1 h
AT2G23900,down,1 h
AT1G43080,down,1 h
AT1G78400,down,1 h
AT4G35670,down,1 h
AT5G27530,down,1 h
AT5G39910,down,1 h
AT2G31430,down,1 h
AT2G01360,down,1 h
AT1G23450,down,1 h
AT1G28000,down,1 h
AT1G28020,down,1 h
AT1G43010,down,1 h
AT1G47940,down,1 h
AT1G63070,down,1 h
AT1G64310,down,1 h
AT3G11380,down,1 h
AT2G17210,down,1 h
AT5G28420,down,1 h
AT1G22080,down,1 h
AT3G44780,down,1 h
AT3G50990,down,1 h
AT1G24110,down,1 h
AT3G42570,down,1 h
AT5G58400,down,1 h
AT2G03250,down,1 h
AT1G27570,down,1 h
AT1G51040,down,1 h
AT3G60420,down,1 h
AT4G29460,down,1 h
AT1G13680,down,1 h
AT3G58330,down,1 h
AT3G58280,down,1 h
AT3G03510,down,1 h
AT1G48010,down,1 h
AT1G54620,down,1 h
AT1G55770,down,1 h
AT3G55680,down,1 h
AT3G62180,down,1 h
AT5G46970,down,1 h
AT5G46980,down,1 h
AT5G46990,down,1 h
AT5G50050,down,1 h
AT5G50070,down,1 h
AT2G10970,down,1 h
AT2G15345,down,1 h
AT3G17225,down,1 h
AT1G11362,down,1 h
AT1G50340,down,1 h
AT1G56100,down,1 h
AT3G17140,down,1 h
AT1G51230,down,1 h
AT1G51250,down,1 h
AT3G16970,down,1 h
AT1G09245,down,1 h
AT1G26797,down,1 h
AT1G58242,down,1 h
AT3G30200,down,1 h
AT1G40087,down,1 h
AT2G15770,down,1 h
AT3G07830,down,1 h
AT2G15470,down,1 h
AT1G14940,down,1 h
AT3G12430,down,1 h
AT5G33330,down,1 h
AT5G42905,down,1 h
AT1G68270,down,1 h
AT1G11560,down,1 h
AT5G20690,down,1 h
AT1G11590,down,1 h
AT2G26620,down,1 h
AT2G40990,down,1 h
AT1G22210,down,1 h
AT1G31250,down,1 h
AT5G26080,down,1 h
AT4G34440,down,1 h
AT3G59455,down,1 h
AT5G44265,down,1 h
AT4G07670,down,1 h
AT4G27890,down,1 h
AT2G17180,down,1 h
AT2G22040,down,1 h
AT1G59690,down,1 h
AT5G28620,down,1 h
AT3G06630,down,1 h
AT3G45670,down,1 h
AT3G45920,down,1 h
AT3G52530,down,1 h
AT3G53640,down,1 h
AT5G12090,down,1 h
AT5G27510,down,1 h
AT5G27790,down,1 h
AT5G60080,down,1 h
AT5G60090,down,1 h
AT5G26150,down,1 h
AT1G16760,down,1 h
AT3G01085,down,1 h
AT2G17170,down,1 h
AT2G18530,down,1 h
AT3G03930,down,1 h
AT3G45790,down,1 h
AT3G43630,down,1 h
AT1G17545,down,1 h
AT2G21920,down,1 h
AT3G32920,down,1 h
AT2G13720,down,1 h
AT5G37910,down,1 h
AT3G23680,down,1 h
AT2G04920,down,1 h
AT1G32420,down,1 h
AT1G32660,down,1 h
AT1G33010,down,1 h
AT1G47390,down,1 h
AT1G47800,down,1 h
AT1G50870,down,1 h
AT1G50880,down,1 h
AT1G55070,down,1 h
AT1G57690,down,1 h
AT1G60370,down,1 h
AT1G67160,down,1 h
AT1G67450,down,1 h
AT1G67623,down,1 h
AT1G70960,down,1 h
AT1G76830,down,1 h
AT3G03730,down,1 h
AT3G10240,down,1 h
AT3G17270,down,1 h
AT3G17490,down,1 h
AT3G17620,down,1 h
AT3G18340,down,1 h
AT3G20030,down,1 h
AT3G21120,down,1 h
AT3G22710,down,1 h
AT3G22940,down,1 h
AT3G23960,down,1 h
AT3G24580,down,1 h
AT3G44060,down,1 h
AT3G44130,down,1 h
AT3G47020,down,1 h
AT3G49980,down,1 h
AT4G09190,down,1 h
AT4G09870,down,1 h
AT4G10740,down,1 h
AT4G17200,down,1 h
AT4G17565,down,1 h
AT4G21240,down,1 h
AT4G22030,down,1 h
AT4G22165,down,1 h
AT4G22170,down,1 h
AT4G22180,down,1 h
AT4G29970,down,1 h
AT4G38870,down,1 h
AT5G15660,down,1 h
AT5G15670,down,1 h
AT5G36200,down,1 h
AT5G38390,down,1 h
AT5G39470,down,1 h
AT5G40050,down,1 h
AT5G41500,down,1 h
AT5G42430,down,1 h
AT5G44220,down,1 h
AT5G44970,down,1 h
AT5G47300,down,1 h
AT5G51000,down,1 h
AT5G52620,down,1 h
AT5G62060,down,1 h
AT5G62660,down,1 h
AT2G02030,down,1 h
AT2G16220,down,1 h
AT2G16290,down,1 h
AT2G16450,down,1 h
AT2G26160,down,1 h
AT2G33190,down,1 h
AT1G20795,down,1 h
AT3G17265,down,1 h
AT1G22000,down,1 h
AT1G66290,down,1 h
AT1G66300,down,1 h
AT3G49030,down,1 h
AT4G26350,down,1 h
AT5G25850,down,1 h
AT5G62970,down,1 h
AT4G00315,down,1 h
AT3G42770,down,1 h
AT3G58880,down,1 h
AT3G58920,down,1 h
AT3G59160,down,1 h
AT3G59240,down,1 h
AT5G38396,down,1 h
AT1G11620,down,1 h
AT1G12170,down,1 h
AT1G15680,down,1 h
AT1G62270,down,1 h
AT3G17540,down,1 h
AT3G17570,down,1 h
AT3G19410,down,1 h
AT3G22730,down,1 h
AT3G22870,down,1 h
AT3G27910,down,1 h
AT3G43710,down,1 h
AT3G47150,down,1 h
AT4G02310,down,1 h
AT4G11750,down,1 h
AT4G11770,down,1 h
AT4G12810,down,1 h
AT4G12820,down,1 h
AT4G22430,down,1 h
AT4G39756,down,1 h
AT4G39760,down,1 h
AT5G02980,down,1 h
AT5G28160,down,1 h
AT5G38680,down,1 h
AT2G29780,down,1 h
AT1G50980,down,1 h
AT1G61330,down,1 h
AT5G56390,down,1 h
AT5G56820,down,1 h
AT1G70110,down,1 h
AT1G53010,down,1 h
AT5G53040,down,1 h
AT3G56920,down,1 h
AT3G12000,down,1 h
AT5G18330,down,1 h
AT3G45990,down,1 h
AT2G13150,down,1 h
AT1G33220,down,1 h
AT5G20390,down,1 h
AT5G25430,down,1 h
AT3G01830,down,1 h
AT1G03050,down,1 h
AT2G22160,down,1 h
AT3G29040,down,1 h
AT3G21910,down,1 h
AT3G22010,down,1 h
AT4G20680,down,1 h
AT1G32710,down,1 h
AT3G51210,down,1 h
AT3G24513,down,1 h
AT5G56369,down,1 h
AT5G46877,down,1 h
AT3G33187,down,1 h
AT5G47260,down,1 h
AT5G66890,down,1 h
AT3G13280,down,1 h
AT5G35640,down,1 h
AT5G67010,down,1 h
AT5G07760,down,1 h
AT1G29870,down,1 h
AT2G10550,down,1 h
AT5G11400,down,1 h
AT1G72000,down,1 h
AT5G50040,down,1 h
AT1G27640,down,1 h
AT2G04300,down,1 h
AT2G14440,down,1 h
AT1G72460,down,1 h
AT3G15870,down,1 h
AT5G55330,down,1 h
AT3G30540,down,1 h
AT3G53070,down,1 h
AT4G30770,down,1 h
AT4G10440,down,1 h
AT3G51070,down,1 h
AT5G37610,down,1 h
AT3G45690,down,1 h
AT3G43660,down,1 h
AT1G50050,down,1 h
AT3G09590,down,1 h
AT2G36700,down,1 h
AT3G24130,down,1 h
AT5G07410,down,1 h
AT5G07420,down,1 h
AT5G26810,down,1 h
AT5G18990,down,1 h
AT3G17152,down,1 h
AT4G03930,down,1 h
AT4G15980,down,1 h
AT5G49180,down,1 h
AT3G42560,down,1 h
AT3G25280,down,1 h
AT3G17550,down,1 h
AT4G11730,down,1 h
AT5G48140,down,1 h
AT3G18810,down,1 h
AT1G76370,down,1 h
AT3G50720,down,1 h
AT3G50730,down,1 h
AT2G16620,down,1 h
AT4G08260,down,1 h
AT2G41920,down,1 h
AT2G30730,down,1 h
AT2G40580,down,1 h
AT1G72760,down,1 h
AT1G01450,down,1 h
AT5G55855,down,1 h
AT4G20200,down,1 h
AT3G56420,down,1 h
AT4G18330,down,1 h
AT2G27700,down,1 h
AT4G04402,down,1 h
AT2G07440,down,1 h
AT1G56040,down,1 h
AT1G17910,down,1 h
AT4G14225,down,1 h
AT1G29570,down,1 h
AT3G17720,down,1 h
AT3G22030,down,1 h
AT4G11890,down,1 h
AT3G29050,down,1 h
AT3G23270,down,1 h
AT2G01240,down,1 h
AT3G44570,down,1 h
AT2G14000,down,1 h
AT5G51610,down,1 h
AT1G33850,down,1 h
AT5G63300,down,1 h
AT4G36100,down,1 h
AT3G26860,down,1 h
AT3G54925,down,1 h
AT3G17080,down,1 h
AT3G26870,down,1 h
AT3G26880,down,1 h
AT3G27680,down,1 h
AT3G57840,down,1 h
AT5G04350,down,1 h
AT5G06030,down,1 h
AT5G11830,down,1 h
AT5G12060,down,1 h
AT5G26050,down,1 h
AT5G26060,down,1 h
AT5G26090,down,1 h
AT5G38440,down,1 h
AT2G06090,down,1 h
AT2G24880,down,1 h
AT4G24975,down,1 h
AT4G10895,down,1 h
AT1G11765,down,1 h
AT1G04645,down,1 h
AT1G26795,down,1 h
AT5G06040,down,1 h
AT2G24340,down,1 h
AT3G45220,down,1 h
AT5G44630,down,1 h
AT4G03156,down,1 h
AT3G05460,down,1 h
AT1G11925,down,1 h
AT3G22040,down,1 h
AT3G46850,down,1 h
AT5G59110,down,1 h
AT4G21260,down,1 h
AT4G26280,down,1 h
AT3G44180,down,1 h
AT1G58450,down,1 h
AT5G44330,down,1 h
AT5G43120,down,1 h
AT2G32820,down,1 h
AT2G33300,down,1 h
AT1G25330,down,1 h
AT5G27310,down,1 h
AT2G13640,down,1 h
AT2G27780,down,1 h
AT4G38070,down,1 h
AT1G30670,down,1 h
AT1G12540,down,1 h
AT4G20810,down,1 h
AT4G10680,down,1 h
AT5G32460,down,1 h
AT4G31690,down,1 h
AT3G16040,down,1 h
AT2G31690,down,1 h
AT3G02270,down,1 h
AT5G28237,down,1 h
AT1G65990,down,1 h
AT1G65140,down,1 h
AT1G65170,down,1 h
AT1G65200,down,1 h
AT2G27650,down,1 h
AT4G05240,down,1 h
AT4G05250,down,1 h
AT4G05260,down,1 h
AT5G09340,down,1 h
AT5G11080,down,1 h
AT2G32360,down,1 h
AT5G06890,down,1 h
AT1G53950,down,1 h
AT5G25340,down,1 h
AT1G31370,down,1 h
AT3G58230,down,1 h
AT3G58320,down,1 h
AT4G22420,down,1 h
AT2G05430,down,1 h
AT1G23590,down,1 h
AT3G49270,down,1 h
AT1G14688,down,1 h
AT1G48953,down,1 h
AT1G61353,down,1 h
AT2G11851,down,1 h
AT2G20170,down,1 h
AT2G41225,down,1 h
AT2G43255,down,1 h
AT3G27415,down,1 h
AT3G62097,down,1 h
AT4G10970,down,1 h
AT4G16460,down,1 h
AT4G18692,down,1 h
AT4G17590,down,1 h
AT4G18320,down,1 h
AT1G05550,down,1 h
AT2G20970,down,1 h
AT2G34100,down,1 h
AT3G13677,down,1 h
AT1G51020,down,1 h
AT1G73020,down,1 h
AT1G01400,down,1 h
AT1G02070,down,1 h
AT1G03240,down,1 h
AT1G07680,down,1 h
AT1G10100,down,1 h
AT1G10190,down,1 h
AT1G10250,down,1 h
AT1G12180,down,1 h
AT1G15840,down,1 h
AT1G20400,down,1 h
AT1G21950,down,1 h
AT1G22120,down,1 h
AT1G23270,down,1 h
AT1G23570,down,1 h
AT1G23580,down,1 h
AT1G23640,down,1 h
AT1G23680,down,1 h
AT1G23690,down,1 h
AT1G24060,down,1 h
AT1G24380,down,1 h
AT1G24390,down,1 h
AT1G24822,down,1 h
AT1G25300,down,1 h
AT1G26140,down,1 h
AT1G26350,down,1 h
AT1G26710,down,1 h
AT1G28375,down,1 h
AT1G28500,down,1 h
AT1G29480,down,1 h
AT1G29580,down,1 h
AT1G30020,down,1 h
AT1G31270,down,1 h
AT1G31520,down,1 h
AT1G31620,down,1 h
AT1G31960,down,1 h
AT1G32000,down,1 h
AT1G32650,down,1 h
AT1G34280,down,1 h
AT1G34400,down,1 h
AT1G34560,down,1 h
AT1G35400,down,1 h
AT1G35614,down,1 h
AT1G35820,down,1 h
AT1G35900,down,1 h
AT1G36020,down,1 h
AT1G36230,down,1 h
AT1G37010,down,1 h
AT1G38950,down,1 h
AT1G42080,down,1 h
AT1G42700,down,1 h
AT1G43630,down,1 h
AT1G43680,down,1 h
AT1G43720,down,1 h
AT1G44010,down,1 h
AT1G44674,down,1 h
AT1G46336,down,1 h
AT1G47280,down,1 h
AT1G47470,down,1 h
AT1G47485,down,1 h
AT1G47813,down,1 h
AT1G48095,down,1 h
AT1G49260,down,1 h
AT1G49290,down,1 h
AT1G49800,down,1 h
AT1G50530,down,1 h
AT1G50800,down,1 h
AT1G51000,down,1 h
AT1G51970,down,1 h
AT1G53640,down,1 h
AT1G54300,down,1 h
AT1G54420,down,1 h
AT1G54700,down,1 h
AT1G54880,down,1 h
AT1G55220,down,1 h
AT1G57906,down,1 h
AT1G59535,down,1 h
AT1G62070,down,1 h
AT1G62080,down,1 h
AT1G62210,down,1 h
AT1G62220,down,1 h
AT1G62920,down,1 h
AT1G64340,down,1 h
AT1G65740,down,1 h
AT1G65760,down,1 h
AT1G67540,down,1 h
AT1G68875,down,1 h
AT1G69470,down,1 h
AT1G70040,down,1 h
AT1G70120,down,1 h
AT1G71470,down,1 h
AT1G72080,down,1 h
AT1G72580,down,1 h
AT1G75870,down,1 h
AT1G76910,down,1 h
AT1G77910,down,1 h
AT1G77960,down,1 h
AT1G78640,down,1 h
AT3G01250,down,1 h
AT3G01870,down,1 h
AT3G04270,down,1 h
AT3G04990,down,1 h
AT3G05080,down,1 h
AT3G06090,down,1 h
AT3G07710,down,1 h
AT3G09130,down,1 h
AT3G09140,down,1 h
AT3G11060,down,1 h
AT3G11860,down,1 h
AT3G12840,down,1 h
AT3G13370,down,1 h
AT3G15860,down,1 h
AT3G15910,down,1 h
AT3G16960,down,1 h
AT3G21980,down,1 h
AT3G23040,down,1 h
AT3G23850,down,1 h
AT3G24260,down,1 h
AT3G24690,down,1 h
AT3G24850,down,1 h
AT3G25200,down,1 h
AT3G26390,down,1 h
AT3G27410,down,1 h
AT3G27800,down,1 h
AT3G28020,down,1 h
AT3G28120,down,1 h
AT3G28190,down,1 h
AT3G28260,down,1 h
AT3G28280,down,1 h
AT3G28630,down,1 h
AT3G28780,down,1 h
AT3G28790,down,1 h
AT3G28810,down,1 h
AT3G28830,down,1 h
AT3G28870,down,1 h
AT3G28990,down,1 h
AT3G29080,down,1 h
AT3G29570,down,1 h
AT3G29790,down,1 h
AT3G29791,down,1 h
AT3G30220,down,1 h
AT3G30320,down,1 h
AT3G30370,down,1 h
AT3G30845,down,1 h
AT3G31350,down,1 h
AT3G31400,down,1 h
AT3G31910,down,1 h
AT3G31950,down,1 h
AT3G32050,down,1 h
AT3G32130,down,1 h
AT3G32150,down,1 h
AT3G32180,down,1 h
AT3G32190,down,1 h
AT3G32200,down,1 h
AT3G32960,down,1 h
AT3G42310,down,1 h
AT3G42380,down,1 h
AT3G42390,down,1 h
AT3G42780,down,1 h
AT3G42870,down,1 h
AT3G42940,down,1 h
AT3G42970,down,1 h
AT3G43250,down,1 h
AT3G43260,down,1 h
AT3G43280,down,1 h
AT3G43290,down,1 h
AT3G43410,down,1 h
AT3G43480,down,1 h
AT3G43500,down,1 h
AT3G43880,down,1 h
AT3G43900,down,1 h
AT3G43970,down,1 h
AT3G44210,down,1 h
AT3G44230,down,1 h
AT3G44580,down,1 h
AT3G44980,down,1 h
AT3G45200,down,1 h
AT3G45910,down,1 h
AT3G46240,down,1 h
AT3G47920,down,1 h
AT3G48220,down,1 h
AT3G48230,down,1 h
AT3G49305,down,1 h
AT3G49610,down,1 h
AT3G51020,down,1 h
AT3G52700,down,1 h
AT3G52830,down,1 h
AT3G55570,down,1 h
AT3G56180,down,1 h
AT3G56390,down,1 h
AT3G56610,down,1 h
AT3G57850,down,1 h
AT3G57900,down,1 h
AT3G58310,down,1 h
AT3G60560,down,1 h
AT3G60760,down,1 h
AT3G60920,down,1 h
AT3G61500,down,1 h
AT3G62350,down,1 h
AT3G62380,down,1 h
AT3G63020,down,1 h
AT3G63230,down,1 h
AT4G00280,down,1 h
AT4G01170,down,1 h
AT4G02000,down,1 h
AT4G02910,down,1 h
AT4G03160,down,1 h
AT4G03380,down,1 h
AT4G03580,down,1 h
AT4G03740,down,1 h
AT4G04730,down,1 h
AT4G04980,down,1 h
AT4G07740,down,1 h
AT4G08630,down,1 h
AT4G08740,down,1 h
AT4G08760,down,1 h
AT4G09440,down,1 h
AT4G09660,down,1 h
AT4G09850,down,1 h
AT4G09860,down,1 h
AT4G10210,down,1 h
AT4G10220,down,1 h
AT4G10230,down,1 h
AT4G11020,down,1 h
AT4G11300,down,1 h
AT4G11700,down,1 h
AT4G11940,down,1 h
AT4G13261,down,1 h
AT4G13263,down,1 h
AT4G14260,down,1 h
AT4G14530,down,1 h
AT4G15050,down,1 h
AT4G15060,down,1 h
AT4G15096,down,1 h
AT4G15650,down,1 h
AT4G15710,down,1 h
AT4G16040,down,1 h
AT4G16090,down,1 h
AT4G17700,down,1 h
AT4G17850,down,1 h
AT4G17930,down,1 h
AT4G18000,down,1 h
AT4G18080,down,1 h
AT4G18090,down,1 h
AT4G18310,down,1 h
AT4G18395,down,1 h
AT4G18500,down,1 h
AT4G18540,down,1 h
AT4G18680,down,1 h
AT4G18850,down,1 h
AT4G19095,down,1 h
AT4G19240,down,1 h
AT4G19480,down,1 h
AT4G19620,down,1 h
AT4G20290,down,1 h
AT4G20670,down,1 h
AT4G21950,down,1 h
AT4G22440,down,1 h
AT4G23080,down,1 h
AT4G23350,down,1 h
AT4G23370,down,1 h
AT4G23380,down,1 h
AT4G23970,down,1 h
AT4G24030,down,1 h
AT4G24410,down,1 h
AT4G25330,down,1 h
AT4G25510,down,1 h
AT4G26040,down,1 h
AT4G27930,down,1 h
AT4G28870,down,1 h
AT4G33600,down,1 h
AT4G34690,down,1 h
AT4G35210,down,1 h
AT4G35680,down,1 h
AT4G36170,down,1 h
AT4G36370,down,1 h
AT4G36510,down,1 h
AT5G01130,down,1 h
AT5G01140,down,1 h
AT5G02660,down,1 h
AT5G03750,down,1 h
AT5G03930,down,1 h
AT5G04030,down,1 h
AT5G05030,down,1 h
AT5G06010,down,1 h
AT5G07490,down,1 h
AT5G09940,down,1 h
AT5G10590,down,1 h
AT5G11220,down,1 h
AT5G11660,down,1 h
AT5G12460,down,1 h
AT5G15560,down,1 h
AT5G16090,down,1 h
AT5G17180,down,1 h
AT5G17950,down,1 h
AT5G19710,down,1 h
AT5G21110,down,1 h
AT5G22680,down,1 h
AT5G23180,down,1 h
AT5G24790,down,1 h
AT5G25000,down,1 h
AT5G25030,down,1 h
AT5G25200,down,1 h
AT5G25600,down,1 h
AT5G25870,down,1 h
AT5G25960,down,1 h
AT5G25990,down,1 h
AT5G26100,down,1 h
AT5G26890,down,1 h
AT5G26970,down,1 h
AT5G28090,down,1 h
AT5G28190,down,1 h
AT5G28410,down,1 h
AT5G28550,down,1 h
AT5G28690,down,1 h
AT5G28720,down,1 h
AT5G28730,down,1 h
AT5G28950,down,1 h
AT5G29070,down,1 h
AT5G34885,down,1 h
AT5G35230,down,1 h
AT5G35470,down,1 h
AT5G35510,down,1 h
AT5G35540,down,1 h
AT5G36080,down,1 h
AT5G36770,down,1 h
AT5G36980,down,1 h
AT5G37320,down,1 h
AT5G37430,down,1 h
AT5G37520,down,1 h
AT5G37650,down,1 h
AT5G37730,down,1 h
AT5G37920,down,1 h
AT5G38190,down,1 h
AT5G38370,down,1 h
AT5G38490,down,1 h
AT5G38500,down,1 h
AT5G39010,down,1 h
AT5G39200,down,1 h
AT5G39430,down,1 h
AT5G39870,down,1 h
AT5G39920,down,1 h
AT5G41530,down,1 h
AT5G41630,down,1 h
AT5G41640,down,1 h
AT5G41720,down,1 h
AT5G42955,down,1 h
AT5G46300,down,1 h
AT5G46380,down,1 h
AT5G46440,down,1 h
AT5G46810,down,1 h
AT5G46820,down,1 h
AT5G48210,down,1 h
AT5G48280,down,1 h
AT5G48420,down,1 h
AT5G49260,down,1 h
AT5G50500,down,1 h
AT5G50830,down,1 h
AT5G50880,down,1 h
AT5G50910,down,1 h
AT5G51090,down,1 h
AT5G51580,down,1 h
AT5G51650,down,1 h
AT5G52130,down,1 h
AT5G52975,down,1 h
AT5G53670,down,1 h
AT5G53690,down,1 h
AT5G53740,down,1 h
AT5G53790,down,1 h
AT5G54320,down,1 h
AT5G54410,down,1 h
AT5G54450,down,1 h
AT5G54480,down,1 h
AT5G54560,down,1 h
AT5G55010,down,1 h
AT5G55870,down,1 h
AT5G55880,down,1 h
AT5G56070,down,1 h
AT5G56770,down,1 h
AT5G57730,down,1 h
AT5G58880,down,1 h
AT5G59305,down,1 h
AT5G60000,down,1 h
AT5G60380,down,1 h
AT5G61605,down,1 h
AT5G61710,down,1 h
AT5G62400,down,1 h
AT5G66340,down,1 h
AT2G02440,down,1 h
AT2G02490,down,1 h
AT2G02515,down,1 h
AT2G02840,down,1 h
AT2G03180,down,1 h
AT2G04220,down,1 h
AT2G04370,down,1 h
AT2G04675,down,1 h
AT2G04810,down,1 h
AT2G04870,down,1 h
AT2G05360,down,1 h
AT2G05370,down,1 h
AT2G05500,down,1 h
AT2G06420,down,1 h
AT2G06570,down,1 h
AT2G07110,down,1 h
AT2G07280,down,1 h
AT2G07310,down,1 h
AT2G09970,down,1 h
AT2G10340,down,1 h
AT2G10560,down,1 h
AT2G11010,down,1 h
AT2G11620,down,1 h
AT2G12290,down,1 h
AT2G13450,down,1 h
AT2G13510,down,1 h
AT2G14390,down,1 h
AT2G14810,down,1 h
AT2G15360,down,1 h
AT2G15610,down,1 h
AT2G16020,down,1 h
AT2G16520,down,1 h
AT2G17960,down,1 h
AT2G18200,down,1 h
AT2G18610,down,1 h
AT2G18810,down,1 h
AT2G18830,down,1 h
AT2G18920,down,1 h
AT2G18930,down,1 h
AT2G19300,down,1 h
AT2G19420,down,1 h
AT2G20070,down,1 h
AT2G20150,down,1 h
AT2G20616,down,1 h
AT2G20620,down,1 h
AT2G20805,down,1 h
AT2G21030,down,1 h
AT2G21655,down,1 h
AT2G21820,down,1 h
AT2G22320,down,1 h
AT2G22520,down,1 h
AT2G22940,down,1 h
AT2G23040,down,1 h
AT2G23440,down,1 h
AT2G23920,down,1 h
AT2G24080,down,1 h
AT2G24470,down,1 h
AT2G24780,down,1 h
AT2G25565,down,1 h
AT2G26050,down,1 h
AT2G27320,down,1 h
AT2G27670,down,1 h
AT2G29605,down,1 h
AT2G29850,down,1 h
AT2G29880,down,1 h
AT2G30430,down,1 h
AT2G30690,down,1 h
AT2G30925,down,1 h
AT2G31720,down,1 h
AT2G33420,down,1 h
AT2G34110,down,1 h
AT2G34270,down,1 h
AT2G34800,down,1 h
AT2G35250,down,1 h
AT2G36550,down,1 h
AT2G36940,down,1 h
AT2G39160,down,1 h
AT2G39520,down,1 h
AT2G40955,down,1 h
AT2G41590,down,1 h
AT2G41990,down,1 h
AT2G43450,down,1 h
AT2G46360,down,1 h
AT2G02795,down,1 h
AT2G02835,down,1 h
AT2G04037,down,1 h
AT2G04041,down,1 h
AT2G04515,down,1 h
AT2G05752,down,1 h
AT2G06906,down,1 h
AT2G07215,down,1 h
AT2G10602,down,1 h
AT2G10975,down,1 h
AT2G11405,down,1 h
AT2G11462,down,1 h
AT2G11623,down,1 h
AT2G11626,down,1 h
AT2G12875,down,1 h
AT2G12935,down,1 h
AT2G12945,down,1 h
AT2G13125,down,1 h
AT2G16015,down,1 h
AT2G17305,down,1 h
AT5G13825,down,1 h
AT5G22170,down,1 h
AT5G22180,down,1 h
AT5G22190,down,1 h
AT5G24355,down,1 h
AT5G27606,down,1 h
AT5G28295,down,1 h
AT5G28820,down,1 h
AT5G28823,down,1 h
AT5G28885,down,1 h
AT5G30341,down,1 h
AT5G33393,down,1 h
AT5G33898,down,1 h
AT5G34881,down,1 h
AT5G34883,down,1 h
AT5G35604,down,1 h
AT5G35695,down,1 h
AT5G35945,down,1 h
AT5G42957,down,1 h
AT5G45573,down,1 h
AT5G48575,down,1 h
AT5G50115,down,1 h
AT5G51105,down,1 h
AT5G53905,down,1 h
AT5G54062,down,1 h
AT5G54067,down,1 h
AT4G01245,down,1 h
AT4G01535,down,1 h
AT4G03165,down,1 h
AT4G05523,down,1 h
AT4G07675,down,1 h
AT4G07932,down,1 h
AT4G08025,down,1 h
AT4G08097,down,1 h
AT4G09775,down,1 h
AT4G09965,down,1 h
AT4G11385,down,1 h
AT4G15053,down,1 h
AT4G15056,down,1 h
AT1G02965,down,1 h
AT1G05615,down,1 h
AT1G07476,down,1 h
AT1G11145,down,1 h
AT1G16025,down,1 h
AT1G21323,down,1 h
AT1G21475,down,1 h
AT1G29355,down,1 h
AT1G35375,down,1 h
AT1G36925,down,1 h
AT1G36960,down,1 h
AT1G43415,down,1 h
AT1G43722,down,1 h
AT1G47495,down,1 h
AT1G48145,down,1 h
AT1G53265,down,1 h
AT1G59722,down,1 h
AT1G59835,down,1 h
AT1G59885,down,1 h
AT1G66045,down,1 h
AT1G66245,down,1 h
AT1G68845,down,1 h
AT1G71235,down,1 h
AT3G11300,down,1 h
AT3G13229,down,1 h
AT3G20155,down,1 h
AT3G24517,down,1 h
AT3G26616,down,1 h
AT3G28925,down,1 h
AT3G29385,down,1 h
AT3G29785,down,1 h
AT3G32904,down,1 h
AT3G33393,down,1 h
AT3G33494,down,1 h
AT3G42786,down,1 h
AT3G44115,down,1 h
AT3G44235,down,1 h
AT3G44935,down,1 h
AT3G48675,down,1 h
AT3G50373,down,1 h
AT3G53235,down,1 h
AT4G06490,down,1 h
AT1G40129,down,1 h
AT2G09388,down,1 h
AT2G26610,down,1 h
AT2G32905,down,1 h
AT2G35215,down,1 h
AT2G39975,down,1 h
AT2G42180,down,1 h
AT2G43745,down,1 h
AT2G43795,down,1 h
AT2G45380,down,1 h
AT3G23172,down,1 h
AT5G26640,down,1 h
AT5G29613,down,1 h
AT5G30520,down,1 h
AT2G03930,down,1 h
AT2G13126,down,1 h
AT2G14635,down,1 h
AT2G30985,down,1 h
AT2G31345,down,1 h
AT1G05085,down,1 h
AT1G53285,down,1 h
AT1G61097,down,1 h
AT3G05725,down,1 h
AT3G11405,down,1 h
AT3G49307,down,1 h
AT4G01985,down,1 h
AT4G27415,down,1 h
AT5G26805,down,1 h
AT5G35737,down,1 h
AT5G39630,down,1 h
AT2G23830,down,1 h
AT5G54460,down,1 h
AT4G35610,down,1 h
AT5G42640,down,1 h
AT4G12150,down,1 h
AT5G37220,down,1 h
AT5G41440,down,1 h
AT3G44785,down,1 h
AT1G48195,down,1 h
AT3G62850,down,1 h
AT3G43470,down,1 h
AT4G04775,down,1 h
AT5G61110,down,1 h
AT5G32613,down,1 h
AT4G05553,down,1 h
AT1G26320,down,1 h
AT3G03080,down,1 h
AT2G17785,down,1 h
AT1G64380,down,1 h
AT5G02550,down,2 h
AT5G66460,down,2 h
AT1G72520,down,2 h
AT5G08505,down,2 h
AT3G50320,down,2 h
AT5G35760,down,2 h
AT1G72820,down,2 h
AT1G28030,down,2 h
AT2G44800,down,2 h
AT1G50780,down,2 h
AT5G38120,down,2 h
AT5G09490,down,2 h
AT2G39590,down,2 h
AT3G28520,down,2 h
AT5G17740,down,2 h
AT5G17750,down,2 h
AT3G28415,down,2 h
AT4G27420,down,2 h
AT5G25320,down,2 h
AT4G03170,down,2 h
AT5G57720,down,2 h
AT1G08985,down,2 h
AT3G42723,down,2 h
AT1G49250,down,2 h
AT3G32280,down,2 h
AT5G07650,down,2 h
AT3G32400,down,2 h
AT5G20310,down,2 h
AT3G11680,down,2 h
AT1G50760,down,2 h
AT1G50770,down,2 h
AT5G18510,down,2 h
AT5G35810,down,2 h
AT5G04730,down,2 h
AT4G32630,down,2 h
AT1G59453,down,2 h
AT3G21880,down,2 h
AT4G10240,down,2 h
AT5G09780,down,2 h
AT1G10455,down,2 h
AT4G17580,down,2 h
AT4G05370,down,2 h
AT3G29740,down,2 h
AT4G01160,down,2 h
AT2G21235,down,2 h
AT5G35890,down,2 h
AT5G49250,down,2 h
AT4G12360,down,2 h
AT5G38160,down,2 h
AT5G38180,down,2 h
AT3G05440,down,2 h
AT5G44760,down,2 h
AT5G05120,down,2 h
AT5G27880,down,2 h
AT4G04404,down,2 h
AT3G01030,down,2 h
AT5G22990,down,2 h
AT5G61470,down,2 h
AT2G15740,down,2 h
AT5G15480,down,2 h
AT3G29340,down,2 h
AT3G45560,down,2 h
AT4G12210,down,2 h
AT2G24480,down,2 h
AT5G50640,down,2 h
AT1G58390,down,2 h
AT2G12880,down,2 h
AT2G15180,down,2 h
AT2G15185,down,2 h
AT1G04500,down,2 h
AT1G05290,down,2 h
AT2G33350,down,2 h
AT3G10116,down,2 h
AT2G01800,down,2 h
AT1G30060,down,2 h
AT2G34890,down,2 h
AT3G61720,down,2 h
AT2G21010,down,2 h
AT1G23250,down,2 h
AT5G62240,down,2 h
AT1G44478,down,2 h
AT5G56920,down,2 h
AT2G37435,down,2 h
AT2G39320,down,2 h
AT3G25850,down,2 h
AT5G16430,down,2 h
AT2G37810,down,2 h
AT3G05300,down,2 h
AT1G32720,down,2 h
AT5G51900,down,2 h
AT3G61035,down,2 h
AT1G32300,down,2 h
AT3G53050,down,2 h
AT3G52350,down,2 h
AT3G16680,down,2 h
AT4G21895,down,2 h
AT1G36095,down,2 h
AT2G05635,down,2 h
AT3G32330,down,2 h
AT5G28590,down,2 h
AT1G66420,down,2 h
AT4G00232,down,2 h
AT4G01260,down,2 h
AT2G01370,down,2 h
AT2G20613,down,2 h
AT5G41765,down,2 h
AT1G61700,down,2 h
AT4G19580,down,2 h
AT1G31530,down,2 h
AT1G49015,down,2 h
AT1G17615,down,2 h
AT4G21050,down,2 h
AT4G21040,down,2 h
AT1G54070,down,2 h
AT5G37870,down,2 h
AT5G37900,down,2 h
AT3G03272,down,2 h
AT3G27425,down,2 h
AT5G65370,down,2 h
AT3G23350,down,2 h
AT3G57970,down,2 h
AT3G11870,down,2 h
AT3G26820,down,2 h
AT2G29040,down,2 h
AT5G54820,down,2 h
AT2G07140,down,2 h
AT1G20735,down,2 h
AT1G12190,down,2 h
AT1G33020,down,2 h
AT3G16820,down,2 h
AT3G17530,down,2 h
AT3G22350,down,2 h
AT3G22720,down,2 h
AT1G67455,down,2 h
AT3G22421,down,2 h
AT1G12870,down,2 h
AT1G51290,down,2 h
AT4G04690,down,2 h
AT1G26510,down,2 h
AT1G31510,down,2 h
AT1G32600,down,2 h
AT1G46912,down,2 h
AT1G50470,down,2 h
AT1G59630,down,2 h
AT3G04250,down,2 h
AT3G06280,down,2 h
AT3G47130,down,2 h
AT3G47140,down,2 h
AT3G49440,down,2 h
AT3G52330,down,2 h
AT4G13060,down,2 h
AT5G39540,down,2 h
AT5G43550,down,2 h
AT5G62830,down,2 h
AT2G13630,down,2 h
AT5G44345,down,2 h
AT1G31163,down,2 h
AT1G53360,down,2 h
AT3G03405,down,2 h
AT1G11810,down,2 h
AT5G41490,down,2 h
AT3G25090,down,2 h
AT2G02660,down,2 h
AT3G23685,down,2 h
AT1G30790,down,2 h
AT1G30930,down,2 h
AT1G31090,down,2 h
AT3G18150,down,2 h
AT3G29830,down,2 h
AT3G49040,down,2 h
AT5G38570,down,2 h
AT3G28223,down,2 h
AT1G20800,down,2 h
AT1G27550,down,2 h
AT1G31080,down,2 h
AT1G53550,down,2 h
AT3G30430,down,2 h
AT1G54640,down,2 h
AT2G16810,down,2 h
AT1G32020,down,2 h
AT1G46840,down,2 h
AT1G46984,down,2 h
AT1G47300,down,2 h
AT1G47810,down,2 h
AT1G52490,down,2 h
AT1G53370,down,2 h
AT1G54550,down,2 h
AT1G56400,down,2 h
AT1G57580,down,2 h
AT1G60400,down,2 h
AT1G61060,down,2 h
AT1G66490,down,2 h
AT1G67130,down,2 h
AT3G19890,down,2 h
AT3G20690,down,2 h
AT3G23950,down,2 h
AT3G23970,down,2 h
AT3G44080,down,2 h
AT3G44090,down,2 h
AT3G44810,down,2 h
AT3G49450,down,2 h
AT3G60790,down,2 h
AT3G62230,down,2 h
AT4G11590,down,2 h
AT5G18160,down,2 h
AT5G36730,down,2 h
AT2G05970,down,2 h
AT2G14290,down,2 h
AT2G14710,down,2 h
AT2G15640,down,2 h
AT2G16300,down,2 h
AT2G19630,down,2 h
AT2G26850,down,2 h
AT2G38590,down,2 h
AT2G42730,down,2 h
AT2G16365,down,2 h
AT1G47915,down,2 h
AT1G59675,down,2 h
AT1G53815,down,2 h
AT4G00160,down,2 h
AT5G22670,down,2 h
AT5G56570,down,2 h
AT3G62440,down,2 h
AT2G27520,down,2 h
AT1G48400,down,2 h
AT1G16940,down,2 h
AT5G44960,down,2 h
AT3G13680,down,2 h
AT3G59610,down,2 h
AT4G19930,down,2 h
AT4G23580,down,2 h
AT4G39753,down,2 h
AT5G38670,down,2 h
AT5G39560,down,2 h
AT5G51250,down,2 h
AT2G29600,down,2 h
AT1G30710,down,2 h
AT1G30740,down,2 h
AT4G20800,down,2 h
AT1G19410,down,2 h
AT5G40750,down,2 h
AT5G11370,down,2 h
AT5G56325,down,2 h
AT5G56400,down,2 h
AT1G66310,down,2 h
AT3G49020,down,2 h
AT5G56430,down,2 h
AT5G56440,down,2 h
AT5G56452,down,2 h
AT5G38580,down,2 h
AT2G33796,down,2 h
AT5G26730,down,2 h
AT5G45180,down,2 h
AT1G61440,down,2 h
AT1G42190,down,2 h
AT3G61230,down,2 h
AT4G16220,down,2 h
AT5G03590,down,2 h
AT5G03810,down,2 h
AT5G03820,down,2 h
AT5G03980,down,2 h
AT5G42170,down,2 h
AT5G63170,down,2 h
AT2G19010,down,2 h
AT1G20135,down,2 h
AT1G48190,down,2 h
AT5G28180,down,2 h
AT2G29810,down,2 h
AT1G65210,down,2 h
AT4G12960,down,2 h
AT3G31402,down,2 h
AT1G35150,down,2 h
AT1G42710,down,2 h
AT3G29450,down,2 h
AT3G29763,down,2 h
AT3G29765,down,2 h
AT3G29638,down,2 h
AT1G27710,down,2 h
AT3G02670,down,2 h
AT4G33840,down,2 h
AT4G19750,down,2 h
AT5G17500,down,2 h
AT4G16550,down,2 h
AT4G16560,down,2 h
AT1G32910,down,2 h
AT5G23970,down,2 h
AT1G29780,down,2 h
AT2G21420,down,2 h
AT2G17160,down,2 h
AT5G59616,down,2 h
AT2G36260,down,2 h
AT1G73325,down,2 h
AT2G39030,down,2 h
AT5G15060,down,2 h
AT5G38760,down,2 h
AT3G24600,down,2 h
AT4G19470,down,2 h
AT5G49750,down,2 h
AT3G46350,down,2 h
AT1G33070,down,2 h
AT5G40070,down,2 h
AT5G55690,down,2 h
AT5G51860,down,2 h
AT1G48150,down,2 h
AT1G72350,down,2 h
AT1G23300,down,2 h
AT4G00350,down,2 h
AT2G34360,down,2 h
AT1G62410,down,2 h
AT4G32700,down,2 h
AT2G43730,down,2 h
AT3G44800,down,2 h
AT5G53960,down,2 h
AT5G20430,down,2 h
AT5G20440,down,2 h
AT2G44175,down,2 h
AT3G56520,down,2 h
AT3G60060,down,2 h
AT4G09360,down,2 h
AT4G27190,down,2 h
AT5G28660,down,2 h
AT5G27140,down,2 h
AT2G44070,down,2 h
AT1G60300,down,2 h
AT1G60340,down,2 h
AT3G20760,down,2 h
AT1G14800,down,2 h
AT2G05642,down,2 h
AT3G24330,down,2 h
AT3G49200,down,2 h
AT5G22490,down,2 h
AT1G11990,down,2 h
AT3G23770,down,2 h
AT1G63140,down,2 h
AT2G33845,down,2 h
AT5G07600,down,2 h
AT3G28490,down,2 h
AT4G05340,down,2 h
AT1G33830,down,2 h
AT1G33870,down,2 h
AT1G65780,down,2 h
AT1G65810,down,2 h
AT3G28610,down,2 h
AT4G08190,down,2 h
AT5G37030,down,2 h
AT5G37150,down,2 h
AT5G52090,down,2 h
AT5G66970,down,2 h
AT2G27570,down,2 h
AT2G30630,down,2 h
AT3G51690,down,2 h
AT3G51700,down,2 h
AT5G28780,down,2 h
AT5G41390,down,2 h
AT3G50808,down,2 h
AT4G40100,down,2 h
AT4G20100,down,2 h
AT1G29080,down,2 h
AT3G11350,down,2 h
AT2G41390,down,2 h
AT1G51910,down,2 h
AT5G38250,down,2 h
AT1G21245,down,2 h
AT4G15715,down,2 h
AT1G20750,down,2 h
AT3G06000,down,2 h
AT1G28040,down,2 h
AT2G35420,down,2 h
AT2G27940,down,2 h
AT1G53820,down,2 h
AT3G42830,down,2 h
AT2G38220,down,2 h
AT1G18770,down,2 h
AT1G21960,down,2 h
AT1G74620,down,2 h
AT1G77830,down,2 h
AT3G13228,down,2 h
AT3G14970,down,2 h
AT4G05350,down,2 h
AT4G12140,down,2 h
AT4G18110,down,2 h
AT5G05910,down,2 h
AT5G37280,down,2 h
AT5G41430,down,2 h
AT5G52150,down,2 h
AT5G67120,down,2 h
AT2G03000,down,2 h
AT2G15260,down,2 h
AT2G25360,down,2 h
AT2G29840,down,2 h
AT3G45555,down,2 h
AT3G43750,down,2 h
AT3G45540,down,2 h
AT3G45580,down,2 h
AT3G43180,down,2 h
AT2G25370,down,2 h
AT5G07225,down,2 h
AT3G52980,down,2 h
AT1G45100,down,2 h
AT5G03580,down,2 h
AT5G05720,down,2 h
AT5G53720,down,2 h
AT5G59860,down,2 h
AT2G14870,down,2 h
AT2G21690,down,2 h
AT2G14160,down,2 h
AT3G10845,down,2 h
AT3G25720,down,2 h
AT5G52480,down,2 h
AT1G47920,down,2 h
AT4G03630,down,2 h
AT3G59180,down,2 h
AT1G18790,down,2 h
AT5G66990,down,2 h
AT5G46025,down,2 h
AT3G22020,down,2 h
AT1G51900,down,2 h
AT3G15490,down,2 h
AT4G20220,down,2 h
AT3G04200,down,2 h
AT4G10290,down,2 h
AT5G66430,down,2 h
AT3G23460,down,2 h
AT3G44840,down,2 h
AT2G24620,down,2 h
AT3G43120,down,2 h
AT2G36210,down,2 h
AT4G19340,down,2 h
AT4G19360,down,2 h
AT5G03600,down,2 h
AT4G39020,down,2 h
AT3G16600,down,2 h
AT1G18050,down,2 h
AT1G20240,down,2 h
AT1G20290,down,2 h
AT1G20690,down,2 h
AT1G63280,down,2 h
AT5G44316,down,2 h
AT3G46840,down,2 h
AT4G10540,down,2 h
AT5G11940,down,2 h
AT5G45640,down,2 h
AT5G58820,down,2 h
AT5G39230,down,2 h
AT4G11340,down,2 h
AT5G17970,down,2 h
AT5G45230,down,2 h
AT1G31380,down,2 h
AT1G31400,down,2 h
AT3G22080,down,2 h
AT3G58240,down,2 h
AT3G58250,down,2 h
AT3G58260,down,2 h
AT3G58340,down,2 h
AT3G58360,down,2 h
AT3G58410,down,2 h
AT2G01790,down,2 h
AT2G15710,down,2 h
AT2G42460,down,2 h
AT2G42470,down,2 h
AT3G44805,down,2 h
AT2G06541,down,2 h
AT1G66960,down,2 h
AT1G47370,down,2 h
AT1G57850,down,2 h
AT1G60320,down,2 h
AT2G03030,down,2 h
AT2G03300,down,2 h
AT1G09665,down,2 h
AT4G19910,down,2 h
AT1G51210,down,2 h
AT3G01010,down,2 h
AT3G32090,down,2 h
AT1G80990,down,2 h
AT2G16490,down,2 h
AT4G01780,down,2 h
AT2G02550,down,2 h
AT5G42910,down,2 h
AT2G04750,down,2 h
AT2G07020,down,2 h
AT5G02730,down,2 h
AT2G38150,down,2 h
AT1G47780,down,2 h
AT1G52460,down,2 h
AT3G55190,down,2 h
AT5G22960,down,2 h
AT5G47350,down,2 h
AT1G52695,down,2 h
AT2G27240,down,2 h
AT5G13940,down,2 h
AT5G35830,down,2 h
AT5G50140,down,2 h
AT5G54700,down,2 h
AT5G60070,down,2 h
AT2G16835,down,2 h
AT1G32880,down,2 h
AT3G29750,down,2 h
AT4G12920,down,2 h
AT4G30030,down,2 h
AT4G04985,down,2 h
AT1G31450,down,2 h
AT2G28010,down,2 h
AT5G13350,down,2 h
AT5G13380,down,2 h
AT1G33880,down,2 h
AT2G31215,down,2 h
AT2G15170,down,2 h
AT4G32100,down,2 h
AT4G32105,down,2 h
AT1G66770,down,2 h
AT2G39060,down,2 h
AT1G69190,down,2 h
AT1G32280,down,2 h
AT5G56480,down,2 h
AT1G43666,down,2 h
AT3G22580,down,2 h
AT4G14815,down,2 h
AT5G52160,down,2 h
AT1G43667,down,2 h
AT4G23120,down,2 h
AT2G25120,down,2 h
AT1G66120,down,2 h
AT4G20080,down,2 h
AT4G15755,down,2 h
AT1G23240,down,2 h
AT5G29560,down,2 h
AT3G54570,down,2 h
AT3G58480,down,2 h
AT4G03290,down,2 h
AT2G04910,down,2 h
AT2G42930,down,2 h
AT5G07170,down,2 h
AT5G27080,down,2 h
AT5G26900,down,2 h
AT5G37760,down,2 h
AT1G18130,down,2 h
AT5G27800,down,2 h
AT1G07850,down,2 h
AT2G16200,down,2 h
AT4G12270,down,2 h
AT4G12280,down,2 h
AT5G52700,down,2 h
AT5G52720,down,2 h
AT5G52730,down,2 h
AT1G51915,down,2 h
AT5G39370,down,2 h
AT1G63190,down,2 h
AT1G63205,down,2 h
AT4G03570,down,2 h
AT4G03590,down,2 h
AT4G03565,down,2 h
AT5G17110,down,2 h
AT5G17120,down,2 h
AT1G37020,down,2 h
AT1G03720,down,2 h
AT5G17080,down,2 h
AT5G17130,down,2 h
AT5G02330,down,2 h
AT5G55800,down,2 h
AT2G44400,down,2 h
AT5G29624,down,2 h
AT1G45243,down,2 h
AT4G29600,down,2 h
AT4G29630,down,2 h
AT1G29620,down,2 h
AT2G34120,down,2 h
AT1G61688,down,2 h
AT5G42235,down,2 h
AT1G56553,down,2 h
AT5G60553,down,2 h
AT5G55565,down,2 h
AT3G16895,down,2 h
AT5G54745,down,2 h
AT5G60500,down,2 h
AT4G11180,down,2 h
AT5G44300,down,2 h
AT1G65450,down,2 h
AT3G10595,down,2 h
AT4G08550,down,2 h
AT2G03040,down,2 h
AT2G03290,down,2 h
AT3G09990,down,2 h
AT3G23220,down,2 h
AT5G43410,down,2 h
AT1G49120,down,2 h
AT2G20350,down,2 h
AT5G67000,down,2 h
AT5G57650,down,2 h
AT5G41250,down,2 h
AT3G45810,down,2 h
AT3G09750,down,2 h
AT5G39110,down,2 h
AT3G04170,down,2 h
AT3G04190,down,2 h
AT3G11920,down,2 h
AT1G30795,down,2 h
AT1G44085,down,2 h
AT2G04063,down,2 h
AT2G15340,down,2 h
AT3G29033,down,2 h
AT2G46190,down,2 h
AT4G13760,down,2 h
AT5G44830,down,2 h
AT5G44840,down,2 h
AT3G42155,down,2 h
AT5G63225,down,2 h
AT1G77780,down,2 h
AT3G55780,down,2 h
AT3G62710,down,2 h
AT4G19730,down,2 h
AT5G16700,down,2 h
AT2G39640,down,2 h
AT3G18180,down,2 h
AT3G57620,down,2 h
AT2G06500,down,2 h
AT5G31412,down,2 h
AT5G33406,down,2 h
AT1G43260,down,2 h
AT3G13010,down,2 h
AT5G54210,down,2 h
AT2G04930,down,2 h
AT1G20320,down,2 h
AT3G21490,down,2 h
AT5G37860,down,2 h
AT4G23882,down,2 h
AT1G57780,down,2 h
AT2G28090,down,2 h
AT5G13130,down,2 h
AT5G46010,down,2 h
AT1G01150,down,2 h
AT1G43330,down,2 h
AT4G04580,down,2 h
AT5G23650,down,2 h
AT1G56530,down,2 h
AT5G26070,down,2 h
AT5G34581,down,2 h
AT1G19025,down,2 h
AT4G23110,down,2 h
AT3G17230,down,2 h
AT3G59590,down,2 h
AT5G49860,down,2 h
AT3G59620,down,2 h
AT4G11745,down,2 h
AT5G10500,down,2 h
AT5G41310,down,2 h
AT2G03740,down,2 h
AT5G22590,down,2 h
AT1G24650,down,2 h
AT4G20790,down,2 h
AT3G42880,down,2 h
AT1G53420,down,2 h
AT2G19230,down,2 h
AT3G52690,down,2 h
AT5G24180,down,2 h
AT5G24220,down,2 h
AT4G11030,down,2 h
AT3G02160,down,2 h
AT4G38120,down,2 h
AT3G28450,down,2 h
AT3G10890,down,2 h
AT5G46000,down,2 h
AT2G16225,down,2 h
AT2G16505,down,2 h
AT1G45403,down,2 h
AT1G65050,down,2 h
AT3G58290,down,2 h
AT5G40290,down,2 h
AT2G39790,down,2 h
AT5G14290,down,2 h
AT1G07025,down,2 h
AT5G47290,down,2 h
AT3G10113,down,2 h
AT1G32010,down,2 h
AT1G36100,down,2 h
AT3G30230,down,2 h
AT3G42060,down,2 h
AT5G32590,down,2 h
AT5G41780,down,2 h
AT2G15420,down,2 h
AT1G19040,down,2 h
AT3G04410,down,2 h
AT5G07050,down,2 h
AT1G25270,down,2 h
AT3G07250,down,2 h
AT2G06904,down,2 h
AT4G06479,down,2 h
AT4G06526,down,2 h
AT1G36510,down,2 h
AT1G52950,down,2 h
AT5G25400,down,2 h
AT5G49920,down,2 h
AT1G52790,down,2 h
AT3G47190,down,2 h
AT4G10490,down,2 h
AT4G35820,down,2 h
AT1G23810,down,2 h
AT1G24200,down,2 h
AT1G27220,down,2 h
AT1G27240,down,2 h
AT1G27250,down,2 h
AT1G27270,down,2 h
AT1G27280,down,2 h
AT5G35610,down,2 h
AT5G47340,down,2 h
AT1G60410,down,2 h
AT5G63740,down,2 h
AT4G33355,down,2 h
AT2G24810,down,2 h
AT1G17150,down,2 h
AT4G32370,down,2 h
AT4G35670,down,2 h
AT5G27530,down,2 h
AT5G39910,down,2 h
AT2G40310,down,2 h
AT2G31430,down,2 h
AT1G23450,down,2 h
AT1G28000,down,2 h
AT1G28020,down,2 h
AT1G43010,down,2 h
AT1G47940,down,2 h
AT1G63070,down,2 h
AT3G11380,down,2 h
AT3G17370,down,2 h
AT5G28420,down,2 h
AT5G05050,down,2 h
AT4G24300,down,2 h
AT1G22080,down,2 h
AT3G44780,down,2 h
AT3G50990,down,2 h
AT1G24110,down,2 h
AT3G42570,down,2 h
AT3G03670,down,2 h
AT5G58400,down,2 h
AT2G03250,down,2 h
AT1G27570,down,2 h
AT1G51040,down,2 h
AT3G60420,down,2 h
AT1G09935,down,2 h
AT4G29460,down,2 h
AT1G13680,down,2 h
AT3G58330,down,2 h
AT3G58280,down,2 h
AT3G03510,down,2 h
AT1G48010,down,2 h
AT1G54620,down,2 h
AT1G55770,down,2 h
AT3G55680,down,2 h
AT3G62180,down,2 h
AT5G46970,down,2 h
AT5G46980,down,2 h
AT5G46990,down,2 h
AT5G50050,down,2 h
AT5G50070,down,2 h
AT2G15345,down,2 h
AT1G50340,down,2 h
AT1G56100,down,2 h
AT3G17140,down,2 h
AT5G50030,down,2 h
AT4G30380,down,2 h
AT1G51230,down,2 h
AT1G51250,down,2 h
AT1G09245,down,2 h
AT1G58242,down,2 h
AT3G30200,down,2 h
AT1G40087,down,2 h
AT3G17675,down,2 h
AT2G15470,down,2 h
AT3G12430,down,2 h
AT5G42905,down,2 h
AT4G13885,down,2 h
AT1G68270,down,2 h
AT1G11560,down,2 h
AT1G11590,down,2 h
AT2G40990,down,2 h
AT1G22210,down,2 h
AT5G10100,down,2 h
AT1G31250,down,2 h
AT5G26080,down,2 h
AT4G34440,down,2 h
AT3G11825,down,2 h
AT3G59455,down,2 h
AT5G44265,down,2 h
AT4G07670,down,2 h
AT4G27890,down,2 h
AT2G17180,down,2 h
AT2G22040,down,2 h
AT1G59690,down,2 h
AT5G28620,down,2 h
AT3G20530,down,2 h
AT3G43950,down,2 h
AT3G45670,down,2 h
AT3G45920,down,2 h
AT3G52530,down,2 h
AT3G53640,down,2 h
AT5G12090,down,2 h
AT5G27790,down,2 h
AT5G60080,down,2 h
AT5G60090,down,2 h
AT2G05060,down,2 h
AT5G26150,down,2 h
AT1G16760,down,2 h
AT3G46160,down,2 h
AT3G01085,down,2 h
AT3G23650,down,2 h
AT2G17170,down,2 h
AT2G18530,down,2 h
AT3G43630,down,2 h
AT3G32920,down,2 h
AT2G13720,down,2 h
AT5G37910,down,2 h
AT3G23680,down,2 h
AT2G04920,down,2 h
AT1G32420,down,2 h
AT1G32660,down,2 h
AT1G33010,down,2 h
AT1G47390,down,2 h
AT1G47730,down,2 h
AT1G47800,down,2 h
AT1G50870,down,2 h
AT1G50880,down,2 h
AT1G57690,down,2 h
AT1G58310,down,2 h
AT1G67160,down,2 h
AT1G67390,down,2 h
AT1G67450,down,2 h
AT1G67623,down,2 h
AT1G70960,down,2 h
AT1G70970,down,2 h
AT3G03730,down,2 h
AT3G17270,down,2 h
AT3G17490,down,2 h
AT3G17620,down,2 h
AT3G19560,down,2 h
AT3G21120,down,2 h
AT3G22710,down,2 h
AT3G22940,down,2 h
AT3G24580,down,2 h
AT3G44060,down,2 h
AT3G44130,down,2 h
AT3G47020,down,2 h
AT3G49980,down,2 h
AT3G52320,down,2 h
AT3G58950,down,2 h
AT3G58960,down,2 h
AT4G09190,down,2 h
AT4G10740,down,2 h
AT4G17200,down,2 h
AT4G21240,down,2 h
AT4G22165,down,2 h
AT4G22170,down,2 h
AT4G22180,down,2 h
AT4G29970,down,2 h
AT5G15660,down,2 h
AT5G15670,down,2 h
AT5G36200,down,2 h
AT5G38390,down,2 h
AT5G39470,down,2 h
AT5G40050,down,2 h
AT5G41500,down,2 h
AT5G42430,down,2 h
AT5G44940,down,2 h
AT5G44970,down,2 h
AT5G47300,down,2 h
AT5G50220,down,2 h
AT5G51000,down,2 h
AT5G52610,down,2 h
AT5G62060,down,2 h
AT2G02030,down,2 h
AT2G16220,down,2 h
AT2G16290,down,2 h
AT2G16450,down,2 h
AT2G26160,down,2 h
AT2G33190,down,2 h
AT5G16285,down,2 h
AT3G17265,down,2 h
AT1G22000,down,2 h
AT1G66300,down,2 h
AT4G26350,down,2 h
AT5G25850,down,2 h
AT5G62970,down,2 h
AT3G42770,down,2 h
AT3G58920,down,2 h
AT3G59160,down,2 h
AT3G59170,down,2 h
AT3G59240,down,2 h
AT4G13960,down,2 h
AT5G38386,down,2 h
AT5G38396,down,2 h
AT1G11620,down,2 h
AT1G12170,down,2 h
AT1G15680,down,2 h
AT1G62270,down,2 h
AT3G17540,down,2 h
AT3G17570,down,2 h
AT3G22730,down,2 h
AT3G22870,down,2 h
AT3G47150,down,2 h
AT4G11750,down,2 h
AT4G11770,down,2 h
AT4G12810,down,2 h
AT4G12820,down,2 h
AT4G22430,down,2 h
AT4G39756,down,2 h
AT4G39760,down,2 h
AT5G02980,down,2 h
AT5G28160,down,2 h
AT5G38680,down,2 h
AT2G29780,down,2 h
AT2G41360,down,2 h
AT1G05080,down,2 h
AT1G61330,down,2 h
AT3G60710,down,2 h
AT5G56390,down,2 h
AT5G56690,down,2 h
AT1G70870,down,2 h
AT1G53010,down,2 h
AT5G57750,down,2 h
AT5G53040,down,2 h
AT3G12000,down,2 h
AT5G18330,down,2 h
AT3G45990,down,2 h
AT2G13150,down,2 h
AT5G20390,down,2 h
AT5G25430,down,2 h
AT1G32250,down,2 h
AT3G01830,down,2 h
AT1G03050,down,2 h
AT3G49340,down,2 h
AT3G29040,down,2 h
AT3G21910,down,2 h
AT3G22010,down,2 h
AT4G20680,down,2 h
AT1G32710,down,2 h
AT3G51210,down,2 h
AT5G56369,down,2 h
AT5G46877,down,2 h
AT5G66890,down,2 h
AT3G13280,down,2 h
AT3G04150,down,2 h
AT1G29870,down,2 h
AT2G10550,down,2 h
AT5G11400,down,2 h
AT5G50040,down,2 h
AT5G34780,down,2 h
AT2G04300,down,2 h
AT2G14440,down,2 h
AT3G15870,down,2 h
AT5G55330,down,2 h
AT5G55320,down,2 h
AT3G30540,down,2 h
AT3G53070,down,2 h
AT4G10440,down,2 h
AT3G51070,down,2 h
AT5G37610,down,2 h
AT3G45690,down,2 h
AT3G43660,down,2 h
AT1G50050,down,2 h
AT3G09590,down,2 h
AT3G24130,down,2 h
AT5G07410,down,2 h
AT5G07420,down,2 h
AT5G26810,down,2 h
AT5G18990,down,2 h
AT4G03930,down,2 h
AT4G15980,down,2 h
AT5G49180,down,2 h
AT3G42560,down,2 h
AT3G17550,down,2 h
AT4G11730,down,2 h
AT3G18810,down,2 h
AT1G76370,down,2 h
AT3G50720,down,2 h
AT3G50730,down,2 h
AT2G16620,down,2 h
AT4G08260,down,2 h
AT2G30730,down,2 h
AT2G40580,down,2 h
AT1G72760,down,2 h
AT5G48700,down,2 h
AT5G55855,down,2 h
AT4G20200,down,2 h
AT4G18330,down,2 h
AT2G27700,down,2 h
AT4G04402,down,2 h
AT2G07440,down,2 h
AT1G56040,down,2 h
AT1G22720,down,2 h
AT1G17910,down,2 h
AT1G29570,down,2 h
AT3G22030,down,2 h
AT4G11890,down,2 h
AT3G21960,down,2 h
AT3G23270,down,2 h
AT2G01240,down,2 h
AT3G30820,down,2 h
AT3G44570,down,2 h
AT2G14000,down,2 h
AT3G25270,down,2 h
AT5G51610,down,2 h
AT1G33850,down,2 h
AT4G36100,down,2 h
AT3G26860,down,2 h
AT3G54925,down,2 h
AT3G17080,down,2 h
AT3G24060,down,2 h
AT3G26870,down,2 h
AT3G26880,down,2 h
AT3G27680,down,2 h
AT3G57840,down,2 h
AT5G04350,down,2 h
AT5G06030,down,2 h
AT5G11830,down,2 h
AT5G12060,down,2 h
AT5G26050,down,2 h
AT5G38440,down,2 h
AT2G06090,down,2 h
AT2G24880,down,2 h
AT4G10895,down,2 h
AT1G11765,down,2 h
AT1G04645,down,2 h
AT1G26795,down,2 h
AT1G26798,down,2 h
AT5G06040,down,2 h
AT3G45220,down,2 h
AT5G44630,down,2 h
AT4G03156,down,2 h
AT1G11925,down,2 h
AT3G22040,down,2 h
AT3G46850,down,2 h
AT5G59110,down,2 h
AT4G21260,down,2 h
AT4G26280,down,2 h
AT5G10880,down,2 h
AT1G58450,down,2 h
AT5G44330,down,2 h
AT5G43120,down,2 h
AT5G51360,down,2 h
AT2G33090,down,2 h
AT2G33300,down,2 h
AT1G25330,down,2 h
AT5G27310,down,2 h
AT2G13640,down,2 h
AT2G27780,down,2 h
AT4G38070,down,2 h
AT1G30670,down,2 h
AT1G12540,down,2 h
AT4G20810,down,2 h
AT4G10680,down,2 h
AT4G21010,down,2 h
AT5G32460,down,2 h
AT4G31690,down,2 h
AT3G16040,down,2 h
AT2G31690,down,2 h
AT3G02270,down,2 h
AT5G28237,down,2 h
AT1G65990,down,2 h
AT1G65140,down,2 h
AT1G65170,down,2 h
AT1G65130,down,2 h
AT2G27650,down,2 h
AT4G03350,down,2 h
AT4G05240,down,2 h
AT4G05250,down,2 h
AT4G05260,down,2 h
AT4G05270,down,2 h
AT5G09340,down,2 h
AT5G11080,down,2 h
AT2G32360,down,2 h
AT3G45180,down,2 h
AT5G25340,down,2 h
AT1G31370,down,2 h
AT3G58230,down,2 h
AT3G58320,down,2 h
AT4G22420,down,2 h
AT2G05430,down,2 h
AT1G23590,down,2 h
AT3G49270,down,2 h
AT1G48953,down,2 h
AT1G61353,down,2 h
AT2G11851,down,2 h
AT2G20170,down,2 h
AT2G41225,down,2 h
AT2G43255,down,2 h
AT3G27415,down,2 h
AT3G60000,down,2 h
AT3G62097,down,2 h
AT4G10970,down,2 h
AT4G16460,down,2 h
AT4G18692,down,2 h
AT5G43240,down,2 h
AT4G17590,down,2 h
AT4G18320,down,2 h
AT1G05550,down,2 h
AT1G33940,down,2 h
AT2G02498,down,2 h
AT2G20970,down,2 h
AT3G13677,down,2 h
AT5G35603,down,2 h
AT1G36922,down,2 h
AT2G38890,down,2 h
AT1G02070,down,2 h
AT1G07190,down,2 h
AT1G10100,down,2 h
AT1G10190,down,2 h
AT1G10250,down,2 h
AT1G12180,down,2 h
AT1G15610,down,2 h
AT1G19500,down,2 h
AT1G20400,down,2 h
AT1G20740,down,2 h
AT1G22010,down,2 h
AT1G22120,down,2 h
AT1G23270,down,2 h
AT1G23580,down,2 h
AT1G23610,down,2 h
AT1G23640,down,2 h
AT1G23680,down,2 h
AT1G23690,down,2 h
AT1G24010,down,2 h
AT1G24060,down,2 h
AT1G24390,down,2 h
AT1G24822,down,2 h
AT1G25300,down,2 h
AT1G26140,down,2 h
AT1G26350,down,2 h
AT1G28375,down,2 h
AT1G29480,down,2 h
AT1G29580,down,2 h
AT1G30020,down,2 h
AT1G31270,down,2 h
AT1G31520,down,2 h
AT1G31620,down,2 h
AT1G31960,down,2 h
AT1G32650,down,2 h
AT1G34400,down,2 h
AT1G35400,down,2 h
AT1G35614,down,2 h
AT1G35820,down,2 h
AT1G36020,down,2 h
AT1G36580,down,2 h
AT1G38950,down,2 h
AT1G42700,down,2 h
AT1G43630,down,2 h
AT1G43680,down,2 h
AT1G43720,down,2 h
AT1G43970,down,2 h
AT1G44010,down,2 h
AT1G44674,down,2 h
AT1G46336,down,2 h
AT1G46696,down,2 h
AT1G47470,down,2 h
AT1G47485,down,2 h
AT1G47660,down,2 h
AT1G47813,down,2 h
AT1G48095,down,2 h
AT1G49260,down,2 h
AT1G49290,down,2 h
AT1G50530,down,2 h
AT1G50800,down,2 h
AT1G51000,down,2 h
AT1G52390,down,2 h
AT1G53640,down,2 h
AT1G54420,down,2 h
AT1G54700,down,2 h
AT1G54880,down,2 h
AT1G55220,down,2 h
AT1G57906,down,2 h
AT1G59535,down,2 h
AT1G62080,down,2 h
AT1G62210,down,2 h
AT1G62920,down,2 h
AT1G64340,down,2 h
AT1G64870,down,2 h
AT1G65740,down,2 h
AT1G65760,down,2 h
AT1G67540,down,2 h
AT1G67865,down,2 h
AT1G68875,down,2 h
AT1G69470,down,2 h
AT1G70120,down,2 h
AT1G71470,down,2 h
AT1G72080,down,2 h
AT1G72580,down,2 h
AT1G73510,down,2 h
AT1G76840,down,2 h
AT1G76910,down,2 h
AT1G77910,down,2 h
AT1G77960,down,2 h
AT1G78470,down,2 h
AT1G78640,down,2 h
AT3G01250,down,2 h
AT3G01880,down,2 h
AT3G04990,down,2 h
AT3G05080,down,2 h
AT3G06090,down,2 h
AT3G07710,down,2 h
AT3G09140,down,2 h
AT3G11060,down,2 h
AT3G11310,down,2 h
AT3G12840,down,2 h
AT3G13370,down,2 h
AT3G15860,down,2 h
AT3G15910,down,2 h
AT3G16960,down,2 h
AT3G21320,down,2 h
AT3G21570,down,2 h
AT3G21980,down,2 h
AT3G23040,down,2 h
AT3G23850,down,2 h
AT3G24260,down,2 h
AT3G24690,down,2 h
AT3G27800,down,2 h
AT3G28020,down,2 h
AT3G28120,down,2 h
AT3G28260,down,2 h
AT3G28280,down,2 h
AT3G28630,down,2 h
AT3G28770,down,2 h
AT3G28780,down,2 h
AT3G28790,down,2 h
AT3G28810,down,2 h
AT3G28830,down,2 h
AT3G28870,down,2 h
AT3G28980,down,2 h
AT3G28990,down,2 h
AT3G29080,down,2 h
AT3G29570,down,2 h
AT3G29790,down,2 h
AT3G29791,down,2 h
AT3G30220,down,2 h
AT3G30320,down,2 h
AT3G30845,down,2 h
AT3G31350,down,2 h
AT3G31400,down,2 h
AT3G31910,down,2 h
AT3G31950,down,2 h
AT3G32050,down,2 h
AT3G32100,down,2 h
AT3G32120,down,2 h
AT3G32130,down,2 h
AT3G32150,down,2 h
AT3G32190,down,2 h
AT3G32200,down,2 h
AT3G32960,down,2 h
AT3G42310,down,2 h
AT3G42380,down,2 h
AT3G42390,down,2 h
AT3G42780,down,2 h
AT3G42870,down,2 h
AT3G42940,down,2 h
AT3G42970,down,2 h
AT3G43250,down,2 h
AT3G43260,down,2 h
AT3G43290,down,2 h
AT3G43410,down,2 h
AT3G43480,down,2 h
AT3G43500,down,2 h
AT3G43880,down,2 h
AT3G43900,down,2 h
AT3G43970,down,2 h
AT3G44210,down,2 h
AT3G44230,down,2 h
AT3G44580,down,2 h
AT3G44980,down,2 h
AT3G45200,down,2 h
AT3G45910,down,2 h
AT3G46240,down,2 h
AT3G46380,down,2 h
AT3G46390,down,2 h
AT3G48220,down,2 h
AT3G49230,down,2 h
AT3G49610,down,2 h
AT3G51020,down,2 h
AT3G52700,down,2 h
AT3G52830,down,2 h
AT3G54550,down,2 h
AT3G55570,down,2 h
AT3G56180,down,2 h
AT3G56390,down,2 h
AT3G56610,down,2 h
AT3G57850,down,2 h
AT3G58310,down,2 h
AT3G59460,down,2 h
AT3G60760,down,2 h
AT3G61500,down,2 h
AT3G62350,down,2 h
AT3G63020,down,2 h
AT3G63230,down,2 h
AT4G00280,down,2 h
AT4G01170,down,2 h
AT4G02870,down,2 h
AT4G03040,down,2 h
AT4G03160,down,2 h
AT4G03380,down,2 h
AT4G03580,down,2 h
AT4G03740,down,2 h
AT4G03830,down,2 h
AT4G04480,down,2 h
AT4G04980,down,2 h
AT4G07740,down,2 h
AT4G08630,down,2 h
AT4G08740,down,2 h
AT4G08760,down,2 h
AT4G09440,down,2 h
AT4G09660,down,2 h
AT4G09860,down,2 h
AT4G09880,down,2 h
AT4G10210,down,2 h
AT4G10220,down,2 h
AT4G10230,down,2 h
AT4G10870,down,2 h
AT4G11020,down,2 h
AT4G11300,down,2 h
AT4G12220,down,2 h
AT4G13261,down,2 h
AT4G14530,down,2 h
AT4G15050,down,2 h
AT4G15060,down,2 h
AT4G15096,down,2 h
AT4G15650,down,2 h
AT4G16090,down,2 h
AT4G17850,down,2 h
AT4G17930,down,2 h
AT4G18000,down,2 h
AT4G18080,down,2 h
AT4G18540,down,2 h
AT4G18850,down,2 h
AT4G19095,down,2 h
AT4G19240,down,2 h
AT4G19620,down,2 h
AT4G21950,down,2 h
AT4G22440,down,2 h
AT4G23080,down,2 h
AT4G23350,down,2 h
AT4G23370,down,2 h
AT4G23970,down,2 h
AT4G24030,down,2 h
AT4G25330,down,2 h
AT4G26040,down,2 h
AT4G27930,down,2 h
AT4G28870,down,2 h
AT4G28920,down,2 h
AT4G33320,down,2 h
AT4G33390,down,2 h
AT4G34550,down,2 h
AT4G34690,down,2 h
AT4G35210,down,2 h
AT4G35680,down,2 h
AT4G35725,down,2 h
AT4G36170,down,2 h
AT4G36370,down,2 h
AT4G36460,down,2 h
AT4G36510,down,2 h
AT4G36560,down,2 h
AT5G01130,down,2 h
AT5G01140,down,2 h
AT5G02660,down,2 h
AT5G03750,down,2 h
AT5G03920,down,2 h
AT5G03930,down,2 h
AT5G05030,down,2 h
AT5G06010,down,2 h
AT5G07490,down,2 h
AT5G10590,down,2 h
AT5G11220,down,2 h
AT5G11660,down,2 h
AT5G14990,down,2 h
AT5G15560,down,2 h
AT5G17180,down,2 h
AT5G19710,down,2 h
AT5G20100,down,2 h
AT5G21110,down,2 h
AT5G22680,down,2 h
AT5G23180,down,2 h
AT5G25000,down,2 h
AT5G25030,down,2 h
AT5G25600,down,2 h
AT5G25950,down,2 h
AT5G25960,down,2 h
AT5G25990,down,2 h
AT5G26840,down,2 h
AT5G26970,down,2 h
AT5G27010,down,2 h
AT5G27340,down,2 h
AT5G28190,down,2 h
AT5G28410,down,2 h
AT5G28550,down,2 h
AT5G28690,down,2 h
AT5G28730,down,2 h
AT5G28950,down,2 h
AT5G29070,down,2 h
AT5G35230,down,2 h
AT5G35470,down,2 h
AT5G35510,down,2 h
AT5G35540,down,2 h
AT5G36080,down,2 h
AT5G36770,down,2 h
AT5G36980,down,2 h
AT5G37420,down,2 h
AT5G37520,down,2 h
AT5G37650,down,2 h
AT5G37920,down,2 h
AT5G38190,down,2 h
AT5G38370,down,2 h
AT5G38490,down,2 h
AT5G38500,down,2 h
AT5G39010,down,2 h
AT5G39200,down,2 h
AT5G39870,down,2 h
AT5G39920,down,2 h
AT5G41530,down,2 h
AT5G41630,down,2 h
AT5G41640,down,2 h
AT5G46300,down,2 h
AT5G46810,down,2 h
AT5G48210,down,2 h
AT5G49260,down,2 h
AT5G50500,down,2 h
AT5G50880,down,2 h
AT5G50910,down,2 h
AT5G51090,down,2 h
AT5G51650,down,2 h
AT5G52130,down,2 h
AT5G52975,down,2 h
AT5G53670,down,2 h
AT5G53690,down,2 h
AT5G53740,down,2 h
AT5G53790,down,2 h
AT5G54320,down,2 h
AT5G54330,down,2 h
AT5G54410,down,2 h
AT5G54450,down,2 h
AT5G54480,down,2 h
AT5G54560,down,2 h
AT5G55010,down,2 h
AT5G55870,down,2 h
AT5G55880,down,2 h
AT5G56070,down,2 h
AT5G56770,down,2 h
AT5G57730,down,2 h
AT5G58880,down,2 h
AT5G59305,down,2 h
AT5G60000,down,2 h
AT5G61605,down,2 h
AT5G61630,down,2 h
AT5G61710,down,2 h
AT5G62400,down,2 h
AT5G66340,down,2 h
AT5G66370,down,2 h
AT5G67040,down,2 h
AT2G02440,down,2 h
AT2G02840,down,2 h
AT2G03630,down,2 h
AT2G04220,down,2 h
AT2G04370,down,2 h
AT2G04675,down,2 h
AT2G04810,down,2 h
AT2G04830,down,2 h
AT2G05360,down,2 h
AT2G05370,down,2 h
AT2G05500,down,2 h
AT2G07110,down,2 h
AT2G07190,down,2 h
AT2G07280,down,2 h
AT2G07310,down,2 h
AT2G09970,down,2 h
AT2G10020,down,2 h
AT2G10340,down,2 h
AT2G10560,down,2 h
AT2G11620,down,2 h
AT2G13500,down,2 h
AT2G13510,down,2 h
AT2G14390,down,2 h
AT2G14700,down,2 h
AT2G14810,down,2 h
AT2G15360,down,2 h
AT2G15610,down,2 h
AT2G16020,down,2 h
AT2G16520,down,2 h
AT2G17960,down,2 h
AT2G18200,down,2 h
AT2G18610,down,2 h
AT2G18810,down,2 h
AT2G18830,down,2 h
AT2G18920,down,2 h
AT2G18930,down,2 h
AT2G19300,down,2 h
AT2G19420,down,2 h
AT2G20070,down,2 h
AT2G20150,down,2 h
AT2G20616,down,2 h
AT2G21655,down,2 h
AT2G21820,down,2 h
AT2G21980,down,2 h
AT2G22520,down,2 h
AT2G22940,down,2 h
AT2G23040,down,2 h
AT2G24255,down,2 h
AT2G24470,down,2 h
AT2G24780,down,2 h
AT2G25565,down,2 h
AT2G27320,down,2 h
AT2G27670,down,2 h
AT2G29605,down,2 h
AT2G29850,down,2 h
AT2G29880,down,2 h
AT2G30430,down,2 h
AT2G30690,down,2 h
AT2G30925,down,2 h
AT2G31420,down,2 h
AT2G32050,down,2 h
AT2G33420,down,2 h
AT2G34110,down,2 h
AT2G34270,down,2 h
AT2G34800,down,2 h
AT2G35250,down,2 h
AT2G36550,down,2 h
AT2G36940,down,2 h
AT2G39520,down,2 h
AT2G41590,down,2 h
AT2G43450,down,2 h
AT2G46375,down,2 h
AT2G02795,down,2 h
AT2G02835,down,2 h
AT2G04037,down,2 h
AT2G04041,down,2 h
AT2G05752,down,2 h
AT2G06906,down,2 h
AT2G07215,down,2 h
AT2G10975,down,2 h
AT2G11405,down,2 h
AT2G11623,down,2 h
AT2G11626,down,2 h
AT2G12935,down,2 h
AT2G12945,down,2 h
AT2G13125,down,2 h
AT2G16015,down,2 h
AT2G17305,down,2 h
AT5G13825,down,2 h
AT5G22160,down,2 h
AT5G22170,down,2 h
AT5G22180,down,2 h
AT5G22545,down,2 h
AT5G24355,down,2 h
AT5G28295,down,2 h
AT5G28820,down,2 h
AT5G28823,down,2 h
AT5G28885,down,2 h
AT5G30341,down,2 h
AT5G33393,down,2 h
AT5G33898,down,2 h
AT5G34883,down,2 h
AT5G35604,down,2 h
AT5G35695,down,2 h
AT5G35945,down,2 h
AT5G40855,down,2 h
AT4G01245,down,2 h
AT4G03165,down,2 h
AT4G05523,down,2 h
AT4G05632,down,2 h
AT4G07666,down,2 h
AT4G07675,down,2 h
AT4G07932,down,2 h
AT4G08395,down,2 h
AT4G09775,down,2 h
AT4G09965,down,2 h
AT4G15053,down,2 h
AT1G02965,down,2 h
AT1G05615,down,2 h
AT1G11145,down,2 h
AT1G16025,down,2 h
AT1G21323,down,2 h
AT1G21475,down,2 h
AT1G35375,down,2 h
AT1G36960,down,2 h
AT1G43415,down,2 h
AT1G43722,down,2 h
AT1G47495,down,2 h
AT1G48145,down,2 h
AT1G59722,down,2 h
AT1G59835,down,2 h
AT1G59885,down,2 h
AT1G66045,down,2 h
AT1G66235,down,2 h
AT1G66245,down,2 h
AT1G71235,down,2 h
AT3G11300,down,2 h
AT3G19055,down,2 h
AT3G20155,down,2 h
AT3G20555,down,2 h
AT3G24517,down,2 h
AT3G26616,down,2 h
AT3G28925,down,2 h
AT3G29385,down,2 h
AT3G29785,down,2 h
AT3G32904,down,2 h
AT3G33393,down,2 h
AT3G33494,down,2 h
AT3G42786,down,2 h
AT3G44235,down,2 h
AT3G48675,down,2 h
AT3G50373,down,2 h
AT3G53235,down,2 h
AT4G06490,down,2 h
AT1G40129,down,2 h
AT1G58225,down,2 h
AT2G09388,down,2 h
AT2G26610,down,2 h
AT2G32905,down,2 h
AT2G39975,down,2 h
AT2G42180,down,2 h
AT2G43795,down,2 h
AT3G23172,down,2 h
AT5G21125,down,2 h
AT5G26640,down,2 h
AT5G29613,down,2 h
AT5G30520,down,2 h
AT2G03930,down,2 h
AT2G13126,down,2 h
AT2G30985,down,2 h
AT2G31345,down,2 h
AT1G05085,down,2 h
AT1G53285,down,2 h
AT1G61097,down,2 h
AT1G76955,down,2 h
AT3G05725,down,2 h
AT3G11405,down,2 h
AT3G49307,down,2 h
AT4G01985,down,2 h
AT4G13266,down,2 h
AT4G27415,down,2 h
AT5G26805,down,2 h
AT5G35737,down,2 h
AT5G39630,down,2 h
AT2G23830,down,2 h
AT5G54460,down,2 h
AT4G35610,down,2 h
AT5G42640,down,2 h
AT4G12150,down,2 h
AT5G37220,down,2 h
AT3G44785,down,2 h
AT1G48195,down,2 h
AT3G62850,down,2 h
AT3G43470,down,2 h
AT4G04775,down,2 h
AT5G57820,down,2 h
AT5G61110,down,2 h
AT3G43490,down,2 h
AT5G34870,down,2 h
AT5G32613,down,2 h
AT3G59845,down,2 h
AT1G26320,down,2 h
AT2G17785,down,2 h
AT1G64380,down,2 h
AT3G59000,down,2 h
AT3G50320,down,4 h
AT1G77815,down,4 h
AT5G38120,down,4 h
AT5G17740,down,4 h
AT4G27420,down,4 h
AT5G25320,down,4 h
AT3G31900,down,4 h
AT5G07650,down,4 h
AT5G20310,down,4 h
AT3G04390,down,4 h
AT1G50770,down,4 h
AT5G04730,down,4 h
AT3G21880,down,4 h
AT4G10240,down,4 h
AT1G10455,down,4 h
AT4G04090,down,4 h
AT5G09370,down,4 h
AT5G60470,down,4 h
AT2G15740,down,4 h
AT1G63350,down,4 h
AT2G12880,down,4 h
AT1G05290,down,4 h
AT4G10695,down,4 h
AT2G01800,down,4 h
AT4G00580,down,4 h
AT1G23250,down,4 h
AT5G62240,down,4 h
AT1G44478,down,4 h
AT3G23480,down,4 h
AT5G26130,down,4 h
AT3G25850,down,4 h
AT3G61035,down,4 h
AT3G53050,down,4 h
AT3G53080,down,4 h
AT3G16680,down,4 h
AT1G36095,down,4 h
AT3G32330,down,4 h
AT1G66420,down,4 h
AT2G01370,down,4 h
AT2G20613,down,4 h
AT5G41765,down,4 h
AT1G40390,down,4 h
AT4G21040,down,4 h
AT5G37870,down,4 h
AT5G37900,down,4 h
AT3G57960,down,4 h
AT2G07140,down,4 h
AT1G12190,down,4 h
AT3G22350,down,4 h
AT3G22720,down,4 h
AT3G24700,down,4 h
AT3G22421,down,4 h
AT1G12870,down,4 h
AT4G04690,down,4 h
AT1G59630,down,4 h
AT1G71290,down,4 h
AT3G47130,down,4 h
AT3G49440,down,4 h
AT3G52330,down,4 h
AT5G43550,down,4 h
AT5G62830,down,4 h
AT2G21930,down,4 h
AT3G03405,down,4 h
AT3G25090,down,4 h
AT1G20800,down,4 h
AT1G53550,down,4 h
AT1G20360,down,4 h
AT1G46984,down,4 h
AT1G47810,down,4 h
AT3G19880,down,4 h
AT3G19890,down,4 h
AT3G20690,down,4 h
AT3G23950,down,4 h
AT3G62230,down,4 h
AT5G39460,down,4 h
AT2G15640,down,4 h
AT1G53815,down,4 h
AT4G00160,down,4 h
AT5G56570,down,4 h
AT4G33290,down,4 h
AT4G39753,down,4 h
AT5G51250,down,4 h
AT2G29600,down,4 h
AT5G56430,down,4 h
AT5G56452,down,4 h
AT1G61440,down,4 h
AT5G63170,down,4 h
AT2G19010,down,4 h
AT1G19460,down,4 h
AT1G65210,down,4 h
AT1G35150,down,4 h
AT1G42710,down,4 h
AT3G29450,down,4 h
AT3G29763,down,4 h
AT4G33840,down,4 h
AT1G29780,down,4 h
AT2G36260,down,4 h
AT5G49750,down,4 h
AT1G33070,down,4 h
AT5G51860,down,4 h
AT1G48150,down,4 h
AT3G44800,down,4 h
AT3G60060,down,4 h
AT1G11990,down,4 h
AT4G35150,down,4 h
AT3G28490,down,4 h
AT2G30630,down,4 h
AT3G51690,down,4 h
AT4G40100,down,4 h
AT2G38900,down,4 h
AT1G29080,down,4 h
AT5G38250,down,4 h
AT1G21245,down,4 h
AT4G15715,down,4 h
AT3G42830,down,4 h
AT1G21960,down,4 h
AT3G13228,down,4 h
AT5G41430,down,4 h
AT2G03000,down,4 h
AT3G45540,down,4 h
AT5G03580,down,4 h
AT1G66640,down,4 h
AT3G58890,down,4 h
AT3G09510,down,4 h
AT5G66990,down,4 h
AT3G15490,down,4 h
AT2G14830,down,4 h
AT3G04200,down,4 h
AT2G24620,down,4 h
AT3G43120,down,4 h
AT4G19340,down,4 h
AT4G19360,down,4 h
AT1G20240,down,4 h
AT1G63280,down,4 h
AT5G45640,down,4 h
AT4G09070,down,4 h
AT5G39230,down,4 h
AT4G09430,down,4 h
AT5G17970,down,4 h
AT5G45240,down,4 h
AT1G31380,down,4 h
AT3G58250,down,4 h
AT3G58360,down,4 h
AT3G58420,down,4 h
AT4G19910,down,4 h
AT5G45570,down,4 h
AT5G28235,down,4 h
AT1G80990,down,4 h
AT2G16490,down,4 h
AT4G01780,down,4 h
AT5G35830,down,4 h
AT5G50140,down,4 h
AT2G16835,down,4 h
AT4G12920,down,4 h
AT4G30030,down,4 h
AT4G04985,down,4 h
AT1G33950,down,4 h
AT1G33880,down,4 h
AT2G31215,down,4 h
AT2G15170,down,4 h
AT4G32100,down,4 h
AT1G32280,down,4 h
AT3G22580,down,4 h
AT5G52160,down,4 h
AT4G15755,down,4 h
AT1G23240,down,4 h
AT3G54570,down,4 h
AT5G60510,down,4 h
AT1G18130,down,4 h
AT2G16200,down,4 h
AT1G31670,down,4 h
AT4G12270,down,4 h
AT5G52740,down,4 h
AT5G25330,down,4 h
AT5G39370,down,4 h
AT1G63200,down,4 h
AT1G63205,down,4 h
AT1G37020,down,4 h
AT1G03720,down,4 h
AT1G45243,down,4 h
AT2G34120,down,4 h
AT1G61688,down,4 h
AT5G55565,down,4 h
AT3G16895,down,4 h
AT2G42885,down,4 h
AT5G60500,down,4 h
AT4G11180,down,4 h
AT5G44300,down,4 h
AT1G65450,down,4 h
AT3G10595,down,4 h
AT4G08550,down,4 h
AT3G09990,down,4 h
AT5G21960,down,4 h
AT1G19210,down,4 h
AT3G23220,down,4 h
AT5G67000,down,4 h
AT3G04190,down,4 h
AT2G30810,down,4 h
AT1G71340,down,4 h
AT1G44085,down,4 h
AT5G44840,down,4 h
AT3G42155,down,4 h
AT5G63225,down,4 h
AT3G55780,down,4 h
AT4G19730,down,4 h
AT5G20560,down,4 h
AT3G57620,down,4 h
AT2G06500,down,4 h
AT5G31412,down,4 h
AT1G43260,down,4 h
AT3G21490,down,4 h
AT4G23882,down,4 h
AT1G57780,down,4 h
AT2G28090,down,4 h
AT5G14900,down,4 h
AT1G01150,down,4 h
AT1G56530,down,4 h
AT5G34581,down,4 h
AT1G19025,down,4 h
AT4G23110,down,4 h
AT3G17230,down,4 h
AT5G49860,down,4 h
AT1G52110,down,4 h
AT5G10500,down,4 h
AT5G22590,down,4 h
AT1G53420,down,4 h
AT2G19230,down,4 h
AT5G24180,down,4 h
AT4G38120,down,4 h
AT2G18590,down,4 h
AT3G10890,down,4 h
AT2G29790,down,4 h
AT3G10113,down,4 h
AT1G32010,down,4 h
AT1G36100,down,4 h
AT4G03620,down,4 h
AT3G04410,down,4 h
AT5G07050,down,4 h
AT1G25270,down,4 h
AT1G68170,down,4 h
AT3G07250,down,4 h
AT2G06904,down,4 h
AT4G06479,down,4 h
AT5G25400,down,4 h
AT4G35820,down,4 h
AT1G23810,down,4 h
AT1G27220,down,4 h
AT1G27260,down,4 h
AT1G27270,down,4 h
AT5G63740,down,4 h
AT4G33355,down,4 h
AT1G17150,down,4 h
AT1G43080,down,4 h
AT3G48950,down,4 h
AT2G01360,down,4 h
AT1G12300,down,4 h
AT1G28000,down,4 h
AT1G28020,down,4 h
AT2G34370,down,4 h
AT5G28420,down,4 h
AT3G50990,down,4 h
AT2G03250,down,4 h
AT2G31100,down,4 h
AT1G30925,down,4 h
AT3G58330,down,4 h
AT3G58280,down,4 h
AT3G11325,down,4 h
AT3G62180,down,4 h
AT5G46970,down,4 h
AT5G46990,down,4 h
AT2G10970,down,4 h
AT2G15345,down,4 h
AT3G17140,down,4 h
AT5G26717,down,4 h
AT1G58242,down,4 h
AT5G05020,down,4 h
AT2G15470,down,4 h
AT5G42905,down,4 h
AT4G13885,down,4 h
AT5G44265,down,4 h
AT1G35630,down,4 h
AT1G17610,down,4 h
AT2G17180,down,4 h
AT2G22040,down,4 h
AT3G06630,down,4 h
AT3G43950,down,4 h
AT3G45670,down,4 h
AT3G45920,down,4 h
AT5G27790,down,4 h
AT1G16760,down,4 h
AT3G32920,down,4 h
AT2G13720,down,4 h
AT5G37910,down,4 h
AT3G23680,down,4 h
AT1G32420,down,4 h
AT1G32660,down,4 h
AT1G33010,down,4 h
AT1G47390,down,4 h
AT1G47730,down,4 h
AT1G58310,down,4 h
AT1G67450,down,4 h
AT1G70960,down,4 h
AT3G17620,down,4 h
AT3G18340,down,4 h
AT3G21120,down,4 h
AT3G22710,down,4 h
AT3G24580,down,4 h
AT3G47020,down,4 h
AT4G09190,down,4 h
AT4G21240,down,4 h
AT4G22180,down,4 h
AT5G39470,down,4 h
AT5G41500,down,4 h
AT5G44220,down,4 h
AT5G44970,down,4 h
AT5G47300,down,4 h
AT5G50220,down,4 h
AT2G16220,down,4 h
AT2G16450,down,4 h
AT1G22000,down,4 h
AT1G66290,down,4 h
AT4G26350,down,4 h
AT3G59160,down,4 h
AT3G59170,down,4 h
AT3G59240,down,4 h
AT1G12170,down,4 h
AT3G22730,down,4 h
AT3G47150,down,4 h
AT4G22430,down,4 h
AT4G39756,down,4 h
AT5G02980,down,4 h
AT5G38680,down,4 h
AT2G29780,down,4 h
AT5G57750,down,4 h
AT5G18330,down,4 h
AT3G45990,down,4 h
AT2G13150,down,4 h
AT1G33220,down,4 h
AT5G25430,down,4 h
AT3G22010,down,4 h
AT1G32710,down,4 h
AT5G56369,down,4 h
AT5G46877,down,4 h
AT5G47260,down,4 h
AT5G35640,down,4 h
AT5G67010,down,4 h
AT3G04150,down,4 h
AT1G29870,down,4 h
AT2G10550,down,4 h
AT2G14440,down,4 h
AT1G72460,down,4 h
AT3G15870,down,4 h
AT4G30770,down,4 h
AT4G10440,down,4 h
AT2G36700,down,4 h
AT5G07420,down,4 h
AT5G49180,down,4 h
AT5G48140,down,4 h
AT3G18810,down,4 h
AT1G76370,down,4 h
AT2G30730,down,4 h
AT1G01450,down,4 h
AT4G04402,down,4 h
AT4G14225,down,4 h
AT4G15250,down,4 h
AT3G21960,down,4 h
AT3G23270,down,4 h
AT3G58390,down,4 h
AT2G01240,down,4 h
AT3G30820,down,4 h
AT4G36100,down,4 h
AT3G27680,down,4 h
AT5G26060,down,4 h
AT5G38440,down,4 h
AT5G44630,down,4 h
AT3G22040,down,4 h
AT5G43120,down,4 h
AT2G33090,down,4 h
AT2G33300,down,4 h
AT1G25330,down,4 h
AT5G27310,down,4 h
AT2G27780,down,4 h
AT1G30670,down,4 h
AT5G32460,down,4 h
AT1G65170,down,4 h
AT4G03350,down,4 h
AT4G03360,down,4 h
AT5G11080,down,4 h
AT2G32360,down,4 h
AT1G31370,down,4 h
AT1G23590,down,4 h
AT2G11851,down,4 h
AT3G27415,down,4 h
AT4G17590,down,4 h
AT4G18320,down,4 h
AT2G20970,down,4 h
AT1G51020,down,4 h
AT1G68960,down,4 h
AT1G01400,down,4 h
AT1G10100,down,4 h
AT1G10190,down,4 h
AT1G23580,down,4 h
AT1G23600,down,4 h
AT1G23690,down,4 h
AT1G26140,down,4 h
AT1G29480,down,4 h
AT1G31520,down,4 h
AT1G32670,down,4 h
AT1G34280,down,4 h
AT1G34400,down,4 h
AT1G35040,down,4 h
AT1G35820,down,4 h
AT1G35900,down,4 h
AT1G42700,down,4 h
AT1G43680,down,4 h
AT1G47470,down,4 h
AT1G47485,down,4 h
AT1G47660,down,4 h
AT1G48095,down,4 h
AT1G51000,down,4 h
AT1G62070,down,4 h
AT1G64340,down,4 h
AT1G65740,down,4 h
AT1G67540,down,4 h
AT1G71470,down,4 h
AT1G75870,down,4 h
AT1G76910,down,4 h
AT1G77960,down,4 h
AT1G78640,down,4 h
AT3G01250,down,4 h
AT3G13370,down,4 h
AT3G15910,down,4 h
AT3G21320,down,4 h
AT3G23850,down,4 h
AT3G27800,down,4 h
AT3G28020,down,4 h
AT3G28120,down,4 h
AT3G28260,down,4 h
AT3G28790,down,4 h
AT3G29570,down,4 h
AT3G29791,down,4 h
AT3G30220,down,4 h
AT3G30520,down,4 h
AT3G31400,down,4 h
AT3G31910,down,4 h
AT3G32100,down,4 h
AT3G32120,down,4 h
AT3G32960,down,4 h
AT3G42310,down,4 h
AT3G42870,down,4 h
AT3G42940,down,4 h
AT3G42970,down,4 h
AT3G43260,down,4 h
AT3G43290,down,4 h
AT3G43910,down,4 h
AT3G44580,down,4 h
AT3G45320,down,4 h
AT3G45910,down,4 h
AT3G48220,down,4 h
AT3G49610,down,4 h
AT3G52830,down,4 h
AT3G58310,down,4 h
AT3G60560,down,4 h
AT3G60920,down,4 h
AT4G03830,down,4 h
AT4G08630,down,4 h
AT4G08740,down,4 h
AT4G09860,down,4 h
AT4G10880,down,4 h
AT4G11020,down,4 h
AT4G11940,down,4 h
AT4G12220,down,4 h
AT4G13261,down,4 h
AT4G14530,down,4 h
AT4G15050,down,4 h
AT4G16090,down,4 h
AT4G18680,down,4 h
AT4G18850,down,4 h
AT4G19095,down,4 h
AT4G21950,down,4 h
AT4G22440,down,4 h
AT4G23080,down,4 h
AT4G24030,down,4 h
AT4G24410,down,4 h
AT4G25510,down,4 h
AT4G28870,down,4 h
AT4G30970,down,4 h
AT4G33600,down,4 h
AT4G34690,down,4 h
AT4G35680,down,4 h
AT5G01140,down,4 h
AT5G01440,down,4 h
AT5G05030,down,4 h
AT5G06010,down,4 h
AT5G11660,down,4 h
AT5G15560,down,4 h
AT5G16090,down,4 h
AT5G21110,down,4 h
AT5G23180,down,4 h
AT5G25000,down,4 h
AT5G25600,down,4 h
AT5G25990,down,4 h
AT5G26840,down,4 h
AT5G27340,down,4 h
AT5G28070,down,4 h
AT5G28190,down,4 h
AT5G28410,down,4 h
AT5G28550,down,4 h
AT5G29050,down,4 h
AT5G35510,down,4 h
AT5G38190,down,4 h
AT5G38400,down,4 h
AT5G39870,down,4 h
AT5G46300,down,4 h
AT5G46380,down,4 h
AT5G46810,down,4 h
AT5G46820,down,4 h
AT5G48420,down,4 h
AT5G50880,down,4 h
AT5G52130,down,4 h
AT5G54410,down,4 h
AT5G54450,down,4 h
AT5G54480,down,4 h
AT5G55870,down,4 h
AT5G56070,down,4 h
AT5G60000,down,4 h
AT5G62400,down,4 h
AT2G02515,down,4 h
AT2G03180,down,4 h
AT2G04675,down,4 h
AT2G04870,down,4 h
AT2G05360,down,4 h
AT2G07280,down,4 h
AT2G09970,down,4 h
AT2G11010,down,4 h
AT2G13430,down,4 h
AT2G14390,down,4 h
AT2G17960,down,4 h
AT2G18610,down,4 h
AT2G18920,down,4 h
AT2G19300,down,4 h
AT2G20620,down,4 h
AT2G20805,down,4 h
AT2G23040,down,4 h
AT2G23440,down,4 h
AT2G27670,down,4 h
AT2G30380,down,4 h
AT2G30690,down,4 h
AT2G33420,down,4 h
AT2G34270,down,4 h
AT2G39160,down,4 h
AT2G41470,down,4 h
AT2G02795,down,4 h
AT2G02835,down,4 h
AT2G04037,down,4 h
AT2G06906,down,4 h
AT2G10602,down,4 h
AT2G11626,down,4 h
AT2G12405,down,4 h
AT2G12875,down,4 h
AT2G12935,down,4 h
AT2G13125,down,4 h
AT5G28820,down,4 h
AT5G33898,down,4 h
AT5G34883,down,4 h
AT5G35604,down,4 h
AT5G35945,down,4 h
AT5G42957,down,4 h
AT4G01245,down,4 h
AT4G07675,down,4 h
AT4G07932,down,4 h
AT4G11385,down,4 h
AT4G15053,down,4 h
AT1G02965,down,4 h
AT1G21323,down,4 h
AT1G21475,down,4 h
AT1G43415,down,4 h
AT1G66235,down,4 h
AT1G71235,down,4 h
AT3G23245,down,4 h
AT3G24517,down,4 h
AT3G33494,down,4 h
AT3G44935,down,4 h
AT4G06490,down,4 h
AT1G58225,down,4 h
AT2G43745,down,4 h
AT5G29613,down,4 h
AT2G03930,down,4 h
AT2G30985,down,4 h
AT1G53285,down,4 h
AT1G61097,down,4 h
AT3G05725,down,4 h
AT4G01985,down,4 h
AT5G35737,down,4 h
AT5G25420,down,4 h
AT4G35610,down,4 h
AT3G43470,down,4 h
AT5G61110,down,4 h
AT5G32613,down,4 h
AT4G05553,down,4 h
AT3G59845,down,4 h
AT5G08505,down,24 h
AT3G50320,down,24 h
AT1G72820,down,24 h
AT1G03890,down,24 h
AT2G44800,down,24 h
AT2G06960,down,24 h
AT1G50780,down,24 h
AT1G20500,down,24 h
AT5G38120,down,24 h
AT2G09990,down,24 h
AT5G17730,down,24 h
AT3G28520,down,24 h
AT5G17740,down,24 h
AT4G27420,down,24 h
AT5G25320,down,24 h
AT4G03170,down,24 h
AT3G32280,down,24 h
AT3G32400,down,24 h
AT2G42100,down,24 h
AT5G20310,down,24 h
AT3G11680,down,24 h
AT1G50770,down,24 h
AT3G21880,down,24 h
AT1G10455,down,24 h
AT4G05370,down,24 h
AT2G21235,down,24 h
AT5G35890,down,24 h
AT5G09370,down,24 h
AT1G43665,down,24 h
AT3G05440,down,24 h
AT5G05120,down,24 h
AT5G27880,down,24 h
AT5G61470,down,24 h
AT2G15740,down,24 h
AT3G45560,down,24 h
AT2G12880,down,24 h
AT2G15180,down,24 h
AT1G05290,down,24 h
AT3G10116,down,24 h
AT2G01800,down,24 h
AT1G30060,down,24 h
AT4G00920,down,24 h
AT2G34890,down,24 h
AT3G61720,down,24 h
AT1G44478,down,24 h
AT5G26130,down,24 h
AT3G25850,down,24 h
AT5G16430,down,24 h
AT2G21810,down,24 h
AT3G05300,down,24 h
AT1G32720,down,24 h
AT5G51900,down,24 h
AT1G32300,down,24 h
AT3G53080,down,24 h
AT1G71370,down,24 h
AT3G16680,down,24 h
AT1G36095,down,24 h
AT5G28590,down,24 h
AT1G66420,down,24 h
AT4G00232,down,24 h
AT2G20613,down,24 h
AT5G41765,down,24 h
AT1G61700,down,24 h
AT1G31530,down,24 h
AT1G40390,down,24 h
AT1G49015,down,24 h
AT4G21050,down,24 h
AT4G21040,down,24 h
AT5G62800,down,24 h
AT5G37870,down,24 h
AT5G37900,down,24 h
AT5G65370,down,24 h
AT3G23350,down,24 h
AT3G11870,down,24 h
AT1G20735,down,24 h
AT1G12190,down,24 h
AT1G33020,down,24 h
AT3G16820,down,24 h
AT3G17480,down,24 h
AT3G17530,down,24 h
AT3G22720,down,24 h
AT3G24700,down,24 h
AT1G67455,down,24 h
AT3G22421,down,24 h
AT1G12870,down,24 h
AT3G21410,down,24 h
AT4G04690,down,24 h
AT1G26510,down,24 h
AT1G32600,down,24 h
AT1G46912,down,24 h
AT1G59630,down,24 h
AT1G71290,down,24 h
AT3G04250,down,24 h
AT3G06280,down,24 h
AT3G47130,down,24 h
AT3G47140,down,24 h
AT3G49440,down,24 h
AT3G52330,down,24 h
AT4G01640,down,24 h
AT5G43550,down,24 h
AT2G21930,down,24 h
AT5G44345,down,24 h
AT1G31163,down,24 h
AT1G53360,down,24 h
AT3G03405,down,24 h
AT5G41490,down,24 h
AT2G02660,down,24 h
AT1G30790,down,24 h
AT1G30930,down,24 h
AT1G31090,down,24 h
AT3G28410,down,24 h
AT1G20800,down,24 h
AT1G27550,down,24 h
AT1G53550,down,24 h
AT2G16810,down,24 h
AT1G20360,down,24 h
AT1G47810,down,24 h
AT1G54550,down,24 h
AT1G56400,down,24 h
AT1G57580,down,24 h
AT1G66490,down,24 h
AT1G71320,down,24 h
AT3G19880,down,24 h
AT3G19890,down,24 h
AT3G20690,down,24 h
AT3G23950,down,24 h
AT3G23970,down,24 h
AT3G44080,down,24 h
AT3G49450,down,24 h
AT3G60790,down,24 h
AT3G62230,down,24 h
AT5G36730,down,24 h
AT5G39460,down,24 h
AT2G20380,down,24 h
AT2G26850,down,24 h
AT2G42730,down,24 h
AT2G40925,down,24 h
AT1G53815,down,24 h
AT4G26340,down,24 h
AT5G56570,down,24 h
AT3G62440,down,24 h
AT5G44960,down,24 h
AT5G38670,down,24 h
AT5G51250,down,24 h
AT2G29600,down,24 h
AT1G11770,down,24 h
AT4G20800,down,24 h
AT5G40750,down,24 h
AT5G11370,down,24 h
AT5G56325,down,24 h
AT5G56400,down,24 h
AT1G66310,down,24 h
AT3G49020,down,24 h
AT5G56430,down,24 h
AT5G56440,down,24 h
AT5G56452,down,24 h
AT5G26730,down,24 h
AT5G45180,down,24 h
AT1G61440,down,24 h
AT1G42190,down,24 h
AT2G30090,down,24 h
AT5G03590,down,24 h
AT5G42170,down,24 h
AT5G45910,down,24 h
AT5G63170,down,24 h
AT1G20135,down,24 h
AT1G48190,down,24 h
AT1G65210,down,24 h
AT3G31402,down,24 h
AT1G35150,down,24 h
AT1G42710,down,24 h
AT3G29450,down,24 h
AT1G27710,down,24 h
AT3G02670,down,24 h
AT4G19800,down,24 h
AT4G16560,down,24 h
AT4G29250,down,24 h
AT1G29780,down,24 h
AT3G45470,down,24 h
AT2G21420,down,24 h
AT1G22100,down,24 h
AT5G59616,down,24 h
AT2G36260,down,24 h
AT1G19470,down,24 h
AT3G05975,down,24 h
AT5G49750,down,24 h
AT5G40070,down,24 h
AT5G55690,down,24 h
AT5G51860,down,24 h
AT1G72350,down,24 h
AT1G23300,down,24 h
AT4G00350,down,24 h
AT4G32700,down,24 h
AT2G43730,down,24 h
AT3G44800,down,24 h
AT1G64255,down,24 h
AT2G44175,down,24 h
AT3G56520,down,24 h
AT4G27190,down,24 h
AT5G27140,down,24 h
AT1G60340,down,24 h
AT3G45760,down,24 h
AT3G24330,down,24 h
AT3G49200,down,24 h
AT1G11990,down,24 h
AT3G23770,down,24 h
AT1G63140,down,24 h
AT1G51990,down,24 h
AT2G33845,down,24 h
AT3G28490,down,24 h
AT1G06750,down,24 h
AT1G33830,down,24 h
AT1G33870,down,24 h
AT1G65810,down,24 h
AT3G29800,down,24 h
AT5G52090,down,24 h
AT2G30630,down,24 h
AT3G51690,down,24 h
AT4G40100,down,24 h
AT2G38900,down,24 h
AT3G11350,down,24 h
AT5G12000,down,24 h
AT3G06000,down,24 h
AT1G53820,down,24 h
AT1G21960,down,24 h
AT1G74620,down,24 h
AT3G13228,down,24 h
AT3G14970,down,24 h
AT5G37280,down,24 h
AT5G41430,down,24 h
AT5G52150,down,24 h
AT2G15260,down,24 h
AT2G29840,down,24 h
AT3G45555,down,24 h
AT3G43750,down,24 h
AT3G45540,down,24 h
AT2G25370,down,24 h
AT5G07225,down,24 h
AT3G52980,down,24 h
AT5G03580,down,24 h
AT5G05720,down,24 h
AT5G53680,down,24 h
AT2G14870,down,24 h
AT2G21690,down,24 h
AT3G48840,down,24 h
AT3G10845,down,24 h
AT4G10613,down,24 h
AT1G66640,down,24 h
AT4G03630,down,24 h
AT1G18790,down,24 h
AT5G66990,down,24 h
AT5G46025,down,24 h
AT3G22020,down,24 h
AT1G51900,down,24 h
AT3G15490,down,24 h
AT3G04200,down,24 h
AT5G38960,down,24 h
AT1G66690,down,24 h
AT3G23460,down,24 h
AT2G24620,down,24 h
AT3G43120,down,24 h
AT2G36210,down,24 h
AT4G19360,down,24 h
AT5G03600,down,24 h
AT4G39020,down,24 h
AT3G16600,down,24 h
AT1G20240,down,24 h
AT1G20690,down,24 h
AT5G53270,down,24 h
AT1G63280,down,24 h
AT5G44316,down,24 h
AT4G10540,down,24 h
AT1G66210,down,24 h
AT5G45640,down,24 h
AT5G58820,down,24 h
AT4G09070,down,24 h
AT3G51570,down,24 h
AT4G11340,down,24 h
AT5G17970,down,24 h
AT1G31390,down,24 h
AT3G58240,down,24 h
AT3G58250,down,24 h
AT3G58360,down,24 h
AT2G01790,down,24 h
AT2G15710,down,24 h
AT2G42470,down,24 h
AT2G06541,down,24 h
AT1G61105,down,24 h
AT1G47370,down,24 h
AT1G52900,down,24 h
AT1G09665,down,24 h
AT4G19910,down,24 h
AT1G51210,down,24 h
AT3G01010,down,24 h
AT3G02100,down,24 h
AT4G08430,down,24 h
AT2G04750,down,24 h
AT2G07020,down,24 h
AT5G02730,down,24 h
AT2G38150,down,24 h
AT1G47780,down,24 h
AT1G52460,down,24 h
AT5G22960,down,24 h
AT5G47350,down,24 h
AT5G13940,down,24 h
AT5G50140,down,24 h
AT2G16835,down,24 h
AT1G64830,down,24 h
AT3G42550,down,24 h
AT4G12920,down,24 h
AT4G30030,down,24 h
AT4G30040,down,24 h
AT5G45120,down,24 h
AT4G04985,down,24 h
AT1G31450,down,24 h
AT5G13380,down,24 h
AT2G31215,down,24 h
AT4G32100,down,24 h
AT3G25810,down,24 h
AT4G10850,down,24 h
AT3G22580,down,24 h
AT5G52160,down,24 h
AT2G14846,down,24 h
AT4G20080,down,24 h
AT4G15755,down,24 h
AT1G23240,down,24 h
AT3G54570,down,24 h
AT4G09090,down,24 h
AT5G53600,down,24 h
AT5G07170,down,24 h
AT5G27080,down,24 h
AT5G26900,down,24 h
AT1G18130,down,24 h
AT5G27800,down,24 h
AT4G12270,down,24 h
AT5G52700,down,24 h
AT5G52720,down,24 h
AT5G52730,down,24 h
AT1G63190,down,24 h
AT4G03590,down,24 h
AT5G17120,down,24 h
AT1G03720,down,24 h
AT5G17130,down,24 h
AT3G26250,down,24 h
AT5G02330,down,24 h
AT2G44400,down,24 h
AT1G45243,down,24 h
AT4G29630,down,24 h
AT1G29620,down,24 h
AT2G34120,down,24 h
AT1G58265,down,24 h
AT1G61688,down,24 h
AT1G56553,down,24 h
AT5G60553,down,24 h
AT5G55565,down,24 h
AT3G16895,down,24 h
AT5G60500,down,24 h
AT1G65450,down,24 h
AT3G10595,down,24 h
AT3G29070,down,24 h
AT3G23220,down,24 h
AT1G49120,down,24 h
AT2G20350,down,24 h
AT5G67000,down,24 h
AT5G11130,down,24 h
AT3G04170,down,24 h
AT3G04190,down,24 h
AT2G30810,down,24 h
AT5G46730,down,24 h
AT1G30795,down,24 h
AT1G44085,down,24 h
AT2G04063,down,24 h
AT2G46190,down,24 h
AT5G44830,down,24 h
AT5G44840,down,24 h
AT3G42155,down,24 h
AT1G77780,down,24 h
AT3G55780,down,24 h
AT4G19730,down,24 h
AT2G39640,down,24 h
AT2G06500,down,24 h
AT5G31412,down,24 h
AT5G33406,down,24 h
AT5G54210,down,24 h
AT1G20320,down,24 h
AT4G23882,down,24 h
AT1G57780,down,24 h
AT5G14900,down,24 h
AT5G13130,down,24 h
AT1G77660,down,24 h
AT1G01150,down,24 h
AT1G43330,down,24 h
AT4G04580,down,24 h
AT3G10585,down,24 h
AT5G23650,down,24 h
AT1G56530,down,24 h
AT5G26070,down,24 h
AT5G34581,down,24 h
AT4G39745,down,24 h
AT1G19025,down,24 h
AT4G23110,down,24 h
AT3G59590,down,24 h
AT4G19250,down,24 h
AT4G11745,down,24 h
AT5G41310,down,24 h
AT2G03740,down,24 h
AT1G52680,down,24 h
AT5G22590,down,24 h
AT5G39390,down,24 h
AT1G53420,down,24 h
AT2G19230,down,24 h
AT5G24180,down,24 h
AT3G61290,down,24 h
AT4G38120,down,24 h
AT3G10890,down,24 h
AT5G46000,down,24 h
AT1G45403,down,24 h
AT5G14290,down,24 h
AT1G07025,down,24 h
AT5G47290,down,24 h
AT2G06020,down,24 h
AT1G32010,down,24 h
AT1G36100,down,24 h
AT3G30230,down,24 h
AT3G42060,down,24 h
AT4G03620,down,24 h
AT5G41780,down,24 h
AT3G04410,down,24 h
AT5G07050,down,24 h
AT2G06904,down,24 h
AT4G06479,down,24 h
AT4G06526,down,24 h
AT1G36510,down,24 h
AT1G52950,down,24 h
AT1G21320,down,24 h
AT5G49920,down,24 h
AT3G47190,down,24 h
AT4G35820,down,24 h
AT1G23810,down,24 h
AT1G27220,down,24 h
AT1G27240,down,24 h
AT1G27270,down,24 h
AT5G47340,down,24 h
AT1G60410,down,24 h
AT5G63740,down,24 h
AT1G17150,down,24 h
AT1G43080,down,24 h
AT1G78400,down,24 h
AT4G32370,down,24 h
AT5G39910,down,24 h
AT1G12300,down,24 h
AT1G28000,down,24 h
AT1G28020,down,24 h
AT1G47940,down,24 h
AT1G63070,down,24 h
AT3G11380,down,24 h
AT5G28420,down,24 h
AT5G05050,down,24 h
AT4G24300,down,24 h
AT1G22080,down,24 h
AT3G50990,down,24 h
AT3G42570,down,24 h
AT2G03250,down,24 h
AT3G60420,down,24 h
AT1G09935,down,24 h
AT3G58330,down,24 h
AT3G58280,down,24 h
AT1G02550,down,24 h
AT1G48010,down,24 h
AT1G54620,down,24 h
AT3G55680,down,24 h
AT3G62180,down,24 h
AT5G46970,down,24 h
AT5G46980,down,24 h
AT5G46990,down,24 h
AT5G50070,down,24 h
AT2G15345,down,24 h
AT1G50340,down,24 h
AT3G17140,down,24 h
AT5G50030,down,24 h
AT1G51230,down,24 h
AT1G09245,down,24 h
AT1G26797,down,24 h
AT1G58242,down,24 h
AT2G26720,down,24 h
AT3G07830,down,24 h
AT2G15470,down,24 h
AT1G14940,down,24 h
AT3G12430,down,24 h
AT4G13885,down,24 h
AT2G35615,down,24 h
AT1G11560,down,24 h
AT1G30350,down,24 h
AT1G11590,down,24 h
AT3G06830,down,24 h
AT2G40990,down,24 h
AT1G31250,down,24 h
AT5G43770,down,24 h
AT1G49270,down,24 h
AT5G44265,down,24 h
AT1G35630,down,24 h
AT4G27890,down,24 h
AT2G22040,down,24 h
AT1G59690,down,24 h
AT5G28620,down,24 h
AT3G06630,down,24 h
AT3G20530,down,24 h
AT3G43950,down,24 h
AT3G45920,down,24 h
AT5G12090,down,24 h
AT5G27790,down,24 h
AT5G60090,down,24 h
AT5G26150,down,24 h
AT1G16760,down,24 h
AT3G46160,down,24 h
AT3G01085,down,24 h
AT3G23650,down,24 h
AT2G18530,down,24 h
AT3G43630,down,24 h
AT1G17545,down,24 h
AT2G13720,down,24 h
AT5G37910,down,24 h
AT3G23680,down,24 h
AT1G32420,down,24 h
AT1G32660,down,24 h
AT1G33010,down,24 h
AT1G47390,down,24 h
AT1G47800,down,24 h
AT1G50870,down,24 h
AT1G57690,down,24 h
AT1G67450,down,24 h
AT1G67623,down,24 h
AT1G70960,down,24 h
AT3G17270,down,24 h
AT3G17490,down,24 h
AT3G17620,down,24 h
AT3G22710,down,24 h
AT3G22940,down,24 h
AT3G24580,down,24 h
AT3G25460,down,24 h
AT3G58910,down,24 h
AT3G58950,down,24 h
AT4G09190,down,24 h
AT4G17200,down,24 h
AT4G17565,down,24 h
AT4G21240,down,24 h
AT4G22030,down,24 h
AT4G22165,down,24 h
AT4G22170,down,24 h
AT4G22180,down,24 h
AT4G38870,down,24 h
AT5G36200,down,24 h
AT5G39470,down,24 h
AT5G41500,down,24 h
AT5G42430,down,24 h
AT5G44940,down,24 h
AT5G44970,down,24 h
AT5G47300,down,24 h
AT5G62060,down,24 h
AT2G02030,down,24 h
AT2G02890,down,24 h
AT2G16220,down,24 h
AT2G26160,down,24 h
AT4G26350,down,24 h
AT3G42770,down,24 h
AT3G59160,down,24 h
AT3G59170,down,24 h
AT3G59240,down,24 h
AT1G15680,down,24 h
AT3G43710,down,24 h
AT3G47150,down,24 h
AT4G11750,down,24 h
AT4G11770,down,24 h
AT4G12810,down,24 h
AT4G22430,down,24 h
AT4G35120,down,24 h
AT4G39756,down,24 h
AT4G39760,down,24 h
AT5G02980,down,24 h
AT5G28160,down,24 h
AT5G38680,down,24 h
AT2G29780,down,24 h
AT2G29800,down,24 h
AT1G50980,down,24 h
AT5G56390,down,24 h
AT5G56690,down,24 h
AT1G70110,down,24 h
AT1G53010,down,24 h
AT5G57750,down,24 h
AT5G53040,down,24 h
AT3G56920,down,24 h
AT3G12000,down,24 h
AT2G13150,down,24 h
AT1G33220,down,24 h
AT5G20390,down,24 h
AT5G25430,down,24 h
AT3G01830,down,24 h
AT2G37910,down,24 h
AT3G49340,down,24 h
AT2G22160,down,24 h
AT2G31620,down,24 h
AT3G29040,down,24 h
AT4G20680,down,24 h
AT1G32710,down,24 h
AT5G56369,down,24 h
AT5G46877,down,24 h
AT5G66890,down,24 h
AT3G13280,down,24 h
AT5G35640,down,24 h
AT3G04150,down,24 h
AT1G29870,down,24 h
AT2G29220,down,24 h
AT2G10550,down,24 h
AT5G50040,down,24 h
AT1G49100,down,24 h
AT2G14440,down,24 h
AT1G72460,down,24 h
AT3G51070,down,24 h
AT5G37610,down,24 h
AT3G45690,down,24 h
AT1G50050,down,24 h
AT3G09590,down,24 h
AT5G15110,down,24 h
AT2G02720,down,24 h
AT2G36700,down,24 h
AT5G07420,down,24 h
AT5G18990,down,24 h
AT5G61680,down,24 h
AT3G17152,down,24 h
AT3G60730,down,24 h
AT4G03930,down,24 h
AT4G15980,down,24 h
AT4G11730,down,24 h
AT1G76370,down,24 h
AT4G08260,down,24 h
AT2G30730,down,24 h
AT1G72760,down,24 h
AT1G01450,down,24 h
AT5G55855,down,24 h
AT4G04402,down,24 h
AT1G56040,down,24 h
AT1G17910,down,24 h
AT3G22030,down,24 h
AT4G11890,down,24 h
AT3G21960,down,24 h
AT3G23270,down,24 h
AT2G01240,down,24 h
AT3G44570,down,24 h
AT2G14000,down,24 h
AT3G25270,down,24 h
AT1G33850,down,24 h
AT4G36100,down,24 h
AT3G26860,down,24 h
AT3G54925,down,24 h
AT3G26870,down,24 h
AT3G26880,down,24 h
AT3G27680,down,24 h
AT3G57840,down,24 h
AT5G11830,down,24 h
AT5G26090,down,24 h
AT2G06090,down,24 h
AT2G24880,down,24 h
AT4G16195,down,24 h
AT4G24975,down,24 h
AT1G11765,down,24 h
AT1G26795,down,24 h
AT1G26799,down,24 h
AT1G62160,down,24 h
AT4G03156,down,24 h
AT3G22040,down,24 h
AT4G21260,down,24 h
AT4G26280,down,24 h
AT5G10880,down,24 h
AT2G37140,down,24 h
AT1G58450,down,24 h
AT5G44330,down,24 h
AT5G43120,down,24 h
AT2G33090,down,24 h
AT2G33300,down,24 h
AT1G25330,down,24 h
AT5G27310,down,24 h
AT2G13640,down,24 h
AT2G27780,down,24 h
AT4G38070,down,24 h
AT4G00870,down,24 h
AT1G30670,down,24 h
AT1G12540,down,24 h
AT4G20810,down,24 h
AT4G10680,down,24 h
AT4G31690,down,24 h
AT3G29636,down,24 h
AT2G31690,down,24 h
AT1G65990,down,24 h
AT1G65170,down,24 h
AT2G27650,down,24 h
AT4G05250,down,24 h
AT4G05260,down,24 h
AT4G05270,down,24 h
AT2G32360,down,24 h
AT5G06890,down,24 h
AT5G25340,down,24 h
AT1G31370,down,24 h
AT3G58320,down,24 h
AT2G05430,down,24 h
AT1G23590,down,24 h
AT3G49270,down,24 h
AT2G11851,down,24 h
AT2G43255,down,24 h
AT3G27415,down,24 h
AT3G62097,down,24 h
AT4G17590,down,24 h
AT4G18320,down,24 h
AT2G02498,down,24 h
AT2G20970,down,24 h
AT2G34100,down,24 h
AT3G13677,down,24 h
AT5G35603,down,24 h
AT1G36922,down,24 h
AT1G51020,down,24 h
AT1G73020,down,24 h
AT1G02540,down,24 h
AT1G07680,down,24 h
AT1G10100,down,24 h
AT1G10190,down,24 h
AT1G10250,down,24 h
AT1G20400,down,24 h
AT1G20740,down,24 h
AT1G22120,down,24 h
AT1G23270,down,24 h
AT1G23570,down,24 h
AT1G23580,down,24 h
AT1G23640,down,24 h
AT1G23680,down,24 h
AT1G23690,down,24 h
AT1G24060,down,24 h
AT1G24380,down,24 h
AT1G24822,down,24 h
AT1G25300,down,24 h
AT1G26140,down,24 h
AT1G26350,down,24 h
AT1G28500,down,24 h
AT1G29580,down,24 h
AT1G30250,down,24 h
AT1G31270,down,24 h
AT1G31520,down,24 h
AT1G31620,down,24 h
AT1G31960,down,24 h
AT1G32650,down,24 h
AT1G33820,down,24 h
AT1G34400,down,24 h
AT1G35400,down,24 h
AT1G35614,down,24 h
AT1G35820,down,24 h
AT1G36230,down,24 h
AT1G36580,down,24 h
AT1G42700,down,24 h
AT1G43680,down,24 h
AT1G43720,down,24 h
AT1G44010,down,24 h
AT1G44674,down,24 h
AT1G46336,down,24 h
AT1G47280,down,24 h
AT1G47680,down,24 h
AT1G47813,down,24 h
AT1G48095,down,24 h
AT1G49260,down,24 h
AT1G49800,down,24 h
AT1G50530,down,24 h
AT1G51000,down,24 h
AT1G51970,down,24 h
AT1G54420,down,24 h
AT1G54700,down,24 h
AT1G54880,down,24 h
AT1G55220,down,24 h
AT1G57906,down,24 h
AT1G59535,down,24 h
AT1G62070,down,24 h
AT1G62210,down,24 h
AT1G62220,down,24 h
AT1G62920,down,24 h
AT1G64340,down,24 h
AT1G64870,down,24 h
AT1G65740,down,24 h
AT1G65760,down,24 h
AT1G67540,down,24 h
AT1G68875,down,24 h
AT1G69470,down,24 h
AT1G70040,down,24 h
AT1G70120,down,24 h
AT1G71470,down,24 h
AT1G72080,down,24 h
AT1G72580,down,24 h
AT1G78640,down,24 h
AT3G01250,down,24 h
AT3G04990,down,24 h
AT3G06090,down,24 h
AT3G12840,down,24 h
AT3G13370,down,24 h
AT3G15910,down,24 h
AT3G23040,down,24 h
AT3G23850,down,24 h
AT3G24260,down,24 h
AT3G25200,down,24 h
AT3G26390,down,24 h
AT3G27800,down,24 h
AT3G28020,down,24 h
AT3G28120,down,24 h
AT3G28260,down,24 h
AT3G28280,down,24 h
AT3G28780,down,24 h
AT3G28810,down,24 h
AT3G28990,down,24 h
AT3G29570,down,24 h
AT3G29791,down,24 h
AT3G30320,down,24 h
AT3G30370,down,24 h
AT3G30845,down,24 h
AT3G31400,down,24 h
AT3G31950,down,24 h
AT3G32120,down,24 h
AT3G32130,down,24 h
AT3G32180,down,24 h
AT3G32190,down,24 h
AT3G32960,down,24 h
AT3G42310,down,24 h
AT3G42380,down,24 h
AT3G42870,down,24 h
AT3G42940,down,24 h
AT3G42970,down,24 h
AT3G43260,down,24 h
AT3G43410,down,24 h
AT3G43480,down,24 h
AT3G43880,down,24 h
AT3G43970,down,24 h
AT3G44230,down,24 h
AT3G44580,down,24 h
AT3G45820,down,24 h
AT3G45910,down,24 h
AT3G46240,down,24 h
AT3G46390,down,24 h
AT3G47920,down,24 h
AT3G48220,down,24 h
AT3G48230,down,24 h
AT3G49610,down,24 h
AT3G51020,down,24 h
AT3G52830,down,24 h
AT3G54550,down,24 h
AT3G55570,down,24 h
AT3G56390,down,24 h
AT3G57900,down,24 h
AT3G60560,down,24 h
AT3G60920,down,24 h
AT3G62350,down,24 h
AT3G62380,down,24 h
AT3G62990,down,24 h
AT3G63020,down,24 h
AT4G00280,down,24 h
AT4G01170,down,24 h
AT4G03040,down,24 h
AT4G03160,down,24 h
AT4G03580,down,24 h
AT4G03740,down,24 h
AT4G04730,down,24 h
AT4G08740,down,24 h
AT4G09440,down,24 h
AT4G09860,down,24 h
AT4G10220,down,24 h
AT4G10880,down,24 h
AT4G11300,down,24 h
AT4G12930,down,24 h
AT4G13263,down,24 h
AT4G14260,down,24 h
AT4G14530,down,24 h
AT4G15050,down,24 h
AT4G15060,down,24 h
AT4G15096,down,24 h
AT4G16090,down,24 h
AT4G17850,down,24 h
AT4G17930,down,24 h
AT4G18000,down,24 h
AT4G18080,down,24 h
AT4G18090,down,24 h
AT4G19095,down,24 h
AT4G19620,down,24 h
AT4G20290,down,24 h
AT4G21950,down,24 h
AT4G22440,down,24 h
AT4G23080,down,24 h
AT4G23360,down,24 h
AT4G23370,down,24 h
AT4G23970,down,24 h
AT4G24030,down,24 h
AT4G25330,down,24 h
AT4G25510,down,24 h
AT4G25930,down,24 h
AT4G26040,down,24 h
AT4G27930,down,24 h
AT4G34550,down,24 h
AT4G34690,down,24 h
AT4G35680,down,24 h
AT4G35710,down,24 h
AT4G35725,down,24 h
AT4G36170,down,24 h
AT4G36370,down,24 h
AT4G36460,down,24 h
AT5G01130,down,24 h
AT5G01140,down,24 h
AT5G01440,down,24 h
AT5G02660,down,24 h
AT5G03750,down,24 h
AT5G05030,down,24 h
AT5G07490,down,24 h
AT5G11220,down,24 h
AT5G11660,down,24 h
AT5G12460,down,24 h
AT5G14990,down,24 h
AT5G16090,down,24 h
AT5G19710,down,24 h
AT5G21110,down,24 h
AT5G25000,down,24 h
AT5G25200,down,24 h
AT5G25600,down,24 h
AT5G25990,down,24 h
AT5G26100,down,24 h
AT5G26890,down,24 h
AT5G26970,down,24 h
AT5G27340,down,24 h
AT5G28090,down,24 h
AT5G28410,down,24 h
AT5G28690,down,24 h
AT5G29050,down,24 h
AT5G35510,down,24 h
AT5G35540,down,24 h
AT5G36080,down,24 h
AT5G36770,down,24 h
AT5G37520,down,24 h
AT5G37650,down,24 h
AT5G38190,down,24 h
AT5G38400,down,24 h
AT5G38490,down,24 h
AT5G38500,down,24 h
AT5G39010,down,24 h
AT5G39200,down,24 h
AT5G39870,down,24 h
AT5G41530,down,24 h
AT5G41630,down,24 h
AT5G44470,down,24 h
AT5G46300,down,24 h
AT5G50500,down,24 h
AT5G50880,down,24 h
AT5G50910,down,24 h
AT5G51090,down,24 h
AT5G51580,down,24 h
AT5G51650,down,24 h
AT5G52130,down,24 h
AT5G53670,down,24 h
AT5G53690,down,24 h
AT5G53790,down,24 h
AT5G54320,down,24 h
AT5G54330,down,24 h
AT5G54450,down,24 h
AT5G55010,down,24 h
AT5G55870,down,24 h
AT5G56070,down,24 h
AT5G56770,down,24 h
AT5G57730,down,24 h
AT5G60000,down,24 h
AT5G60380,down,24 h
AT5G61710,down,24 h
AT5G61720,down,24 h
AT2G02440,down,24 h
AT2G03180,down,24 h
AT2G04370,down,24 h
AT2G04675,down,24 h
AT2G04810,down,24 h
AT2G05360,down,24 h
AT2G05500,down,24 h
AT2G07280,down,24 h
AT2G07290,down,24 h
AT2G07310,down,24 h
AT2G10560,down,24 h
AT2G13450,down,24 h
AT2G14390,down,24 h
AT2G14810,down,24 h
AT2G15610,down,24 h
AT2G16020,down,24 h
AT2G16190,down,24 h
AT2G17960,down,24 h
AT2G18200,down,24 h
AT2G18610,down,24 h
AT2G18830,down,24 h
AT2G18920,down,24 h
AT2G18930,down,24 h
AT2G19300,down,24 h
AT2G20150,down,24 h
AT2G20805,down,24 h
AT2G21030,down,24 h
AT2G21655,down,24 h
AT2G21820,down,24 h
AT2G22320,down,24 h
AT2G22520,down,24 h
AT2G23040,down,24 h
AT2G24255,down,24 h
AT2G24950,down,24 h
AT2G27320,down,24 h
AT2G27670,down,24 h
AT2G29850,down,24 h
AT2G29880,down,24 h
AT2G30380,down,24 h
AT2G30690,down,24 h
AT2G30925,down,24 h
AT2G31460,down,24 h
AT2G31720,down,24 h
AT2G33420,down,24 h
AT2G36940,down,24 h
AT2G39520,down,24 h
AT2G40955,down,24 h
AT2G41590,down,24 h
AT2G41990,down,24 h
AT2G43450,down,24 h
AT2G02795,down,24 h
AT2G02835,down,24 h
AT2G04041,down,24 h
AT2G05752,down,24 h
AT2G06906,down,24 h
AT2G07215,down,24 h
AT2G10602,down,24 h
AT2G10975,down,24 h
AT2G11462,down,24 h
AT2G11623,down,24 h
AT2G11626,down,24 h
AT2G12875,down,24 h
AT2G13125,down,24 h
AT2G17305,down,24 h
AT5G13825,down,24 h
AT5G22190,down,24 h
AT5G28820,down,24 h
AT5G28885,down,24 h
AT5G30341,down,24 h
AT5G33898,down,24 h
AT5G34883,down,24 h
AT5G34905,down,24 h
AT5G35604,down,24 h
AT5G35945,down,24 h
AT5G50115,down,24 h
AT5G53905,down,24 h
AT5G54067,down,24 h
AT4G01245,down,24 h
AT4G01535,down,24 h
AT4G03165,down,24 h
AT4G05523,down,24 h
AT4G07932,down,24 h
AT4G08097,down,24 h
AT4G11385,down,24 h
AT4G15053,down,24 h
AT1G02965,down,24 h
AT1G05615,down,24 h
AT1G07476,down,24 h
AT1G11145,down,24 h
AT1G21323,down,24 h
AT1G21475,down,24 h
AT1G29355,down,24 h
AT1G35365,down,24 h
AT1G36925,down,24 h
AT1G43415,down,24 h
AT1G43722,down,24 h
AT1G47495,down,24 h
AT1G66045,down,24 h
AT1G66235,down,24 h
AT3G20155,down,24 h
AT3G24517,down,24 h
AT3G26616,down,24 h
AT3G28925,down,24 h
AT3G29385,down,24 h
AT3G29785,down,24 h
AT3G32904,down,24 h
AT3G33393,down,24 h
AT3G33494,down,24 h
AT3G44235,down,24 h
AT3G44935,down,24 h
AT3G48675,down,24 h
AT4G06490,down,24 h
AT2G09388,down,24 h
AT2G39975,down,24 h
AT2G42180,down,24 h
AT3G23172,down,24 h
AT5G29613,down,24 h
AT5G30520,down,24 h
AT2G03930,down,24 h
AT2G13126,down,24 h
AT2G14635,down,24 h
AT2G30985,down,24 h
AT1G05085,down,24 h
AT1G21395,down,24 h
AT1G53285,down,24 h
AT1G61097,down,24 h
AT3G49307,down,24 h
AT4G01985,down,24 h
AT4G27415,down,24 h
AT5G26805,down,24 h
AT5G35737,down,24 h
AT5G39630,down,24 h
AT5G54460,down,24 h
AT4G35610,down,24 h
AT1G48195,down,24 h
AT3G62850,down,24 h
AT5G15690,down,24 h
AT5G61110,down,24 h
AT2G07760,down,24 h
AT5G32613,down,24 h
AT4G05553,down,24 h
AT3G59845,down,24 h
AT2G17785,down,24 h
AT1G64380,down,24 h
AT5G02550,down,48 h
AT5G66460,down,48 h
AT1G72520,down,48 h
AT5G08505,down,48 h
AT3G50320,down,48 h
AT1G72820,down,48 h
AT1G03890,down,48 h
AT1G28030,down,48 h
AT2G44800,down,48 h
AT2G06960,down,48 h
AT1G50780,down,48 h
AT5G38120,down,48 h
AT5G09490,down,48 h
AT3G51190,down,48 h
AT5G17730,down,48 h
AT3G28510,down,48 h
AT3G28520,down,48 h
AT5G17740,down,48 h
AT5G17750,down,48 h
AT3G28415,down,48 h
AT4G27420,down,48 h
AT5G25320,down,48 h
AT1G20600,down,48 h
AT4G03170,down,48 h
AT1G50680,down,48 h
AT3G42723,down,48 h
AT1G49250,down,48 h
AT3G31900,down,48 h
AT3G32280,down,48 h
AT5G07650,down,48 h
AT3G32400,down,48 h
AT5G20310,down,48 h
AT3G11680,down,48 h
AT1G50760,down,48 h
AT1G50770,down,48 h
AT5G35810,down,48 h
AT5G04730,down,48 h
AT4G32630,down,48 h
AT4G09930,down,48 h
AT3G21880,down,48 h
AT4G10240,down,48 h
AT5G09780,down,48 h
AT1G10455,down,48 h
AT4G17580,down,48 h
AT4G05370,down,48 h
AT3G29740,down,48 h
AT2G40440,down,48 h
AT4G01160,down,48 h
AT5G35760,down,48 h
AT5G35890,down,48 h
AT5G09370,down,48 h
AT5G38160,down,48 h
AT5G38180,down,48 h
AT3G05440,down,48 h
AT5G44760,down,48 h
AT5G05120,down,48 h
AT5G27880,down,48 h
AT4G04404,down,48 h
AT3G01030,down,48 h
AT4G26030,down,48 h
AT5G22990,down,48 h
AT5G61470,down,48 h
AT2G15740,down,48 h
AT3G46070,down,48 h
AT5G15480,down,48 h
AT3G29340,down,48 h
AT3G45560,down,48 h
AT4G12210,down,48 h
AT5G50640,down,48 h
AT1G58390,down,48 h
AT2G12880,down,48 h
AT2G15180,down,48 h
AT1G05290,down,48 h
AT3G10116,down,48 h
AT2G01800,down,48 h
AT1G30060,down,48 h
AT4G00580,down,48 h
AT2G34890,down,48 h
AT3G61720,down,48 h
AT2G21010,down,48 h
AT1G23250,down,48 h
AT5G62240,down,48 h
AT1G09260,down,48 h
AT1G44478,down,48 h
AT2G39320,down,48 h
AT5G26130,down,48 h
AT3G25850,down,48 h
AT5G16430,down,48 h
AT2G37810,down,48 h
AT3G05300,down,48 h
AT1G32720,down,48 h
AT5G51900,down,48 h
AT1G32300,down,48 h
AT3G52350,down,48 h
AT1G71370,down,48 h
AT4G21895,down,48 h
AT1G36095,down,48 h
AT3G32330,down,48 h
AT5G28590,down,48 h
AT1G66420,down,48 h
AT4G00232,down,48 h
AT4G01260,down,48 h
AT2G01370,down,48 h
AT2G20613,down,48 h
AT5G41765,down,48 h
AT1G61700,down,48 h
AT4G19580,down,48 h
AT1G31530,down,48 h
AT1G40390,down,48 h
AT1G49015,down,48 h
AT4G21050,down,48 h
AT4G21080,down,48 h
AT4G21040,down,48 h
AT4G18870,down,48 h
AT5G37870,down,48 h
AT5G37900,down,48 h
AT5G15000,down,48 h
AT3G03272,down,48 h
AT3G27425,down,48 h
AT5G65370,down,48 h
AT3G23350,down,48 h
AT3G57960,down,48 h
AT3G57970,down,48 h
AT3G11870,down,48 h
AT3G26820,down,48 h
AT5G25310,down,48 h
AT2G29040,down,48 h
AT1G20735,down,48 h
AT1G12190,down,48 h
AT1G33020,down,48 h
AT3G16820,down,48 h
AT3G17480,down,48 h
AT3G17530,down,48 h
AT3G22350,down,48 h
AT3G22720,down,48 h
AT3G24700,down,48 h
AT5G38810,down,48 h
AT1G67455,down,48 h
AT3G22421,down,48 h
AT1G12870,down,48 h
AT1G51290,down,48 h
AT3G16880,down,48 h
AT4G04690,down,48 h
AT4G10190,down,48 h
AT1G26510,down,48 h
AT1G31510,down,48 h
AT1G32600,down,48 h
AT1G46912,down,48 h
AT1G50470,down,48 h
AT1G59630,down,48 h
AT1G71290,down,48 h
AT3G04250,down,48 h
AT3G06280,down,48 h
AT3G47130,down,48 h
AT3G47140,down,48 h
AT3G49440,down,48 h
AT3G52330,down,48 h
AT4G01640,down,48 h
AT4G13060,down,48 h
AT5G43550,down,48 h
AT5G62830,down,48 h
AT2G13630,down,48 h
AT5G44345,down,48 h
AT1G53360,down,48 h
AT1G64295,down,48 h
AT3G03405,down,48 h
AT1G11810,down,48 h
AT5G41490,down,48 h
AT3G25090,down,48 h
AT2G02660,down,48 h
AT3G23685,down,48 h
AT1G30790,down,48 h
AT1G30930,down,48 h
AT1G31090,down,48 h
AT3G18150,down,48 h
AT3G28410,down,48 h
AT3G29830,down,48 h
AT3G49040,down,48 h
AT1G20800,down,48 h
AT1G27550,down,48 h
AT1G36030,down,48 h
AT1G53550,down,48 h
AT1G54640,down,48 h
AT5G48550,down,48 h
AT1G20360,down,48 h
AT1G46984,down,48 h
AT1G47300,down,48 h
AT1G47810,down,48 h
AT1G52490,down,48 h
AT1G53370,down,48 h
AT1G54550,down,48 h
AT1G57580,down,48 h
AT1G60400,down,48 h
AT1G61060,down,48 h
AT1G66490,down,48 h
AT1G67130,down,48 h
AT3G17400,down,48 h
AT3G19890,down,48 h
AT3G20690,down,48 h
AT3G23950,down,48 h
AT3G23970,down,48 h
AT3G25550,down,48 h
AT3G44080,down,48 h
AT3G44090,down,48 h
AT3G44810,down,48 h
AT3G49450,down,48 h
AT3G60790,down,48 h
AT3G62230,down,48 h
AT4G11590,down,48 h
AT5G18160,down,48 h
AT5G25290,down,48 h
AT5G36730,down,48 h
AT5G39460,down,48 h
AT2G14710,down,48 h
AT2G15640,down,48 h
AT2G19630,down,48 h
AT2G20380,down,48 h
AT2G26850,down,48 h
AT2G42730,down,48 h
AT2G16365,down,48 h
AT1G47915,down,48 h
AT1G59675,down,48 h
AT2G40925,down,48 h
AT1G53815,down,48 h
AT4G00160,down,48 h
AT5G22670,down,48 h
AT5G56570,down,48 h
AT3G62440,down,48 h
AT2G29930,down,48 h
AT2G27520,down,48 h
AT5G53635,down,48 h
AT1G16940,down,48 h
AT5G44960,down,48 h
AT3G13680,down,48 h
AT4G05080,down,48 h
AT4G19930,down,48 h
AT4G23580,down,48 h
AT4G33290,down,48 h
AT5G38670,down,48 h
AT5G51250,down,48 h
AT2G22030,down,48 h
AT2G29600,down,48 h
AT1G11770,down,48 h
AT1G30710,down,48 h
AT1G30740,down,48 h
AT4G20800,down,48 h
AT1G19410,down,48 h
AT5G40750,down,48 h
AT5G11370,down,48 h
AT5G56325,down,48 h
AT5G56400,down,48 h
AT1G66310,down,48 h
AT3G49020,down,48 h
AT5G56430,down,48 h
AT5G56440,down,48 h
AT5G56452,down,48 h
AT2G33796,down,48 h
AT5G26730,down,48 h
AT5G45180,down,48 h
AT1G75530,down,48 h
AT1G61440,down,48 h
AT1G42190,down,48 h
AT2G30090,down,48 h
AT4G16220,down,48 h
AT5G03590,down,48 h
AT5G03820,down,48 h
AT5G42170,down,48 h
AT5G63170,down,48 h
AT2G19010,down,48 h
AT2G30310,down,48 h
AT1G20135,down,48 h
AT3G23860,down,48 h
AT1G48190,down,48 h
AT5G28180,down,48 h
AT2G29810,down,48 h
AT2G29820,down,48 h
AT1G65210,down,48 h
AT4G12960,down,48 h
AT3G31402,down,48 h
AT1G35150,down,48 h
AT1G42710,down,48 h
AT3G29450,down,48 h
AT3G29763,down,48 h
AT3G29765,down,48 h
AT1G27710,down,48 h
AT3G02670,down,48 h
AT4G33840,down,48 h
AT4G19750,down,48 h
AT4G19800,down,48 h
AT5G17500,down,48 h
AT4G16550,down,48 h
AT4G16560,down,48 h
AT3G47170,down,48 h
AT1G32910,down,48 h
AT4G29250,down,48 h
AT5G23970,down,48 h
AT5G38130,down,48 h
AT1G29780,down,48 h
AT2G21420,down,48 h
AT1G22100,down,48 h
AT2G17160,down,48 h
AT5G59616,down,48 h
AT2G36260,down,48 h
AT2G39030,down,48 h
AT5G15060,down,48 h
AT3G05975,down,48 h
AT3G24600,down,48 h
AT4G19470,down,48 h
AT5G49750,down,48 h
AT3G46350,down,48 h
AT1G33070,down,48 h
AT5G46320,down,48 h
AT5G38620,down,48 h
AT5G51860,down,48 h
AT1G48150,down,48 h
AT1G72350,down,48 h
AT4G36590,down,48 h
AT1G23300,down,48 h
AT4G00350,down,48 h
AT1G62410,down,48 h
AT4G32700,down,48 h
AT2G43730,down,48 h
AT3G44800,down,48 h
AT5G53960,down,48 h
AT5G20430,down,48 h
AT5G20440,down,48 h
AT2G44175,down,48 h
AT3G56520,down,48 h
AT3G60060,down,48 h
AT4G27190,down,48 h
AT5G28660,down,48 h
AT5G27140,down,48 h
AT2G44070,down,48 h
AT1G02210,down,48 h
AT1G60300,down,48 h
AT3G20760,down,48 h
AT2G05642,down,48 h
AT3G45760,down,48 h
AT3G24330,down,48 h
AT3G49200,down,48 h
AT5G22490,down,48 h
AT1G11990,down,48 h
AT3G23770,down,48 h
AT1G63140,down,48 h
AT4G35150,down,48 h
AT2G33845,down,48 h
AT3G28490,down,48 h
AT4G05340,down,48 h
AT1G06750,down,48 h
AT1G33830,down,48 h
AT1G33870,down,48 h
AT1G33910,down,48 h
AT1G65780,down,48 h
AT1G65810,down,48 h
AT3G28610,down,48 h
AT3G29800,down,48 h
AT5G37030,down,48 h
AT5G37140,down,48 h
AT5G37150,down,48 h
AT5G52090,down,48 h
AT5G66970,down,48 h
AT2G18190,down,48 h
AT2G27570,down,48 h
AT2G30630,down,48 h
AT3G51690,down,48 h
AT5G28780,down,48 h
AT5G41390,down,48 h
AT3G50808,down,48 h
AT4G40100,down,48 h
AT4G20100,down,48 h
AT2G38900,down,48 h
AT3G11350,down,48 h
AT2G41390,down,48 h
AT1G51910,down,48 h
AT5G38250,down,48 h
AT4G15715,down,48 h
AT5G09550,down,48 h
AT1G20750,down,48 h
AT3G06000,down,48 h
AT1G28040,down,48 h
AT1G53820,down,48 h
AT3G42830,down,48 h
AT2G38220,down,48 h
AT1G18770,down,48 h
AT1G21960,down,48 h
AT1G74620,down,48 h
AT1G77830,down,48 h
AT3G13228,down,48 h
AT3G14970,down,48 h
AT4G05350,down,48 h
AT4G12140,down,48 h
AT4G18110,down,48 h
AT5G05910,down,48 h
AT5G37280,down,48 h
AT5G41430,down,48 h
AT5G52150,down,48 h
AT5G53910,down,48 h
AT5G54990,down,48 h
AT2G03000,down,48 h
AT2G15260,down,48 h
AT2G25360,down,48 h
AT2G29840,down,48 h
AT3G45555,down,48 h
AT3G43750,down,48 h
AT3G45580,down,48 h
AT3G43180,down,48 h
AT2G25370,down,48 h
AT5G07225,down,48 h
AT3G52980,down,48 h
AT1G45100,down,48 h
AT5G05720,down,48 h
AT5G53720,down,48 h
AT5G59860,down,48 h
AT2G14870,down,48 h
AT2G21690,down,48 h
AT3G48840,down,48 h
AT2G14160,down,48 h
AT3G10845,down,48 h
AT5G52480,down,48 h
AT1G47920,down,48 h
AT3G58890,down,48 h
AT4G03630,down,48 h
AT3G59180,down,48 h
AT3G09510,down,48 h
AT1G18790,down,48 h
AT1G74480,down,48 h
AT5G66990,down,48 h
AT5G46025,down,48 h
AT1G63550,down,48 h
AT3G22020,down,48 h
AT1G51900,down,48 h
AT3G15490,down,48 h
AT1G63295,down,48 h
AT4G20220,down,48 h
AT3G04200,down,48 h
AT4G10290,down,48 h
AT5G66430,down,48 h
AT1G66690,down,48 h
AT1G66720,down,48 h
AT3G23460,down,48 h
AT3G44840,down,48 h
AT2G24620,down,48 h
AT3G43120,down,48 h
AT2G36210,down,48 h
AT4G19340,down,48 h
AT4G19360,down,48 h
AT5G03600,down,48 h
AT3G16600,down,48 h
AT1G18050,down,48 h
AT3G27600,down,48 h
AT5G06520,down,48 h
AT1G20240,down,48 h
AT1G20290,down,48 h
AT1G20690,down,48 h
AT1G57565,down,48 h
AT5G53270,down,48 h
AT1G63280,down,48 h
AT5G44316,down,48 h
AT3G46840,down,48 h
AT4G10520,down,48 h
AT4G10540,down,48 h
AT4G21630,down,48 h
AT5G11940,down,48 h
AT1G66210,down,48 h
AT5G58820,down,48 h
AT4G09070,down,48 h
AT5G39230,down,48 h
AT3G51570,down,48 h
AT4G09430,down,48 h
AT4G11340,down,48 h
AT5G17970,down,48 h
AT5G41540,down,48 h
AT5G45230,down,48 h
AT1G31380,down,48 h
AT1G31390,down,48 h
AT3G22080,down,48 h
AT3G46190,down,48 h
AT3G58240,down,48 h
AT3G58250,down,48 h
AT3G58260,down,48 h
AT3G58340,down,48 h
AT3G58360,down,48 h
AT3G58400,down,48 h
AT3G58410,down,48 h
AT2G01790,down,48 h
AT2G05410,down,48 h
AT2G05420,down,48 h
AT2G15710,down,48 h
AT2G25330,down,48 h
AT2G42470,down,48 h
AT2G42480,down,48 h
AT3G44805,down,48 h
AT2G06541,down,48 h
AT1G61105,down,48 h
AT5G38344,down,48 h
AT1G47370,down,48 h
AT1G52900,down,48 h
AT1G57830,down,48 h
AT1G57850,down,48 h
AT1G60320,down,48 h
AT2G03030,down,48 h
AT2G03300,down,48 h
AT1G09665,down,48 h
AT4G19910,down,48 h
AT1G51210,down,48 h
AT3G01010,down,48 h
AT4G08430,down,48 h
AT5G28235,down,48 h
AT3G32090,down,48 h
AT1G80990,down,48 h
AT4G01780,down,48 h
AT2G02550,down,48 h
AT2G04750,down,48 h
AT1G68280,down,48 h
AT2G07020,down,48 h
AT5G02730,down,48 h
AT2G38150,down,48 h
AT1G47780,down,48 h
AT1G52460,down,48 h
AT3G55190,down,48 h
AT5G22960,down,48 h
AT1G52695,down,48 h
AT1G52470,down,48 h
AT2G27240,down,48 h
AT5G13940,down,48 h
AT5G35830,down,48 h
AT5G50140,down,48 h
AT5G60070,down,48 h
AT2G16835,down,48 h
AT3G29750,down,48 h
AT3G30770,down,48 h
AT4G12920,down,48 h
AT4G30030,down,48 h
AT4G30040,down,48 h
AT5G24820,down,48 h
AT5G45120,down,48 h
AT4G04985,down,48 h
AT1G31450,down,48 h
AT2G28010,down,48 h
AT2G28220,down,48 h
AT5G13350,down,48 h
AT2G34315,down,48 h
AT1G33880,down,48 h
AT2G31215,down,48 h
AT2G15170,down,48 h
AT4G32100,down,48 h
AT4G32105,down,48 h
AT3G25810,down,48 h
AT1G69190,down,48 h
AT1G32280,down,48 h
AT3G57310,down,48 h
AT5G56480,down,48 h
AT1G43666,down,48 h
AT1G66850,down,48 h
AT3G22580,down,48 h
AT5G52160,down,48 h
AT1G43667,down,48 h
AT2G14846,down,48 h
AT3G43990,down,48 h
AT4G23120,down,48 h
AT2G25120,down,48 h
AT1G66120,down,48 h
AT4G20080,down,48 h
AT1G66360,down,48 h
AT4G15755,down,48 h
AT1G23240,down,48 h
AT5G29560,down,48 h
AT3G54570,down,48 h
AT2G04910,down,48 h
AT2G42930,down,48 h
AT4G16165,down,48 h
AT5G07170,down,48 h
AT5G27080,down,48 h
AT5G26900,down,48 h
AT5G66220,down,48 h
AT1G18130,down,48 h
AT5G27800,down,48 h
AT1G07850,down,48 h
AT2G16200,down,48 h
AT2G29250,down,48 h
AT4G12270,down,48 h
AT5G52700,down,48 h
AT5G52720,down,48 h
AT5G52730,down,48 h
AT5G52740,down,48 h
AT1G59800,down,48 h
AT5G39370,down,48 h
AT3G57370,down,48 h
AT1G63190,down,48 h
AT1G63200,down,48 h
AT1G63205,down,48 h
AT4G03570,down,48 h
AT4G03590,down,48 h
AT4G03565,down,48 h
AT5G17110,down,48 h
AT5G17120,down,48 h
AT5G17140,down,48 h
AT1G03720,down,48 h
AT5G17080,down,48 h
AT5G17130,down,48 h
AT4G09690,down,48 h
AT5G55800,down,48 h
AT2G44400,down,48 h
AT1G45243,down,48 h
AT4G29630,down,48 h
AT1G29620,down,48 h
AT2G34120,down,48 h
AT1G61688,down,48 h
AT1G56553,down,48 h
AT5G55565,down,48 h
AT3G16895,down,48 h
AT2G42885,down,48 h
AT5G54745,down,48 h
AT5G60500,down,48 h
AT4G11180,down,48 h
AT5G44300,down,48 h
AT1G65450,down,48 h
AT3G10595,down,48 h
AT2G03290,down,48 h
AT3G09990,down,48 h
AT1G74290,down,48 h
AT3G23220,down,48 h
AT5G43410,down,48 h
AT5G07310,down,48 h
AT1G49120,down,48 h
AT2G20350,down,48 h
AT5G67000,down,48 h
AT5G57650,down,48 h
AT5G40310,down,48 h
AT3G14040,down,48 h
AT3G45810,down,48 h
AT5G30500,down,48 h
AT5G39110,down,48 h
AT3G04170,down,48 h
AT3G04190,down,48 h
AT2G30810,down,48 h
AT2G39540,down,48 h
AT5G46730,down,48 h
AT1G30795,down,48 h
AT1G44085,down,48 h
AT2G04063,down,48 h
AT2G15340,down,48 h
AT3G29033,down,48 h
AT3G14480,down,48 h
AT2G46190,down,48 h
AT5G44830,down,48 h
AT5G44840,down,48 h
AT2G15460,down,48 h
AT3G42155,down,48 h
AT1G77780,down,48 h
AT3G55780,down,48 h
AT3G62710,down,48 h
AT4G19740,down,48 h
AT5G16700,down,48 h
AT5G20560,down,48 h
AT2G39640,down,48 h
AT3G18180,down,48 h
AT3G57620,down,48 h
AT2G06500,down,48 h
AT5G31412,down,48 h
AT5G33406,down,48 h
AT1G43260,down,48 h
AT5G54210,down,48 h
AT1G20320,down,48 h
AT3G21490,down,48 h
AT4G23882,down,48 h
AT1G57780,down,48 h
AT1G63950,down,48 h
AT3G04900,down,48 h
AT2G28090,down,48 h
AT5G13130,down,48 h
AT1G77660,down,48 h
AT5G61050,down,48 h
AT5G46010,down,48 h
AT1G01150,down,48 h
AT2G13960,down,48 h
AT1G43330,down,48 h
AT3G10580,down,48 h
AT4G04580,down,48 h
AT5G23650,down,48 h
AT1G56530,down,48 h
AT5G26070,down,48 h
AT5G34581,down,48 h
AT4G39745,down,48 h
AT1G63540,down,48 h
AT1G19025,down,48 h
AT4G23110,down,48 h
AT3G17230,down,48 h
AT3G59590,down,48 h
AT5G49860,down,48 h
AT1G52110,down,48 h
AT3G59620,down,48 h
AT4G11745,down,48 h
AT5G10500,down,48 h
AT5G41310,down,48 h
AT1G72290,down,48 h
AT2G03740,down,48 h
AT2G35460,down,48 h
AT5G22590,down,48 h
AT4G28380,down,48 h
AT1G24650,down,48 h
AT4G20790,down,48 h
AT3G42880,down,48 h
AT3G46420,down,48 h
AT1G53420,down,48 h
AT2G19230,down,48 h
AT3G52690,down,48 h
AT5G24180,down,48 h
AT5G24220,down,48 h
AT4G11030,down,48 h
AT4G38120,down,48 h
AT3G28450,down,48 h
AT2G18590,down,48 h
AT3G10890,down,48 h
AT2G16225,down,48 h
AT2G16505,down,48 h
AT2G17000,down,48 h
AT1G45403,down,48 h
AT1G65050,down,48 h
AT3G58290,down,48 h
AT2G39790,down,48 h
AT5G14290,down,48 h
AT1G07025,down,48 h
AT1G56380,down,48 h
AT5G47290,down,48 h
AT3G10113,down,48 h
AT1G32010,down,48 h
AT1G36100,down,48 h
AT3G30230,down,48 h
AT3G42060,down,48 h
AT4G03620,down,48 h
AT5G32590,down,48 h
AT5G41780,down,48 h
AT2G15420,down,48 h
AT3G12910,down,48 h
AT3G04410,down,48 h
AT3G07250,down,48 h
AT2G06904,down,48 h
AT4G06526,down,48 h
AT1G36510,down,48 h
AT3G32260,down,48 h
AT1G52950,down,48 h
AT1G21320,down,48 h
AT5G25400,down,48 h
AT5G49920,down,48 h
AT1G52790,down,48 h
AT3G47190,down,48 h
AT4G35820,down,48 h
AT1G23810,down,48 h
AT1G27220,down,48 h
AT1G27240,down,48 h
AT1G27250,down,48 h
AT1G27260,down,48 h
AT1G27270,down,48 h
AT5G15040,down,48 h
AT5G35610,down,48 h
AT5G47340,down,48 h
AT1G60410,down,48 h
AT5G63740,down,48 h
AT4G33355,down,48 h
AT2G24810,down,48 h
AT1G17150,down,48 h
AT3G48950,down,48 h
AT4G32370,down,48 h
AT4G35670,down,48 h
AT5G39910,down,48 h
AT2G31430,down,48 h
AT1G28000,down,48 h
AT1G28020,down,48 h
AT1G43010,down,48 h
AT1G47940,down,48 h
AT1G63070,down,48 h
AT3G11380,down,48 h
AT3G17370,down,48 h
AT5G28420,down,48 h
AT4G24300,down,48 h
AT1G22080,down,48 h
AT3G50990,down,48 h
AT2G03250,down,48 h
AT1G27570,down,48 h
AT1G51040,down,48 h
AT3G60420,down,48 h
AT1G09935,down,48 h
AT4G29460,down,48 h
AT1G30925,down,48 h
AT3G58300,down,48 h
AT3G58330,down,48 h
AT3G58280,down,48 h
AT3G03510,down,48 h
AT1G48010,down,48 h
AT1G54620,down,48 h
AT1G55770,down,48 h
AT3G55680,down,48 h
AT3G62180,down,48 h
AT5G46970,down,48 h
AT5G46980,down,48 h
AT5G46990,down,48 h
AT5G50050,down,48 h
AT2G10970,down,48 h
AT2G15345,down,48 h
AT3G17225,down,48 h
AT3G27980,down,48 h
AT1G50340,down,48 h
AT1G56100,down,48 h
AT3G17140,down,48 h
AT1G51230,down,48 h
AT1G51250,down,48 h
AT3G16970,down,48 h
AT1G09245,down,48 h
AT1G26797,down,48 h
AT5G26717,down,48 h
AT1G58242,down,48 h
AT3G30200,down,48 h
AT1G40087,down,48 h
AT3G17675,down,48 h
AT2G15770,down,48 h
AT3G07830,down,48 h
AT2G15470,down,48 h
AT3G12430,down,48 h
AT4G13885,down,48 h
AT1G68270,down,48 h
AT1G11560,down,48 h
AT1G11590,down,48 h
AT2G40990,down,48 h
AT1G67000,down,48 h
AT1G22210,down,48 h
AT5G10100,down,48 h
AT1G31250,down,48 h
AT5G26080,down,48 h
AT1G49270,down,48 h
AT3G59455,down,48 h
AT5G44265,down,48 h
AT4G07670,down,48 h
AT4G27890,down,48 h
AT2G17180,down,48 h
AT2G22040,down,48 h
AT1G59690,down,48 h
AT5G28620,down,48 h
AT3G06630,down,48 h
AT3G20530,down,48 h
AT3G24790,down,48 h
AT3G43950,down,48 h
AT3G45920,down,48 h
AT3G52530,down,48 h
AT4G10010,down,48 h
AT5G27790,down,48 h
AT5G60080,down,48 h
AT5G60090,down,48 h
AT5G26150,down,48 h
AT1G16760,down,48 h
AT3G46160,down,48 h
AT3G01085,down,48 h
AT2G17170,down,48 h
AT2G18530,down,48 h
AT3G43630,down,48 h
AT1G17545,down,48 h
AT2G21920,down,48 h
AT2G13720,down,48 h
AT5G37910,down,48 h
AT3G23680,down,48 h
AT1G32420,down,48 h
AT1G32660,down,48 h
AT1G33010,down,48 h
AT1G47390,down,48 h
AT1G47730,down,48 h
AT1G47800,down,48 h
AT1G50870,down,48 h
AT1G50880,down,48 h
AT1G55070,down,48 h
AT1G57690,down,48 h
AT1G58090,down,48 h
AT1G58310,down,48 h
AT1G67160,down,48 h
AT1G67390,down,48 h
AT1G67450,down,48 h
AT1G67623,down,48 h
AT1G70960,down,48 h
AT1G70970,down,48 h
AT1G76830,down,48 h
AT3G03730,down,48 h
AT3G17270,down,48 h
AT3G17490,down,48 h
AT3G17620,down,48 h
AT3G18340,down,48 h
AT3G19560,down,48 h
AT3G22710,down,48 h
AT3G22940,down,48 h
AT3G24580,down,48 h
AT3G25460,down,48 h
AT3G44060,down,48 h
AT3G44130,down,48 h
AT3G47020,down,48 h
AT3G49980,down,48 h
AT3G58910,down,48 h
AT3G58960,down,48 h
AT4G09190,down,48 h
AT4G09870,down,48 h
AT4G17200,down,48 h
AT4G21240,down,48 h
AT4G22030,down,48 h
AT4G22165,down,48 h
AT4G22180,down,48 h
AT4G29970,down,48 h
AT5G36200,down,48 h
AT5G38390,down,48 h
AT5G39470,down,48 h
AT5G40050,down,48 h
AT5G41500,down,48 h
AT5G42430,down,48 h
AT5G44940,down,48 h
AT5G44970,down,48 h
AT5G47300,down,48 h
AT5G50220,down,48 h
AT5G51000,down,48 h
AT5G62060,down,48 h
AT5G62660,down,48 h
AT2G02030,down,48 h
AT2G16220,down,48 h
AT2G16290,down,48 h
AT2G16450,down,48 h
AT2G26160,down,48 h
AT2G33190,down,48 h
AT1G20795,down,48 h
AT3G17265,down,48 h
AT1G22000,down,48 h
AT1G66290,down,48 h
AT1G66300,down,48 h
AT4G26350,down,48 h
AT5G25850,down,48 h
AT5G62970,down,48 h
AT3G42770,down,48 h
AT3G58920,down,48 h
AT3G59160,down,48 h
AT3G59170,down,48 h
AT3G59240,down,48 h
AT4G13960,down,48 h
AT5G38396,down,48 h
AT1G11620,down,48 h
AT1G15680,down,48 h
AT1G62270,down,48 h
AT3G17540,down,48 h
AT3G17570,down,48 h
AT3G19410,down,48 h
AT3G22730,down,48 h
AT3G22870,down,48 h
AT3G27910,down,48 h
AT3G43710,down,48 h
AT3G47150,down,48 h
AT4G02310,down,48 h
AT4G11770,down,48 h
AT4G12810,down,48 h
AT4G12820,down,48 h
AT4G22430,down,48 h
AT4G35120,down,48 h
AT4G39756,down,48 h
AT4G39760,down,48 h
AT5G02980,down,48 h
AT5G28160,down,48 h
AT5G38680,down,48 h
AT2G41360,down,48 h
AT1G05080,down,48 h
AT1G61330,down,48 h
AT5G56390,down,48 h
AT5G56410,down,48 h
AT5G56690,down,48 h
AT5G56820,down,48 h
AT1G70110,down,48 h
AT1G70870,down,48 h
AT1G53010,down,48 h
AT5G57750,down,48 h
AT5G53040,down,48 h
AT3G12000,down,48 h
AT5G18330,down,48 h
AT3G45990,down,48 h
AT2G13150,down,48 h
AT1G33220,down,48 h
AT5G20390,down,48 h
AT5G25430,down,48 h
AT1G32250,down,48 h
AT3G01830,down,48 h
AT2G37910,down,48 h
AT1G03050,down,48 h
AT2G22160,down,48 h
AT2G31620,down,48 h
AT3G29040,down,48 h
AT3G21910,down,48 h
AT3G22010,down,48 h
AT4G20680,down,48 h
AT1G32710,down,48 h
AT3G51210,down,48 h
AT5G56369,down,48 h
AT5G46877,down,48 h
AT3G33187,down,48 h
AT5G66890,down,48 h
AT3G13280,down,48 h
AT5G35640,down,48 h
AT5G67010,down,48 h
AT5G07760,down,48 h
AT3G04150,down,48 h
AT1G29870,down,48 h
AT2G29220,down,48 h
AT2G10550,down,48 h
AT5G11400,down,48 h
AT1G72000,down,48 h
AT5G50040,down,48 h
AT1G49100,down,48 h
AT2G04300,down,48 h
AT2G14440,down,48 h
AT1G72460,down,48 h
AT3G15870,down,48 h
AT3G30540,down,48 h
AT3G53070,down,48 h
AT4G10440,down,48 h
AT3G51070,down,48 h
AT5G37610,down,48 h
AT3G45690,down,48 h
AT1G50050,down,48 h
AT3G09590,down,48 h
AT5G15110,down,48 h
AT1G11920,down,48 h
AT5G07410,down,48 h
AT5G07420,down,48 h
AT5G61680,down,48 h
AT3G17152,down,48 h
AT4G03930,down,48 h
AT4G15980,down,48 h
AT5G49180,down,48 h
AT3G42560,down,48 h
AT3G17550,down,48 h
AT4G11730,down,48 h
AT3G18810,down,48 h
AT1G76370,down,48 h
AT3G50730,down,48 h
AT2G16620,down,48 h
AT4G08260,down,48 h
AT2G30730,down,48 h
AT2G40580,down,48 h
AT1G72760,down,48 h
AT1G01450,down,48 h
AT5G55855,down,48 h
AT4G20200,down,48 h
AT2G27700,down,48 h
AT4G04402,down,48 h
AT2G07440,down,48 h
AT1G56040,down,48 h
AT1G22720,down,48 h
AT4G14225,down,48 h
AT1G29570,down,48 h
AT3G22030,down,48 h
AT4G11890,down,48 h
AT3G23270,down,48 h
AT2G01240,down,48 h
AT3G30820,down,48 h
AT3G44570,down,48 h
AT2G14000,down,48 h
AT3G25270,down,48 h
AT1G33850,down,48 h
AT5G63300,down,48 h
AT4G36100,down,48 h
AT3G26860,down,48 h
AT3G54925,down,48 h
AT3G24060,down,48 h
AT3G26870,down,48 h
AT3G26880,down,48 h
AT3G27680,down,48 h
AT3G57840,down,48 h
AT5G04350,down,48 h
AT5G06020,down,48 h
AT5G06030,down,48 h
AT5G11830,down,48 h
AT5G12060,down,48 h
AT5G26050,down,48 h
AT5G38440,down,48 h
AT2G06090,down,48 h
AT2G24880,down,48 h
AT4G16195,down,48 h
AT4G10895,down,48 h
AT1G11765,down,48 h
AT1G04645,down,48 h
AT1G26795,down,48 h
AT1G26798,down,48 h
AT3G13227,down,48 h
AT4G03156,down,48 h
AT1G54590,down,48 h
AT1G11925,down,48 h
AT3G22040,down,48 h
AT3G46850,down,48 h
AT4G21260,down,48 h
AT4G26280,down,48 h
AT3G44180,down,48 h
AT5G10880,down,48 h
AT3G29190,down,48 h
AT1G58450,down,48 h
AT5G44330,down,48 h
AT5G43120,down,48 h
AT5G51360,down,48 h
AT2G33090,down,48 h
AT2G33300,down,48 h
AT1G25330,down,48 h
AT5G27310,down,48 h
AT2G13640,down,48 h
AT2G27780,down,48 h
AT4G38070,down,48 h
AT1G30670,down,48 h
AT1G12540,down,48 h
AT4G20810,down,48 h
AT4G10680,down,48 h
AT4G21010,down,48 h
AT5G32460,down,48 h
AT4G31690,down,48 h
AT3G16040,down,48 h
AT2G31690,down,48 h
AT3G02270,down,48 h
AT1G65990,down,48 h
AT1G65140,down,48 h
AT1G65170,down,48 h
AT2G27650,down,48 h
AT4G05240,down,48 h
AT4G05250,down,48 h
AT4G05260,down,48 h
AT4G05270,down,48 h
AT5G09340,down,48 h
AT5G11080,down,48 h
AT2G32360,down,48 h
AT5G06890,down,48 h
AT1G11970,down,48 h
AT5G25340,down,48 h
AT1G31370,down,48 h
AT3G58230,down,48 h
AT3G58320,down,48 h
AT4G22420,down,48 h
AT2G05430,down,48 h
AT1G23590,down,48 h
AT3G49270,down,48 h
AT1G48953,down,48 h
AT1G61353,down,48 h
AT2G11851,down,48 h
AT2G20170,down,48 h
AT2G41225,down,48 h
AT3G27415,down,48 h
AT3G60000,down,48 h
AT3G62097,down,48 h
AT4G10970,down,48 h
AT4G18692,down,48 h
AT4G28775,down,48 h
AT4G01335,down,48 h
AT4G17590,down,48 h
AT4G18320,down,48 h
AT1G12672,down,48 h
AT2G02498,down,48 h
AT2G20970,down,48 h
AT3G13677,down,48 h
AT5G35603,down,48 h
AT1G11230,down,48 h
AT1G36922,down,48 h
AT1G01400,down,48 h
AT1G10100,down,48 h
AT1G10250,down,48 h
AT1G12180,down,48 h
AT1G19500,down,48 h
AT1G20400,down,48 h
AT1G20740,down,48 h
AT1G21950,down,48 h
AT1G22010,down,48 h
AT1G22120,down,48 h
AT1G23270,down,48 h
AT1G23580,down,48 h
AT1G23680,down,48 h
AT1G23690,down,48 h
AT1G24060,down,48 h
AT1G24380,down,48 h
AT1G24390,down,48 h
AT1G24822,down,48 h
AT1G25300,down,48 h
AT1G26140,down,48 h
AT1G26710,down,48 h
AT1G28375,down,48 h
AT1G28500,down,48 h
AT1G29480,down,48 h
AT1G29580,down,48 h
AT1G30020,down,48 h
AT1G31270,down,48 h
AT1G31620,down,48 h
AT1G31960,down,48 h
AT1G33820,down,48 h
AT1G34400,down,48 h
AT1G35040,down,48 h
AT1G35400,down,48 h
AT1G35614,down,48 h
AT1G35820,down,48 h
AT1G35900,down,48 h
AT1G36230,down,48 h
AT1G36580,down,48 h
AT1G37010,down,48 h
AT1G38950,down,48 h
AT1G42700,down,48 h
AT1G43320,down,48 h
AT1G43630,down,48 h
AT1G43680,down,48 h
AT1G43720,down,48 h
AT1G43970,down,48 h
AT1G44010,down,48 h
AT1G44674,down,48 h
AT1G46336,down,48 h
AT1G47470,down,48 h
AT1G47660,down,48 h
AT1G47813,down,48 h
AT1G48095,down,48 h
AT1G49260,down,48 h
AT1G49680,down,48 h
AT1G50530,down,48 h
AT1G52390,down,48 h
AT1G53640,down,48 h
AT1G54420,down,48 h
AT1G54700,down,48 h
AT1G54880,down,48 h
AT1G57906,down,48 h
AT1G59535,down,48 h
AT1G61090,down,48 h
AT1G62060,down,48 h
AT1G62070,down,48 h
AT1G62080,down,48 h
AT1G62210,down,48 h
AT1G62920,down,48 h
AT1G64340,down,48 h
AT1G64870,down,48 h
AT1G65740,down,48 h
AT1G65760,down,48 h
AT1G67540,down,48 h
AT1G68875,down,48 h
AT1G69090,down,48 h
AT1G69470,down,48 h
AT1G70040,down,48 h
AT1G70120,down,48 h
AT1G71470,down,48 h
AT1G72080,down,48 h
AT1G72580,down,48 h
AT1G73510,down,48 h
AT1G74220,down,48 h
AT1G76840,down,48 h
AT1G76910,down,48 h
AT1G77910,down,48 h
AT1G78470,down,48 h
AT1G78640,down,48 h
AT3G01250,down,48 h
AT3G04990,down,48 h
AT3G05080,down,48 h
AT3G06090,down,48 h
AT3G07710,down,48 h
AT3G09140,down,48 h
AT3G11060,down,48 h
AT3G11160,down,48 h
AT3G11310,down,48 h
AT3G12840,down,48 h
AT3G13370,down,48 h
AT3G13630,down,48 h
AT3G15860,down,48 h
AT3G15910,down,48 h
AT3G16960,down,48 h
AT3G18700,down,48 h
AT3G21320,down,48 h
AT3G21980,down,48 h
AT3G23040,down,48 h
AT3G23850,down,48 h
AT3G24260,down,48 h
AT3G24690,down,48 h
AT3G25200,down,48 h
AT3G26390,down,48 h
AT3G27800,down,48 h
AT3G28020,down,48 h
AT3G28120,down,48 h
AT3G28260,down,48 h
AT3G28280,down,48 h
AT3G28630,down,48 h
AT3G28770,down,48 h
AT3G28790,down,48 h
AT3G28810,down,48 h
AT3G28820,down,48 h
AT3G28830,down,48 h
AT3G28870,down,48 h
AT3G28980,down,48 h
AT3G28990,down,48 h
AT3G29080,down,48 h
AT3G29570,down,48 h
AT3G29791,down,48 h
AT3G30320,down,48 h
AT3G30370,down,48 h
AT3G30845,down,48 h
AT3G31350,down,48 h
AT3G31400,down,48 h
AT3G31910,down,48 h
AT3G32050,down,48 h
AT3G32100,down,48 h
AT3G32120,down,48 h
AT3G32130,down,48 h
AT3G32150,down,48 h
AT3G32190,down,48 h
AT3G32200,down,48 h
AT3G32960,down,48 h
AT3G42310,down,48 h
AT3G42380,down,48 h
AT3G42390,down,48 h
AT3G42780,down,48 h
AT3G42870,down,48 h
AT3G42940,down,48 h
AT3G42970,down,48 h
AT3G43260,down,48 h
AT3G43290,down,48 h
AT3G43410,down,48 h
AT3G43480,down,48 h
AT3G43500,down,48 h
AT3G43880,down,48 h
AT3G43900,down,48 h
AT3G43910,down,48 h
AT3G43940,down,48 h
AT3G43970,down,48 h
AT3G44210,down,48 h
AT3G44230,down,48 h
AT3G44580,down,48 h
AT3G44980,down,48 h
AT3G45200,down,48 h
AT3G45320,down,48 h
AT3G45800,down,48 h
AT3G45910,down,48 h
AT3G46240,down,48 h
AT3G46390,down,48 h
AT3G48220,down,48 h
AT3G48230,down,48 h
AT3G49610,down,48 h
AT3G50250,down,48 h
AT3G51020,down,48 h
AT3G52700,down,48 h
AT3G54550,down,48 h
AT3G55570,down,48 h
AT3G56180,down,48 h
AT3G56390,down,48 h
AT3G56610,down,48 h
AT3G57850,down,48 h
AT3G57900,down,48 h
AT3G58310,down,48 h
AT3G59460,down,48 h
AT3G60560,down,48 h
AT3G60760,down,48 h
AT3G61500,down,48 h
AT3G62350,down,48 h
AT3G62990,down,48 h
AT3G63020,down,48 h
AT3G63230,down,48 h
AT4G00280,down,48 h
AT4G01170,down,48 h
AT4G02000,down,48 h
AT4G02870,down,48 h
AT4G03040,down,48 h
AT4G03160,down,48 h
AT4G03380,down,48 h
AT4G03580,down,48 h
AT4G03740,down,48 h
AT4G04480,down,48 h
AT4G04980,down,48 h
AT4G07740,down,48 h
AT4G08630,down,48 h
AT4G08740,down,48 h
AT4G08760,down,48 h
AT4G09440,down,48 h
AT4G09660,down,48 h
AT4G09850,down,48 h
AT4G09860,down,48 h
AT4G10210,down,48 h
AT4G10220,down,48 h
AT4G10230,down,48 h
AT4G10870,down,48 h
AT4G10880,down,48 h
AT4G11020,down,48 h
AT4G11300,down,48 h
AT4G11940,down,48 h
AT4G12220,down,48 h
AT4G13261,down,48 h
AT4G13263,down,48 h
AT4G14530,down,48 h
AT4G15050,down,48 h
AT4G15060,down,48 h
AT4G15096,down,48 h
AT4G16090,down,48 h
AT4G17850,down,48 h
AT4G17930,down,48 h
AT4G18000,down,48 h
AT4G18080,down,48 h
AT4G18090,down,48 h
AT4G18150,down,48 h
AT4G18395,down,48 h
AT4G18500,down,48 h
AT4G18540,down,48 h
AT4G18680,down,48 h
AT4G18850,down,48 h
AT4G18860,down,48 h
AT4G19095,down,48 h
AT4G19480,down,48 h
AT4G19620,down,48 h
AT4G20290,down,48 h
AT4G21950,down,48 h
AT4G22400,down,48 h
AT4G23080,down,48 h
AT4G23350,down,48 h
AT4G23360,down,48 h
AT4G23370,down,48 h
AT4G23390,down,48 h
AT4G23970,down,48 h
AT4G24030,down,48 h
AT4G25330,down,48 h
AT4G25510,down,48 h
AT4G25930,down,48 h
AT4G26040,down,48 h
AT4G27930,down,48 h
AT4G32230,down,48 h
AT4G33320,down,48 h
AT4G34690,down,48 h
AT4G35210,down,48 h
AT4G35680,down,48 h
AT4G35725,down,48 h
AT4G36170,down,48 h
AT4G36370,down,48 h
AT4G36460,down,48 h
AT4G36510,down,48 h
AT5G01130,down,48 h
AT5G01140,down,48 h
AT5G01440,down,48 h
AT5G02660,down,48 h
AT5G03750,down,48 h
AT5G03920,down,48 h
AT5G03930,down,48 h
AT5G05030,down,48 h
AT5G06010,down,48 h
AT5G07490,down,48 h
AT5G09940,down,48 h
AT5G11220,down,48 h
AT5G11660,down,48 h
AT5G12460,down,48 h
AT5G14990,down,48 h
AT5G15420,down,48 h
AT5G15560,down,48 h
AT5G16090,down,48 h
AT5G17180,down,48 h
AT5G19710,down,48 h
AT5G20100,down,48 h
AT5G21110,down,48 h
AT5G22680,down,48 h
AT5G23180,down,48 h
AT5G24790,down,48 h
AT5G25000,down,48 h
AT5G25200,down,48 h
AT5G25415,down,48 h
AT5G25600,down,48 h
AT5G25870,down,48 h
AT5G25960,down,48 h
AT5G25990,down,48 h
AT5G26100,down,48 h
AT5G26970,down,48 h
AT5G27010,down,48 h
AT5G27260,down,48 h
AT5G27340,down,48 h
AT5G28090,down,48 h
AT5G28190,down,48 h
AT5G28410,down,48 h
AT5G28550,down,48 h
AT5G28690,down,48 h
AT5G28730,down,48 h
AT5G28950,down,48 h
AT5G29050,down,48 h
AT5G29070,down,48 h
AT5G35230,down,48 h
AT5G35470,down,48 h
AT5G35510,down,48 h
AT5G36080,down,48 h
AT5G36770,down,48 h
AT5G36980,down,48 h
AT5G37320,down,48 h
AT5G37420,down,48 h
AT5G37520,down,48 h
AT5G37650,down,48 h
AT5G37730,down,48 h
AT5G37840,down,48 h
AT5G37920,down,48 h
AT5G38190,down,48 h
AT5G38400,down,48 h
AT5G38490,down,48 h
AT5G38500,down,48 h
AT5G39010,down,48 h
AT5G39430,down,48 h
AT5G39870,down,48 h
AT5G39920,down,48 h
AT5G41530,down,48 h
AT5G41630,down,48 h
AT5G41640,down,48 h
AT5G41720,down,48 h
AT5G46300,down,48 h
AT5G46810,down,48 h
AT5G48210,down,48 h
AT5G48860,down,48 h
AT5G49260,down,48 h
AT5G50500,down,48 h
AT5G50830,down,48 h
AT5G50880,down,48 h
AT5G50910,down,48 h
AT5G51090,down,48 h
AT5G51650,down,48 h
AT5G52130,down,48 h
AT5G52500,down,48 h
AT5G52975,down,48 h
AT5G53690,down,48 h
AT5G53740,down,48 h
AT5G53790,down,48 h
AT5G54320,down,48 h
AT5G54330,down,48 h
AT5G54410,down,48 h
AT5G54420,down,48 h
AT5G54450,down,48 h
AT5G54480,down,48 h
AT5G54560,down,48 h
AT5G55010,down,48 h
AT5G55870,down,48 h
AT5G55880,down,48 h
AT5G56070,down,48 h
AT5G56770,down,48 h
AT5G57730,down,48 h
AT5G58880,down,48 h
AT5G60000,down,48 h
AT5G60240,down,48 h
AT5G60380,down,48 h
AT5G61605,down,48 h
AT5G61710,down,48 h
AT5G61720,down,48 h
AT5G62400,down,48 h
AT5G66340,down,48 h
AT5G67040,down,48 h
AT2G02440,down,48 h
AT2G02490,down,48 h
AT2G02515,down,48 h
AT2G02840,down,48 h
AT2G03180,down,48 h
AT2G03630,down,48 h
AT2G04220,down,48 h
AT2G04370,down,48 h
AT2G04675,down,48 h
AT2G04810,down,48 h
AT2G04830,down,48 h
AT2G05360,down,48 h
AT2G05370,down,48 h
AT2G05500,down,48 h
AT2G07110,down,48 h
AT2G07190,down,48 h
AT2G07280,down,48 h
AT2G09970,down,48 h
AT2G10340,down,48 h
AT2G10560,down,48 h
AT2G11010,down,48 h
AT2G11570,down,48 h
AT2G11620,down,48 h
AT2G12290,down,48 h
AT2G13500,down,48 h
AT2G13510,down,48 h
AT2G14390,down,48 h
AT2G14810,down,48 h
AT2G15360,down,48 h
AT2G15610,down,48 h
AT2G16020,down,48 h
AT2G16520,down,48 h
AT2G17960,down,48 h
AT2G18200,down,48 h
AT2G18610,down,48 h
AT2G18810,down,48 h
AT2G18830,down,48 h
AT2G18920,down,48 h
AT2G18930,down,48 h
AT2G19300,down,48 h
AT2G19420,down,48 h
AT2G20070,down,48 h
AT2G20150,down,48 h
AT2G20616,down,48 h
AT2G20620,down,48 h
AT2G21030,down,48 h
AT2G21655,down,48 h
AT2G21820,down,48 h
AT2G22320,down,48 h
AT2G22520,down,48 h
AT2G22940,down,48 h
AT2G23040,down,48 h
AT2G23920,down,48 h
AT2G24255,down,48 h
AT2G24670,down,48 h
AT2G24950,down,48 h
AT2G27320,down,48 h
AT2G27670,down,48 h
AT2G29605,down,48 h
AT2G29850,down,48 h
AT2G29880,down,48 h
AT2G30380,down,48 h
AT2G30430,down,48 h
AT2G30680,down,48 h
AT2G30690,down,48 h
AT2G30925,down,48 h
AT2G31035,down,48 h
AT2G31460,down,48 h
AT2G32050,down,48 h
AT2G33420,down,48 h
AT2G34270,down,48 h
AT2G34800,down,48 h
AT2G35250,down,48 h
AT2G36550,down,48 h
AT2G36940,down,48 h
AT2G38350,down,48 h
AT2G39520,down,48 h
AT2G40955,down,48 h
AT2G41590,down,48 h
AT2G41990,down,48 h
AT2G43450,down,48 h
AT2G02795,down,48 h
AT2G02835,down,48 h
AT2G04037,down,48 h
AT2G04041,down,48 h
AT2G05752,down,48 h
AT2G06555,down,48 h
AT2G06906,down,48 h
AT2G07215,down,48 h
AT2G10975,down,48 h
AT2G11405,down,48 h
AT2G11462,down,48 h
AT2G11623,down,48 h
AT2G11626,down,48 h
AT2G12875,down,48 h
AT2G12935,down,48 h
AT2G12945,down,48 h
AT2G13125,down,48 h
AT2G16015,down,48 h
AT2G17305,down,48 h
AT5G13825,down,48 h
AT5G22170,down,48 h
AT5G22180,down,48 h
AT5G22190,down,48 h
AT5G22545,down,48 h
AT5G24355,down,48 h
AT5G27606,down,48 h
AT5G28295,down,48 h
AT5G28820,down,48 h
AT5G28885,down,48 h
AT5G33393,down,48 h
AT5G33898,down,48 h
AT5G34881,down,48 h
AT5G34883,down,48 h
AT5G35604,down,48 h
AT5G35695,down,48 h
AT5G35945,down,48 h
AT5G45573,down,48 h
AT5G54062,down,48 h
AT4G01245,down,48 h
AT4G01535,down,48 h
AT4G03165,down,48 h
AT4G05523,down,48 h
AT4G05632,down,48 h
AT4G07675,down,48 h
AT4G07932,down,48 h
AT4G08097,down,48 h
AT4G08395,down,48 h
AT4G09775,down,48 h
AT4G09965,down,48 h
AT4G11385,down,48 h
AT4G15053,down,48 h
AT4G15056,down,48 h
AT1G02965,down,48 h
AT1G07476,down,48 h
AT1G11145,down,48 h
AT1G16025,down,48 h
AT1G21323,down,48 h
AT1G21475,down,48 h
AT1G29355,down,48 h
AT1G32975,down,48 h
AT1G35375,down,48 h
AT1G36925,down,48 h
AT1G43415,down,48 h
AT1G43722,down,48 h
AT1G47495,down,48 h
AT1G48145,down,48 h
AT1G53265,down,48 h
AT1G59835,down,48 h
AT1G59885,down,48 h
AT1G66045,down,48 h
AT1G66235,down,48 h
AT1G66245,down,48 h
AT1G71235,down,48 h
AT3G01185,down,48 h
AT3G11300,down,48 h
AT3G20155,down,48 h
AT3G20555,down,48 h
AT3G23245,down,48 h
AT3G24517,down,48 h
AT3G26616,down,48 h
AT3G28925,down,48 h
AT3G29385,down,48 h
AT3G29785,down,48 h
AT3G32896,down,48 h
AT3G32904,down,48 h
AT3G33393,down,48 h
AT3G33494,down,48 h
AT3G42786,down,48 h
AT3G44235,down,48 h
AT3G44935,down,48 h
AT3G48675,down,48 h
AT3G50373,down,48 h
AT4G06490,down,48 h
AT2G09388,down,48 h
AT2G32905,down,48 h
AT2G35215,down,48 h
AT2G39975,down,48 h
AT2G42180,down,48 h
AT2G43745,down,48 h
AT2G43795,down,48 h
AT2G45380,down,48 h
AT3G23172,down,48 h
AT5G26640,down,48 h
AT5G29613,down,48 h
AT2G03930,down,48 h
AT2G13126,down,48 h
AT2G14635,down,48 h
AT2G30985,down,48 h
AT2G31345,down,48 h
AT1G05085,down,48 h
AT1G53285,down,48 h
AT1G59865,down,48 h
AT1G61097,down,48 h
AT3G05725,down,48 h
AT3G49307,down,48 h
AT4G01985,down,48 h
AT4G13266,down,48 h
AT4G27415,down,48 h
AT5G26805,down,48 h
AT5G35737,down,48 h
AT5G39630,down,48 h
AT2G23830,down,48 h
AT4G19630,down,48 h
AT5G54460,down,48 h
AT4G35610,down,48 h
AT5G42640,down,48 h
AT4G12150,down,48 h
AT5G37220,down,48 h
AT5G41440,down,48 h
AT3G44785,down,48 h
AT1G48195,down,48 h
AT3G62850,down,48 h
AT3G43470,down,48 h
AT4G04775,down,48 h
AT5G15690,down,48 h
AT5G61110,down,48 h
AT2G07505,down,48 h
AT5G48205,down,48 h
AT3G43490,down,48 h
AT5G34870,down,48 h
AT5G32613,down,48 h
AT4G05553,down,48 h
AT3G59845,down,48 h
AT3G03080,down,48 h
AT2G17785,down,48 h
AT1G64380,down,48 h
AT3G14415,down,48 h
AT5G02550,down,96 h
AT5G66460,down,96 h
AT3G28670,down,96 h
AT5G08505,down,96 h
AT5G35760,down,96 h
AT1G03890,down,96 h
AT1G28030,down,96 h
AT2G44800,down,96 h
AT2G06960,down,96 h
AT1G52810,down,96 h
AT1G50780,down,96 h
AT5G09490,down,96 h
AT2G39590,down,96 h
AT3G51190,down,96 h
AT5G17730,down,96 h
AT3G28520,down,96 h
AT5G17750,down,96 h
AT4G27420,down,96 h
AT5G25320,down,96 h
AT4G03170,down,96 h
AT4G08640,down,96 h
AT1G49250,down,96 h
AT3G31900,down,96 h
AT5G07650,down,96 h
AT3G32400,down,96 h
AT5G20310,down,96 h
AT3G11680,down,96 h
AT1G50770,down,96 h
AT5G35810,down,96 h
AT5G04730,down,96 h
AT4G32630,down,96 h
AT1G59453,down,96 h
AT3G21880,down,96 h
AT4G10240,down,96 h
AT1G10455,down,96 h
AT4G17580,down,96 h
AT4G05370,down,96 h
AT4G01160,down,96 h
AT4G12360,down,96 h
AT5G09370,down,96 h
AT5G38160,down,96 h
AT5G38180,down,96 h
AT5G05120,down,96 h
AT5G27880,down,96 h
AT3G01030,down,96 h
AT4G26030,down,96 h
AT5G22990,down,96 h
AT2G15740,down,96 h
AT2G26940,down,96 h
AT3G45560,down,96 h
AT4G12210,down,96 h
AT5G50640,down,96 h
AT2G12880,down,96 h
AT2G15180,down,96 h
AT2G01800,down,96 h
AT1G30060,down,96 h
AT4G00920,down,96 h
AT2G34890,down,96 h
AT2G21010,down,96 h
AT1G23250,down,96 h
AT5G62240,down,96 h
AT1G09260,down,96 h
AT1G44478,down,96 h
AT5G56920,down,96 h
AT2G39320,down,96 h
AT3G25850,down,96 h
AT5G16430,down,96 h
AT2G21810,down,96 h
AT3G05300,down,96 h
AT1G32720,down,96 h
AT5G51900,down,96 h
AT3G61035,down,96 h
AT1G32300,down,96 h
AT3G53050,down,96 h
AT3G52350,down,96 h
AT1G71370,down,96 h
AT4G21895,down,96 h
AT1G36095,down,96 h
AT2G05635,down,96 h
AT5G28590,down,96 h
AT1G66420,down,96 h
AT4G00232,down,96 h
AT2G01370,down,96 h
AT2G20613,down,96 h
AT5G41765,down,96 h
AT1G61700,down,96 h
AT4G19580,down,96 h
AT1G31530,down,96 h
AT1G40390,down,96 h
AT3G13662,down,96 h
AT4G21050,down,96 h
AT4G21080,down,96 h
AT4G21040,down,96 h
AT1G66630,down,96 h
AT5G37870,down,96 h
AT5G37900,down,96 h
AT3G03272,down,96 h
AT5G65370,down,96 h
AT3G23350,down,96 h
AT3G57970,down,96 h
AT3G11870,down,96 h
AT2G29040,down,96 h
AT5G54820,down,96 h
AT1G20735,down,96 h
AT1G12190,down,96 h
AT1G27490,down,96 h
AT1G33020,down,96 h
AT3G16820,down,96 h
AT3G17480,down,96 h
AT3G17530,down,96 h
AT3G22720,down,96 h
AT3G24700,down,96 h
AT1G67455,down,96 h
AT3G22421,down,96 h
AT1G12870,down,96 h
AT4G04690,down,96 h
AT1G26510,down,96 h
AT1G31510,down,96 h
AT1G32600,down,96 h
AT1G46912,down,96 h
AT1G50470,down,96 h
AT1G59630,down,96 h
AT1G71290,down,96 h
AT3G04250,down,96 h
AT3G06280,down,96 h
AT3G47140,down,96 h
AT3G49440,down,96 h
AT5G43550,down,96 h
AT2G13630,down,96 h
AT2G21930,down,96 h
AT2G32470,down,96 h
AT5G44345,down,96 h
AT1G31163,down,96 h
AT3G03405,down,96 h
AT1G11810,down,96 h
AT5G41490,down,96 h
AT3G25090,down,96 h
AT2G02660,down,96 h
AT3G23685,down,96 h
AT1G30930,down,96 h
AT3G18150,down,96 h
AT3G29830,down,96 h
AT3G49040,down,96 h
AT1G20800,down,96 h
AT1G31080,down,96 h
AT1G36030,down,96 h
AT1G53550,down,96 h
AT3G30430,down,96 h
AT1G54640,down,96 h
AT1G20360,down,96 h
AT1G46840,down,96 h
AT1G46984,down,96 h
AT1G47300,down,96 h
AT1G47810,down,96 h
AT1G52490,down,96 h
AT1G53370,down,96 h
AT1G54550,down,96 h
AT1G56400,down,96 h
AT1G57580,down,96 h
AT1G61060,down,96 h
AT1G66490,down,96 h
AT1G67130,down,96 h
AT3G13820,down,96 h
AT3G17400,down,96 h
AT3G19880,down,96 h
AT3G19890,down,96 h
AT3G20690,down,96 h
AT3G23950,down,96 h
AT3G23970,down,96 h
AT3G44080,down,96 h
AT3G44090,down,96 h
AT3G49450,down,96 h
AT3G60790,down,96 h
AT3G62230,down,96 h
AT4G11590,down,96 h
AT5G18160,down,96 h
AT5G36730,down,96 h
AT5G39460,down,96 h
AT2G05970,down,96 h
AT2G14710,down,96 h
AT2G15640,down,96 h
AT2G19630,down,96 h
AT2G26850,down,96 h
AT2G33200,down,96 h
AT2G34280,down,96 h
AT2G42730,down,96 h
AT2G16365,down,96 h
AT1G47915,down,96 h
AT2G40925,down,96 h
AT1G53815,down,96 h
AT5G22670,down,96 h
AT5G56570,down,96 h
AT3G58980,down,96 h
AT3G62440,down,96 h
AT5G25860,down,96 h
AT5G53635,down,96 h
AT1G16940,down,96 h
AT5G44960,down,96 h
AT3G13680,down,96 h
AT3G59610,down,96 h
AT4G05080,down,96 h
AT4G19930,down,96 h
AT4G23580,down,96 h
AT4G33900,down,96 h
AT5G38670,down,96 h
AT5G51250,down,96 h
AT2G29600,down,96 h
AT4G20800,down,96 h
AT1G19410,down,96 h
AT5G40750,down,96 h
AT5G11370,down,96 h
AT5G56325,down,96 h
AT5G56400,down,96 h
AT1G66310,down,96 h
AT3G49020,down,96 h
AT5G56430,down,96 h
AT5G56440,down,96 h
AT5G56452,down,96 h
AT2G33796,down,96 h
AT5G22600,down,96 h
AT5G26730,down,96 h
AT5G45180,down,96 h
AT1G75530,down,96 h
AT1G61440,down,96 h
AT2G30090,down,96 h
AT1G28650,down,96 h
AT5G03590,down,96 h
AT5G03820,down,96 h
AT5G42170,down,96 h
AT5G63170,down,96 h
AT2G19010,down,96 h
AT3G23860,down,96 h
AT5G28180,down,96 h
AT2G29810,down,96 h
AT2G29820,down,96 h
AT1G65210,down,96 h
AT4G12960,down,96 h
AT3G31402,down,96 h
AT1G35150,down,96 h
AT1G41920,down,96 h
AT1G42710,down,96 h
AT3G29450,down,96 h
AT3G29765,down,96 h
AT3G29638,down,96 h
AT1G27710,down,96 h
AT3G02670,down,96 h
AT4G33840,down,96 h
AT5G17500,down,96 h
AT4G16550,down,96 h
AT4G16560,down,96 h
AT5G38130,down,96 h
AT1G29780,down,96 h
AT2G21420,down,96 h
AT5G18890,down,96 h
AT1G22100,down,96 h
AT5G59616,down,96 h
AT2G36260,down,96 h
AT3G05975,down,96 h
AT3G24600,down,96 h
AT4G10410,down,96 h
AT4G19470,down,96 h
AT5G49750,down,96 h
AT3G46350,down,96 h
AT1G33070,down,96 h
AT5G40070,down,96 h
AT5G46320,down,96 h
AT5G51860,down,96 h
AT1G48150,down,96 h
AT1G72350,down,96 h
AT1G15160,down,96 h
AT1G23300,down,96 h
AT1G62410,down,96 h
AT2G43730,down,96 h
AT3G44800,down,96 h
AT5G53960,down,96 h
AT5G20440,down,96 h
AT1G64255,down,96 h
AT2G44175,down,96 h
AT3G56520,down,96 h
AT3G60060,down,96 h
AT4G27190,down,96 h
AT5G28660,down,96 h
AT5G27140,down,96 h
AT1G60300,down,96 h
AT1G60340,down,96 h
AT3G45760,down,96 h
AT3G49200,down,96 h
AT5G22490,down,96 h
AT1G11990,down,96 h
AT3G23770,down,96 h
AT1G63140,down,96 h
AT1G51990,down,96 h
AT2G33845,down,96 h
AT3G28490,down,96 h
AT4G05340,down,96 h
AT1G33830,down,96 h
AT1G65810,down,96 h
AT3G28610,down,96 h
AT3G29800,down,96 h
AT4G08190,down,96 h
AT5G37030,down,96 h
AT5G37140,down,96 h
AT5G66970,down,96 h
AT2G27570,down,96 h
AT2G30630,down,96 h
AT3G51690,down,96 h
AT3G51700,down,96 h
AT5G28780,down,96 h
AT3G50808,down,96 h
AT4G40100,down,96 h
AT4G20100,down,96 h
AT3G50020,down,96 h
AT1G29080,down,96 h
AT3G11350,down,96 h
AT2G41390,down,96 h
AT1G21245,down,96 h
AT4G15715,down,96 h
AT5G09550,down,96 h
AT1G20750,down,96 h
AT3G06000,down,96 h
AT2G27940,down,96 h
AT1G53820,down,96 h
AT3G42830,down,96 h
AT1G18770,down,96 h
AT1G18780,down,96 h
AT1G21960,down,96 h
AT1G74620,down,96 h
AT1G77830,down,96 h
AT3G13228,down,96 h
AT3G14970,down,96 h
AT4G18110,down,96 h
AT5G05910,down,96 h
AT5G37280,down,96 h
AT5G41430,down,96 h
AT5G53910,down,96 h
AT5G54990,down,96 h
AT2G03000,down,96 h
AT2G15260,down,96 h
AT2G29840,down,96 h
AT3G45555,down,96 h
AT3G43750,down,96 h
AT3G45570,down,96 h
AT3G45580,down,96 h
AT3G43180,down,96 h
AT5G07225,down,96 h
AT3G52980,down,96 h
AT1G45100,down,96 h
AT5G03580,down,96 h
AT5G59860,down,96 h
AT2G14870,down,96 h
AT2G21690,down,96 h
AT5G03480,down,96 h
AT2G14160,down,96 h
AT3G10845,down,96 h
AT5G52480,down,96 h
AT1G47920,down,96 h
AT1G66640,down,96 h
AT3G58890,down,96 h
AT4G03630,down,96 h
AT3G59180,down,96 h
AT1G74480,down,96 h
AT1G63550,down,96 h
AT3G22020,down,96 h
AT1G63295,down,96 h
AT4G20220,down,96 h
AT1G74140,down,96 h
AT1G74820,down,96 h
AT5G66430,down,96 h
AT1G66690,down,96 h
AT3G23460,down,96 h
AT2G24620,down,96 h
AT3G43120,down,96 h
AT2G36210,down,96 h
AT4G19340,down,96 h
AT4G19360,down,96 h
AT5G03600,down,96 h
AT3G16600,down,96 h
AT1G18050,down,96 h
AT3G27600,down,96 h
AT1G20240,down,96 h
AT1G20290,down,96 h
AT1G20690,down,96 h
AT1G63280,down,96 h
AT3G46840,down,96 h
AT4G10530,down,96 h
AT4G10540,down,96 h
AT5G11940,down,96 h
AT5G58820,down,96 h
AT2G27750,down,96 h
AT4G09070,down,96 h
AT5G39230,down,96 h
AT4G09430,down,96 h
AT4G11340,down,96 h
AT5G17970,down,96 h
AT1G31380,down,96 h
AT3G22080,down,96 h
AT3G58240,down,96 h
AT3G58260,down,96 h
AT3G58340,down,96 h
AT3G58360,down,96 h
AT3G58410,down,96 h
AT2G15710,down,96 h
AT2G42460,down,96 h
AT2G42470,down,96 h
AT3G44805,down,96 h
AT2G06541,down,96 h
AT5G44540,down,96 h
AT1G47370,down,96 h
AT1G52900,down,96 h
AT1G57830,down,96 h
AT1G57850,down,96 h
AT1G60320,down,96 h
AT2G03300,down,96 h
AT4G19910,down,96 h
AT1G51210,down,96 h
AT3G01010,down,96 h
AT4G08430,down,96 h
AT3G32090,down,96 h
AT1G80990,down,96 h
AT2G16490,down,96 h
AT4G01180,down,96 h
AT4G01780,down,96 h
AT2G02550,down,96 h
AT2G04750,down,96 h
AT2G07020,down,96 h
AT5G02730,down,96 h
AT2G38150,down,96 h
AT1G47780,down,96 h
AT1G52460,down,96 h
AT3G55190,down,96 h
AT5G22960,down,96 h
AT1G52695,down,96 h
AT5G13940,down,96 h
AT5G50140,down,96 h
AT5G60070,down,96 h
AT2G16835,down,96 h
AT1G32880,down,96 h
AT3G29750,down,96 h
AT3G30770,down,96 h
AT4G12920,down,96 h
AT4G30030,down,96 h
AT5G45120,down,96 h
AT4G04985,down,96 h
AT2G28010,down,96 h
AT5G13350,down,96 h
AT5G13380,down,96 h
AT1G33880,down,96 h
AT2G31215,down,96 h
AT2G15170,down,96 h
AT4G32100,down,96 h
AT3G25810,down,96 h
AT1G66770,down,96 h
AT4G10850,down,96 h
AT1G69190,down,96 h
AT1G32280,down,96 h
AT1G43666,down,96 h
AT3G22580,down,96 h
AT5G52160,down,96 h
AT1G43667,down,96 h
AT4G23120,down,96 h
AT2G25120,down,96 h
AT1G66120,down,96 h
AT4G20080,down,96 h
AT1G23240,down,96 h
AT3G54570,down,96 h
AT2G04910,down,96 h
AT2G42930,down,96 h
AT4G16165,down,96 h
AT5G07170,down,96 h
AT5G27080,down,96 h
AT5G26900,down,96 h
AT5G66220,down,96 h
AT5G27800,down,96 h
AT1G07850,down,96 h
AT2G16200,down,96 h
AT2G29250,down,96 h
AT1G31670,down,96 h
AT4G12270,down,96 h
AT4G12280,down,96 h
AT1G45063,down,96 h
AT5G52720,down,96 h
AT5G52770,down,96 h
AT5G25330,down,96 h
AT5G39370,down,96 h
AT1G63190,down,96 h
AT1G63200,down,96 h
AT1G63205,down,96 h
AT4G03570,down,96 h
AT4G03590,down,96 h
AT4G03565,down,96 h
AT5G17110,down,96 h
AT5G17120,down,96 h
AT1G03720,down,96 h
AT5G17080,down,96 h
AT5G17130,down,96 h
AT3G26250,down,96 h
AT4G09690,down,96 h
AT5G02330,down,96 h
AT2G44400,down,96 h
AT5G29624,down,96 h
AT1G45243,down,96 h
AT4G29600,down,96 h
AT4G29630,down,96 h
AT1G29620,down,96 h
AT2G34120,down,96 h
AT2G20465,down,96 h
AT1G61688,down,96 h
AT1G56553,down,96 h
AT5G60553,down,96 h
AT5G55565,down,96 h
AT3G16895,down,96 h
AT2G42885,down,96 h
AT2G24693,down,96 h
AT5G54745,down,96 h
AT5G60500,down,96 h
AT4G11180,down,96 h
AT5G44300,down,96 h
AT1G65450,down,96 h
AT2G03040,down,96 h
AT2G03290,down,96 h
AT3G09990,down,96 h
AT3G23220,down,96 h
AT5G43410,down,96 h
AT1G49120,down,96 h
AT5G67000,down,96 h
AT3G14040,down,96 h
AT3G09750,down,96 h
AT3G04170,down,96 h
AT2G30810,down,96 h
AT1G44085,down,96 h
AT2G04063,down,96 h
AT1G36675,down,96 h
AT3G29033,down,96 h
AT2G46190,down,96 h
AT5G44830,down,96 h
AT5G44840,down,96 h
AT3G42155,down,96 h
AT1G77780,down,96 h
AT3G55780,down,96 h
AT3G62710,down,96 h
AT5G16700,down,96 h
AT2G39640,down,96 h
AT3G18180,down,96 h
AT3G57620,down,96 h
AT2G06500,down,96 h
AT5G31412,down,96 h
AT5G33406,down,96 h
AT3G13010,down,96 h
AT5G54210,down,96 h
AT2G04930,down,96 h
AT1G20320,down,96 h
AT3G21490,down,96 h
AT4G23882,down,96 h
AT1G57780,down,96 h
AT2G28090,down,96 h
AT5G13130,down,96 h
AT5G46010,down,96 h
AT1G01150,down,96 h
AT1G43330,down,96 h
AT4G04580,down,96 h
AT5G23650,down,96 h
AT1G56530,down,96 h
AT5G26070,down,96 h
AT5G34581,down,96 h
AT4G39745,down,96 h
AT1G63540,down,96 h
AT1G19025,down,96 h
AT4G23110,down,96 h
AT3G17230,down,96 h
AT5G49860,down,96 h
AT1G52110,down,96 h
AT3G21380,down,96 h
AT3G59620,down,96 h
AT4G11745,down,96 h
AT5G10500,down,96 h
AT1G72290,down,96 h
AT2G03740,down,96 h
AT2G35460,down,96 h
AT1G52680,down,96 h
AT5G22590,down,96 h
AT4G28380,down,96 h
AT1G24650,down,96 h
AT4G20790,down,96 h
AT3G42880,down,96 h
AT3G46420,down,96 h
AT1G53420,down,96 h
AT2G19230,down,96 h
AT3G52690,down,96 h
AT5G24180,down,96 h
AT4G11030,down,96 h
AT4G38120,down,96 h
AT3G28450,down,96 h
AT3G10890,down,96 h
AT5G46000,down,96 h
AT2G16225,down,96 h
AT2G16505,down,96 h
AT1G45403,down,96 h
AT1G65050,down,96 h
AT5G40290,down,96 h
AT2G39790,down,96 h
AT5G14290,down,96 h
AT1G07025,down,96 h
AT1G56380,down,96 h
AT5G47290,down,96 h
AT2G06020,down,96 h
AT3G10113,down,96 h
AT1G32010,down,96 h
AT1G36100,down,96 h
AT3G30230,down,96 h
AT3G42060,down,96 h
AT4G03620,down,96 h
AT2G15420,down,96 h
AT1G19040,down,96 h
AT3G04410,down,96 h
AT5G07050,down,96 h
AT3G07250,down,96 h
AT3G55540,down,96 h
AT2G06904,down,96 h
AT4G06479,down,96 h
AT4G06526,down,96 h
AT1G52950,down,96 h
AT1G21320,down,96 h
AT5G49920,down,96 h
AT3G12900,down,96 h
AT4G35820,down,96 h
AT1G23810,down,96 h
AT1G24220,down,96 h
AT1G27220,down,96 h
AT1G27240,down,96 h
AT1G27250,down,96 h
AT1G27260,down,96 h
AT1G27270,down,96 h
AT5G15040,down,96 h
AT5G35610,down,96 h
AT5G47340,down,96 h
AT5G63740,down,96 h
AT4G33355,down,96 h
AT2G24810,down,96 h
AT1G17150,down,96 h
AT4G32370,down,96 h
AT5G27530,down,96 h
AT1G28000,down,96 h
AT1G28020,down,96 h
AT1G47940,down,96 h
AT1G63070,down,96 h
AT1G64310,down,96 h
AT5G28420,down,96 h
AT5G05050,down,96 h
AT4G24300,down,96 h
AT1G22080,down,96 h
AT1G24110,down,96 h
AT3G42570,down,96 h
AT2G03250,down,96 h
AT1G51040,down,96 h
AT3G60420,down,96 h
AT4G29460,down,96 h
AT3G58330,down,96 h
AT3G58280,down,96 h
AT3G03510,down,96 h
AT1G02550,down,96 h
AT1G48010,down,96 h
AT1G54620,down,96 h
AT1G55770,down,96 h
AT3G55680,down,96 h
AT3G62180,down,96 h
AT5G46980,down,96 h
AT5G46990,down,96 h
AT5G50050,down,96 h
AT2G10970,down,96 h
AT2G15345,down,96 h
AT3G27980,down,96 h
AT1G50340,down,96 h
AT1G56100,down,96 h
AT3G17140,down,96 h
AT4G30380,down,96 h
AT1G51230,down,96 h
AT1G51250,down,96 h
AT1G09245,down,96 h
AT1G26797,down,96 h
AT1G58242,down,96 h
AT3G30200,down,96 h
AT1G40087,down,96 h
AT3G17675,down,96 h
AT2G15770,down,96 h
AT1G29140,down,96 h
AT3G07830,down,96 h
AT3G07850,down,96 h
AT2G15470,down,96 h
AT1G14940,down,96 h
AT1G14950,down,96 h
AT5G42905,down,96 h
AT4G13885,down,96 h
AT5G25300,down,96 h
AT1G68270,down,96 h
AT1G11560,down,96 h
AT1G11590,down,96 h
AT2G40990,down,96 h
AT5G10100,down,96 h
AT1G31250,down,96 h
AT5G43770,down,96 h
AT3G11825,down,96 h
AT3G59455,down,96 h
AT5G44265,down,96 h
AT1G35630,down,96 h
AT2G22040,down,96 h
AT1G29490,down,96 h
AT5G28620,down,96 h
AT3G06630,down,96 h
AT3G20530,down,96 h
AT3G43950,down,96 h
AT3G45920,down,96 h
AT5G12090,down,96 h
AT5G27790,down,96 h
AT5G60090,down,96 h
AT5G26150,down,96 h
AT1G16760,down,96 h
AT3G46160,down,96 h
AT2G18530,down,96 h
AT1G17545,down,96 h
AT2G21920,down,96 h
AT3G32920,down,96 h
AT2G13720,down,96 h
AT5G37910,down,96 h
AT3G23680,down,96 h
AT2G04920,down,96 h
AT1G32660,down,96 h
AT1G33010,down,96 h
AT1G47390,down,96 h
AT1G47730,down,96 h
AT1G47800,down,96 h
AT1G50870,down,96 h
AT1G57690,down,96 h
AT1G67390,down,96 h
AT1G67450,down,96 h
AT1G67623,down,96 h
AT1G70960,down,96 h
AT1G76830,down,96 h
AT3G17490,down,96 h
AT3G17560,down,96 h
AT3G17620,down,96 h
AT3G21120,down,96 h
AT3G22710,down,96 h
AT3G24580,down,96 h
AT3G25460,down,96 h
AT3G44060,down,96 h
AT3G44130,down,96 h
AT3G49980,down,96 h
AT3G58910,down,96 h
AT4G09190,down,96 h
AT4G10740,down,96 h
AT4G17200,down,96 h
AT4G21240,down,96 h
AT4G22030,down,96 h
AT4G22165,down,96 h
AT4G22170,down,96 h
AT4G22180,down,96 h
AT4G29970,down,96 h
AT5G15670,down,96 h
AT5G36200,down,96 h
AT5G37040,down,96 h
AT5G38390,down,96 h
AT5G39470,down,96 h
AT5G40050,down,96 h
AT5G41500,down,96 h
AT5G42430,down,96 h
AT5G44970,down,96 h
AT5G47300,down,96 h
AT5G51000,down,96 h
AT5G52610,down,96 h
AT5G62060,down,96 h
AT2G02030,down,96 h
AT2G16220,down,96 h
AT2G16290,down,96 h
AT2G26160,down,96 h
AT2G33190,down,96 h
AT1G20795,down,96 h
AT3G17265,down,96 h
AT1G22000,down,96 h
AT1G66300,down,96 h
AT4G26350,down,96 h
AT5G25850,down,96 h
AT5G62970,down,96 h
AT4G00315,down,96 h
AT3G42770,down,96 h
AT3G59160,down,96 h
AT3G59170,down,96 h
AT3G59240,down,96 h
AT4G13960,down,96 h
AT1G11620,down,96 h
AT1G12170,down,96 h
AT1G62270,down,96 h
AT3G17540,down,96 h
AT3G17570,down,96 h
AT3G19410,down,96 h
AT3G22730,down,96 h
AT3G22870,down,96 h
AT3G47150,down,96 h
AT4G11750,down,96 h
AT4G11770,down,96 h
AT4G12810,down,96 h
AT4G12820,down,96 h
AT4G22430,down,96 h
AT4G35120,down,96 h
AT4G39756,down,96 h
AT4G39760,down,96 h
AT5G28160,down,96 h
AT5G38680,down,96 h
AT2G29780,down,96 h
AT2G41360,down,96 h
AT1G05080,down,96 h
AT1G61330,down,96 h
AT5G56410,down,96 h
AT5G56690,down,96 h
AT5G56820,down,96 h
AT1G70110,down,96 h
AT1G70870,down,96 h
AT5G57750,down,96 h
AT5G53040,down,96 h
AT3G56920,down,96 h
AT3G12000,down,96 h
AT3G45990,down,96 h
AT2G13150,down,96 h
AT5G25430,down,96 h
AT2G37910,down,96 h
AT1G03050,down,96 h
AT3G29040,down,96 h
AT1G32710,down,96 h
AT3G51210,down,96 h
AT5G56369,down,96 h
AT5G66890,down,96 h
AT3G13280,down,96 h
AT5G35640,down,96 h
AT5G67010,down,96 h
AT3G04150,down,96 h
AT1G29870,down,96 h
AT2G10550,down,96 h
AT5G11400,down,96 h
AT5G50040,down,96 h
AT1G27640,down,96 h
AT2G14440,down,96 h
AT3G15870,down,96 h
AT5G55320,down,96 h
AT3G53070,down,96 h
AT4G10440,down,96 h
AT3G51070,down,96 h
AT5G37610,down,96 h
AT3G45690,down,96 h
AT1G50050,down,96 h
AT3G09590,down,96 h
AT5G15110,down,96 h
AT3G24130,down,96 h
AT5G07410,down,96 h
AT5G07420,down,96 h
AT5G18990,down,96 h
AT5G61680,down,96 h
AT4G15980,down,96 h
AT3G17550,down,96 h
AT4G11730,down,96 h
AT3G18810,down,96 h
AT1G76370,down,96 h
AT3G50720,down,96 h
AT3G50730,down,96 h
AT2G16620,down,96 h
AT4G08260,down,96 h
AT2G41920,down,96 h
AT2G30730,down,96 h
AT2G40580,down,96 h
AT1G72760,down,96 h
AT1G01450,down,96 h
AT5G55855,down,96 h
AT4G20200,down,96 h
AT4G04402,down,96 h
AT2G07440,down,96 h
AT1G56030,down,96 h
AT1G56040,down,96 h
AT1G22720,down,96 h
AT4G14225,down,96 h
AT1G29570,down,96 h
AT3G22030,down,96 h
AT4G11890,down,96 h
AT3G23270,down,96 h
AT2G01240,down,96 h
AT3G44570,down,96 h
AT2G14000,down,96 h
AT2G17850,down,96 h
AT3G25270,down,96 h
AT5G51610,down,96 h
AT1G33850,down,96 h
AT5G63300,down,96 h
AT4G36100,down,96 h
AT3G54925,down,96 h
AT3G26870,down,96 h
AT3G26880,down,96 h
AT3G57840,down,96 h
AT5G06030,down,96 h
AT5G11830,down,96 h
AT5G38440,down,96 h
AT2G06090,down,96 h
AT2G24880,down,96 h
AT4G16195,down,96 h
AT1G11765,down,96 h
AT1G04645,down,96 h
AT1G26798,down,96 h
AT5G06040,down,96 h
AT5G44630,down,96 h
AT4G03156,down,96 h
AT3G22040,down,96 h
AT3G46850,down,96 h
AT5G59110,down,96 h
AT4G21260,down,96 h
AT4G26280,down,96 h
AT3G44180,down,96 h
AT5G10880,down,96 h
AT2G37140,down,96 h
AT1G58450,down,96 h
AT5G44330,down,96 h
AT2G33090,down,96 h
AT2G33300,down,96 h
AT5G27310,down,96 h
AT2G27780,down,96 h
AT4G38070,down,96 h
AT1G30670,down,96 h
AT1G12540,down,96 h
AT4G20810,down,96 h
AT4G21010,down,96 h
AT4G31690,down,96 h
AT3G16040,down,96 h
AT3G02270,down,96 h
AT1G65990,down,96 h
AT1G65140,down,96 h
AT1G65170,down,96 h
AT2G27650,down,96 h
AT4G05240,down,96 h
AT4G05250,down,96 h
AT4G05260,down,96 h
AT4G05270,down,96 h
AT5G09340,down,96 h
AT5G11080,down,96 h
AT2G32360,down,96 h
AT5G06890,down,96 h
AT5G25340,down,96 h
AT1G31370,down,96 h
AT3G58230,down,96 h
AT3G58320,down,96 h
AT4G22420,down,96 h
AT2G05430,down,96 h
AT1G23590,down,96 h
AT1G48953,down,96 h
AT1G61353,down,96 h
AT2G11851,down,96 h
AT2G20170,down,96 h
AT2G43255,down,96 h
AT3G27415,down,96 h
AT3G60000,down,96 h
AT4G10970,down,96 h
AT4G11911,down,96 h
AT4G18692,down,96 h
AT4G28775,down,96 h
AT5G36100,down,96 h
AT4G01335,down,96 h
AT4G17590,down,96 h
AT1G12672,down,96 h
AT2G02498,down,96 h
AT2G20970,down,96 h
AT1G11230,down,96 h
AT1G36922,down,96 h
AT5G22970,down,96 h
AT1G04470,down,96 h
AT1G05510,down,96 h
AT1G07190,down,96 h
AT1G07680,down,96 h
AT1G10100,down,96 h
AT1G10250,down,96 h
AT1G16950,down,96 h
AT1G19500,down,96 h
AT1G20400,down,96 h
AT1G21950,down,96 h
AT1G22010,down,96 h
AT1G23270,down,96 h
AT1G23520,down,96 h
AT1G23580,down,96 h
AT1G23600,down,96 h
AT1G23680,down,96 h
AT1G23690,down,96 h
AT1G24060,down,96 h
AT1G24390,down,96 h
AT1G24822,down,96 h
AT1G25300,down,96 h
AT1G25988,down,96 h
AT1G28500,down,96 h
AT1G29480,down,96 h
AT1G29580,down,96 h
AT1G30020,down,96 h
AT1G31270,down,96 h
AT1G31520,down,96 h
AT1G31620,down,96 h
AT1G31960,down,96 h
AT1G32650,down,96 h
AT1G33820,down,96 h
AT1G35400,down,96 h
AT1G35614,down,96 h
AT1G35820,down,96 h
AT1G35900,down,96 h
AT1G36230,down,96 h
AT1G36580,down,96 h
AT1G37010,down,96 h
AT1G38950,down,96 h
AT1G43320,down,96 h
AT1G43630,down,96 h
AT1G43680,down,96 h
AT1G43970,down,96 h
AT1G44010,down,96 h
AT1G44674,down,96 h
AT1G47470,down,96 h
AT1G47813,down,96 h
AT1G48095,down,96 h
AT1G49260,down,96 h
AT1G49290,down,96 h
AT1G49800,down,96 h
AT1G50530,down,96 h
AT1G53640,down,96 h
AT1G54420,down,96 h
AT1G54700,down,96 h
AT1G54880,down,96 h
AT1G57906,down,96 h
AT1G59535,down,96 h
AT1G62070,down,96 h
AT1G62210,down,96 h
AT1G62920,down,96 h
AT1G64340,down,96 h
AT1G65740,down,96 h
AT1G67540,down,96 h
AT1G68250,down,96 h
AT1G68875,down,96 h
AT1G69090,down,96 h
AT1G69470,down,96 h
AT1G70040,down,96 h
AT1G70120,down,96 h
AT1G71470,down,96 h
AT1G72080,down,96 h
AT1G72580,down,96 h
AT1G74220,down,96 h
AT1G76840,down,96 h
AT1G76910,down,96 h
AT1G77910,down,96 h
AT1G78470,down,96 h
AT3G01250,down,96 h
AT3G03370,down,96 h
AT3G04990,down,96 h
AT3G05080,down,96 h
AT3G06090,down,96 h
AT3G07710,down,96 h
AT3G09140,down,96 h
AT3G11060,down,96 h
AT3G11310,down,96 h
AT3G12840,down,96 h
AT3G13370,down,96 h
AT3G15860,down,96 h
AT3G15910,down,96 h
AT3G23040,down,96 h
AT3G23850,down,96 h
AT3G24260,down,96 h
AT3G24690,down,96 h
AT3G24850,down,96 h
AT3G25200,down,96 h
AT3G26390,down,96 h
AT3G27800,down,96 h
AT3G28020,down,96 h
AT3G28120,down,96 h
AT3G28260,down,96 h
AT3G28280,down,96 h
AT3G28630,down,96 h
AT3G28790,down,96 h
AT3G28830,down,96 h
AT3G28870,down,96 h
AT3G28980,down,96 h
AT3G28990,down,96 h
AT3G29080,down,96 h
AT3G29570,down,96 h
AT3G29791,down,96 h
AT3G30220,down,96 h
AT3G30320,down,96 h
AT3G30520,down,96 h
AT3G30845,down,96 h
AT3G31350,down,96 h
AT3G31400,down,96 h
AT3G31910,down,96 h
AT3G32050,down,96 h
AT3G32100,down,96 h
AT3G32120,down,96 h
AT3G32130,down,96 h
AT3G32150,down,96 h
AT3G32190,down,96 h
AT3G32200,down,96 h
AT3G32960,down,96 h
AT3G42310,down,96 h
AT3G42380,down,96 h
AT3G42870,down,96 h
AT3G42940,down,96 h
AT3G42970,down,96 h
AT3G43250,down,96 h
AT3G43260,down,96 h
AT3G43280,down,96 h
AT3G43410,down,96 h
AT3G43480,down,96 h
AT3G43500,down,96 h
AT3G43900,down,96 h
AT3G43940,down,96 h
AT3G43970,down,96 h
AT3G44230,down,96 h
AT3G44580,down,96 h
AT3G45200,down,96 h
AT3G45320,down,96 h
AT3G45910,down,96 h
AT3G46240,down,96 h
AT3G46390,down,96 h
AT3G47920,down,96 h
AT3G48220,down,96 h
AT3G48230,down,96 h
AT3G49305,down,96 h
AT3G49610,down,96 h
AT3G50250,down,96 h
AT3G51020,down,96 h
AT3G52700,down,96 h
AT3G52830,down,96 h
AT3G55570,down,96 h
AT3G56180,down,96 h
AT3G56390,down,96 h
AT3G56610,down,96 h
AT3G57850,down,96 h
AT3G57900,down,96 h
AT3G58310,down,96 h
AT3G59460,down,96 h
AT3G60560,down,96 h
AT3G61500,down,96 h
AT3G62350,down,96 h
AT3G63020,down,96 h
AT4G01170,down,96 h
AT4G02000,down,96 h
AT4G02870,down,96 h
AT4G02910,down,96 h
AT4G03040,down,96 h
AT4G03160,down,96 h
AT4G03380,down,96 h
AT4G03580,down,96 h
AT4G03740,down,96 h
AT4G04730,down,96 h
AT4G04980,down,96 h
AT4G08740,down,96 h
AT4G08760,down,96 h
AT4G09440,down,96 h
AT4G09660,down,96 h
AT4G09850,down,96 h
AT4G09860,down,96 h
AT4G10210,down,96 h
AT4G10220,down,96 h
AT4G10870,down,96 h
AT4G10880,down,96 h
AT4G11020,down,96 h
AT4G11300,down,96 h
AT4G12220,down,96 h
AT4G13263,down,96 h
AT4G14530,down,96 h
AT4G15050,down,96 h
AT4G15060,down,96 h
AT4G15096,down,96 h
AT4G16090,down,96 h
AT4G17700,down,96 h
AT4G17850,down,96 h
AT4G17930,down,96 h
AT4G18000,down,96 h
AT4G18080,down,96 h
AT4G18090,down,96 h
AT4G18500,down,96 h
AT4G18540,down,96 h
AT4G18920,down,96 h
AT4G19095,down,96 h
AT4G19240,down,96 h
AT4G19620,down,96 h
AT4G20290,down,96 h
AT4G21950,down,96 h
AT4G23080,down,96 h
AT4G23350,down,96 h
AT4G23360,down,96 h
AT4G23370,down,96 h
AT4G23390,down,96 h
AT4G23970,down,96 h
AT4G24030,down,96 h
AT4G25510,down,96 h
AT4G26040,down,96 h
AT4G28920,down,96 h
AT4G34690,down,96 h
AT4G35210,down,96 h
AT4G35680,down,96 h
AT4G36170,down,96 h
AT4G36370,down,96 h
AT4G36510,down,96 h
AT5G01130,down,96 h
AT5G01140,down,96 h
AT5G02660,down,96 h
AT5G03920,down,96 h
AT5G03930,down,96 h
AT5G04030,down,96 h
AT5G05030,down,96 h
AT5G07490,down,96 h
AT5G09940,down,96 h
AT5G10590,down,96 h
AT5G11220,down,96 h
AT5G11660,down,96 h
AT5G12460,down,96 h
AT5G14990,down,96 h
AT5G15420,down,96 h
AT5G17180,down,96 h
AT5G19710,down,96 h
AT5G20100,down,96 h
AT5G21110,down,96 h
AT5G22680,down,96 h
AT5G23180,down,96 h
AT5G24790,down,96 h
AT5G25000,down,96 h
AT5G25200,down,96 h
AT5G25600,down,96 h
AT5G25950,down,96 h
AT5G25990,down,96 h
AT5G26100,down,96 h
AT5G26890,down,96 h
AT5G26970,down,96 h
AT5G27340,down,96 h
AT5G28190,down,96 h
AT5G28410,down,96 h
AT5G28550,down,96 h
AT5G28690,down,96 h
AT5G28730,down,96 h
AT5G28800,down,96 h
AT5G28950,down,96 h
AT5G29070,down,96 h
AT5G35230,down,96 h
AT5G35510,down,96 h
AT5G36080,down,96 h
AT5G36980,down,96 h
AT5G37320,down,96 h
AT5G37430,down,96 h
AT5G37520,down,96 h
AT5G37650,down,96 h
AT5G37920,down,96 h
AT5G38190,down,96 h
AT5G38370,down,96 h
AT5G38400,down,96 h
AT5G38490,down,96 h
AT5G38500,down,96 h
AT5G39010,down,96 h
AT5G39200,down,96 h
AT5G39430,down,96 h
AT5G39870,down,96 h
AT5G39880,down,96 h
AT5G39920,down,96 h
AT5G41530,down,96 h
AT5G41630,down,96 h
AT5G46300,down,96 h
AT5G46380,down,96 h
AT5G48210,down,96 h
AT5G48860,down,96 h
AT5G50500,down,96 h
AT5G50830,down,96 h
AT5G50880,down,96 h
AT5G50910,down,96 h
AT5G51090,down,96 h
AT5G51650,down,96 h
AT5G52130,down,96 h
AT5G52975,down,96 h
AT5G53670,down,96 h
AT5G53690,down,96 h
AT5G53740,down,96 h
AT5G53790,down,96 h
AT5G54320,down,96 h
AT5G54330,down,96 h
AT5G54410,down,96 h
AT5G54480,down,96 h
AT5G54560,down,96 h
AT5G55010,down,96 h
AT5G55870,down,96 h
AT5G56070,down,96 h
AT5G56770,down,96 h
AT5G58880,down,96 h
AT5G60000,down,96 h
AT5G61605,down,96 h
AT5G61720,down,96 h
AT5G62400,down,96 h
AT5G66340,down,96 h
AT5G67040,down,96 h
AT2G02440,down,96 h
AT2G02490,down,96 h
AT2G04220,down,96 h
AT2G04370,down,96 h
AT2G04675,down,96 h
AT2G04830,down,96 h
AT2G05360,down,96 h
AT2G05370,down,96 h
AT2G05500,down,96 h
AT2G07280,down,96 h
AT2G09970,down,96 h
AT2G10020,down,96 h
AT2G10340,down,96 h
AT2G12290,down,96 h
AT2G13500,down,96 h
AT2G13510,down,96 h
AT2G14390,down,96 h
AT2G14810,down,96 h
AT2G15360,down,96 h
AT2G16020,down,96 h
AT2G16190,down,96 h
AT2G16520,down,96 h
AT2G17960,down,96 h
AT2G18200,down,96 h
AT2G18610,down,96 h
AT2G18810,down,96 h
AT2G18830,down,96 h
AT2G18920,down,96 h
AT2G18930,down,96 h
AT2G19300,down,96 h
AT2G19320,down,96 h
AT2G19420,down,96 h
AT2G20070,down,96 h
AT2G20616,down,96 h
AT2G20805,down,96 h
AT2G21655,down,96 h
AT2G21820,down,96 h
AT2G21980,down,96 h
AT2G22320,down,96 h
AT2G22520,down,96 h
AT2G22940,down,96 h
AT2G23040,down,96 h
AT2G23920,down,96 h
AT2G24470,down,96 h
AT2G24670,down,96 h
AT2G25565,down,96 h
AT2G27320,down,96 h
AT2G27670,down,96 h
AT2G29605,down,96 h
AT2G29850,down,96 h
AT2G29880,down,96 h
AT2G30380,down,96 h
AT2G30430,down,96 h
AT2G30690,down,96 h
AT2G30925,down,96 h
AT2G31420,down,96 h
AT2G31460,down,96 h
AT2G33420,down,96 h
AT2G34270,down,96 h
AT2G34800,down,96 h
AT2G35250,down,96 h
AT2G36550,down,96 h
AT2G36940,down,96 h
AT2G40955,down,96 h
AT2G41990,down,96 h
AT2G02795,down,96 h
AT2G04037,down,96 h
AT2G04041,down,96 h
AT2G05752,down,96 h
AT2G06555,down,96 h
AT2G07215,down,96 h
AT2G10975,down,96 h
AT2G11405,down,96 h
AT2G11462,down,96 h
AT2G11623,down,96 h
AT2G11626,down,96 h
AT2G12875,down,96 h
AT2G12935,down,96 h
AT2G12945,down,96 h
AT2G13125,down,96 h
AT2G16015,down,96 h
AT5G13825,down,96 h
AT5G22170,down,96 h
AT5G22180,down,96 h
AT5G24355,down,96 h
AT5G27606,down,96 h
AT5G28295,down,96 h
AT5G28820,down,96 h
AT5G28885,down,96 h
AT5G33393,down,96 h
AT5G33898,down,96 h
AT5G34881,down,96 h
AT5G34883,down,96 h
AT5G35604,down,96 h
AT5G35945,down,96 h
AT5G45573,down,96 h
AT5G50115,down,96 h
AT5G54062,down,96 h
AT5G54067,down,96 h
AT5G55135,down,96 h
AT4G01245,down,96 h
AT4G03165,down,96 h
AT4G05523,down,96 h
AT4G07932,down,96 h
AT4G08097,down,96 h
AT4G09965,down,96 h
AT4G15056,down,96 h
AT1G02965,down,96 h
AT1G07476,down,96 h
AT1G11145,down,96 h
AT1G21323,down,96 h
AT1G21475,down,96 h
AT1G35375,down,96 h
AT1G36925,down,96 h
AT1G43415,down,96 h
AT1G43722,down,96 h
AT1G47495,down,96 h
AT1G48145,down,96 h
AT1G53265,down,96 h
AT1G59885,down,96 h
AT1G66045,down,96 h
AT1G66235,down,96 h
AT1G66245,down,96 h
AT3G19055,down,96 h
AT3G20155,down,96 h
AT3G20555,down,96 h
AT3G24517,down,96 h
AT3G26616,down,96 h
AT3G28925,down,96 h
AT3G29385,down,96 h
AT3G29785,down,96 h
AT3G32904,down,96 h
AT3G33393,down,96 h
AT3G33494,down,96 h
AT3G42786,down,96 h
AT3G44235,down,96 h
AT3G44935,down,96 h
AT3G48675,down,96 h
AT3G50373,down,96 h
AT4G06490,down,96 h
AT1G40129,down,96 h
AT2G09388,down,96 h
AT2G32905,down,96 h
AT2G39975,down,96 h
AT2G42180,down,96 h
AT2G43745,down,96 h
AT2G44735,down,96 h
AT3G23172,down,96 h
AT5G26640,down,96 h
AT5G29613,down,96 h
AT5G30520,down,96 h
AT2G03930,down,96 h
AT2G13126,down,96 h
AT2G30985,down,96 h
AT1G05085,down,96 h
AT1G21395,down,96 h
AT1G53285,down,96 h
AT1G61097,down,96 h
AT3G49307,down,96 h
AT4G01985,down,96 h
AT4G13266,down,96 h
AT4G27415,down,96 h
AT5G26805,down,96 h
AT5G54460,down,96 h
AT5G25420,down,96 h
AT4G35610,down,96 h
AT5G42640,down,96 h
AT4G12150,down,96 h
AT5G37220,down,96 h
AT5G41440,down,96 h
AT1G48195,down,96 h
AT3G62850,down,96 h
AT3G43470,down,96 h
AT5G34870,down,96 h
AT5G32613,down,96 h
AT3G59845,down,96 h
AT3G03080,down,96 h
AT2G17785,down,96 h
