panel_source,panel_group,gene,rank,logfoldchanges,pvals_adj,score
gehring_L1_tissue,Embryo,AT4G25140,1,6.041990280151367,0.0,91.59371948242188
gehring_L1_tissue,Embryo,AT5G44120,2,6.0080790519714355,0.0,82.80309295654297
gehring_L1_tissue,Embryo,AT4G27160,3,5.518226623535156,0.0,79.17341613769531
gehring_L1_tissue,Embryo,AT4G36700,4,4.877379417419434,0.0,75.71725463867188
gehring_L1_tissue,Embryo,AT5G40420,5,5.116033554077148,0.0,73.2047348022461
gehring_L1_tissue,Embryo,AT5G51210,6,4.780557155609131,0.0,72.71723937988281
gehring_L1_tissue,Embryo,AT4G28520,7,6.435227870941162,0.0,72.54772186279297
gehring_L1_tissue,Embryo,AT2G18540,8,6.0722856521606445,0.0,70.60569763183594
gehring_L1_tissue,Embryo,AT4G26740,9,5.942886829376221,0.0,69.14625549316406
gehring_L1_tissue,Embryo,AT3G01570,10,4.579303741455078,0.0,68.24681854248047
gehring_L1_tissue,Embryo,AT3G27660,11,4.82211446762085,0.0,67.36164855957031
gehring_L1_tissue,Embryo,AT2G34700,12,4.521321773529053,0.0,65.94795227050781
gehring_L1_tissue,Embryo,AT3G12203,13,7.508239269256592,0.0,64.47417449951172
gehring_L1_tissue,Embryo,AT4G27150,14,4.818687915802002,0.0,63.98983383178711
gehring_L1_tissue,Embryo,AT5G07190,15,5.085000991821289,0.0,62.66225051879883
gehring_L1_tissue,Embryo,AT5G49190,16,4.266435146331787,0.0,61.92502212524414
gehring_L1_tissue,Embryo,AT1G29930,17,3.217111110687256,0.0,60.59416198730469
gehring_L1_tissue,Embryo,ATCG00020,18,2.185490369796753,0.0,60.16647720336914
gehring_L1_tissue,Embryo,AT5G50770,19,3.8606483936309814,0.0,59.72072219848633
gehring_L1_tissue,Embryo,AT1G65090,20,4.614686012268066,0.0,59.702598571777344
gehring_L1_tissue,Embryo,AT1G03880,21,6.213993072509766,0.0,59.38146209716797
gehring_L1_tissue,Embryo,AT2G28490,22,5.260103702545166,0.0,56.48974609375
gehring_L1_tissue,Embryo,AT3G22640,23,5.156851291656494,0.0,51.672157287597656
gehring_L1_tissue,Embryo,AT1G04660,24,5.91998815536499,0.0,50.08793640136719
gehring_L1_tissue,Embryo,AT2G34420,25,3.157705783843994,0.0,49.442832946777344
gehring_L1_tissue,Embryo,AT1G67090,26,2.320213556289673,0.0,49.26595687866211
gehring_L1_tissue,Embryo,AT5G13790,27,3.421405553817749,0.0,49.13790512084961
gehring_L1_tissue,Embryo,AT1G47540,28,4.191269397735596,0.0,49.06766891479492
gehring_L1_tissue,Embryo,AT4G27170,29,4.341363906860352,0.0,47.98094177246094
gehring_L1_tissue,Embryo,AT1G23000,30,6.224375247955322,0.0,47.35556411743164
gehring_L1_tissue,Embryo,AT5G62800,31,4.626829147338867,0.0,46.4051513671875
gehring_L1_tissue,Embryo,AT1G12805,32,4.028017997741699,0.0,46.391807556152344
gehring_L1_tissue,Embryo,AT5G57390,33,6.668246746063232,0.0,45.47068786621094
gehring_L1_tissue,Embryo,AT1G54860,34,5.0920891761779785,0.0,45.34215545654297
gehring_L1_tissue,Embryo,AT5G63530,35,2.5232949256896973,0.0,45.20001983642578
gehring_L1_tissue,Embryo,AT4G16160,36,5.849929332733154,0.0,44.03974914550781
gehring_L1_tissue,Embryo,AT2G41070,37,3.215195894241333,0.0,43.85536193847656
gehring_L1_tissue,Embryo,AT3G44460,38,3.3999476432800293,0.0,43.67021560668945
gehring_L1_tissue,Embryo,AT3G24650,39,4.662032604217529,0.0,43.114341735839844
gehring_L1_tissue,Embryo,AT1G62290,40,3.984074592590332,0.0,42.95267868041992
gehring_L1_tissue,Embryo,AT3G54320,41,2.4989476203918457,0.0,41.792049407958984
gehring_L1_tissue,Embryo,AT5G52920,42,2.4119322299957275,0.0,41.08306884765625
gehring_L1_tissue,Embryo,AT3G29030,43,5.906705856323242,0.0,40.33251190185547
gehring_L1_tissue,Embryo,AT5G09640,44,4.225856781005859,0.0,40.25416564941406
gehring_L1_tissue,Embryo,AT4G03050,45,4.807127952575684,0.0,40.170562744140625
gehring_L1_tissue,Embryo,AT1G12810,46,3.3456437587738037,0.0,39.900264739990234
gehring_L1_tissue,Embryo,AT1G62500,47,5.704954624176025,0.0,39.540443420410156
gehring_L1_tissue,Embryo,AT3G05020,48,2.6002347469329834,0.0,39.428810119628906
gehring_L1_tissue,Embryo,AT1G48470,49,4.769162654876709,0.0,38.41443634033203
gehring_L1_tissue,Embryo,AT1G29910,50,3.703110694885254,0.0,38.07112503051758
gehring_L1_tissue,Endosperm,AT1G55810,1,4.330929756164551,0.0,95.62073516845703
gehring_L1_tissue,Endosperm,AT1G56170,2,4.109282970428467,0.0,92.13284301757812
gehring_L1_tissue,Endosperm,AT2G02100,3,4.000950813293457,0.0,89.6898422241211
gehring_L1_tissue,Endosperm,AT5G07200,4,5.228565692901611,0.0,87.85393524169922
gehring_L1_tissue,Endosperm,AT2G22660,5,3.110793113708496,0.0,86.57551574707031
gehring_L1_tissue,Endosperm,AT1G11070,6,5.850697040557861,0.0,79.25143432617188
gehring_L1_tissue,Endosperm,AT3G16770,7,3.1641221046447754,0.0,79.24156951904297
gehring_L1_tissue,Endosperm,AT5G38160,8,3.567124128341675,0.0,78.70416259765625
gehring_L1_tissue,Endosperm,AT3G26790,9,4.492798805236816,0.0,75.3903579711914
gehring_L1_tissue,Endosperm,AT1G04380,10,5.533187389373779,0.0,74.88524627685547
gehring_L1_tissue,Endosperm,AT4G28365,11,4.328428268432617,0.0,74.07398986816406
gehring_L1_tissue,Endosperm,AT3G48300,12,5.805100440979004,0.0,73.45793914794922
gehring_L1_tissue,Endosperm,AT1G78760,13,5.309441566467285,0.0,70.85443878173828
gehring_L1_tissue,Endosperm,AT3G26744,14,3.1928229331970215,0.0,70.56456756591797
gehring_L1_tissue,Endosperm,AT1G67090,15,2.3129212856292725,0.0,69.1624526977539
gehring_L1_tissue,Endosperm,AT5G07260,16,5.175012588500977,0.0,68.15174865722656
gehring_L1_tissue,Endosperm,AT3G23090,17,4.973935604095459,0.0,67.24830627441406
gehring_L1_tissue,Endosperm,AT3G27785,18,5.818353176116943,0.0,67.00375366210938
gehring_L1_tissue,Endosperm,AT4G14140,19,6.746718406677246,0.0,66.98616790771484
gehring_L1_tissue,Endosperm,AT5G38170,20,3.1443932056427,0.0,66.63897705078125
gehring_L1_tissue,Endosperm,AT4G18020,21,3.4691011905670166,0.0,66.4365234375
gehring_L1_tissue,Endosperm,AT2G37025,22,5.7286696434021,0.0,64.24047088623047
gehring_L1_tissue,Endosperm,AT5G63700,23,2.9899256229400635,0.0,61.22740173339844
gehring_L1_tissue,Endosperm,AT1G33055,24,5.2621893882751465,0.0,59.790863037109375
gehring_L1_tissue,Endosperm,AT3G54320,25,2.681818962097168,0.0,59.09823989868164
gehring_L1_tissue,Endosperm,AT5G66570,26,2.4535934925079346,0.0,58.94123077392578
gehring_L1_tissue,Endosperm,AT5G63530,27,2.4625566005706787,0.0,58.76268005371094
gehring_L1_tissue,Endosperm,AT3G14205,28,2.4716126918792725,0.0,58.14828109741211
gehring_L1_tissue,Endosperm,AT3G43690,29,2.458069324493408,0.0,57.909873962402344
gehring_L1_tissue,Endosperm,AT1G34460,30,2.381481647491455,0.0,57.717952728271484
gehring_L1_tissue,Endosperm,AT1G15290,31,2.4206507205963135,0.0,56.48869323730469
gehring_L1_tissue,Endosperm,AT5G50090,32,4.865118026733398,0.0,56.13994216918945
gehring_L1_tissue,Endosperm,AT5G52330,33,4.160633087158203,0.0,55.94889831542969
gehring_L1_tissue,Endosperm,AT4G33270,34,4.462302207946777,0.0,55.19329833984375
gehring_L1_tissue,Endosperm,AT1G77580,35,3.5004265308380127,0.0,55.04695510864258
gehring_L1_tissue,Endosperm,AT2G35880,36,3.3510448932647705,0.0,54.40620040893555
gehring_L1_tissue,Endosperm,AT3G11180,37,5.574482440948486,0.0,54.06423568725586
gehring_L1_tissue,Endosperm,AT1G15150,38,4.588047027587891,0.0,53.75486755371094
gehring_L1_tissue,Endosperm,AT5G25900,39,2.707803249359131,0.0,53.372825622558594
gehring_L1_tissue,Endosperm,AT1G68510,40,3.8458681106567383,0.0,52.47521209716797
gehring_L1_tissue,Endosperm,AT1G78520,41,5.198018550872803,0.0,52.089759826660156
gehring_L1_tissue,Endosperm,AT2G44470,42,1.9670761823654175,0.0,51.7838134765625
gehring_L1_tissue,Endosperm,AT3G47470,43,2.46205472946167,0.0,51.75556945800781
gehring_L1_tissue,Endosperm,AT5G50770,44,2.520263433456421,0.0,51.54489517211914
gehring_L1_tissue,Endosperm,AT1G33050,45,3.0403313636779785,0.0,51.30577850341797
gehring_L1_tissue,Endosperm,AT3G51740,46,5.396628379821777,0.0,50.80830001831055
gehring_L1_tissue,Endosperm,AT1G62310,47,1.6957117319107056,0.0,50.799522399902344
gehring_L1_tissue,Endosperm,AT4G35730,48,5.256601333618164,0.0,50.78085708618164
gehring_L1_tissue,Endosperm,AT1G79245,49,1.5645619630813599,0.0,50.747440338134766
gehring_L1_tissue,Endosperm,AT2G34315,50,6.005023956298828,0.0,50.58715057373047
gehring_L1_tissue,Funiculus,AT3G04280,1,3.6652283668518066,1.8251120635152822e-126,24.337787628173828
gehring_L1_tissue,Funiculus,AT5G59320,2,3.067991256713867,2.8338981472645513e-115,23.227092742919922
gehring_L1_tissue,Funiculus,ATMG00020,3,1.3022340536117554,9.576584110681915e-114,23.05777359008789
gehring_L1_tissue,Funiculus,AT5G59310,4,4.691609859466553,3.9221836245243955e-102,21.85670280456543
gehring_L1_tissue,Funiculus,AT3G60160,5,3.5677876472473145,4.664136258374855e-97,21.306047439575195
gehring_L1_tissue,Funiculus,AT5G47370,6,4.2266693115234375,4.6424640640745305e-83,19.729999542236328
gehring_L1_tissue,Funiculus,AT5G43700,7,5.366733074188232,9.951738121956959e-83,19.683605194091797
gehring_L1_tissue,Funiculus,AT5G65670,8,1.848473310470581,3.481817697357478e-80,19.377649307250977
gehring_L1_tissue,Funiculus,AT1G71050,9,7.441043853759766,8.858612715005901e-76,18.84210968017578
gehring_L1_tissue,Funiculus,AT5G02380,10,3.069476366043091,1.6503174539362818e-75,18.803565979003906
gehring_L1_tissue,Funiculus,AT3G48230,11,3.414077043533325,1.0871506692008665e-63,17.290143966674805
gehring_L1_tissue,Funiculus,AT4G40010,12,3.4895126819610596,2.8495404134827794e-61,16.961414337158203
gehring_L1_tissue,Funiculus,AT2G22990,13,4.8088603019714355,7.580496029114818e-60,16.759033203125
gehring_L1_tissue,Funiculus,AT1G04580,14,2.5525636672973633,3.679328169162818e-54,15.957695960998535
gehring_L1_tissue,Funiculus,AT4G18010,15,5.7093825340271,1.0320819070569171e-44,14.532821655273438
gehring_L1_tissue,Funiculus,AT4G22570,16,2.9238204956054688,4.824726440069441e-43,14.263105392456055
gehring_L1_tissue,Funiculus,AT3G15353,17,4.249731063842773,1.0822561342846398e-42,14.202839851379395
gehring_L1_tissue,Funiculus,ATMG01390,18,1.8079688549041748,2.5396998084734284e-42,14.139341354370117
gehring_L1_tissue,Funiculus,AT5G02230,19,3.537550449371338,4.693341601592917e-38,13.4232759475708
gehring_L1_tissue,Funiculus,AT5G19140,20,2.4974522590637207,2.1411556529928692e-36,13.133842468261719
gehring_L1_tissue,Funiculus,AT1G03170,21,6.144002437591553,3.044489579073998e-36,13.103939056396484
gehring_L1_tissue,Funiculus,AT5G53460,22,1.4622611999511719,1.6526509837209128e-35,12.97182846069336
gehring_L1_tissue,Funiculus,AT1G68800,23,5.856963634490967,8.419973264537505e-35,12.84340763092041
gehring_L1_tissue,Funiculus,AT5G09440,24,5.627236366271973,9.076406724700801e-35,12.834672927856445
gehring_L1_tissue,Funiculus,AT4G37050,25,2.0215187072753906,1.5753534398545278e-32,12.423251152038574
gehring_L1_tissue,Funiculus,AT4G02940,26,2.4196784496307373,2.823256386339536e-32,12.371147155761719
gehring_L1_tissue,Funiculus,AT5G25280,27,1.859797716140747,3.6124867835686695e-32,12.34877872467041
gehring_L1_tissue,Funiculus,AT2G16990,28,2.2083566188812256,7.69929157937067e-32,12.285255432128906
gehring_L1_tissue,Funiculus,AT3G04300,29,4.034921646118164,1.294234164239682e-31,12.238408088684082
gehring_L1_tissue,Funiculus,AT3G41768,30,0.43725740909576416,1.7405055161312472e-31,12.212044715881348
gehring_L1_tissue,Funiculus,AT3G04730,31,2.85007905960083,1.1826684878022208e-30,12.046487808227539
gehring_L1_tissue,Funiculus,AT3G08770,32,1.382399082183838,1.613197091147356e-30,12.018824577331543
gehring_L1_tissue,Funiculus,AT5G25220,33,1.6539589166641235,4.078223708939223e-30,11.939934730529785
gehring_L1_tissue,Funiculus,AT1G80050,34,3.638413667678833,2.588805833833556e-29,11.780620574951172
gehring_L1_tissue,Funiculus,AT4G39090,35,1.3650988340377808,4.7674764949100297e-29,11.725966453552246
gehring_L1_tissue,Funiculus,AT2G38800,36,3.5214059352874756,7.442293777060723e-29,11.686368942260742
gehring_L1_tissue,Funiculus,ATMG00090,37,1.3027610778808594,1.0266708355828567e-28,11.657212257385254
gehring_L1_tissue,Funiculus,AT2G41430,38,1.2284237146377563,1.6110044688583356e-28,11.617016792297363
gehring_L1_tissue,Funiculus,AT4G30270,39,2.9050581455230713,2.9942657366053886e-28,11.562193870544434
gehring_L1_tissue,Funiculus,AT2G46590,40,4.180404186248779,3.907989604036327e-28,11.537602424621582
gehring_L1_tissue,Funiculus,AT1G68710,41,2.202353000640869,1.1984148045217156e-27,11.437456130981445
gehring_L1_tissue,Funiculus,AT3G21420,42,3.552811622619629,1.2668815977634921e-26,11.227710723876953
gehring_L1_tissue,Funiculus,AT2G18960,43,1.3061085939407349,8.700429838722498e-26,11.054520606994629
gehring_L1_tissue,Funiculus,AT3G20470,44,1.3137221336364746,9.012899489026513e-26,11.049764633178711
gehring_L1_tissue,Funiculus,AT4G17670,45,1.9118592739105225,9.31756226048167e-26,11.045218467712402
gehring_L1_tissue,Funiculus,AT3G59010,46,2.3705692291259766,2.2145495152943615e-25,10.96564769744873
gehring_L1_tissue,Funiculus,AT5G57800,47,5.075486660003662,2.8634799052965814e-22,10.288226127624512
gehring_L1_tissue,Funiculus,AT5G54940,48,2.2805070877075195,6.256489037644984e-22,10.20974349975586
gehring_L1_tissue,Funiculus,AT5G49360,49,1.3500043153762817,9.574947761766336e-22,10.1669282913208
gehring_L1_tissue,Funiculus,AT1G66200,50,2.4767119884490967,2.202343086475846e-21,10.084015846252441
gehring_L1_tissue,Ovule,AT4G14930,1,5.729313850402832,7.525534335056728e-66,17.714872360229492
gehring_L1_tissue,Ovule,AT3G26740,2,7.7753167152404785,3.0149577549733807e-60,16.932764053344727
gehring_L1_tissue,Ovule,AT2G33380,3,6.885162353515625,1.8863737117890944e-54,16.103233337402344
gehring_L1_tissue,Ovule,AT2G36080,4,8.357613563537598,7.026711332279866e-51,15.567923545837402
gehring_L1_tissue,Ovule,AT1G47128,5,5.640828609466553,5.4393638409300014e-45,14.659952163696289
gehring_L1_tissue,Ovule,AT5G10770,6,7.276017189025879,1.585382330977271e-42,14.256752014160156
gehring_L1_tissue,Ovule,AT4G14270,7,3.570674180984497,3.513590996278913e-32,12.472681999206543
gehring_L1_tissue,Ovule,AT3G09390,8,3.622572898864746,1.3045954124106433e-27,11.593130111694336
gehring_L1_tissue,Ovule,AT2G22970,9,3.318647623062134,3.4726239151194827e-26,11.298347473144531
gehring_L1_tissue,Ovule,AT4G39090,10,2.7264161109924316,1.4484291148170838e-25,11.162857055664062
gehring_L1_tissue,Ovule,AT2G18550,11,6.25999116897583,1.6926328762951918e-25,11.140515327453613
gehring_L1_tissue,Ovule,AT2G25450,12,3.3314411640167236,3.5247863097099326e-25,11.067203521728516
gehring_L1_tissue,Ovule,AT4G33150,13,3.833158016204834,8.32354756047953e-25,10.982688903808594
gehring_L1_tissue,Ovule,AT5G25280,14,3.145907163619995,3.7433919853308653e-23,10.626567840576172
gehring_L1_tissue,Ovule,AT5G02230,15,4.709568500518799,1.3038010242937287e-20,10.05920696258545
gehring_L1_tissue,Ovule,AT5G49360,16,3.049832820892334,1.1287750642176052e-19,9.837952613830566
gehring_L1_tissue,Ovule,AT1G12010,17,5.298497200012207,3.0466237257254637e-19,9.731372833251953
gehring_L1_tissue,Ovule,AT4G00870,18,2.829650402069092,5.034993291696803e-19,9.674299240112305
gehring_L1_tissue,Ovule,AT1G54410,19,2.589010238647461,2.3341757643766142e-17,9.267961502075195
gehring_L1_tissue,Ovule,AT3G51860,20,2.3042635917663574,2.6603174884029092e-17,9.248516082763672
gehring_L1_tissue,Ovule,AT4G05320,21,1.919945240020752,2.4145592385370684e-16,9.00435733795166
gehring_L1_tissue,Ovule,AT4G34230,22,2.85292649269104,1.9663886382956272e-15,8.76602840423584
gehring_L1_tissue,Ovule,AT5G09440,23,6.293365001678467,2.1173096456351673e-15,8.752680778503418
gehring_L1_tissue,Ovule,AT1G28330,24,5.271780490875244,3.0878947604719506e-14,8.440102577209473
gehring_L1_tissue,Ovule,AT4G35690,25,9.949800491333008,3.400367350651646e-14,8.424049377441406
gehring_L1_tissue,Ovule,AT5G63370,26,1.8955411911010742,1.7209365621087166e-13,8.227333068847656
gehring_L1_tissue,Ovule,AT4G36740,27,8.205352783203125,3.6778888139018253e-13,8.126852989196777
gehring_L1_tissue,Ovule,AT4G15610,28,8.132505416870117,3.8054421375108707e-13,8.118459701538086
gehring_L1_tissue,Ovule,AT5G50260,29,3.6314613819122314,1.986135491630105e-12,7.9112019538879395
gehring_L1_tissue,Ovule,AT1G58360,30,2.4047529697418213,3.2449739172341617e-12,7.845751762390137
gehring_L1_tissue,Ovule,AT4G20260,31,3.2389416694641113,5.338846074461905e-12,7.775121212005615
gehring_L1_tissue,Ovule,AT4G30960,32,2.3686821460723877,1.9913907546176094e-11,7.602854251861572
gehring_L1_tissue,Ovule,AT3G53990,33,1.854360580444336,5.653073359356665e-11,7.462884426116943
gehring_L1_tissue,Ovule,AT4G13250,34,3.0621514320373535,7.32647239001359e-11,7.424929141998291
gehring_L1_tissue,Ovule,AT4G27260,35,6.806021213531494,8.83193591677498e-11,7.396514415740967
gehring_L1_tissue,Ovule,AT3G26100,36,1.9882454872131348,1.0769893435453112e-10,7.366557598114014
gehring_L1_tissue,Ovule,AT2G38800,37,4.2180094718933105,1.1029512235180591e-10,7.359913349151611
gehring_L1_tissue,Ovule,AT4G32480,38,4.296926021575928,1.9864783522591306e-10,7.277546405792236
gehring_L1_tissue,Ovule,AT3G14067,39,3.1198277473449707,2.6887666873583105e-10,7.233232021331787
gehring_L1_tissue,Ovule,AT2G18050,40,5.363562107086182,4.408904322513579e-10,7.16249418258667
gehring_L1_tissue,Ovule,AT2G33480,41,2.4778494834899902,4.544720823666105e-10,7.1551079750061035
gehring_L1_tissue,Ovule,AT1G72510,42,2.665816307067871,5.72444075721065e-10,7.120214939117432
gehring_L1_tissue,Ovule,AT2G31560,43,4.801412582397461,6.297312377929046e-10,7.103954315185547
gehring_L1_tissue,Ovule,AT2G22470,44,7.032209873199463,1.1274294158072301e-09,7.019993782043457
gehring_L1_tissue,Ovule,AT5G66880,45,3.9444875717163086,1.3167042115518902e-09,6.995263576507568
gehring_L1_tissue,Ovule,AT1G72260,46,1.9002323150634766,2.3649749764586775e-09,6.90970516204834
gehring_L1_tissue,Ovule,AT4G05631,47,1.525988221168518,3.3340576556607415e-09,6.85787296295166
gehring_L1_tissue,Ovule,AT2G33150,48,2.4611074924468994,9.982078167608962e-09,6.696459770202637
gehring_L1_tissue,Ovule,AT5G47370,49,3.714517593383789,1.3657092020820001e-08,6.6475629806518555
gehring_L1_tissue,Ovule,AT1G26560,50,2.318126916885376,1.3836297930129886e-08,6.642782688140869
gehring_L1_tissue,Seed coat,AT2G46960,1,6.831975936889648,0.0,152.9605712890625
gehring_L1_tissue,Seed coat,AT1G14520,2,5.815508842468262,0.0,136.66920471191406
gehring_L1_tissue,Seed coat,AT1G65370,3,4.256671905517578,0.0,133.70565795898438
gehring_L1_tissue,Seed coat,AT5G42235,4,5.707551002502441,0.0,122.00621795654297
gehring_L1_tissue,Seed coat,AT4G15210,5,4.75312614440918,0.0,121.12313079833984
gehring_L1_tissue,Seed coat,AT4G26590,6,5.907074928283691,0.0,113.39994812011719
gehring_L1_tissue,Seed coat,AT4G12960,7,4.810479640960693,0.0,112.1598129272461
gehring_L1_tissue,Seed coat,AT1G43640,8,4.7362823486328125,0.0,107.08686828613281
gehring_L1_tissue,Seed coat,AT1G05490,9,4.068798542022705,0.0,104.31112670898438
gehring_L1_tissue,Seed coat,AT5G07990,10,4.242712497711182,0.0,104.05399322509766
gehring_L1_tissue,Seed coat,AT2G01850,11,4.150455474853516,0.0,101.44859313964844
gehring_L1_tissue,Seed coat,AT3G58780,12,5.1837992668151855,0.0,101.046875
gehring_L1_tissue,Seed coat,AT2G38170,13,4.483491897583008,0.0,98.24777221679688
gehring_L1_tissue,Seed coat,AT3G08770,14,3.736628293991089,0.0,96.83304595947266
gehring_L1_tissue,Seed coat,AT5G13930,15,3.033231496810913,0.0,96.04935455322266
gehring_L1_tissue,Seed coat,AT4G12870,16,4.119570255279541,0.0,89.00897979736328
gehring_L1_tissue,Seed coat,AT4G09960,17,4.296072006225586,0.0,87.26798248291016
gehring_L1_tissue,Seed coat,AT1G73600,18,4.2822699546813965,0.0,86.6817398071289
gehring_L1_tissue,Seed coat,AT3G20520,19,4.635744094848633,0.0,84.91211700439453
gehring_L1_tissue,Seed coat,AT5G67360,20,2.9841983318328857,0.0,84.6150894165039
gehring_L1_tissue,Seed coat,AT3G02470,21,1.9610646963119507,0.0,83.84043884277344
gehring_L1_tissue,Seed coat,AT2G41430,22,3.0947659015655518,0.0,83.19879913330078
gehring_L1_tissue,Seed coat,AT5G42240,23,4.131414890289307,0.0,82.48612213134766
gehring_L1_tissue,Seed coat,AT2G25540,24,3.956925868988037,0.0,81.65192413330078
gehring_L1_tissue,Seed coat,AT5G03380,25,4.059322834014893,0.0,81.38916778564453
gehring_L1_tissue,Seed coat,AT4G36520,26,2.3861379623413086,0.0,81.35774230957031
gehring_L1_tissue,Seed coat,AT5G49180,27,3.3914358615875244,0.0,81.07112121582031
gehring_L1_tissue,Seed coat,AT5G05270,28,3.7219834327697754,0.0,79.01251983642578
gehring_L1_tissue,Seed coat,AT3G60900,29,3.39951491355896,0.0,78.78565216064453
gehring_L1_tissue,Seed coat,AT5G27380,30,2.9100310802459717,0.0,76.27841186523438
gehring_L1_tissue,Seed coat,AT2G28900,31,2.7921812534332275,0.0,75.22137451171875
gehring_L1_tissue,Seed coat,AT1G34580,32,4.306306838989258,0.0,75.11869049072266
gehring_L1_tissue,Seed coat,AT3G18490,33,2.3288302421569824,0.0,75.07270050048828
gehring_L1_tissue,Seed coat,AT2G23790,34,2.39078950881958,0.0,74.31775665283203
gehring_L1_tissue,Seed coat,AT4G23100,35,2.4129130840301514,0.0,73.77534484863281
gehring_L1_tissue,Seed coat,AT1G27080,36,3.180928945541382,0.0,71.94145965576172
gehring_L1_tissue,Seed coat,AT2G22620,37,3.016446828842163,0.0,71.52143096923828
gehring_L1_tissue,Seed coat,AT1G73080,38,3.1159112453460693,0.0,71.25863647460938
gehring_L1_tissue,Seed coat,AT5G21150,39,2.4406278133392334,0.0,69.44951629638672
gehring_L1_tissue,Seed coat,AT5G64900,40,3.973254442214966,0.0,69.42620086669922
gehring_L1_tissue,Seed coat,AT5G21105,41,3.3371636867523193,0.0,69.26445770263672
gehring_L1_tissue,Seed coat,AT5G39220,42,4.183745384216309,0.0,69.17195892333984
gehring_L1_tissue,Seed coat,AT5G48880,43,3.1158668994903564,0.0,69.15377807617188
gehring_L1_tissue,Seed coat,AT1G52030,44,4.71320104598999,0.0,69.0794677734375
gehring_L1_tissue,Seed coat,AT5G15800,45,4.049119472503662,0.0,68.89291381835938
gehring_L1_tissue,Seed coat,AT1G62480,46,3.5398547649383545,0.0,68.77368927001953
gehring_L1_tissue,Seed coat,AT3G20470,47,2.8426122665405273,0.0,68.19763946533203
gehring_L1_tissue,Seed coat,AT1G75750,48,3.765655755996704,0.0,68.12317657470703
gehring_L1_tissue,Seed coat,AT5G11740,49,2.1613543033599854,0.0,68.0786361694336
gehring_L1_tissue,Seed coat,AT4G25640,50,3.8080499172210693,0.0,67.74324798583984
gehring_L2_celltype,CPT,AT1G56100,1,4.301633358001709,2.9398157087309146e-200,30.523849487304688
gehring_L2_celltype,CPT,AT1G62333,2,3.4028689861297607,2.5997691281619206e-154,26.813907623291016
gehring_L2_celltype,CPT,AT2G38900,3,3.2996671199798584,3.5484177872866683e-147,26.179460525512695
gehring_L2_celltype,CPT,AT1G61720,4,3.6121327877044678,2.351932914126624e-146,26.096216201782227
gehring_L2_celltype,CPT,AT3G08770,5,3.2202773094177246,3.095168197957611e-146,26.07716178894043
gehring_L2_celltype,CPT,AT2G17710,6,3.3220107555389404,8.223344216884716e-131,24.672502517700195
gehring_L2_celltype,CPT,AT2G47895,7,3.1611831188201904,1.5869152935337644e-126,24.263591766357422
gehring_L2_celltype,CPT,AT5G42800,8,3.3252289295196533,3.8396895923760807e-125,24.126619338989258
gehring_L2_celltype,CPT,AT4G22880,9,3.280311346054077,3.553417127531174e-124,24.029481887817383
gehring_L2_celltype,CPT,AT5G48480,10,2.9831221103668213,3.536858935514486e-105,22.133235931396484
gehring_L2_celltype,CPT,AT5G17220,11,3.331831216812134,9.67134996883074e-97,21.23484992980957
gehring_L2_celltype,CPT,AT1G31290,12,6.070810794830322,5.248677960399118e-94,20.932754516601562
gehring_L2_celltype,CPT,AT5G13930,13,2.02233624458313,2.8733558355058607e-90,20.514497756958008
gehring_L2_celltype,CPT,ATMG00020,14,1.1973168849945068,1.5846092654493505e-83,19.74150276184082
gehring_L2_celltype,CPT,AT3G49780,15,2.8671152591705322,5.573644956864826e-83,19.67435646057129
gehring_L2_celltype,CPT,AT4G20320,16,3.0495104789733887,5.269277746325414e-82,19.556848526000977
gehring_L2_celltype,CPT,AT3G53990,17,2.023219347000122,2.6150828389966834e-76,18.872997283935547
gehring_L2_celltype,CPT,AT3G20210,18,2.455922842025757,1.3286838957339348e-74,18.661245346069336
gehring_L2_celltype,CPT,AT5G39130,19,2.1844332218170166,1.0169868200267466e-66,17.66172981262207
gehring_L2_celltype,CPT,AT4G22050,20,7.114651679992676,5.087982988876793e-65,17.433792114257812
gehring_L2_celltype,CPT,AT5G39190,21,2.4668006896972656,3.381396411081682e-64,17.322494506835938
gehring_L2_celltype,CPT,AT4G21480,22,3.0821926593780518,6.62819662030139e-63,17.147850036621094
gehring_L2_celltype,CPT,AT1G51035,23,6.025953769683838,1.342024269581204e-62,17.10432243347168
gehring_L2_celltype,CPT,AT3G54390,24,2.4679572582244873,1.5080794413621793e-62,17.095144271850586
gehring_L2_celltype,CPT,AT1G20680,25,6.177786827087402,2.7128871731496056e-62,17.05858612060547
gehring_L2_celltype,CPT,AT3G10985,26,1.9753224849700928,1.4955432805084349e-58,16.543230056762695
gehring_L2_celltype,CPT,AT1G20730,27,6.697060585021973,1.9247014567488498e-58,16.52591323852539
gehring_L2_celltype,CPT,AT5G39160,28,2.501180648803711,6.2947417340674744e-55,16.028514862060547
gehring_L2_celltype,CPT,ATMG00090,29,1.7578251361846924,3.1809454958055446e-54,15.925463676452637
gehring_L2_celltype,CPT,AT2G27880,30,1.9157261848449707,5.782520867261827e-54,15.886046409606934
gehring_L2_celltype,CPT,AT1G12180,31,5.640589237213135,1.6650991181245725e-53,15.817656517028809
gehring_L2_celltype,CPT,AT3G23600,32,2.0445022583007812,5.929857562628445e-53,15.73558521270752
gehring_L2_celltype,CPT,AT3G22240,33,4.846550941467285,2.1283007849108412e-50,15.356849670410156
gehring_L2_celltype,CPT,AT5G05270,34,1.7853188514709473,1.5912415501497392e-49,15.223999977111816
gehring_L2_celltype,CPT,AT3G28007,35,5.040631294250488,2.6262953599198707e-49,15.189395904541016
gehring_L2_celltype,CPT,AT5G11740,36,1.4891794919967651,1.09895168032219e-48,15.09351634979248
gehring_L2_celltype,CPT,AT5G18090,37,4.834970951080322,1.393792731818555e-47,14.923279762268066
gehring_L2_celltype,CPT,AT1G51300,38,7.666667461395264,2.3346578968171807e-47,14.887134552001953
gehring_L2_celltype,CPT,AT2G21430,39,2.941486120223999,2.616968701594453e-47,14.877846717834473
gehring_L2_celltype,CPT,AT1G64060,40,2.9657297134399414,2.734124005710849e-47,14.873302459716797
gehring_L2_celltype,CPT,AT1G61095,41,6.74946403503418,2.7797343295891337e-45,14.55908489227295
gehring_L2_celltype,CPT,AT5G02490,42,1.7805821895599365,3.974129696349874e-44,14.37449836730957
gehring_L2_celltype,CPT,AT2G14900,43,2.355520486831665,4.758838200492498e-44,14.360459327697754
gehring_L2_celltype,CPT,AT4G40040,44,1.5297585725784302,5.367740955857404e-44,14.35058879852295
gehring_L2_celltype,CPT,AT4G12890,45,1.909864902496338,2.426386131677245e-43,14.244085311889648
gehring_L2_celltype,CPT,AT3G13530,46,2.010154962539673,3.1022126094971833e-43,14.225436210632324
gehring_L2_celltype,CPT,AT5G43060,47,1.6466929912567139,1.3067947668539026e-42,14.121607780456543
gehring_L2_celltype,CPT,AT3G04280,48,1.87725830078125,1.4794217117401456e-42,14.111466407775879
gehring_L2_celltype,CPT,AT4G15750,49,1.6746275424957275,1.8319772783820547e-42,14.094982147216797
gehring_L2_celltype,CPT,AT5G02380,50,2.296405553817749,1.8319772783820547e-42,14.093670845031738
gehring_L2_celltype,CZE,AT2G34315,1,6.1863203048706055,0.0,55.995845794677734
gehring_L2_celltype,CZE,AT4G18020,2,3.863157033920288,0.0,52.75583267211914
gehring_L2_celltype,CZE,AT1G36060,3,5.063626289367676,0.0,51.88812255859375
gehring_L2_celltype,CZE,AT2G38870,4,5.155028343200684,0.0,49.772151947021484
gehring_L2_celltype,CZE,AT4G14780,5,3.6738548278808594,0.0,46.404537200927734
gehring_L2_celltype,CZE,AT5G49190,6,3.906337022781372,0.0,45.372188568115234
gehring_L2_celltype,CZE,AT5G07190,7,4.4854512214660645,0.0,44.89181900024414
gehring_L2_celltype,CZE,AT4G25140,8,3.641829013824463,0.0,43.65342712402344
gehring_L2_celltype,CZE,AT5G59170,9,5.075534820556641,0.0,43.22500228881836
gehring_L2_celltype,CZE,AT1G27040,10,5.7935686111450195,0.0,43.1817741394043
gehring_L2_celltype,CZE,AT1G48130,11,4.793816566467285,0.0,42.39888381958008
gehring_L2_celltype,CZE,AT5G38160,12,3.0511879920959473,0.0,41.46512222290039
gehring_L2_celltype,CZE,AT5G50770,13,3.250739812850952,0.0,41.44295883178711
gehring_L2_celltype,CZE,AT5G44120,14,3.6589772701263428,0.0,41.01128387451172
gehring_L2_celltype,CZE,AT1G67090,15,2.3414032459259033,0.0,40.78646469116211
gehring_L2_celltype,CZE,AT3G27660,16,3.532454252243042,0.0,39.75678634643555
gehring_L2_celltype,CZE,AT3G26790,17,3.1983425617218018,0.0,39.234554290771484
gehring_L2_celltype,CZE,AT2G27380,18,4.363651275634766,0.0,38.92537307739258
gehring_L2_celltype,CZE,AT2G44470,19,2.5210084915161133,0.0,38.338558197021484
gehring_L2_celltype,CZE,AT2G37025,20,3.7222869396209717,0.0,38.28132629394531
gehring_L2_celltype,CZE,AT1G62710,21,3.7052080631256104,6.279547809109596e-295,36.8858528137207
gehring_L2_celltype,CZE,AT3G01570,22,3.073955774307251,8.62256853722752e-291,36.62501907348633
gehring_L2_celltype,CZE,AT5G40420,23,3.1721785068511963,1.417744166168659e-288,36.48467254638672
gehring_L2_celltype,CZE,AT5G46110,24,2.9998514652252197,9.786100762269821e-288,36.430877685546875
gehring_L2_celltype,CZE,AT5G46880,25,4.089995861053467,1.7262326596618087e-286,36.35124969482422
gehring_L2_celltype,CZE,AT4G36700,26,2.939019203186035,6.5043130593591695e-286,36.313968658447266
gehring_L2_celltype,CZE,AT3G01390,27,2.566068649291992,2.021040740802179e-279,35.898712158203125
gehring_L2_celltype,CZE,AT1G18100,28,3.4474780559539795,3.721528373026882e-276,35.68735885620117
gehring_L2_celltype,CZE,AT4G25100,29,2.721956968307495,4.466962124873733e-274,35.55234146118164
gehring_L2_celltype,CZE,AT2G18540,30,3.5916762351989746,2.5431443321199567e-264,34.91325759887695
gehring_L2_celltype,CZE,AT4G27160,31,2.9815421104431152,6.500178042181932e-259,34.554412841796875
gehring_L2_celltype,CZE,AT1G47540,32,3.323854446411133,5.425414454428376e-252,34.088531494140625
gehring_L2_celltype,CZE,AT4G27150,33,3.105652332305908,3.2455035758451763e-249,33.899986267089844
gehring_L2_celltype,CZE,AT5G66570,34,2.313551425933838,5.911000901664143e-249,33.8817024230957
gehring_L2_celltype,CZE,AT3G47470,35,2.6013286113739014,1.0949566113138434e-248,33.86292266845703
gehring_L2_celltype,CZE,AT5G09640,36,3.766390562057495,5.244720489693899e-240,33.26680374145508
gehring_L2_celltype,CZE,AT1G62290,37,3.4172091484069824,1.2135695514062543e-233,32.82316207885742
gehring_L2_celltype,CZE,AT1G30400,38,4.594472885131836,1.4476367502198856e-231,32.676727294921875
gehring_L2_celltype,CZE,AT2G05310,39,2.648796558380127,1.6862557928213616e-231,32.67150115966797
gehring_L2_celltype,CZE,AT5G57260,40,4.44896936416626,4.604880749539634e-228,32.42809295654297
gehring_L2_celltype,CZE,AT4G10490,41,3.7398252487182617,2.698804654561688e-227,32.37302017211914
gehring_L2_celltype,CZE,AT4G00730,42,2.3699169158935547,2.037272241933441e-225,32.238765716552734
gehring_L2_celltype,CZE,AT1G65090,43,2.9919021129608154,5.053715722235031e-224,32.138572692871094
gehring_L2_celltype,CZE,AT5G62850,44,4.2245025634765625,1.0382196767096158e-220,31.90005874633789
gehring_L2_celltype,CZE,AT1G22430,45,3.970858573913574,2.0023609612830885e-210,31.148521423339844
gehring_L2_celltype,CZE,AT3G44460,46,2.8298752307891846,9.708010956131506e-206,30.799537658691406
gehring_L2_celltype,CZE,AT1G79040,47,2.2042672634124756,1.2006159352543787e-198,30.263736724853516
gehring_L2_celltype,CZE,AT5G38170,48,2.306443929672241,1.5165697146051708e-197,30.179418563842773
gehring_L2_celltype,CZE,AT1G02850,49,4.984224796295166,1.4064039622960483e-193,29.87504768371582
gehring_L2_celltype,CZE,AT2G41070,50,2.6342289447784424,1.1291387563298517e-192,29.804838180541992
gehring_L2_celltype,CZSC,AT3G04280,1,6.456186771392822,0.0,81.32839965820312
gehring_L2_celltype,CZSC,AT1G75390,2,2.886277437210083,0.0,57.6963005065918
gehring_L2_celltype,CZSC,AT5G21150,3,3.1182680130004883,0.0,56.76655960083008
gehring_L2_celltype,CZSC,AT4G09960,4,3.0817806720733643,0.0,55.31052017211914
gehring_L2_celltype,CZSC,AT4G10120,5,6.697488784790039,0.0,54.762237548828125
gehring_L2_celltype,CZSC,AT5G24580,6,6.929231643676758,0.0,52.342872619628906
gehring_L2_celltype,CZSC,AT1G74840,7,5.1430511474609375,0.0,51.587772369384766
gehring_L2_celltype,CZSC,AT5G65670,8,2.4515774250030518,0.0,49.562347412109375
gehring_L2_celltype,CZSC,AT4G37520,9,3.4511241912841797,0.0,49.48052978515625
gehring_L2_celltype,CZSC,AT2G32240,10,3.369722604751587,0.0,48.617095947265625
gehring_L2_celltype,CZSC,AT5G47370,11,5.664007663726807,0.0,47.31071472167969
gehring_L2_celltype,CZSC,AT5G20700,12,2.9907796382904053,0.0,46.67328643798828
gehring_L2_celltype,CZSC,AT1G62480,13,3.2635552883148193,0.0,46.66340637207031
gehring_L2_celltype,CZSC,AT3G48230,14,4.610437870025635,0.0,46.500343322753906
gehring_L2_celltype,CZSC,AT5G54660,15,5.678421974182129,0.0,46.46508026123047
gehring_L2_celltype,CZSC,AT4G24060,16,4.649313449859619,0.0,46.29672622680664
gehring_L2_celltype,CZSC,AT1G32450,17,4.560635089874268,0.0,45.13850021362305
gehring_L2_celltype,CZSC,AT1G69850,18,3.7522788047790527,0.0,45.12145233154297
gehring_L2_celltype,CZSC,AT2G46960,19,2.9030535221099854,0.0,44.35127639770508
gehring_L2_celltype,CZSC,AT2G18960,20,2.5143439769744873,0.0,44.239158630371094
gehring_L2_celltype,CZSC,AT1G32700,21,3.188173770904541,0.0,44.17285919189453
gehring_L2_celltype,CZSC,AT5G02380,22,3.767603874206543,0.0,44.113094329833984
gehring_L2_celltype,CZSC,AT3G59010,23,4.7818474769592285,0.0,43.197914123535156
gehring_L2_celltype,CZSC,AT4G40010,24,4.201344013214111,0.0,43.12764358520508
gehring_L2_celltype,CZSC,AT2G16990,25,3.467271566390991,0.0,42.28030014038086
gehring_L2_celltype,CZSC,AT5G20830,26,3.4836018085479736,0.0,41.09396743774414
gehring_L2_celltype,CZSC,AT5G24800,27,7.151096343994141,0.0,39.85847473144531
gehring_L2_celltype,CZSC,AT4G02940,28,3.597031354904175,0.0,39.6545524597168
gehring_L2_celltype,CZSC,AT3G10985,29,2.5113883018493652,0.0,39.13157653808594
gehring_L2_celltype,CZSC,AT2G39510,30,6.958245277404785,0.0,38.968875885009766
gehring_L2_celltype,CZSC,AT4G34000,31,2.606701135635376,0.0,38.81414031982422
gehring_L2_celltype,CZSC,AT4G17670,32,2.9510669708251953,0.0,37.79341125488281
gehring_L2_celltype,CZSC,AT3G57390,33,3.020864248275757,5.347875420880341e-299,37.1353759765625
gehring_L2_celltype,CZSC,AT3G57230,34,3.0306966304779053,1.7783500396991258e-298,37.10222244262695
gehring_L2_celltype,CZSC,AT5G27950,35,2.6717514991760254,4.313910360775167e-295,36.89093017578125
gehring_L2_celltype,CZSC,AT1G63420,36,2.404264450073242,5.595050594017247e-295,36.883121490478516
gehring_L2_celltype,CZSC,AT1G03040,37,2.250971555709839,5.134731282359655e-294,36.822269439697266
gehring_L2_celltype,CZSC,AT1G10820,38,2.6526076793670654,3.2906080799694766e-287,36.39372634887695
gehring_L2_celltype,CZSC,AT1G75750,39,2.500155448913574,1.41195417465816e-278,35.84309768676758
gehring_L2_celltype,CZSC,AT4G29100,40,5.042471885681152,1.0680539102715568e-271,35.39807891845703
gehring_L2_celltype,CZSC,AT5G25770,41,2.4142751693725586,5.58516022546118e-269,35.220245361328125
gehring_L2_celltype,CZSC,AT3G54390,42,2.9060468673706055,1.0282692318422575e-265,35.00562286376953
gehring_L2_celltype,CZSC,AT5G41790,43,2.538163185119629,5.313949292113978e-262,34.76003646850586
gehring_L2_celltype,CZSC,AT1G76990,44,2.963857889175415,2.9768846011824313e-247,33.76845169067383
gehring_L2_celltype,CZSC,AT3G04300,45,5.89707088470459,1.1910435925354431e-244,33.590049743652344
gehring_L2_celltype,CZSC,AT1G77660,46,2.9124443531036377,5.505560648899096e-233,32.780765533447266
gehring_L2_celltype,CZSC,AT3G26510,47,3.007802963256836,5.2069568897802375e-232,32.711570739746094
gehring_L2_celltype,CZSC,AT3G21420,48,5.09791374206543,6.805963924388617e-231,32.63234329223633
gehring_L2_celltype,CZSC,AT5G25220,49,2.1749398708343506,2.979217626322074e-223,32.088531494140625
gehring_L2_celltype,CZSC,AT1G13390,50,2.34089994430542,1.4954520014024619e-217,31.676607131958008
gehring_L2_celltype,EMB,AT4G25140,1,6.041990280151367,0.0,91.59371948242188
gehring_L2_celltype,EMB,AT5G44120,2,6.0080790519714355,0.0,82.80309295654297
gehring_L2_celltype,EMB,AT4G27160,3,5.518226623535156,0.0,79.17341613769531
gehring_L2_celltype,EMB,AT4G36700,4,4.877379417419434,0.0,75.71725463867188
gehring_L2_celltype,EMB,AT5G40420,5,5.116033554077148,0.0,73.2047348022461
gehring_L2_celltype,EMB,AT5G51210,6,4.780557155609131,0.0,72.71723937988281
gehring_L2_celltype,EMB,AT4G28520,7,6.435227870941162,0.0,72.54772186279297
gehring_L2_celltype,EMB,AT2G18540,8,6.0722856521606445,0.0,70.60569763183594
gehring_L2_celltype,EMB,AT4G26740,9,5.942886829376221,0.0,69.14625549316406
gehring_L2_celltype,EMB,AT3G01570,10,4.579303741455078,0.0,68.24681854248047
gehring_L2_celltype,EMB,AT3G27660,11,4.82211446762085,0.0,67.36164855957031
gehring_L2_celltype,EMB,AT2G34700,12,4.521321773529053,0.0,65.94795227050781
gehring_L2_celltype,EMB,AT3G12203,13,7.508239269256592,0.0,64.47417449951172
gehring_L2_celltype,EMB,AT4G27150,14,4.818687915802002,0.0,63.98983383178711
gehring_L2_celltype,EMB,AT5G07190,15,5.085000991821289,0.0,62.66225051879883
gehring_L2_celltype,EMB,AT5G49190,16,4.266435146331787,0.0,61.92502212524414
gehring_L2_celltype,EMB,AT1G29930,17,3.217111110687256,0.0,60.59416198730469
gehring_L2_celltype,EMB,ATCG00020,18,2.185490369796753,0.0,60.16647720336914
gehring_L2_celltype,EMB,AT5G50770,19,3.8606483936309814,0.0,59.72072219848633
gehring_L2_celltype,EMB,AT1G65090,20,4.614686012268066,0.0,59.702598571777344
gehring_L2_celltype,EMB,AT1G03880,21,6.213993072509766,0.0,59.38146209716797
gehring_L2_celltype,EMB,AT2G28490,22,5.260103702545166,0.0,56.48974609375
gehring_L2_celltype,EMB,AT3G22640,23,5.156851291656494,0.0,51.672157287597656
gehring_L2_celltype,EMB,AT1G04660,24,5.91998815536499,0.0,50.08793640136719
gehring_L2_celltype,EMB,AT2G34420,25,3.157705783843994,0.0,49.442832946777344
gehring_L2_celltype,EMB,AT1G67090,26,2.320213556289673,0.0,49.26595687866211
gehring_L2_celltype,EMB,AT5G13790,27,3.421405553817749,0.0,49.13790512084961
gehring_L2_celltype,EMB,AT1G47540,28,4.191269397735596,0.0,49.06766891479492
gehring_L2_celltype,EMB,AT4G27170,29,4.341363906860352,0.0,47.98094177246094
gehring_L2_celltype,EMB,AT1G23000,30,6.224375247955322,0.0,47.35556411743164
gehring_L2_celltype,EMB,AT5G62800,31,4.626829147338867,0.0,46.4051513671875
gehring_L2_celltype,EMB,AT1G12805,32,4.028017997741699,0.0,46.391807556152344
gehring_L2_celltype,EMB,AT5G57390,33,6.668246746063232,0.0,45.47068786621094
gehring_L2_celltype,EMB,AT1G54860,34,5.0920891761779785,0.0,45.34215545654297
gehring_L2_celltype,EMB,AT5G63530,35,2.5232949256896973,0.0,45.20001983642578
gehring_L2_celltype,EMB,AT4G16160,36,5.849929332733154,0.0,44.03974914550781
gehring_L2_celltype,EMB,AT2G41070,37,3.215195894241333,0.0,43.85536193847656
gehring_L2_celltype,EMB,AT3G44460,38,3.3999476432800293,0.0,43.67021560668945
gehring_L2_celltype,EMB,AT3G24650,39,4.662032604217529,0.0,43.114341735839844
gehring_L2_celltype,EMB,AT1G62290,40,3.984074592590332,0.0,42.95267868041992
gehring_L2_celltype,EMB,AT3G54320,41,2.4989476203918457,0.0,41.792049407958984
gehring_L2_celltype,EMB,AT5G52920,42,2.4119322299957275,0.0,41.08306884765625
gehring_L2_celltype,EMB,AT3G29030,43,5.906705856323242,0.0,40.33251190185547
gehring_L2_celltype,EMB,AT5G09640,44,4.225856781005859,0.0,40.25416564941406
gehring_L2_celltype,EMB,AT4G03050,45,4.807127952575684,0.0,40.170562744140625
gehring_L2_celltype,EMB,AT1G12810,46,3.3456437587738037,0.0,39.900264739990234
gehring_L2_celltype,EMB,AT1G62500,47,5.704954624176025,0.0,39.540443420410156
gehring_L2_celltype,EMB,AT3G05020,48,2.6002347469329834,0.0,39.428810119628906
gehring_L2_celltype,EMB,AT1G48470,49,4.769162654876709,0.0,38.41443634033203
gehring_L2_celltype,EMB,AT1G29910,50,3.703110694885254,0.0,38.07112503051758
gehring_L2_celltype,FUN,AT3G04280,1,3.6652283668518066,1.8251120635152822e-126,24.337787628173828
gehring_L2_celltype,FUN,AT5G59320,2,3.067991256713867,2.8338981472645513e-115,23.227092742919922
gehring_L2_celltype,FUN,ATMG00020,3,1.3022340536117554,9.576584110681915e-114,23.05777359008789
gehring_L2_celltype,FUN,AT5G59310,4,4.691609859466553,3.9221836245243955e-102,21.85670280456543
gehring_L2_celltype,FUN,AT3G60160,5,3.5677876472473145,4.664136258374855e-97,21.306047439575195
gehring_L2_celltype,FUN,AT5G47370,6,4.2266693115234375,4.6424640640745305e-83,19.729999542236328
gehring_L2_celltype,FUN,AT5G43700,7,5.366733074188232,9.951738121956959e-83,19.683605194091797
gehring_L2_celltype,FUN,AT5G65670,8,1.848473310470581,3.481817697357478e-80,19.377649307250977
gehring_L2_celltype,FUN,AT1G71050,9,7.441043853759766,8.858612715005901e-76,18.84210968017578
gehring_L2_celltype,FUN,AT5G02380,10,3.069476366043091,1.6503174539362818e-75,18.803565979003906
gehring_L2_celltype,FUN,AT3G48230,11,3.414077043533325,1.0871506692008665e-63,17.290143966674805
gehring_L2_celltype,FUN,AT4G40010,12,3.4895126819610596,2.8495404134827794e-61,16.961414337158203
gehring_L2_celltype,FUN,AT2G22990,13,4.8088603019714355,7.580496029114818e-60,16.759033203125
gehring_L2_celltype,FUN,AT1G04580,14,2.5525636672973633,3.679328169162818e-54,15.957695960998535
gehring_L2_celltype,FUN,AT4G18010,15,5.7093825340271,1.0320819070569171e-44,14.532821655273438
gehring_L2_celltype,FUN,AT4G22570,16,2.9238204956054688,4.824726440069441e-43,14.263105392456055
gehring_L2_celltype,FUN,AT3G15353,17,4.249731063842773,1.0822561342846398e-42,14.202839851379395
gehring_L2_celltype,FUN,ATMG01390,18,1.8079688549041748,2.5396998084734284e-42,14.139341354370117
gehring_L2_celltype,FUN,AT5G02230,19,3.537550449371338,4.693341601592917e-38,13.4232759475708
gehring_L2_celltype,FUN,AT5G19140,20,2.4974522590637207,2.1411556529928692e-36,13.133842468261719
gehring_L2_celltype,FUN,AT1G03170,21,6.144002437591553,3.044489579073998e-36,13.103939056396484
gehring_L2_celltype,FUN,AT5G53460,22,1.4622611999511719,1.6526509837209128e-35,12.97182846069336
gehring_L2_celltype,FUN,AT1G68800,23,5.856963634490967,8.419973264537505e-35,12.84340763092041
gehring_L2_celltype,FUN,AT5G09440,24,5.627236366271973,9.076406724700801e-35,12.834672927856445
gehring_L2_celltype,FUN,AT4G37050,25,2.0215187072753906,1.5753534398545278e-32,12.423251152038574
gehring_L2_celltype,FUN,AT4G02940,26,2.4196784496307373,2.823256386339536e-32,12.371147155761719
gehring_L2_celltype,FUN,AT5G25280,27,1.859797716140747,3.6124867835686695e-32,12.34877872467041
gehring_L2_celltype,FUN,AT2G16990,28,2.2083566188812256,7.69929157937067e-32,12.285255432128906
gehring_L2_celltype,FUN,AT3G04300,29,4.034921646118164,1.294234164239682e-31,12.238408088684082
gehring_L2_celltype,FUN,AT3G41768,30,0.43725740909576416,1.7405055161312472e-31,12.212044715881348
gehring_L2_celltype,FUN,AT3G04730,31,2.85007905960083,1.1826684878022208e-30,12.046487808227539
gehring_L2_celltype,FUN,AT3G08770,32,1.382399082183838,1.613197091147356e-30,12.018824577331543
gehring_L2_celltype,FUN,AT5G25220,33,1.6539589166641235,4.078223708939223e-30,11.939934730529785
gehring_L2_celltype,FUN,AT1G80050,34,3.638413667678833,2.588805833833556e-29,11.780620574951172
gehring_L2_celltype,FUN,AT4G39090,35,1.3650988340377808,4.7674764949100297e-29,11.725966453552246
gehring_L2_celltype,FUN,AT2G38800,36,3.5214059352874756,7.442293777060723e-29,11.686368942260742
gehring_L2_celltype,FUN,ATMG00090,37,1.3027610778808594,1.0266708355828567e-28,11.657212257385254
gehring_L2_celltype,FUN,AT2G41430,38,1.2284237146377563,1.6110044688583356e-28,11.617016792297363
gehring_L2_celltype,FUN,AT4G30270,39,2.9050581455230713,2.9942657366053886e-28,11.562193870544434
gehring_L2_celltype,FUN,AT2G46590,40,4.180404186248779,3.907989604036327e-28,11.537602424621582
gehring_L2_celltype,FUN,AT1G68710,41,2.202353000640869,1.1984148045217156e-27,11.437456130981445
gehring_L2_celltype,FUN,AT3G21420,42,3.552811622619629,1.2668815977634921e-26,11.227710723876953
gehring_L2_celltype,FUN,AT2G18960,43,1.3061085939407349,8.700429838722498e-26,11.054520606994629
gehring_L2_celltype,FUN,AT3G20470,44,1.3137221336364746,9.012899489026513e-26,11.049764633178711
gehring_L2_celltype,FUN,AT4G17670,45,1.9118592739105225,9.31756226048167e-26,11.045218467712402
gehring_L2_celltype,FUN,AT3G59010,46,2.3705692291259766,2.2145495152943615e-25,10.96564769744873
gehring_L2_celltype,FUN,AT5G57800,47,5.075486660003662,2.8634799052965814e-22,10.288226127624512
gehring_L2_celltype,FUN,AT5G54940,48,2.2805070877075195,6.256489037644984e-22,10.20974349975586
gehring_L2_celltype,FUN,AT5G49360,49,1.3500043153762817,9.574947761766336e-22,10.1669282913208
gehring_L2_celltype,FUN,AT1G66200,50,2.4767119884490967,2.202343086475846e-21,10.084015846252441
gehring_L2_celltype,MCE,AT4G04460,1,7.603391170501709,0.0,67.41055297851562
gehring_L2_celltype,MCE,AT1G09380,2,6.412820816040039,0.0,63.37504577636719
gehring_L2_celltype,MCE,AT4G37050,3,5.55103063583374,0.0,63.102596282958984
gehring_L2_celltype,MCE,AT3G58740,4,8.491479873657227,0.0,62.75688552856445
gehring_L2_celltype,MCE,AT1G23560,5,7.9398956298828125,0.0,58.52671813964844
gehring_L2_celltype,MCE,AT3G45130,6,8.549727439880371,0.0,57.53984451293945
gehring_L2_celltype,MCE,AT1G33055,7,5.560030460357666,0.0,56.3213005065918
gehring_L2_celltype,MCE,AT1G33050,8,4.820887565612793,0.0,56.084354400634766
gehring_L2_celltype,MCE,AT2G16990,9,5.543398857116699,0.0,55.61494445800781
gehring_L2_celltype,MCE,AT2G19110,10,5.047576904296875,0.0,55.44560623168945
gehring_L2_celltype,MCE,AT3G26790,11,4.6934990882873535,0.0,54.876155853271484
gehring_L2_celltype,MCE,AT3G48740,12,7.819483280181885,0.0,53.9715461730957
gehring_L2_celltype,MCE,AT3G45010,13,5.713405132293701,0.0,53.71657180786133
gehring_L2_celltype,MCE,AT1G01900,14,7.394795894622803,0.0,53.22437286376953
gehring_L2_celltype,MCE,AT1G71120,15,9.03532886505127,0.0,53.02256393432617
gehring_L2_celltype,MCE,AT5G27600,16,5.363802433013916,0.0,52.948463439941406
gehring_L2_celltype,MCE,AT5G50260,17,6.022427558898926,0.0,52.890098571777344
gehring_L2_celltype,MCE,AT1G62340,18,7.741847991943359,0.0,52.080162048339844
gehring_L2_celltype,MCE,AT1G71250,19,6.109927654266357,0.0,51.88913345336914
gehring_L2_celltype,MCE,AT5G03820,20,6.0551252365112305,0.0,51.86329650878906
gehring_L2_celltype,MCE,AT1G55810,21,3.65615177154541,0.0,51.13517379760742
gehring_L2_celltype,MCE,AT3G52970,22,7.735330104827881,0.0,50.94990158081055
gehring_L2_celltype,MCE,AT3G08900,23,7.422676086425781,0.0,50.52571487426758
gehring_L2_celltype,MCE,AT1G56170,24,3.7001514434814453,0.0,50.49797058105469
gehring_L2_celltype,MCE,AT3G18080,25,5.041165351867676,0.0,50.46526336669922
gehring_L2_celltype,MCE,AT3G11930,26,6.261531829833984,0.0,50.15083694458008
gehring_L2_celltype,MCE,AT4G35750,27,3.19952392578125,0.0,48.796417236328125
gehring_L2_celltype,MCE,AT2G25940,28,6.3433356285095215,0.0,47.92568588256836
gehring_L2_celltype,MCE,AT4G36648,29,1.6644335985183716,0.0,47.90534591674805
gehring_L2_celltype,MCE,AT5G07200,30,3.9627842903137207,0.0,47.800228118896484
gehring_L2_celltype,MCE,AT3G49050,31,4.68043851852417,0.0,47.58787155151367
gehring_L2_celltype,MCE,AT1G55970,32,4.624767780303955,0.0,47.56068801879883
gehring_L2_celltype,MCE,AT2G23410,33,6.3738789558410645,0.0,47.1231689453125
gehring_L2_celltype,MCE,AT3G62860,34,5.406341552734375,0.0,46.805477142333984
gehring_L2_celltype,MCE,AT2G47650,35,4.454379558563232,0.0,46.68266296386719
gehring_L2_celltype,MCE,AT5G55410,36,5.444772243499756,0.0,46.65481948852539
gehring_L2_celltype,MCE,AT4G19645,37,4.517821311950684,0.0,46.51555633544922
gehring_L2_celltype,MCE,AT3G48300,38,4.110630512237549,0.0,46.31459426879883
gehring_L2_celltype,MCE,AT3G16770,39,3.063638925552368,0.0,45.45228958129883
gehring_L2_celltype,MCE,AT5G13170,40,5.196750164031982,0.0,44.56745910644531
gehring_L2_celltype,MCE,AT1G11190,41,8.65935230255127,0.0,44.45001220703125
gehring_L2_celltype,MCE,AT5G38160,42,3.348970413208008,0.0,44.441734313964844
gehring_L2_celltype,MCE,AT1G48930,43,5.462479591369629,0.0,44.07126235961914
gehring_L2_celltype,MCE,AT3G11180,44,4.612081527709961,0.0,43.404048919677734
gehring_L2_celltype,MCE,AT1G23520,45,10.569060325622559,0.0,42.80208206176758
gehring_L2_celltype,MCE,AT2G41040,46,5.910907745361328,0.0,41.85737228393555
gehring_L2_celltype,MCE,AT1G62310,47,2.452718496322632,0.0,41.792388916015625
gehring_L2_celltype,MCE,AT4G23010,48,3.9914908409118652,0.0,41.789974212646484
gehring_L2_celltype,MCE,AT4G35560,49,4.344943046569824,0.0,41.77610397338867
gehring_L2_celltype,MCE,AT2G43680,50,2.859248399734497,0.0,41.536861419677734
gehring_L2_celltype,OVL,AT4G14930,1,5.729313850402832,7.525534335056728e-66,17.714872360229492
gehring_L2_celltype,OVL,AT3G26740,2,7.7753167152404785,3.0149577549733807e-60,16.932764053344727
gehring_L2_celltype,OVL,AT2G33380,3,6.885162353515625,1.8863737117890944e-54,16.103233337402344
gehring_L2_celltype,OVL,AT2G36080,4,8.357613563537598,7.026711332279866e-51,15.567923545837402
gehring_L2_celltype,OVL,AT1G47128,5,5.640828609466553,5.4393638409300014e-45,14.659952163696289
gehring_L2_celltype,OVL,AT5G10770,6,7.276017189025879,1.585382330977271e-42,14.256752014160156
gehring_L2_celltype,OVL,AT4G14270,7,3.570674180984497,3.513590996278913e-32,12.472681999206543
gehring_L2_celltype,OVL,AT3G09390,8,3.622572898864746,1.3045954124106433e-27,11.593130111694336
gehring_L2_celltype,OVL,AT2G22970,9,3.318647623062134,3.4726239151194827e-26,11.298347473144531
gehring_L2_celltype,OVL,AT4G39090,10,2.7264161109924316,1.4484291148170838e-25,11.162857055664062
gehring_L2_celltype,OVL,AT2G18550,11,6.25999116897583,1.6926328762951918e-25,11.140515327453613
gehring_L2_celltype,OVL,AT2G25450,12,3.3314411640167236,3.5247863097099326e-25,11.067203521728516
gehring_L2_celltype,OVL,AT4G33150,13,3.833158016204834,8.32354756047953e-25,10.982688903808594
gehring_L2_celltype,OVL,AT5G25280,14,3.145907163619995,3.7433919853308653e-23,10.626567840576172
gehring_L2_celltype,OVL,AT5G02230,15,4.709568500518799,1.3038010242937287e-20,10.05920696258545
gehring_L2_celltype,OVL,AT5G49360,16,3.049832820892334,1.1287750642176052e-19,9.837952613830566
gehring_L2_celltype,OVL,AT1G12010,17,5.298497200012207,3.0466237257254637e-19,9.731372833251953
gehring_L2_celltype,OVL,AT4G00870,18,2.829650402069092,5.034993291696803e-19,9.674299240112305
gehring_L2_celltype,OVL,AT1G54410,19,2.589010238647461,2.3341757643766142e-17,9.267961502075195
gehring_L2_celltype,OVL,AT3G51860,20,2.3042635917663574,2.6603174884029092e-17,9.248516082763672
gehring_L2_celltype,OVL,AT4G05320,21,1.919945240020752,2.4145592385370684e-16,9.00435733795166
gehring_L2_celltype,OVL,AT4G34230,22,2.85292649269104,1.9663886382956272e-15,8.76602840423584
gehring_L2_celltype,OVL,AT5G09440,23,6.293365001678467,2.1173096456351673e-15,8.752680778503418
gehring_L2_celltype,OVL,AT1G28330,24,5.271780490875244,3.0878947604719506e-14,8.440102577209473
gehring_L2_celltype,OVL,AT4G35690,25,9.949800491333008,3.400367350651646e-14,8.424049377441406
gehring_L2_celltype,OVL,AT5G63370,26,1.8955411911010742,1.7209365621087166e-13,8.227333068847656
gehring_L2_celltype,OVL,AT4G36740,27,8.205352783203125,3.6778888139018253e-13,8.126852989196777
gehring_L2_celltype,OVL,AT4G15610,28,8.132505416870117,3.8054421375108707e-13,8.118459701538086
gehring_L2_celltype,OVL,AT5G50260,29,3.6314613819122314,1.986135491630105e-12,7.9112019538879395
gehring_L2_celltype,OVL,AT1G58360,30,2.4047529697418213,3.2449739172341617e-12,7.845751762390137
gehring_L2_celltype,OVL,AT4G20260,31,3.2389416694641113,5.338846074461905e-12,7.775121212005615
gehring_L2_celltype,OVL,AT4G30960,32,2.3686821460723877,1.9913907546176094e-11,7.602854251861572
gehring_L2_celltype,OVL,AT3G53990,33,1.854360580444336,5.653073359356665e-11,7.462884426116943
gehring_L2_celltype,OVL,AT4G13250,34,3.0621514320373535,7.32647239001359e-11,7.424929141998291
gehring_L2_celltype,OVL,AT4G27260,35,6.806021213531494,8.83193591677498e-11,7.396514415740967
gehring_L2_celltype,OVL,AT3G26100,36,1.9882454872131348,1.0769893435453112e-10,7.366557598114014
gehring_L2_celltype,OVL,AT2G38800,37,4.2180094718933105,1.1029512235180591e-10,7.359913349151611
gehring_L2_celltype,OVL,AT4G32480,38,4.296926021575928,1.9864783522591306e-10,7.277546405792236
gehring_L2_celltype,OVL,AT3G14067,39,3.1198277473449707,2.6887666873583105e-10,7.233232021331787
gehring_L2_celltype,OVL,AT2G18050,40,5.363562107086182,4.408904322513579e-10,7.16249418258667
gehring_L2_celltype,OVL,AT2G33480,41,2.4778494834899902,4.544720823666105e-10,7.1551079750061035
gehring_L2_celltype,OVL,AT1G72510,42,2.665816307067871,5.72444075721065e-10,7.120214939117432
gehring_L2_celltype,OVL,AT2G31560,43,4.801412582397461,6.297312377929046e-10,7.103954315185547
gehring_L2_celltype,OVL,AT2G22470,44,7.032209873199463,1.1274294158072301e-09,7.019993782043457
gehring_L2_celltype,OVL,AT5G66880,45,3.9444875717163086,1.3167042115518902e-09,6.995263576507568
gehring_L2_celltype,OVL,AT1G72260,46,1.9002323150634766,2.3649749764586775e-09,6.90970516204834
gehring_L2_celltype,OVL,AT4G05631,47,1.525988221168518,3.3340576556607415e-09,6.85787296295166
gehring_L2_celltype,OVL,AT2G33150,48,2.4611074924468994,9.982078167608962e-09,6.696459770202637
gehring_L2_celltype,OVL,AT5G47370,49,3.714517593383789,1.3657092020820001e-08,6.6475629806518555
gehring_L2_celltype,OVL,AT1G26560,50,2.318126916885376,1.3836297930129886e-08,6.642782688140869
gehring_L2_celltype,PEN,AT1G11070,1,5.579934120178223,0.0,88.5425033569336
gehring_L2_celltype,PEN,AT2G22660,2,3.3456039428710938,0.0,79.30594635009766
gehring_L2_celltype,PEN,AT3G54320,3,3.662890672683716,0.0,74.14997100830078
gehring_L2_celltype,PEN,AT1G55810,4,3.507200241088867,0.0,74.12540435791016
gehring_L2_celltype,PEN,AT4G28365,5,4.2885236740112305,0.0,73.14363861083984
gehring_L2_celltype,PEN,AT1G78760,6,4.607685089111328,0.0,70.98281860351562
gehring_L2_celltype,PEN,AT5G63700,7,3.415085792541504,0.0,67.4594955444336
gehring_L2_celltype,PEN,AT2G02100,8,3.263587474822998,0.0,67.01058959960938
gehring_L2_celltype,PEN,AT5G50090,9,4.918162822723389,0.0,65.70635223388672
gehring_L2_celltype,PEN,AT3G51740,10,6.031569480895996,0.0,65.06269073486328
gehring_L2_celltype,PEN,AT1G56170,11,3.0470058917999268,0.0,64.58139038085938
gehring_L2_celltype,PEN,AT3G14205,12,3.0463790893554688,0.0,63.47169494628906
gehring_L2_celltype,PEN,AT5G07260,13,4.192061901092529,0.0,62.3739013671875
gehring_L2_celltype,PEN,AT1G15290,14,2.8890113830566406,0.0,61.600399017333984
gehring_L2_celltype,PEN,AT5G07200,15,3.3565118312835693,0.0,59.581756591796875
gehring_L2_celltype,PEN,AT2G35880,16,3.55881667137146,0.0,58.7912483215332
gehring_L2_celltype,PEN,AT2G32370,17,5.023444175720215,0.0,58.402801513671875
gehring_L2_celltype,PEN,AT1G78520,18,4.814628601074219,0.0,58.090816497802734
gehring_L2_celltype,PEN,AT1G77580,19,3.6147263050079346,0.0,57.55146408081055
gehring_L2_celltype,PEN,AT4G33270,20,4.419457912445068,0.0,56.46406173706055
gehring_L2_celltype,PEN,AT1G67090,21,2.2132105827331543,0.0,56.03078079223633
gehring_L2_celltype,PEN,AT1G04380,22,3.588686227798462,0.0,55.95059585571289
gehring_L2_celltype,PEN,AT4G33330,23,4.593932628631592,0.0,55.6519775390625
gehring_L2_celltype,PEN,AT4G14140,24,3.9118845462799072,0.0,55.5124626159668
gehring_L2_celltype,PEN,AT3G48300,25,3.454240083694458,0.0,55.138885498046875
gehring_L2_celltype,PEN,AT3G26744,26,2.717475652694702,0.0,55.069244384765625
gehring_L2_celltype,PEN,AT4G35730,27,4.6843581199646,0.0,55.02418518066406
gehring_L2_celltype,PEN,AT1G01320,28,2.7207720279693604,0.0,54.65420150756836
gehring_L2_celltype,PEN,AT2G32440,29,4.53983211517334,0.0,54.61482620239258
gehring_L2_celltype,PEN,AT5G63530,30,2.585019826889038,0.0,54.083274841308594
gehring_L2_celltype,PEN,AT5G52330,31,3.6567864418029785,0.0,53.42697525024414
gehring_L2_celltype,PEN,AT2G16586,32,1.8948493003845215,0.0,52.739688873291016
gehring_L2_celltype,PEN,AT3G27785,33,3.7328855991363525,0.0,52.69933319091797
gehring_L2_celltype,PEN,AT4G02020,34,2.427083969116211,0.0,52.54148864746094
gehring_L2_celltype,PEN,AT4G18020,35,2.74429988861084,0.0,51.93666076660156
gehring_L2_celltype,PEN,AT1G15150,36,3.835294008255005,0.0,51.38668441772461
gehring_L2_celltype,PEN,AT3G06355,37,0.814954936504364,0.0,51.13318634033203
gehring_L2_celltype,PEN,AT3G23090,38,3.3448143005371094,0.0,51.024375915527344
gehring_L2_celltype,PEN,AT5G17800,39,4.506617546081543,0.0,50.862396240234375
gehring_L2_celltype,PEN,AT5G66570,40,2.3348922729492188,0.0,50.113983154296875
gehring_L2_celltype,PEN,AT3G16770,41,2.2685368061065674,0.0,49.96932601928711
gehring_L2_celltype,PEN,AT4G21430,42,2.612449884414673,0.0,49.68831253051758
gehring_L2_celltype,PEN,AT4G31840,43,4.431238174438477,0.0,49.04940414428711
gehring_L2_celltype,PEN,AT1G12080,44,3.2056736946105957,0.0,48.97079086303711
gehring_L2_celltype,PEN,AT1G77590,45,2.293064594268799,0.0,48.89188003540039
gehring_L2_celltype,PEN,AT5G11530,46,2.43757963180542,0.0,48.10506057739258
gehring_L2_celltype,PEN,AT1G03470,47,4.524680137634277,0.0,47.8875732421875
gehring_L2_celltype,PEN,AT4G28080,48,2.5842392444610596,0.0,47.333831787109375
gehring_L2_celltype,PEN,AT1G30690,49,3.2564101219177246,0.0,47.31201934814453
gehring_L2_celltype,PEN,AT3G56320,50,3.1871306896209717,0.0,47.16962432861328
gehring_L2_celltype,ii1,AT1G61720,1,6.560014247894287,0.0,93.85002136230469
gehring_L2_celltype,ii1,AT1G56100,2,6.336569309234619,0.0,92.84371948242188
gehring_L2_celltype,ii1,AT1G62333,3,4.8113861083984375,0.0,87.2578125
gehring_L2_celltype,ii1,AT2G17710,4,5.410717964172363,0.0,86.6512451171875
gehring_L2_celltype,ii1,AT2G38900,5,5.166920185089111,0.0,85.8271484375
gehring_L2_celltype,ii1,AT5G17220,6,6.3755879402160645,0.0,84.72127532958984
gehring_L2_celltype,ii1,AT4G22880,7,5.824972152709961,0.0,84.58311462402344
gehring_L2_celltype,ii1,AT5G42800,8,5.435919284820557,0.0,84.2511978149414
gehring_L2_celltype,ii1,AT3G08770,9,4.729060649871826,0.0,80.7947998046875
gehring_L2_celltype,ii1,AT2G47895,10,4.932140827178955,0.0,79.07967376708984
gehring_L2_celltype,ii1,AT3G13530,11,5.082723140716553,0.0,78.611328125
gehring_L2_celltype,ii1,AT5G05270,12,4.028625965118408,0.0,77.92105865478516
gehring_L2_celltype,ii1,AT5G13930,13,3.327699661254883,0.0,75.68262481689453
gehring_L2_celltype,ii1,AT5G48880,14,4.361830234527588,0.0,73.52320098876953
gehring_L2_celltype,ii1,AT2G23910,15,4.530040740966797,0.0,72.8763656616211
gehring_L2_celltype,ii1,AT2G14900,16,4.8689656257629395,0.0,69.75747680664062
gehring_L2_celltype,ii1,AT3G49780,17,4.2351884841918945,0.0,69.22223663330078
gehring_L2_celltype,ii1,AT1G06550,18,3.7434020042419434,0.0,68.98170471191406
gehring_L2_celltype,ii1,AT4G15750,19,4.437196731567383,0.0,67.44059753417969
gehring_L2_celltype,ii1,AT3G51240,20,3.2990529537200928,0.0,67.41419982910156
gehring_L2_celltype,ii1,AT5G39130,21,3.740987539291382,0.0,65.75032043457031
gehring_L2_celltype,ii1,AT4G24130,22,3.5886332988739014,0.0,64.22978210449219
gehring_L2_celltype,ii1,AT1G02930,23,4.144033908843994,0.0,63.31951904296875
gehring_L2_celltype,ii1,AT3G49270,24,4.872015476226807,0.0,62.324989318847656
gehring_L2_celltype,ii1,AT5G47350,25,4.592493057250977,0.0,61.23759460449219
gehring_L2_celltype,ii1,AT5G51950,26,4.668741703033447,0.0,60.322547912597656
gehring_L2_celltype,ii1,AT4G30470,27,4.181914806365967,0.0,60.18017578125
gehring_L2_celltype,ii1,AT4G09820,28,4.234106540679932,0.0,59.62486267089844
gehring_L2_celltype,ii1,AT1G32170,29,4.495506286621094,0.0,57.995059967041016
gehring_L2_celltype,ii1,AT5G57630,30,5.265081882476807,0.0,57.40650177001953
gehring_L2_celltype,ii1,AT2G21430,31,5.060179710388184,0.0,57.22370147705078
gehring_L2_celltype,ii1,AT2G30490,32,3.470376968383789,0.0,57.17507553100586
gehring_L2_celltype,ii1,AT1G65060,33,3.591644287109375,0.0,55.672061920166016
gehring_L2_celltype,ii1,AT3G23460,34,5.297196388244629,0.0,55.465118408203125
gehring_L2_celltype,ii1,AT3G49050,35,3.5575127601623535,0.0,53.53947067260742
gehring_L2_celltype,ii1,AT3G59030,36,6.088255882263184,0.0,53.477386474609375
gehring_L2_celltype,ii1,AT1G45130,37,3.044926404953003,0.0,53.1949462890625
gehring_L2_celltype,ii1,AT2G31360,38,3.8392527103424072,0.0,53.0217399597168
gehring_L2_celltype,ii1,AT4G26420,39,3.4225857257843018,0.0,52.27792739868164
gehring_L2_celltype,ii1,AT2G26250,40,2.872884511947632,0.0,50.678985595703125
gehring_L2_celltype,ii1,AT4G00360,41,3.937335968017578,0.0,49.83732223510742
gehring_L2_celltype,ii1,AT5G07990,42,2.4120707511901855,0.0,49.27077865600586
gehring_L2_celltype,ii1,AT1G29660,43,5.125439643859863,0.0,49.05144119262695
gehring_L2_celltype,ii1,AT5G10180,44,4.348214149475098,0.0,48.65456008911133
gehring_L2_celltype,ii1,AT3G55120,45,2.5311717987060547,0.0,48.59775924682617
gehring_L2_celltype,ii1,AT1G21440,46,3.248994827270508,0.0,48.36663055419922
gehring_L2_celltype,ii1,AT3G58780,47,2.2665486335754395,0.0,48.06455993652344
gehring_L2_celltype,ii1,AT3G23600,48,2.771355390548706,0.0,47.819854736328125
gehring_L2_celltype,ii1,AT5G25610,49,3.562730073928833,0.0,47.81753158569336
gehring_L2_celltype,ii1,AT4G12460,50,2.753563642501831,0.0,47.767723083496094
gehring_L2_celltype,ii1',AT3G20210,1,5.757571220397949,0.0,58.64041519165039
gehring_L2_celltype,ii1',AT1G76160,2,6.12662410736084,0.0,56.774818420410156
gehring_L2_celltype,ii1',AT3G45970,3,5.379140377044678,0.0,56.22799301147461
gehring_L2_celltype,ii1',AT4G12910,4,5.756653308868408,0.0,55.58969497680664
gehring_L2_celltype,ii1',AT5G33290,5,5.5269598960876465,0.0,53.73517608642578
gehring_L2_celltype,ii1',AT4G20260,6,5.579017162322998,0.0,52.332763671875
gehring_L2_celltype,ii1',AT3G57240,7,6.487032890319824,0.0,51.73981857299805
gehring_L2_celltype,ii1',AT4G09030,8,4.491275787353516,0.0,49.88401412963867
gehring_L2_celltype,ii1',AT3G26440,9,5.412578105926514,0.0,48.887359619140625
gehring_L2_celltype,ii1',AT1G21460,10,5.495565891265869,0.0,48.624691009521484
gehring_L2_celltype,ii1',AT2G37460,11,5.498234272003174,0.0,45.746070861816406
gehring_L2_celltype,ii1',AT5G55250,12,4.478927135467529,0.0,45.20912170410156
gehring_L2_celltype,ii1',AT2G46370,13,5.447822093963623,0.0,45.1615104675293
gehring_L2_celltype,ii1',AT5G15740,14,4.874643325805664,0.0,43.80050277709961
gehring_L2_celltype,ii1',AT3G13750,15,4.407328128814697,0.0,43.47919845581055
gehring_L2_celltype,ii1',AT1G71960,16,4.937584400177002,0.0,42.7308349609375
gehring_L2_celltype,ii1',AT1G53100,17,4.946530342102051,0.0,40.31684494018555
gehring_L2_celltype,ii1',AT4G12290,18,3.9617574214935303,0.0,39.06781768798828
gehring_L2_celltype,ii1',AT1G09790,19,4.578724384307861,0.0,38.9598388671875
gehring_L2_celltype,ii1',AT3G28960,20,4.5619215965271,0.0,38.78650665283203
gehring_L2_celltype,ii1',AT3G24840,21,3.6453802585601807,0.0,38.03499221801758
gehring_L2_celltype,ii1',AT4G13345,22,4.787677764892578,0.0,38.00876235961914
gehring_L2_celltype,ii1',AT4G39350,23,3.6078922748565674,3.1353605473220214e-307,37.65155792236328
gehring_L2_celltype,ii1',AT4G00220,24,3.6100997924804688,2.6590164370112556e-284,36.222129821777344
gehring_L2_celltype,ii1',AT4G01430,25,4.322598457336426,1.755323755870923e-281,36.04145050048828
gehring_L2_celltype,ii1',AT1G24010,26,5.027377605438232,2.989098519975902e-262,34.79102325439453
gehring_L2_celltype,ii1',AT2G02990,27,4.803636074066162,4.8954610240129526e-259,34.576725006103516
gehring_L2_celltype,ii1',AT1G68560,28,4.161407470703125,2.383236078725443e-256,34.396392822265625
gehring_L2_celltype,ii1',AT4G16563,29,3.1553359031677246,3.700775639183397e-255,34.315608978271484
gehring_L2_celltype,ii1',AT5G26120,30,6.288256645202637,9.00704358781042e-253,34.154258728027344
gehring_L2_celltype,ii1',AT3G15510,31,2.7405972480773926,9.949004561590351e-249,33.87984848022461
gehring_L2_celltype,ii1',AT2G33860,32,4.566628932952881,5.340184318517182e-242,33.41880416870117
gehring_L2_celltype,ii1',AT2G28650,33,3.1822962760925293,7.68405373631749e-242,33.40700149536133
gehring_L2_celltype,ii1',AT1G11590,34,5.2857441902160645,6.651657830296757e-239,33.20321273803711
gehring_L2_celltype,ii1',AT1G14970,35,3.112327814102173,4.265903740978468e-234,32.867584228515625
gehring_L2_celltype,ii1',AT5G42250,36,5.6075239181518555,4.71411920247186e-229,32.511810302734375
gehring_L2_celltype,ii1',AT1G16705,37,2.671760082244873,5.760351941686224e-225,32.220481872558594
gehring_L2_celltype,ii1',AT4G37310,38,3.5727598667144775,4.545369911602587e-218,31.723411560058594
gehring_L2_celltype,ii1',AT2G01850,39,2.231363296508789,1.9010813291378873e-216,31.604799270629883
gehring_L2_celltype,ii1',AT1G56010,40,5.3957061767578125,3.1335987713770256e-207,30.925878524780273
gehring_L2_celltype,ii1',AT5G20700,41,2.4882988929748535,3.2486131051616476e-203,30.62494659423828
gehring_L2_celltype,ii1',AT2G39010,42,5.284764289855957,2.1175708157310686e-201,30.487600326538086
gehring_L2_celltype,ii1',AT2G47240,43,2.6361074447631836,3.188406763251921e-201,30.47341537475586
gehring_L2_celltype,ii1',AT2G41700,44,3.356630325317383,4.934484208713847e-200,30.382732391357422
gehring_L2_celltype,ii1',AT1G17620,45,3.270615339279175,7.867250928345043e-199,30.290815353393555
gehring_L2_celltype,ii1',AT4G03930,46,4.7154436111450195,1.2375484522056303e-196,30.122817993164062
gehring_L2_celltype,ii1',AT5G39220,47,2.4342994689941406,1.6890637205764793e-196,30.11178970336914
gehring_L2_celltype,ii1',AT2G29940,48,5.2329912185668945,6.716223609791358e-196,30.065263748168945
gehring_L2_celltype,ii1',AT4G03210,49,3.823937177658081,3.919165278805433e-193,29.852216720581055
gehring_L2_celltype,ii1',AT5G06530,50,4.66959285736084,1.609332312598202e-184,29.180360794067383
gehring_L2_celltype,ii2,AT3G20210,1,6.402637004852295,0.0,78.4295883178711
gehring_L2_celltype,ii2,AT4G21640,2,9.099349021911621,0.0,72.84429931640625
gehring_L2_celltype,ii2,AT5G49180,3,4.228609085083008,0.0,68.41963958740234
gehring_L2_celltype,ii2,AT1G14970,4,5.387673377990723,0.0,66.2385025024414
gehring_L2_celltype,ii2,AT2G22620,5,3.8562793731689453,0.0,62.64390563964844
gehring_L2_celltype,ii2,AT4G09030,6,4.543705463409424,0.0,62.27365493774414
gehring_L2_celltype,ii2,AT1G05260,7,5.151066303253174,0.0,59.129730224609375
gehring_L2_celltype,ii2,AT2G27920,8,4.10056209564209,0.0,59.051422119140625
gehring_L2_celltype,ii2,AT5G42235,9,3.2449734210968018,0.0,53.96469497680664
gehring_L2_celltype,ii2,AT3G23560,10,6.677019119262695,0.0,53.741329193115234
gehring_L2_celltype,ii2,AT1G43640,11,2.91963529586792,0.0,51.38096237182617
gehring_L2_celltype,ii2,AT5G56300,12,4.0470051765441895,0.0,50.82865905761719
gehring_L2_celltype,ii2,AT4G37520,13,3.5274910926818848,0.0,50.69893264770508
gehring_L2_celltype,ii2,AT3G60160,14,3.9266726970672607,0.0,49.9292106628418
gehring_L2_celltype,ii2,AT5G67360,15,2.651137113571167,0.0,48.66126251220703
gehring_L2_celltype,ii2,AT1G73680,16,3.5106050968170166,0.0,47.773616790771484
gehring_L2_celltype,ii2,AT3G02470,17,2.0115997791290283,0.0,46.21057891845703
gehring_L2_celltype,ii2,AT4G09960,18,2.7278568744659424,0.0,45.89690399169922
gehring_L2_celltype,ii2,AT1G09790,19,4.733358860015869,0.0,45.30028533935547
gehring_L2_celltype,ii2,AT5G13670,20,2.763913869857788,0.0,45.04658889770508
gehring_L2_celltype,ii2,AT2G02000,21,7.026905059814453,0.0,44.16416549682617
gehring_L2_celltype,ii2,AT2G44670,22,3.103940963745117,0.0,44.08754348754883
gehring_L2_celltype,ii2,AT2G46960,23,3.334322452545166,0.0,43.55016326904297
gehring_L2_celltype,ii2,AT5G42240,24,2.7805027961730957,0.0,43.468727111816406
gehring_L2_celltype,ii2,AT3G10985,25,2.8040835857391357,0.0,42.64675521850586
gehring_L2_celltype,ii2,AT5G12170,26,2.7867236137390137,0.0,42.41791534423828
gehring_L2_celltype,ii2,AT5G27360,27,2.395871877670288,0.0,42.067684173583984
gehring_L2_celltype,ii2,AT5G66170,28,3.065786838531494,0.0,41.58329391479492
gehring_L2_celltype,ii2,AT3G18170,29,5.51556921005249,0.0,40.527957916259766
gehring_L2_celltype,ii2,AT1G35780,30,3.556097984313965,0.0,40.40837097167969
gehring_L2_celltype,ii2,AT1G61890,31,2.4543561935424805,0.0,39.90213394165039
gehring_L2_celltype,ii2,AT3G30775,32,2.176405906677246,0.0,39.245906829833984
gehring_L2_celltype,ii2,AT4G16130,33,3.1777007579803467,0.0,37.97132110595703
gehring_L2_celltype,ii2,AT4G26420,34,2.889336585998535,6.664337452074235e-302,37.31410217285156
gehring_L2_celltype,ii2,AT4G20260,35,3.6659700870513916,1.6535953721158217e-294,36.854515075683594
gehring_L2_celltype,ii2,AT5G08260,36,2.452258825302124,6.599194160961254e-294,36.81620407104492
gehring_L2_celltype,ii2,AT4G24150,37,5.038791656494141,1.6863506935690897e-293,36.78998565673828
gehring_L2_celltype,ii2,AT1G63090,38,3.023483991622925,1.5637215137636822e-291,36.66602325439453
gehring_L2_celltype,ii2,AT2G25540,39,2.171616554260254,6.545761606490907e-291,36.62627410888672
gehring_L2_celltype,ii2,AT1G63690,40,2.332120656967163,7.004434959054143e-285,36.24483108520508
gehring_L2_celltype,ii2,AT2G19570,41,2.189507484436035,6.492313999280502e-273,35.47634506225586
gehring_L2_celltype,ii2,AT2G03810,42,2.4130561351776123,4.181394523750939e-270,35.29302215576172
gehring_L2_celltype,ii2,AT4G39350,43,2.851705551147461,2.232970701963088e-267,35.114097595214844
gehring_L2_celltype,ii2,AT2G01850,44,1.9883311986923218,1.0973590890222889e-266,35.06810760498047
gehring_L2_celltype,ii2,AT1G78080,45,1.831985592842102,2.1272226384213012e-266,35.04859924316406
gehring_L2_celltype,ii2,AT5G03760,46,3.426711082458496,3.4718271506591165e-265,34.9682731628418
gehring_L2_celltype,ii2,AT1G30835,47,3.068796396255493,2.1510110244362388e-263,34.84954833984375
gehring_L2_celltype,ii2,AT1G07750,48,2.825064182281494,2.340240062997182e-257,34.44811248779297
gehring_L2_celltype,ii2,AT3G21070,49,3.366825819015503,2.6481466344936512e-244,33.564395904541016
gehring_L2_celltype,ii2,AT5G03380,50,2.0902392864227295,2.437615518635806e-241,33.360015869140625
gehring_L2_celltype,oi1,AT2G46960,1,4.670461177825928,0.0,137.58486938476562
gehring_L2_celltype,oi1,AT2G38170,2,4.714727878570557,0.0,136.252685546875
gehring_L2_celltype,oi1,AT4G12960,3,4.5226922035217285,0.0,123.45540618896484
gehring_L2_celltype,oi1,AT1G73600,4,4.317999362945557,0.0,120.13690948486328
gehring_L2_celltype,oi1,AT3G62610,5,6.030419826507568,0.0,115.8825912475586
gehring_L2_celltype,oi1,AT4G25640,6,4.649507999420166,0.0,115.13478088378906
gehring_L2_celltype,oi1,AT5G07990,7,3.5458455085754395,0.0,113.01762390136719
gehring_L2_celltype,oi1,AT3G21500,8,5.3483757972717285,0.0,107.96527862548828
gehring_L2_celltype,oi1,AT1G27080,9,3.681084156036377,0.0,107.9651107788086
gehring_L2_celltype,oi1,AT4G26590,10,3.2701575756073,0.0,105.11244201660156
gehring_L2_celltype,oi1,AT5G42235,11,3.250883102416992,0.0,104.88548278808594
gehring_L2_celltype,oi1,AT5G27380,12,3.172473430633545,0.0,102.76509857177734
gehring_L2_celltype,oi1,AT1G14520,13,2.8201494216918945,0.0,97.16695404052734
gehring_L2_celltype,oi1,AT2G23790,14,2.7871460914611816,0.0,95.73348999023438
gehring_L2_celltype,oi1,AT5G39220,15,3.7384135723114014,0.0,95.62699890136719
gehring_L2_celltype,oi1,AT4G34138,16,3.9233593940734863,0.0,95.27587890625
gehring_L2_celltype,oi1,AT1G30530,17,3.2750608921051025,0.0,91.35165405273438
gehring_L2_celltype,oi1,AT2G02080,18,3.3870866298675537,0.0,90.5667953491211
gehring_L2_celltype,oi1,AT5G42240,19,3.115518808364868,0.0,89.76654052734375
gehring_L2_celltype,oi1,AT4G36520,20,2.3479933738708496,0.0,88.99703216552734
gehring_L2_celltype,oi1,AT5G21105,21,3.0528199672698975,0.0,86.21286010742188
gehring_L2_celltype,oi1,AT1G65370,22,2.1360151767730713,0.0,85.33181762695312
gehring_L2_celltype,oi1,AT4G15210,23,2.769097328186035,0.0,84.6586685180664
gehring_L2_celltype,oi1,AT4G00870,24,3.9735655784606934,0.0,84.5279769897461
gehring_L2_celltype,oi1,AT4G36360,25,3.5398972034454346,0.0,84.49397277832031
gehring_L2_celltype,oi1,AT1G05490,26,2.317058563232422,0.0,81.65899658203125
gehring_L2_celltype,oi1,AT4G10060,27,3.1990389823913574,0.0,80.8420181274414
gehring_L2_celltype,oi1,AT5G24910,28,3.9425556659698486,0.0,79.13493347167969
gehring_L2_celltype,oi1,AT4G30110,29,2.4055604934692383,0.0,78.49534606933594
gehring_L2_celltype,oi1,AT1G73390,30,3.2430002689361572,0.0,77.16757202148438
gehring_L2_celltype,oi1,AT5G62210,31,3.3325562477111816,0.0,77.02933502197266
gehring_L2_celltype,oi1,AT4G16380,32,3.208159923553467,0.0,76.3055419921875
gehring_L2_celltype,oi1,AT3G54140,33,4.347919464111328,0.0,75.95628356933594
gehring_L2_celltype,oi1,AT4G12870,34,2.571246862411499,0.0,75.90168762207031
gehring_L2_celltype,oi1,AT2G40820,35,2.8125064373016357,0.0,75.6308364868164
gehring_L2_celltype,oi1,AT1G34580,36,2.747222423553467,0.0,75.17143249511719
gehring_L2_celltype,oi1,AT1G16750,37,4.66603946685791,0.0,72.8152847290039
gehring_L2_celltype,oi1,AT2G22620,38,2.4189505577087402,0.0,72.78825378417969
gehring_L2_celltype,oi1,AT5G49180,39,2.232300281524658,0.0,72.24845886230469
gehring_L2_celltype,oi1,AT2G37080,40,2.442164659500122,0.0,71.06690216064453
gehring_L2_celltype,oi1,AT4G18570,41,3.2821013927459717,0.0,70.74736022949219
gehring_L2_celltype,oi1,AT4G32500,42,3.775968313217163,0.0,68.65157318115234
gehring_L2_celltype,oi1,AT5G64900,43,2.6143252849578857,0.0,68.51611328125
gehring_L2_celltype,oi1,AT5G22020,44,2.855300188064575,0.0,67.52567291259766
gehring_L2_celltype,oi1,AT4G24040,45,2.5431461334228516,0.0,67.01832580566406
gehring_L2_celltype,oi1,AT1G02300,46,2.6257448196411133,0.0,66.55732727050781
gehring_L2_celltype,oi1,AT1G16390,47,4.056697845458984,0.0,64.90809631347656
gehring_L2_celltype,oi1,AT5G45650,48,4.137491703033447,0.0,64.72057342529297
gehring_L2_celltype,oi1,AT1G12330,49,2.4984242916107178,0.0,64.44454193115234
gehring_L2_celltype,oi1,AT5G05270,50,2.1069693565368652,0.0,63.8680305480957
gehring_L2_celltype,oi2,AT5G59320,1,5.125385761260986,0.0,102.09425354003906
gehring_L2_celltype,oi2,AT5G45670,2,5.425867557525635,0.0,93.99193572998047
gehring_L2_celltype,oi2,AT2G38540,3,4.382971286773682,0.0,87.8780288696289
gehring_L2_celltype,oi2,AT4G15210,4,3.6049039363861084,0.0,83.62548828125
gehring_L2_celltype,oi2,AT1G55260,5,5.464661121368408,0.0,83.32984924316406
gehring_L2_celltype,oi2,AT3G20470,6,3.396078586578369,0.0,80.04104614257812
gehring_L2_celltype,oi2,AT4G33220,7,4.472799777984619,0.0,77.94169616699219
gehring_L2_celltype,oi2,AT1G05230,8,4.771724700927734,0.0,77.91738891601562
gehring_L2_celltype,oi2,AT4G25830,9,3.8321750164031982,0.0,77.25707244873047
gehring_L2_celltype,oi2,AT1G17200,10,4.358674049377441,0.0,76.4317626953125
gehring_L2_celltype,oi2,AT3G23450,11,3.4601898193359375,0.0,74.43310546875
gehring_L2_celltype,oi2,AT3G08770,12,3.293520927429199,0.0,73.42807006835938
gehring_L2_celltype,oi2,AT4G21750,13,3.9240920543670654,0.0,72.71475219726562
gehring_L2_celltype,oi2,AT1G14520,14,2.7654073238372803,0.0,72.67269134521484
gehring_L2_celltype,oi2,AT3G58780,15,2.9826481342315674,0.0,72.26351928710938
gehring_L2_celltype,oi2,AT2G01520,16,4.63289737701416,0.0,72.14959716796875
gehring_L2_celltype,oi2,AT4G13840,17,3.833911418914795,0.0,70.08535766601562
gehring_L2_celltype,oi2,AT2G26250,18,3.2119996547698975,0.0,69.43331909179688
gehring_L2_celltype,oi2,AT3G54340,19,3.377654552459717,0.0,68.0393295288086
gehring_L2_celltype,oi2,AT3G13530,20,3.404308795928955,0.0,65.84471130371094
gehring_L2_celltype,oi2,AT5G67620,21,4.475147247314453,0.0,65.40174865722656
gehring_L2_celltype,oi2,AT2G01850,22,2.4178857803344727,0.0,64.78492736816406
gehring_L2_celltype,oi2,AT4G39330,23,3.7894885540008545,0.0,62.215728759765625
gehring_L2_celltype,oi2,AT1G17840,24,3.5089309215545654,0.0,61.288238525390625
gehring_L2_celltype,oi2,AT1G79840,25,4.252091407775879,0.0,61.24898147583008
gehring_L2_celltype,oi2,AT4G19380,26,4.98864221572876,0.0,61.087215423583984
gehring_L2_celltype,oi2,AT1G51460,27,4.728144645690918,0.0,59.606876373291016
gehring_L2_celltype,oi2,AT3G16370,28,3.283447027206421,0.0,58.84056091308594
gehring_L2_celltype,oi2,AT1G60940,29,2.7423808574676514,0.0,58.552406311035156
gehring_L2_celltype,oi2,AT1G72970,30,3.5371592044830322,0.0,58.428611755371094
gehring_L2_celltype,oi2,AT3G50660,31,3.4210546016693115,0.0,57.97296905517578
gehring_L2_celltype,oi2,AT1G75900,32,4.096164703369141,0.0,57.3333625793457
gehring_L2_celltype,oi2,AT4G15200,33,3.167677640914917,0.0,57.048980712890625
gehring_L2_celltype,oi2,AT5G23940,34,3.8076510429382324,0.0,54.98265838623047
gehring_L2_celltype,oi2,AT4G33180,35,3.2667109966278076,0.0,54.71832275390625
gehring_L2_celltype,oi2,AT1G04220,36,4.893208026885986,0.0,53.778038024902344
gehring_L2_celltype,oi2,AT3G52840,37,2.5632593631744385,0.0,53.63003921508789
gehring_L2_celltype,oi2,AT1G62480,38,2.3778579235076904,0.0,53.004886627197266
gehring_L2_celltype,oi2,AT1G72260,39,2.6772425174713135,0.0,52.997806549072266
gehring_L2_celltype,oi2,AT5G51750,40,3.816760301589966,0.0,52.92914581298828
gehring_L2_celltype,oi2,AT5G24420,41,3.2433927059173584,0.0,52.9288444519043
gehring_L2_celltype,oi2,AT1G76890,42,2.853081703186035,0.0,52.287086486816406
gehring_L2_celltype,oi2,AT2G37300,43,4.379680633544922,0.0,51.54866409301758
gehring_L2_celltype,oi2,AT3G18490,44,1.84336519241333,0.0,51.38243103027344
gehring_L2_celltype,oi2,AT3G23820,45,3.672498941421509,0.0,50.83880615234375
gehring_L2_celltype,oi2,AT2G42830,46,2.2306888103485107,0.0,49.89772033691406
gehring_L2_celltype,oi2,AT1G06520,47,3.658599853515625,0.0,49.85211944580078
gehring_L2_celltype,oi2,AT1G17420,48,3.8628556728363037,0.0,49.668087005615234
gehring_L2_celltype,oi2,AT1G51500,49,2.6969363689422607,0.0,49.207008361816406
gehring_L2_celltype,oi2,AT4G09820,50,3.213552713394165,0.0,49.10622787475586
gehring_L3_state,1. EMB up proto,AT5G60390,1,3.369462728500366,4.5969349088273606e-10,7.652787685394287
gehring_L3_state,1. EMB up proto,AT3G24250,2,7.862483501434326,7.965024459949151e-08,6.861475467681885
gehring_L3_state,1. EMB up proto,AT4G15750,3,3.9186365604400635,4.628617096993356e-07,6.545221328735352
gehring_L3_state,1. EMB up proto,AT5G15200,4,3.1254703998565674,7.638480993151868e-07,6.426334381103516
gehring_L3_state,1. EMB up proto,AT2G18020,5,3.0356194972991943,1.3323841927432077e-06,6.306718349456787
gehring_L3_state,1. EMB up proto,AT2G01250,6,2.804750919342041,9.627118340427192e-06,5.959293842315674
gehring_L3_state,1. EMB up proto,AT5G02500,7,3.39498233795166,9.627118340427192e-06,5.938118934631348
gehring_L3_state,1. EMB up proto,AT5G47210,8,2.831547260284424,3.093541473167389e-05,5.7020487785339355
gehring_L3_state,1. EMB up proto,AT4G39200,9,2.9388904571533203,3.093541473167389e-05,5.6830034255981445
gehring_L3_state,1. EMB up proto,ATMG00020,10,1.6083709001541138,5.875913855117604e-05,5.555685043334961
gehring_L3_state,1. EMB up proto,AT1G56070,11,2.6656322479248047,0.00010482957644950302,5.4382100105285645
gehring_L3_state,1. EMB up proto,AT1G52300,12,2.957252025604248,0.00010488890072177683,5.423826694488525
gehring_L3_state,1. EMB up proto,AT3G08770,13,3.4253463745117188,0.00012102889381691983,5.372957706451416
gehring_L3_state,1. EMB up proto,AT5G02490,14,3.1231486797332764,0.00012102889381691983,5.372461795806885
gehring_L3_state,1. EMB up proto,AT2G16600,15,3.0112438201904297,0.0001218846964757282,5.359543323516846
gehring_L3_state,1. EMB up proto,AT1G02780,16,2.5356855392456055,0.0001699715360501041,5.288059234619141
gehring_L3_state,1. EMB up proto,ATMG00090,17,2.86558198928833,0.0001915564813186168,5.255634307861328
gehring_L3_state,1. EMB up proto,AT3G04400,18,2.7885825634002686,0.00020588328328407891,5.223997592926025
gehring_L3_state,1. EMB up proto,AT1G09690,19,2.739584445953369,0.00020588328328407891,5.222877025604248
gehring_L3_state,1. EMB up proto,AT2G27710,20,2.569916009902954,0.00027571676539172896,5.159421920776367
gehring_L3_state,1. EMB up proto,AT5G18380,21,2.7821497917175293,0.0003226130095052559,5.12116813659668
gehring_L3_state,1. EMB up proto,AT1G04270,22,2.8357858657836914,0.0004101482771627716,5.059422969818115
gehring_L3_state,1. EMB up proto,AT4G13940,23,2.4990687370300293,0.0004101482771627716,5.05914831161499
gehring_L3_state,1. EMB up proto,AT3G52590,24,2.6063625812530518,0.000560887989564405,4.988767147064209
gehring_L3_state,1. EMB up proto,AT5G59320,25,2.925522804260254,0.000560887989564405,4.983667850494385
gehring_L3_state,1. EMB up proto,AT2G47895,26,3.0905020236968994,0.0006183173574849809,4.950379371643066
gehring_L3_state,1. EMB up proto,AT1G07940,27,2.6527814865112305,0.0008166045017567924,4.889065742492676
gehring_L3_state,1. EMB up proto,AT5G13930,28,2.3364675045013428,0.001505844884777971,4.7603349685668945
gehring_L3_state,1. EMB up proto,ATCG01130,29,2.3481967449188232,0.0016385178618859258,4.736621856689453
gehring_L3_state,1. EMB up proto,AT3G06700,30,2.732322931289673,0.001942941703909243,4.695467948913574
gehring_L3_state,1. EMB up proto,AT2G42840,31,4.755749702453613,0.0019810158529970675,4.6814117431640625
gehring_L3_state,1. EMB up proto,AT4G27090,32,2.2462949752807617,0.0019810158529970675,4.679083347320557
gehring_L3_state,1. EMB up proto,AT3G62250,33,2.613584280014038,0.0020293159068900347,4.664735317230225
gehring_L3_state,1. EMB up proto,AT2G37270,34,2.9619407653808594,0.0020293159068900347,4.662395477294922
gehring_L3_state,1. EMB up proto,AT5G39740,35,2.540395498275757,0.00203590236481102,4.656087875366211
gehring_L3_state,1. EMB up proto,AT3G20470,36,2.508143901824951,0.0026155201342144795,4.593636512756348
gehring_L3_state,1. EMB up proto,AT2G34480,37,2.316934108734131,0.0026155201342144795,4.593245506286621
gehring_L3_state,1. EMB up proto,ATMG01390,38,2.6008481979370117,0.003967968091846198,4.500154972076416
gehring_L3_state,1. EMB up proto,AT3G60245,39,2.0704402923583984,0.004539098516870688,4.461043357849121
gehring_L3_state,1. EMB up proto,AT1G13710,40,7.840335369110107,0.00608257911809016,4.39280366897583
gehring_L3_state,1. EMB up proto,AT5G02960,41,2.3066658973693848,0.0063967262685416665,4.374464511871338
gehring_L3_state,1. EMB up proto,AT1G07930,42,2.602386713027954,0.0063967262685416665,4.365694522857666
gehring_L3_state,1. EMB up proto,AT3G09200,43,2.4185757637023926,0.0063967262685416665,4.362432479858398
gehring_L3_state,1. EMB up proto,AT5G20290,44,2.0678517818450928,0.007766851416069056,4.315146446228027
gehring_L3_state,1. EMB up proto,AT1G23290,45,2.656857490539551,0.00997754190057158,4.254877090454102
gehring_L3_state,1. EMB up proto,AT1G69620,46,2.2375142574310303,0.01033194380044929,4.242530345916748
gehring_L3_state,1. EMB up proto,AT4G31700,47,2.4249391555786133,0.010776344625628142,4.226630210876465
gehring_L3_state,1. EMB up proto,AT5G11740,48,2.0256764888763428,0.010776344625628142,4.222160816192627
gehring_L3_state,1. EMB up proto,AT3G62870,49,2.483001947402954,0.010776344625628142,4.219954967498779
gehring_L3_state,1. EMB up proto,AT1G26630,50,2.1174285411834717,0.010847477700849296,4.214254379272461
gehring_L3_state,1. EMB up proto I,AT3G24250,1,8.030978202819824,4.945320829606472e-30,12.231281280517578
gehring_L3_state,1. EMB up proto I,ATMG00020,2,2.013545274734497,2.970769343418186e-27,11.64127254486084
gehring_L3_state,1. EMB up proto I,AT1G04660,3,5.465633392333984,4.466533379109007e-23,10.753061294555664
gehring_L3_state,1. EMB up proto I,AT5G60390,4,2.7452549934387207,5.753670211665564e-20,10.04316520690918
gehring_L3_state,1. EMB up proto I,AT5G59320,5,3.7086033821105957,6.245393648563452e-20,10.013030052185059
gehring_L3_state,1. EMB up proto I,AT1G56100,6,3.6543643474578857,6.288876568824595e-20,9.994294166564941
gehring_L3_state,1. EMB up proto I,AT5G02500,7,3.381631374359131,2.1137475423348935e-19,9.857993125915527
gehring_L3_state,1. EMB up proto I,AT3G04400,8,3.192680597305298,5.3298653721812715e-18,9.514595985412598
gehring_L3_state,1. EMB up proto I,AT3G08770,9,3.3710625171661377,6.417867674294086e-18,9.482982635498047
gehring_L3_state,1. EMB up proto I,AT5G15200,10,2.79079270362854,1.3849721031259653e-16,9.13537883758545
gehring_L3_state,1. EMB up proto I,AT1G02780,11,2.6539366245269775,3.599915041819475e-16,9.021923065185547
gehring_L3_state,1. EMB up proto I,AT5G38170,12,3.3530898094177246,3.159112861698609e-15,8.771883964538574
gehring_L3_state,1. EMB up proto I,AT3G52590,13,2.6883389949798584,1.5352468117086234e-14,8.583593368530273
gehring_L3_state,1. EMB up proto I,AT1G52300,14,2.866387128829956,1.356212042027411e-13,8.321259498596191
gehring_L3_state,1. EMB up proto I,AT3G62250,15,2.836393356323242,3.8834919328006296e-13,8.187895774841309
gehring_L3_state,1. EMB up proto I,AT2G01250,16,2.5494155883789062,3.9457672786682423e-13,8.17867660522461
gehring_L3_state,1. EMB up proto I,AT5G20290,17,2.465656042098999,4.2160138643703846e-13,8.16379165649414
gehring_L3_state,1. EMB up proto I,AT4G15750,18,2.7873194217681885,6.049311633111823e-13,8.11352252960205
gehring_L3_state,1. EMB up proto I,AT3G20470,19,2.669206380844116,1.0245474140034418e-12,8.042999267578125
gehring_L3_state,1. EMB up proto I,AT2G38900,20,2.87705659866333,1.0708972374379051e-12,8.031551361083984
gehring_L3_state,1. EMB up proto I,AT3G60245,21,2.216907262802124,1.0708972374379051e-12,8.025887489318848
gehring_L3_state,1. EMB up proto I,AT3G22230,22,3.327242612838745,1.6590329225143058e-12,7.966486930847168
gehring_L3_state,1. EMB up proto I,AT2G27710,23,2.4782423973083496,5.020226190476116e-12,7.8230791091918945
gehring_L3_state,1. EMB up proto I,AT4G39200,24,2.651665449142456,1.33690435832873e-11,7.693655014038086
gehring_L3_state,1. EMB up proto I,AT1G67430,25,2.3973300457000732,2.256226556037598e-11,7.6213836669921875
gehring_L3_state,1. EMB up proto I,AT1G23290,26,2.9946680068969727,2.4677513406308097e-11,7.604930400848389
gehring_L3_state,1. EMB up proto I,AT3G20210,27,2.575014591217041,3.113363129651688e-11,7.569752216339111
gehring_L3_state,1. EMB up proto I,AT1G56070,28,2.3836824893951416,3.113363129651688e-11,7.561126708984375
gehring_L3_state,1. EMB up proto I,AT4G12870,29,2.554210901260376,3.608008254469243e-11,7.537650108337402
gehring_L3_state,1. EMB up proto I,AT2G42840,30,4.408368110656738,3.725631234442838e-11,7.5293192863464355
gehring_L3_state,1. EMB up proto I,AT2G47110,31,2.6738526821136475,3.905935192485568e-11,7.51912260055542
gehring_L3_state,1. EMB up proto I,AT3G53430,32,2.9350156784057617,4.363389825857754e-11,7.500453472137451
gehring_L3_state,1. EMB up proto I,AT3G06700,33,2.668703556060791,4.363389825857754e-11,7.496915817260742
gehring_L3_state,1. EMB up proto I,AT2G34480,34,2.3504889011383057,5.0412852553810205e-11,7.47087287902832
gehring_L3_state,1. EMB up proto I,AT4G12960,35,3.0258705615997314,5.0412852553810205e-11,7.47064733505249
gehring_L3_state,1. EMB up proto I,AT2G27720,36,2.4217112064361572,5.837387108449669e-11,7.447812557220459
gehring_L3_state,1. EMB up proto I,AT3G49010,37,2.4502506256103516,1.0579693814521752e-10,7.365469455718994
gehring_L3_state,1. EMB up proto I,AT1G56580,38,3.4403316974639893,1.3349108185595757e-10,7.33099889755249
gehring_L3_state,1. EMB up proto I,AT3G09200,39,2.4069132804870605,1.8736028746613331e-10,7.282106876373291
gehring_L3_state,1. EMB up proto I,AT5G65360,40,3.4168338775634766,2.793398713560011e-10,7.22477388381958
gehring_L3_state,1. EMB up proto I,AT1G18080,41,2.9513139724731445,2.9785104970934583e-10,7.212846279144287
gehring_L3_state,1. EMB up proto I,AT2G18020,42,2.308781385421753,3.3324815292913727e-10,7.194409370422363
gehring_L3_state,1. EMB up proto I,ATCG01130,43,2.07895565032959,3.401296587197454e-10,7.188551425933838
gehring_L3_state,1. EMB up proto I,AT2G36160,44,3.1191158294677734,3.6604106235974655e-10,7.173138618469238
gehring_L3_state,1. EMB up proto I,AT5G02960,45,2.3974993228912354,4.6000313389514036e-10,7.135504722595215
gehring_L3_state,1. EMB up proto I,AT1G26630,46,2.1643283367156982,4.886206577043355e-10,7.124416828155518
gehring_L3_state,1. EMB up proto I,ATMG01390,47,2.5676839351654053,5.260642869776349e-10,7.109278202056885
gehring_L3_state,1. EMB up proto I,AT3G04920,48,2.5351109504699707,5.260642869776349e-10,7.108827114105225
gehring_L3_state,1. EMB up proto I,AT5G48480,49,3.0088117122650146,5.789986991504782e-10,7.0929460525512695
gehring_L3_state,1. EMB up proto I,AT2G43460,50,2.98776912689209,6.167895281248625e-10,7.081604957580566
gehring_L3_state,1. EMB upp proto,AT1G04660,1,7.585740566253662,0.0,47.55095291137695
gehring_L3_state,1. EMB upp proto,AT4G25140,2,5.686079025268555,0.0,44.012779235839844
gehring_L3_state,1. EMB upp proto,AT5G44120,3,5.738344192504883,0.0,41.653526306152344
gehring_L3_state,1. EMB upp proto,AT4G27160,4,4.9821391105651855,1.5663293237012263e-302,37.41006851196289
gehring_L3_state,1. EMB upp proto,AT5G40420,5,4.869293689727783,5.80681214585572e-294,36.87321472167969
gehring_L3_state,1. EMB upp proto,AT2G42840,6,6.436598300933838,6.778951473350418e-278,35.851539611816406
gehring_L3_state,1. EMB upp proto,AT3G12203,7,5.614830017089844,1.683287789803449e-274,35.62867736816406
gehring_L3_state,1. EMB upp proto,AT2G18540,8,5.327976226806641,3.4804618559394118e-270,35.34512710571289
gehring_L3_state,1. EMB upp proto,AT4G26740,9,5.108643531799316,5.326270373751365e-265,35.00264358520508
gehring_L3_state,1. EMB upp proto,AT4G28520,10,5.3937811851501465,1.2470372654510224e-261,34.77743911743164
gehring_L3_state,1. EMB upp proto,AT3G27660,11,4.593642711639404,2.4605110883841816e-258,34.556007385253906
gehring_L3_state,1. EMB upp proto,AT3G21090,12,7.17706298828125,1.2227774132324687e-252,34.172115325927734
gehring_L3_state,1. EMB upp proto,AT4G27150,13,4.541366100311279,2.2081997587001213e-228,32.49565505981445
gehring_L3_state,1. EMB upp proto,AT5G51210,14,4.128614902496338,7.507050510598868e-226,32.313663482666016
gehring_L3_state,1. EMB upp proto,AT3G01570,15,4.162300109863281,2.31112149939983e-223,32.133888244628906
gehring_L3_state,1. EMB upp proto,AT4G36700,16,4.044541835784912,1.6098368711093708e-222,32.071475982666016
gehring_L3_state,1. EMB upp proto,AT1G47540,17,4.648097515106201,4.00895550570558e-220,31.89724349975586
gehring_L3_state,1. EMB upp proto,AT2G38530,18,6.644535064697266,3.492893630876619e-209,31.096450805664062
gehring_L3_state,1. EMB upp proto,AT2G28490,19,4.612382411956787,8.303097706493794e-187,29.389591217041016
gehring_L3_state,1. EMB upp proto,ATCG00020,20,2.3300671577453613,2.189064896164805e-183,29.119050979614258
gehring_L3_state,1. EMB upp proto,AT5G50770,21,3.666567802429199,1.4677890617495319e-182,29.05217933654785
gehring_L3_state,1. EMB upp proto,AT5G49190,22,3.8958370685577393,8.731052665135714e-181,28.909900665283203
gehring_L3_state,1. EMB upp proto,AT1G29930,23,3.2199671268463135,5.697176987625831e-178,28.683700561523438
gehring_L3_state,1. EMB upp proto,AT2G34700,24,3.811553478240967,7.034074176189243e-176,28.51413917541504
gehring_L3_state,1. EMB upp proto,AT1G65090,25,4.068465232849121,1.0331176654289503e-174,28.41853904724121
gehring_L3_state,1. EMB upp proto,AT5G57390,26,5.196482181549072,1.9117270469808077e-162,27.404056549072266
gehring_L3_state,1. EMB upp proto,AT1G03880,27,4.681761741638184,2.660582391002715e-160,27.22239112854004
gehring_L3_state,1. EMB upp proto,AT5G07190,28,3.9494612216949463,3.441109578303744e-148,26.1769962310791
gehring_L3_state,1. EMB upp proto,AT1G71691,29,5.227807998657227,4.522852753828872e-145,25.89935302734375
gehring_L3_state,1. EMB upp proto,AT4G15630,30,5.729414939880371,8.302873656384115e-140,25.426679611206055
gehring_L3_state,1. EMB upp proto,AT5G23940,31,3.709122896194458,6.256676013800763e-138,25.25530242919922
gehring_L3_state,1. EMB upp proto,AT1G48470,32,4.689947128295898,8.467832577032377e-138,25.242280960083008
gehring_L3_state,1. EMB upp proto,AT2G34870,33,5.942585468292236,9.005201882957073e-136,25.055980682373047
gehring_L3_state,1. EMB upp proto,AT5G17700,34,4.5214524269104,1.312589520085729e-135,25.039953231811523
gehring_L3_state,1. EMB upp proto,AT5G63530,35,2.7768287658691406,1.5098884737550218e-124,24.000045776367188
gehring_L3_state,1. EMB upp proto,AT1G26680,36,5.063061714172363,3.607220144684352e-120,23.576032638549805
gehring_L3_state,1. EMB upp proto,AT5G62850,37,4.667421817779541,5.7373889540450115e-120,23.555423736572266
gehring_L3_state,1. EMB upp proto,AT1G27950,38,3.638742208480835,7.01479884851065e-116,23.15222930908203
gehring_L3_state,1. EMB upp proto,AT2G34420,39,3.0317251682281494,2.1968276934436053e-115,23.102031707763672
gehring_L3_state,1. EMB upp proto,AT5G13790,40,3.169780969619751,1.2708909482107896e-110,22.621475219726562
gehring_L3_state,1. EMB upp proto,AT1G62290,41,3.7500693798065186,1.418960367081615e-109,22.51387596130371
gehring_L3_state,1. EMB upp proto,AT1G67090,42,2.292529344558716,3.220377932341343e-108,22.374162673950195
gehring_L3_state,1. EMB upp proto,AT1G22430,43,4.255679130554199,4.316364445595927e-102,21.733150482177734
gehring_L3_state,1. EMB upp proto,AT1G48130,44,3.921083927154541,2.703984172838061e-99,21.4345645904541
gehring_L3_state,1. EMB upp proto,AT5G57560,45,3.617358684539795,9.613059817581865e-99,21.374595642089844
gehring_L3_state,1. EMB upp proto,AT3G22640,46,3.7575740814208984,4.3971780158021775e-96,21.08423614501953
gehring_L3_state,1. EMB upp proto,AT5G62800,47,3.7371439933776855,7.898884526417507e-94,20.836339950561523
gehring_L3_state,1. EMB upp proto,AT3G29030,48,4.328498840332031,1.4838356214476888e-90,20.469839096069336
gehring_L3_state,1. EMB upp proto,AT3G05600,49,3.99023175239563,8.80434227823956e-90,20.382102966308594
gehring_L3_state,1. EMB upp proto,AT4G16160,50,4.094836711883545,9.267725574565134e-87,20.037076950073242
gehring_L3_state,10. CZE cyst photo,AT2G34315,1,8.146409034729004,0.0,69.58613586425781
gehring_L3_state,10. CZE cyst photo,AT1G36060,2,6.600096225738525,0.0,64.59181213378906
gehring_L3_state,10. CZE cyst photo,AT2G38870,3,6.460658073425293,0.0,60.68750762939453
gehring_L3_state,10. CZE cyst photo,AT5G49190,4,5.446034908294678,0.0,59.01628875732422
gehring_L3_state,10. CZE cyst photo,AT5G07190,5,6.147853374481201,0.0,58.52836227416992
gehring_L3_state,10. CZE cyst photo,AT4G25140,6,5.330995082855225,0.0,58.34514236450195
gehring_L3_state,10. CZE cyst photo,AT2G44470,7,4.25502872467041,0.0,57.85063934326172
gehring_L3_state,10. CZE cyst photo,AT5G44120,8,5.31289005279541,0.0,54.97459411621094
gehring_L3_state,10. CZE cyst photo,AT1G48130,9,6.127502918243408,0.0,53.49858474731445
gehring_L3_state,10. CZE cyst photo,AT5G59170,10,6.263404369354248,0.0,53.460636138916016
gehring_L3_state,10. CZE cyst photo,AT5G38160,11,4.383312225341797,0.0,52.703277587890625
gehring_L3_state,10. CZE cyst photo,AT3G27660,12,4.881149768829346,0.0,51.93119812011719
gehring_L3_state,10. CZE cyst photo,AT1G27040,13,6.7078962326049805,0.0,51.46676254272461
gehring_L3_state,10. CZE cyst photo,AT5G50770,14,4.425549507141113,0.0,51.413333892822266
gehring_L3_state,10. CZE cyst photo,AT4G18020,15,4.462384223937988,0.0,51.412254333496094
gehring_L3_state,10. CZE cyst photo,AT3G26790,16,4.518753528594971,0.0,51.22438430786133
gehring_L3_state,10. CZE cyst photo,AT4G36700,17,4.315028667449951,0.0,49.2758674621582
gehring_L3_state,10. CZE cyst photo,AT5G40420,18,4.476248741149902,0.0,48.55756378173828
gehring_L3_state,10. CZE cyst photo,AT3G01570,19,4.33913516998291,0.0,48.45090866088867
gehring_L3_state,10. CZE cyst photo,AT2G27380,20,5.493724346160889,0.0,48.41891098022461
gehring_L3_state,10. CZE cyst photo,AT4G27160,21,4.387923240661621,0.0,47.15171432495117
gehring_L3_state,10. CZE cyst photo,AT1G62710,22,4.84318733215332,0.0,47.094215393066406
gehring_L3_state,10. CZE cyst photo,AT2G37025,23,4.708085536956787,0.0,46.006771087646484
gehring_L3_state,10. CZE cyst photo,AT1G18100,24,4.60297155380249,0.0,45.90935516357422
gehring_L3_state,10. CZE cyst photo,AT4G27150,25,4.403110504150391,0.0,45.69328689575195
gehring_L3_state,10. CZE cyst photo,AT2G18540,26,4.880115032196045,0.0,45.199344635009766
gehring_L3_state,10. CZE cyst photo,AT1G47540,27,4.537293910980225,0.0,45.15457534790039
gehring_L3_state,10. CZE cyst photo,AT5G46880,28,4.960437774658203,0.0,43.25009536743164
gehring_L3_state,10. CZE cyst photo,AT3G16770,29,3.2338550090789795,0.0,42.87643051147461
gehring_L3_state,10. CZE cyst photo,AT5G09640,30,4.8161468505859375,0.0,42.122005462646484
gehring_L3_state,10. CZE cyst photo,AT1G62290,31,4.466440200805664,0.0,41.94529724121094
gehring_L3_state,10. CZE cyst photo,AT1G65090,32,4.009586811065674,0.0,40.727439880371094
gehring_L3_state,10. CZE cyst photo,AT4G39260,33,2.046066999435425,0.0,40.70786666870117
gehring_L3_state,10. CZE cyst photo,AT5G57260,34,5.439985752105713,0.0,40.30971908569336
gehring_L3_state,10. CZE cyst photo,AT4G25100,35,3.519951820373535,0.0,40.223880767822266
gehring_L3_state,10. CZE cyst photo,AT1G22430,36,5.029681205749512,0.0,40.1502571105957
gehring_L3_state,10. CZE cyst photo,AT1G67090,37,2.774477243423462,0.0,40.03382873535156
gehring_L3_state,10. CZE cyst photo,AT3G44460,38,3.8421313762664795,0.0,39.697784423828125
gehring_L3_state,10. CZE cyst photo,AT5G07200,39,3.4784138202667236,0.0,39.65040969848633
gehring_L3_state,10. CZE cyst photo,AT4G14780,40,3.698335647583008,0.0,39.62351989746094
gehring_L3_state,10. CZE cyst photo,AT4G10490,41,4.676885604858398,0.0,39.44245529174805
gehring_L3_state,10. CZE cyst photo,AT5G62850,42,5.119069576263428,0.0,38.973968505859375
gehring_L3_state,10. CZE cyst photo,AT3G01390,43,3.2295873165130615,0.0,38.92464065551758
gehring_L3_state,10. CZE cyst photo,AT2G41070,44,3.6144721508026123,0.0,38.69551467895508
gehring_L3_state,10. CZE cyst photo,AT1G04380,45,3.6809511184692383,0.0,38.38134002685547
gehring_L3_state,10. CZE cyst photo,ATCG00020,46,2.2734861373901367,0.0,38.21272277832031
gehring_L3_state,10. CZE cyst photo,AT1G11670,47,3.40578556060791,0.0,37.89775848388672
gehring_L3_state,10. CZE cyst photo,AT2G02100,48,3.000181198120117,8.452015178715353e-306,37.54336166381836
gehring_L3_state,10. CZE cyst photo,AT5G46110,49,3.5850167274475098,1.87443968556097e-304,37.46025466918945
gehring_L3_state,10. CZE cyst photo,AT5G38170,50,3.191668748855591,2.1602464193566564e-300,37.20890426635742
gehring_L3_state,10. CZE nodule,AT1G19950,1,9.17016887664795,3.0147804863297736e-45,14.80855655670166
gehring_L3_state,10. CZE nodule,AT5G27330,2,7.314779281616211,1.1147595095486474e-44,14.673439979553223
gehring_L3_state,10. CZE nodule,AT3G03260,3,9.415143013000488,4.695589188766871e-43,14.389457702636719
gehring_L3_state,10. CZE nodule,AT1G42980,4,9.016214370727539,5.564110663351012e-43,14.357787132263184
gehring_L3_state,10. CZE nodule,AT5G20710,5,8.582466125488281,5.866834534358991e-43,14.338635444641113
gehring_L3_state,10. CZE nodule,AT5G10230,6,7.50553560256958,2.1982190341661733e-42,14.23392105102539
gehring_L3_state,10. CZE nodule,AT5G25950,7,9.29224681854248,2.707447754195107e-42,14.2085542678833
gehring_L3_state,10. CZE nodule,AT5G22980,8,8.417142868041992,4.345310141546886e-42,14.16600513458252
gehring_L3_state,10. CZE nodule,AT3G59790,9,9.20375919342041,3.5887223739961563e-41,14.00855827331543
gehring_L3_state,10. CZE nodule,AT2G27700,10,8.470139503479004,1.2116822133183066e-40,13.914336204528809
gehring_L3_state,10. CZE nodule,AT5G10220,11,6.45473051071167,2.4152170494354868e-40,13.858087539672852
gehring_L3_state,10. CZE nodule,AT3G21810,12,5.91904354095459,2.6313993126677436e-40,13.845681190490723
gehring_L3_state,10. CZE nodule,AT2G23990,13,9.046001434326172,4.564136498609908e-40,13.800285339355469
gehring_L3_state,10. CZE nodule,AT2G27120,14,6.227837085723877,1.6875133654970103e-37,13.361810684204102
gehring_L3_state,10. CZE nodule,AT5G65890,15,7.18151330947876,1.7952617646047746e-37,13.352066040039062
gehring_L3_state,10. CZE nodule,AT5G48945,16,8.13980484008789,1.8111317856152854e-37,13.346602439880371
gehring_L3_state,10. CZE nodule,AT4G14780,17,5.2529988288879395,3.2317127469258036e-37,13.298853874206543
gehring_L3_state,10. CZE nodule,AT1G02980,18,7.483718395233154,6.028534093679639e-37,13.2478609085083
gehring_L3_state,10. CZE nodule,AT1G76720,19,5.938155651092529,1.8967866824867916e-36,13.157459259033203
gehring_L3_state,10. CZE nodule,AT2G20290,20,5.8587846755981445,1.4589339558100285e-35,12.998458862304688
gehring_L3_state,10. CZE nodule,AT3G18550,21,8.659385681152344,1.7047928381211204e-35,12.979666709899902
gehring_L3_state,10. CZE nodule,AT1G49190,22,8.730682373046875,1.7047928381211204e-35,12.979243278503418
gehring_L3_state,10. CZE nodule,AT2G16586,23,3.935631036758423,1.8442093360003444e-35,12.96981430053711
gehring_L3_state,10. CZE nodule,AT5G65020,24,5.52229118347168,3.3759820869327963e-35,12.917170524597168
gehring_L3_state,10. CZE nodule,AT1G76820,25,4.788634777069092,3.3759820869327963e-35,12.916970252990723
gehring_L3_state,10. CZE nodule,AT5G46877,26,7.999504566192627,3.9264261166305593e-35,12.902318954467773
gehring_L3_state,10. CZE nodule,AT1G55550,27,7.15425443649292,9.995538046291612e-35,12.827199935913086
gehring_L3_state,10. CZE nodule,AT4G30160,28,4.6145830154418945,3.989518717241675e-34,12.71665096282959
gehring_L3_state,10. CZE nodule,AT5G09490,29,8.52938175201416,1.945450604702745e-33,12.58944320678711
gehring_L3_state,10. CZE nodule,AT5G66150,30,6.82553243637085,2.39249136246342e-33,12.57042407989502
gehring_L3_state,10. CZE nodule,AT1G72770,31,4.502580165863037,1.7122775680676175e-32,12.411245346069336
gehring_L3_state,10. CZE nodule,AT2G23970,32,6.439000129699707,5.46840095479238e-32,12.312893867492676
gehring_L3_state,10. CZE nodule,AT5G57740,33,5.679651737213135,1.1749956093130014e-31,12.248602867126465
gehring_L3_state,10. CZE nodule,AT5G46820,34,9.799938201904297,1.4394925380799557e-31,12.229769706726074
gehring_L3_state,10. CZE nodule,AT2G04750,35,8.241175651550293,3.270036757405159e-30,11.971087455749512
gehring_L3_state,10. CZE nodule,AT2G32370,36,5.376340389251709,2.2467335425592193e-29,11.80782413482666
gehring_L3_state,10. CZE nodule,AT3G60700,37,8.01081371307373,5.559258319057821e-29,11.729133605957031
gehring_L3_state,10. CZE nodule,AT4G36590,38,7.431859016418457,8.037266162904123e-29,11.695683479309082
gehring_L3_state,10. CZE nodule,AT3G47990,39,4.051135063171387,1.667333535603811e-28,11.631414413452148
gehring_L3_state,10. CZE nodule,AT2G42490,40,5.000070095062256,2.9955375471224474e-28,11.579183578491211
gehring_L3_state,10. CZE nodule,AT4G31900,41,5.933043479919434,3.1493076698496882e-28,11.572823524475098
gehring_L3_state,10. CZE nodule,AT1G17960,42,6.942310333251953,1.904854145252785e-27,11.415366172790527
gehring_L3_state,10. CZE nodule,AT4G04580,43,8.911691665649414,2.058737395296726e-27,11.406609535217285
gehring_L3_state,10. CZE nodule,AT2G31780,44,7.701623916625977,4.05906595993954e-27,11.34542465209961
gehring_L3_state,10. CZE nodule,AT2G01021,45,4.678077697753906,1.6302205534225138e-26,11.221216201782227
gehring_L3_state,10. CZE nodule,AT1G22120,46,7.4924726486206055,5.63944749218989e-26,11.109020233154297
gehring_L3_state,10. CZE nodule,AT5G47140,47,5.049415111541748,6.420049317928659e-26,11.09555435180664
gehring_L3_state,10. CZE nodule,AT5G56150,48,4.69221305847168,9.343735211332923e-26,11.060100555419922
gehring_L3_state,10. CZE nodule,AT2G15740,49,8.263246536254883,2.0027063539349842e-25,10.9896879196167
gehring_L3_state,10. CZE nodule,AT3G15960,50,8.458938598632812,2.633405619106871e-25,10.963157653808594
gehring_L3_state,10. PEN,AT5G51105,1,6.3876261711120605,0.0,51.42546844482422
gehring_L3_state,10. PEN,AT5G09370,2,6.053802490234375,0.0,50.1938362121582
gehring_L3_state,10. PEN,AT1G31250,3,6.585539817810059,0.0,49.907047271728516
gehring_L3_state,10. PEN,AT2G30810,4,5.502391815185547,0.0,48.701866149902344
gehring_L3_state,10. PEN,AT3G05460,5,6.146881103515625,0.0,44.57948684692383
gehring_L3_state,10. PEN,AT1G58055,6,5.372547149658203,0.0,42.356300354003906
gehring_L3_state,10. PEN,AT2G37540,7,6.957626819610596,0.0,42.319305419921875
gehring_L3_state,10. PEN,AT5G63087,8,5.084864139556885,0.0,41.63027572631836
gehring_L3_state,10. PEN,AT1G12670,9,5.520936965942383,0.0,40.818275451660156
gehring_L3_state,10. PEN,AT4G35725,10,5.538136959075928,0.0,40.59379196166992
gehring_L3_state,10. PEN,AT1G20020,11,4.420681953430176,0.0,39.189613342285156
gehring_L3_state,10. PEN,AT1G14455,12,5.645598411560059,0.0,39.149837493896484
gehring_L3_state,10. PEN,AT5G44973,13,4.9336724281311035,0.0,38.88310241699219
gehring_L3_state,10. PEN,AT5G55132,14,4.689042091369629,0.0,38.220306396484375
gehring_L3_state,10. PEN,AT1G01320,15,3.946714401245117,0.0,38.10456085205078
gehring_L3_state,10. PEN,AT1G13605,16,5.065070629119873,8.910498035573409e-305,37.510982513427734
gehring_L3_state,10. PEN,AT3G06355,17,1.5358952283859253,1.0134175866743434e-304,37.50593948364258
gehring_L3_state,10. PEN,AT1G77525,18,4.329875946044922,2.2026253175038297e-304,37.483726501464844
gehring_L3_state,10. PEN,AT5G42223,19,6.116385459899902,8.086646990785884e-299,37.139102935791016
gehring_L3_state,10. PEN,AT2G24693,20,5.377277374267578,5.447409100698123e-290,36.58666229248047
gehring_L3_state,10. PEN,AT4G28080,21,3.7275919914245605,7.530639474413014e-284,36.197086334228516
gehring_L3_state,10. PEN,AT5G11530,22,3.547046661376953,1.2640012731525136e-280,35.9902229309082
gehring_L3_state,10. PEN,AT4G25530,23,5.197696208953857,7.688864503733868e-256,34.36806869506836
gehring_L3_state,10. PEN,AT1G11070,24,3.761897563934326,6.307633037409628e-252,34.10380935668945
gehring_L3_state,10. PEN,AT4G14140,25,4.180661201477051,2.0490423097503944e-247,33.79688262939453
gehring_L3_state,10. PEN,AT2G43660,26,5.593943119049072,1.6196104261391092e-244,33.597877502441406
gehring_L3_state,10. PEN,AT3G19350,27,6.606070041656494,7.407911214084833e-233,32.788612365722656
gehring_L3_state,10. PEN,AT1G67090,28,2.838486433029175,5.17006435232396e-229,32.51669692993164
gehring_L3_state,10. PEN,AT5G54270,29,3.4078049659729004,2.100422338515979e-228,32.47251892089844
gehring_L3_state,10. PEN,AT3G55630,30,6.933262825012207,1.4718097818463735e-222,32.054683685302734
gehring_L3_state,10. PEN,AT1G73550,31,5.797645568847656,6.273231055100868e-220,31.8643856048584
gehring_L3_state,10. PEN,AT2G39730,32,4.497561931610107,3.761117733182223e-215,31.51658058166504
gehring_L3_state,10. PEN,AT3G24510,33,4.50901985168457,4.0102859012401e-214,31.440494537353516
gehring_L3_state,10. PEN,AT4G26190,34,2.633298635482788,6.41979679371865e-206,30.832508087158203
gehring_L3_state,10. PEN,AT4G08990,35,4.18577766418457,4.891880416520795e-204,30.690872192382812
gehring_L3_state,10. PEN,AT2G04034,36,5.209284782409668,4.751952207996436e-198,30.2379150390625
gehring_L3_state,10. PEN,AT4G32110,37,5.520684242248535,5.663501510253576e-197,30.155057907104492
gehring_L3_state,10. PEN,AT1G29010,38,7.847567558288574,2.9024833308620675e-196,30.100017547607422
gehring_L3_state,10. PEN,AT2G04925,39,4.892171382904053,7.976067526431038e-193,29.83522605895996
gehring_L3_state,10. PEN,AT4G29060,40,3.4528183937072754,5.06428924521242e-186,29.304458618164062
gehring_L3_state,10. PEN,AT1G76820,41,3.3149209022521973,9.559800315579939e-184,29.124481201171875
gehring_L3_state,10. PEN,AT5G24316,42,5.041999816894531,1.5844009322811342e-183,29.106361389160156
gehring_L3_state,10. PEN,AT5G52330,43,3.426723003387451,1.921955938339497e-183,29.098960876464844
gehring_L3_state,10. PEN,AT2G18880,44,5.957087516784668,8.997017954615208e-183,29.045175552368164
gehring_L3_state,10. PEN,AT1G64720,45,3.141728401184082,2.6486661617045236e-182,29.007280349731445
gehring_L3_state,10. PEN,AT4G38700,46,5.226981163024902,2.7357871330983614e-180,28.846424102783203
gehring_L3_state,10. PEN,AT5G26742,47,3.421290397644043,8.338594259964348e-180,28.80709457397461
gehring_L3_state,10. PEN,AT5G09730,48,3.821648359298706,8.89318805254245e-180,28.804161071777344
gehring_L3_state,10. PEN,AT1G19720,49,3.2420804500579834,2.843970940825899e-179,28.76313591003418
gehring_L3_state,10. PEN,AT3G63140,50,5.557396411895752,3.978943155032865e-179,28.750797271728516
gehring_L3_state,11. CZE cyst disacc,AT2G38870,1,6.322085380554199,2.3347774335913127e-43,14.513240814208984
gehring_L3_state,11. CZE cyst disacc,AT1G27040,2,7.078095436096191,1.7921762519309428e-42,14.324718475341797
gehring_L3_state,11. CZE cyst disacc,AT1G36060,3,5.709388732910156,1.6831373421959495e-33,12.77856159210205
gehring_L3_state,11. CZE cyst disacc,AT3G49300,4,7.148931503295898,3.1683970067361647e-31,12.341376304626465
gehring_L3_state,11. CZE cyst disacc,AT2G34315,5,5.558665752410889,2.428155233109189e-27,11.580172538757324
gehring_L3_state,11. CZE cyst disacc,AT4G18020,6,4.1524152755737305,2.7462788569987438e-27,11.553959846496582
gehring_L3_state,11. CZE cyst disacc,AT3G26790,7,4.260352611541748,6.771777590188117e-27,11.462821006774902
gehring_L3_state,11. CZE cyst disacc,AT5G46880,8,5.298386096954346,7.312154438734659e-27,11.444596290588379
gehring_L3_state,11. CZE cyst disacc,AT1G22710,9,5.769918441772461,6.810084070145839e-23,10.611949920654297
gehring_L3_state,11. CZE cyst disacc,AT5G07210,10,6.967859745025635,7.002984300107751e-22,10.381945610046387
gehring_L3_state,11. CZE cyst disacc,AT5G16230,11,5.474875450134277,1.0207852116594072e-21,10.328439712524414
gehring_L3_state,11. CZE cyst disacc,AT1G68735,12,9.75632095336914,3.546875211916429e-21,10.200493812561035
gehring_L3_state,11. CZE cyst disacc,AT1G76290,13,7.94550085067749,7.29400365441502e-21,10.12298583984375
gehring_L3_state,11. CZE cyst disacc,AT4G00730,14,3.4968268871307373,2.347770302568178e-20,10.001132011413574
gehring_L3_state,11. CZE cyst disacc,AT2G27380,15,4.648394584655762,2.875577432861678e-20,9.974627494812012
gehring_L3_state,11. CZE cyst disacc,AT5G62850,16,4.878355979919434,4.634105316572231e-20,9.921093940734863
gehring_L3_state,11. CZE cyst disacc,AT3G44460,17,3.944917917251587,1.5217309472321026e-19,9.795953750610352
gehring_L3_state,11. CZE cyst disacc,AT1G56170,18,3.28422474861145,1.5924775623658574e-19,9.785892486572266
gehring_L3_state,11. CZE cyst disacc,AT3G03240,19,5.103832244873047,2.441369848857564e-19,9.737367630004883
gehring_L3_state,11. CZE cyst disacc,AT3G09390,20,3.6309797763824463,2.7443540779824204e-19,9.720501899719238
gehring_L3_state,11. CZE cyst disacc,AT1G09500,21,4.606026649475098,4.615423725431248e-19,9.662665367126465
gehring_L3_state,11. CZE cyst disacc,AT5G38170,22,3.621412992477417,4.676726276491868e-19,9.656759262084961
gehring_L3_state,11. CZE cyst disacc,AT5G07260,23,4.118043899536133,7.499896921216948e-19,9.603857040405273
gehring_L3_state,11. CZE cyst disacc,AT2G41070,24,3.646193265914917,7.921192841794751e-19,9.594015121459961
gehring_L3_state,11. CZE cyst disacc,AT5G59170,25,4.765805721282959,1.9369870759396854e-18,9.497272491455078
gehring_L3_state,11. CZE cyst disacc,AT5G38160,26,3.4721150398254395,4.577900326180563e-18,9.403294563293457
gehring_L3_state,11. CZE cyst disacc,AT5G63530,27,3.168522834777832,1.769721913886992e-17,9.256119728088379
gehring_L3_state,11. CZE cyst disacc,AT5G18310,28,4.027067184448242,5.929637109940016e-17,9.118593215942383
gehring_L3_state,11. CZE cyst disacc,AT5G07200,29,3.3574631214141846,7.412852588351164e-17,9.090799331665039
gehring_L3_state,11. CZE cyst disacc,AT5G50770,30,3.2166500091552734,1.2683929082136694e-15,8.77320671081543
gehring_L3_state,11. CZE cyst disacc,AT5G28000,31,5.111865997314453,4.8715314297845726e-15,8.616922378540039
gehring_L3_state,11. CZE cyst disacc,AT5G13790,32,3.37996244430542,5.2979795126047196e-15,8.603880882263184
gehring_L3_state,11. CZE cyst disacc,AT2G34420,33,3.037518262863159,8.994955527638593e-15,8.53959846496582
gehring_L3_state,11. CZE cyst disacc,AT1G74650,34,6.945542812347412,1.4095762051970802e-14,8.482198715209961
gehring_L3_state,11. CZE cyst disacc,AT1G29930,35,2.6909515857696533,1.4095762051970802e-14,8.481071472167969
gehring_L3_state,11. CZE cyst disacc,AT4G38470,36,3.4621663093566895,1.7496554985421718e-14,8.452779769897461
gehring_L3_state,11. CZE cyst disacc,AT5G48180,37,2.888962984085083,2.2992988939244707e-14,8.417793273925781
gehring_L3_state,11. CZE cyst disacc,AT1G62710,38,3.5850412845611572,3.3252010441849836e-14,8.371469497680664
gehring_L3_state,11. CZE cyst disacc,AT5G56150,39,3.7242989540100098,7.86820715904872e-14,8.266443252563477
gehring_L3_state,11. CZE cyst disacc,AT3G09910,40,3.4298079013824463,8.734502867174003e-14,8.251096725463867
gehring_L3_state,11. CZE cyst disacc,AT3G01390,41,2.8364195823669434,9.644765653263834e-14,8.236427307128906
gehring_L3_state,11. CZE cyst disacc,AT3G23167,42,6.025351047515869,1.2077219483503468e-13,8.20670223236084
gehring_L3_state,11. CZE cyst disacc,AT1G26680,43,4.709445953369141,1.2538588424477858e-13,8.196854591369629
gehring_L3_state,11. CZE cyst disacc,AT5G63700,44,3.0376691818237305,1.717575065650304e-13,8.15307331085205
gehring_L3_state,11. CZE cyst disacc,AT1G65090,45,3.303255796432495,1.717575065650304e-13,8.151289939880371
gehring_L3_state,11. CZE cyst disacc,AT1G67090,46,2.429224967956543,2.452687702729819e-13,8.105645179748535
gehring_L3_state,11. CZE cyst disacc,AT4G28365,47,3.0779826641082764,3.066279460422665e-13,8.076041221618652
gehring_L3_state,11. CZE cyst disacc,AT5G16970,48,4.127455234527588,3.6711936445000094e-13,8.049337387084961
gehring_L3_state,11. CZE cyst disacc,AT2G37025,49,3.369354009628296,5.060734081784885e-13,8.00539779663086
gehring_L3_state,11. CZE cyst disacc,AT3G27660,50,3.326779842376709,5.667089030249808e-13,7.988393306732178
gehring_L3_state,11. MCE,AT3G08900,1,7.453758239746094,1.2189173182280012e-186,29.479877471923828
gehring_L3_state,11. MCE,AT5G44480,2,6.856539249420166,1.232715391523701e-181,29.0629825592041
gehring_L3_state,11. MCE,AT5G57920,3,6.155829429626465,4.3136192879508144e-178,28.7670955657959
gehring_L3_state,11. MCE,AT2G47650,4,5.3530964851379395,2.315431601430511e-176,28.61843490600586
gehring_L3_state,11. MCE,AT2G02100,5,4.44169282913208,7.430834137059764e-171,28.164560317993164
gehring_L3_state,11. MCE,AT1G32540,6,5.744626998901367,1.3296555165522763e-169,28.055599212646484
gehring_L3_state,11. MCE,AT1G12080,7,5.194880962371826,2.631321846306797e-164,27.61248207092285
gehring_L3_state,11. MCE,AT1G53390,8,6.587985038757324,1.861531457623637e-155,26.860431671142578
gehring_L3_state,11. MCE,AT1G09380,9,5.03931188583374,1.1424035541331776e-154,26.788503646850586
gehring_L3_state,11. MCE,AT1G55810,10,4.116089820861816,1.1881832113097977e-154,26.783111572265625
gehring_L3_state,11. MCE,AT5G03820,11,5.402472019195557,2.7870516437446132e-152,26.575260162353516
gehring_L3_state,11. MCE,AT1G62340,12,6.43388557434082,5.698183367878143e-148,26.196338653564453
gehring_L3_state,11. MCE,AT1G56170,13,3.9808270931243896,8.24748794982115e-147,26.091211318969727
gehring_L3_state,11. MCE,AT4G14140,14,5.169853687286377,1.1470801346108044e-140,25.541236877441406
gehring_L3_state,11. MCE,AT4G23010,15,4.6642022132873535,5.426177653723956e-138,25.296592712402344
gehring_L3_state,11. MCE,AT3G18080,16,4.845777988433838,7.202311619829575e-135,25.008588790893555
gehring_L3_state,11. MCE,AT1G48930,17,5.231532573699951,3.2383267264643665e-130,24.574703216552734
gehring_L3_state,11. MCE,AT5G28640,18,4.773112773895264,8.995874779789837e-130,24.530834197998047
gehring_L3_state,11. MCE,AT1G71250,19,5.115506649017334,1.5436261867335564e-125,24.12853240966797
gehring_L3_state,11. MCE,AT3G11180,20,4.687430381774902,1.0442465901477895e-124,24.047178268432617
gehring_L3_state,11. MCE,AT1G16960,21,6.4668731689453125,6.604484787200603e-119,23.484071731567383
gehring_L3_state,11. MCE,AT4G19645,22,4.336902618408203,6.005557402024204e-115,23.09137535095215
gehring_L3_state,11. MCE,AT5G27600,23,4.857794761657715,2.916074621074419e-113,22.920995712280273
gehring_L3_state,11. MCE,AT4G04460,24,4.518618106842041,4.656632737483383e-112,22.798166275024414
gehring_L3_state,11. MCE,AT3G16770,25,3.3689095973968506,3.2769222304431447e-111,22.71078872680664
gehring_L3_state,11. MCE,AT4G02830,26,5.158492088317871,7.511520180093842e-110,22.57098960876465
gehring_L3_state,11. MCE,AT3G45010,27,4.318480014801025,2.531693182933495e-107,22.31046485900879
gehring_L3_state,11. MCE,AT3G62830,28,3.5322976112365723,5.294016836674329e-107,22.27581214904785
gehring_L3_state,11. MCE,AT1G04380,29,3.9882900714874268,1.1424079196788102e-105,22.136184692382812
gehring_L3_state,11. MCE,AT1G03470,30,4.847496509552002,1.5906276094582152e-105,22.119728088378906
gehring_L3_state,11. MCE,AT2G35880,31,3.7772538661956787,1.4844949440138802e-103,21.912628173828125
gehring_L3_state,11. MCE,AT1G49770,32,4.832097053527832,2.3806196358235255e-98,21.358381271362305
gehring_L3_state,11. MCE,AT4G30110,33,2.856316566467285,8.213328542152597e-98,21.29900550842285
gehring_L3_state,11. MCE,AT4G35560,34,4.421949863433838,6.387236271044266e-97,21.201292037963867
gehring_L3_state,11. MCE,AT3G58760,35,3.9865212440490723,8.2676713531471e-97,21.187780380249023
gehring_L3_state,11. MCE,AT5G08170,36,4.6134514808654785,9.23275919493416e-95,20.963199615478516
gehring_L3_state,11. MCE,AT3G43690,37,3.3027801513671875,5.875765906538296e-94,20.87362289428711
gehring_L3_state,11. MCE,AT3G45610,38,7.102503776550293,2.614485218063128e-93,20.80086898803711
gehring_L3_state,11. MCE,AT5G01370,39,5.307420253753662,1.240349884406113e-91,20.613664627075195
gehring_L3_state,11. MCE,AT5G07200,40,3.4842453002929688,9.055000822592026e-89,20.290828704833984
gehring_L3_state,11. MCE,AT2G43680,41,2.9678919315338135,2.4348360047624116e-88,20.240922927856445
gehring_L3_state,11. MCE,AT5G13170,42,4.40079927444458,1.3933197684390617e-87,20.153575897216797
gehring_L3_state,11. MCE,AT4G37050,43,3.5203702449798584,1.7526006440342635e-85,19.911664962768555
gehring_L3_state,11. MCE,AT3G26744,44,3.051783561706543,4.903193453977654e-85,19.858905792236328
gehring_L3_state,11. MCE,AT2G22660,45,2.925734758377075,5.592919391289966e-85,19.851165771484375
gehring_L3_state,11. MCE,AT1G34260,46,3.426983118057251,7.300362192909886e-85,19.836668014526367
gehring_L3_state,11. MCE,AT3G01460,47,3.3015880584716797,1.304522465409682e-84,19.806373596191406
gehring_L3_state,11. MCE,AT1G55970,48,4.1830549240112305,1.1216093837192604e-83,19.695613861083984
gehring_L3_state,11. MCE,AT1G01900,49,4.77732515335083,1.652389330753547e-83,19.674959182739258
gehring_L3_state,11. MCE,AT1G78760,50,3.82463002204895,2.6522877995804175e-83,19.64995002746582
gehring_L3_state,11. PEN g2/m-phase,AT4G23800,1,6.8104753494262695,5.702715717499167e-96,21.264129638671875
gehring_L3_state,11. PEN g2/m-phase,AT4G11080,2,7.0471343994140625,3.3750108220422484e-93,20.929454803466797
gehring_L3_state,11. PEN g2/m-phase,AT1G33660,3,6.007622718811035,1.251563774922158e-90,20.62592315673828
gehring_L3_state,11. PEN g2/m-phase,AT4G33270,4,6.076176166534424,3.3934759213561043e-90,20.56210708618164
gehring_L3_state,11. PEN g2/m-phase,AT5G51105,5,5.943482398986816,3.3934759213561043e-90,20.552839279174805
gehring_L3_state,11. PEN g2/m-phase,AT5G09370,6,5.755642890930176,2.621934501685657e-89,20.444456100463867
gehring_L3_state,11. PEN g2/m-phase,AT5G60930,7,5.7931647300720215,7.346439993195634e-84,19.815227508544922
gehring_L3_state,11. PEN g2/m-phase,AT3G23890,8,5.233461380004883,1.228433410325627e-83,19.78260040283203
gehring_L3_state,11. PEN g2/m-phase,AT4G05190,9,6.3517327308654785,1.592503921427265e-81,19.529767990112305
gehring_L3_state,11. PEN g2/m-phase,AT1G31250,10,5.784995079040527,2.5147290844747293e-81,19.501033782958984
gehring_L3_state,11. PEN g2/m-phase,AT2G37540,11,6.57276725769043,1.1282649053216726e-80,19.419212341308594
gehring_L3_state,11. PEN g2/m-phase,AT1G20020,12,4.880568027496338,4.439988258893217e-80,19.34423828125
gehring_L3_state,11. PEN g2/m-phase,AT2G30810,13,5.012173175811768,7.192851819455958e-80,19.315216064453125
gehring_L3_state,11. PEN g2/m-phase,AT4G38062,14,6.810257434844971,3.5228998347032065e-79,19.229162216186523
gehring_L3_state,11. PEN g2/m-phase,AT5G55520,15,6.445748805999756,8.84125266030574e-78,19.05767822265625
gehring_L3_state,11. PEN g2/m-phase,AT1G11070,16,4.760213375091553,3.0295325364907864e-76,18.868427276611328
gehring_L3_state,11. PEN g2/m-phase,AT1G01320,17,4.3923492431640625,2.64781767693441e-74,18.627422332763672
gehring_L3_state,11. PEN g2/m-phase,AT1G76780,18,5.406745910644531,4.0499707200532515e-74,18.60159683227539
gehring_L3_state,11. PEN g2/m-phase,AT1G33615,19,5.273292064666748,2.279040346102452e-73,18.505844116210938
gehring_L3_state,11. PEN g2/m-phase,AT3G05460,20,5.584954738616943,2.8566846097939926e-73,18.490901947021484
gehring_L3_state,11. PEN g2/m-phase,AT3G44050,21,5.495603084564209,5.090759259382049e-73,18.45708465576172
gehring_L3_state,11. PEN g2/m-phase,AT1G72250,22,5.415965557098389,1.8956972771318267e-72,18.383399963378906
gehring_L3_state,11. PEN g2/m-phase,AT3G55630,23,6.905370235443115,1.704068766371885e-71,18.2614803314209
gehring_L3_state,11. PEN g2/m-phase,AT1G59540,24,6.13229513168335,1.1945393346899067e-68,17.897809982299805
gehring_L3_state,11. PEN g2/m-phase,AT5G63087,25,4.81866455078125,1.839441233828061e-68,17.871469497680664
gehring_L3_state,11. PEN g2/m-phase,AT4G28080,26,4.119564533233643,1.6585291451142617e-65,17.485591888427734
gehring_L3_state,11. PEN g2/m-phase,AT4G33260,27,4.042949199676514,2.833345040514796e-65,17.452882766723633
gehring_L3_state,11. PEN g2/m-phase,AT3G27330,28,4.882519245147705,2.391564671442844e-64,17.32854461669922
gehring_L3_state,11. PEN g2/m-phase,AT1G12670,29,5.025564193725586,6.182432510539142e-64,17.271804809570312
gehring_L3_state,11. PEN g2/m-phase,AT1G58055,30,4.808965682983398,2.723589278250982e-63,17.184059143066406
gehring_L3_state,11. PEN g2/m-phase,AT5G13840,31,5.813358783721924,3.3824341748363063e-62,17.03540802001953
gehring_L3_state,11. PEN g2/m-phase,AT4G35725,32,4.9953155517578125,6.407468135667782e-62,16.996131896972656
gehring_L3_state,11. PEN g2/m-phase,AT4G21270,33,5.522501468658447,6.4976517624887094e-62,16.993507385253906
gehring_L3_state,11. PEN g2/m-phase,AT2G22610,34,5.653282165527344,1.5362545993008723e-61,16.941213607788086
gehring_L3_state,11. PEN g2/m-phase,AT5G55132,35,4.618600845336914,1.6120619514335024e-61,16.936674118041992
gehring_L3_state,11. PEN g2/m-phase,AT5G06150,36,5.677459239959717,9.975818474258751e-61,16.827423095703125
gehring_L3_state,11. PEN g2/m-phase,AT5G44973,37,4.761232376098633,1.982267087539191e-60,16.785083770751953
gehring_L3_state,11. PEN g2/m-phase,AT3G54500,38,3.6296067237854004,2.740715036294737e-60,16.764253616333008
gehring_L3_state,11. PEN g2/m-phase,AT5G11530,39,3.7757532596588135,5.453188651990438e-60,16.721763610839844
gehring_L3_state,11. PEN g2/m-phase,AT3G03130,40,5.661400318145752,7.578354978964643e-59,16.562679290771484
gehring_L3_state,11. PEN g2/m-phase,AT1G13605,41,4.808168411254883,3.4491102710907965e-58,16.469770431518555
gehring_L3_state,11. PEN g2/m-phase,AT4G25530,42,4.977663040161133,5.635837568260133e-57,16.298425674438477
gehring_L3_state,11. PEN g2/m-phase,AT3G28153,43,5.554049015045166,1.2070550356570208e-56,16.2503604888916
gehring_L3_state,11. PEN g2/m-phase,AT4G14140,44,4.581162929534912,1.8246109053948474e-56,16.22359848022461
gehring_L3_state,11. PEN g2/m-phase,AT5G17160,45,4.877402305603027,3.3812956095568514e-56,16.184289932250977
gehring_L3_state,11. PEN g2/m-phase,AT3G28155,46,5.8428144454956055,4.154711826838125e-56,16.170251846313477
gehring_L3_state,11. PEN g2/m-phase,AT3G06355,47,1.6189143657684326,6.785217798245245e-56,16.138675689697266
gehring_L3_state,11. PEN g2/m-phase,AT1G68890,48,4.1018805503845215,1.2737940691622918e-54,15.955255508422852
gehring_L3_state,11. PEN g2/m-phase,AT1G03445,49,5.6695990562438965,1.2737940691622918e-54,15.954044342041016
gehring_L3_state,11. PEN g2/m-phase,AT1G43670,50,4.073528289794922,1.3147360768209973e-54,15.950806617736816
gehring_L3_state,12. FUN hil,AT3G04280,1,5.368410587310791,3.178870541015141e-151,26.57390022277832
gehring_L3_state,12. FUN hil,AT3G60160,2,5.249168872833252,4.396976947035351e-140,25.564767837524414
gehring_L3_state,12. FUN hil,AT1G71050,3,8.976827621459961,7.040043772215294e-115,23.170494079589844
gehring_L3_state,12. FUN hil,AT5G43700,4,6.728590488433838,8.892239387325933e-101,21.713735580444336
gehring_L3_state,12. FUN hil,AT3G48230,5,4.818519115447998,1.4663376591992049e-91,20.70477867126465
gehring_L3_state,12. FUN hil,AT4G40010,6,4.888870716094971,4.002773798126607e-85,19.9688720703125
gehring_L3_state,12. FUN hil,AT1G04580,7,3.9102580547332764,4.164322898358895e-82,19.610937118530273
gehring_L3_state,12. FUN hil,AT5G47370,8,5.112530708312988,1.7439796461457822e-76,18.934133529663086
gehring_L3_state,12. FUN hil,AT5G65670,9,2.5465290546417236,5.2281679577833566e-74,18.625049591064453
gehring_L3_state,12. FUN hil,AT4G37050,10,3.7157607078552246,3.332827961643957e-69,18.01727867126465
gehring_L3_state,12. FUN hil,AT5G02380,11,3.8774149417877197,4.097139556276417e-63,17.21853256225586
gehring_L3_state,12. FUN hil,AT5G59320,12,3.3645284175872803,4.840853203041548e-62,17.069923400878906
gehring_L3_state,12. FUN hil,AT1G68800,13,7.119953155517578,6.744645984863131e-57,16.359020233154297
gehring_L3_state,12. FUN hil,AT1G03170,14,7.32898473739624,7.22588114636863e-51,15.485777854919434
gehring_L3_state,12. FUN hil,AT2G16990,15,3.3514797687530518,6.819587954755823e-49,15.186029434204102
gehring_L3_state,12. FUN hil,AT5G59310,16,4.688231468200684,7.810376275419489e-48,15.021038055419922
gehring_L3_state,12. FUN hil,AT5G53460,17,2.295311212539673,3.1456141660564363e-46,14.769979476928711
gehring_L3_state,12. FUN hil,ATMG00020,18,1.1767736673355103,9.343066124805772e-46,14.692554473876953
gehring_L3_state,12. FUN hil,AT5G25220,19,2.5555434226989746,7.013144785733035e-41,13.907538414001465
gehring_L3_state,12. FUN hil,AT3G04300,20,5.136928558349609,8.623567354885615e-41,13.889069557189941
gehring_L3_state,12. FUN hil,AT4G18010,21,6.197263240814209,2.8291617650181233e-38,13.464162826538086
gehring_L3_state,12. FUN hil,AT2G46590,22,5.198068618774414,1.834675355110061e-36,13.148893356323242
gehring_L3_state,12. FUN hil,AT4G20320,23,3.28641676902771,6.739344056481112e-35,12.870100975036621
gehring_L3_state,12. FUN hil,AT4G02940,24,3.129340171813965,8.509525309841143e-34,12.669404983520508
gehring_L3_state,12. FUN hil,AT4G17670,25,2.8217220306396484,2.1705960173757e-33,12.592514038085938
gehring_L3_state,12. FUN hil,AT1G16960,26,4.847926139831543,2.6279973603555002e-33,12.574315071105957
gehring_L3_state,12. FUN hil,AT5G47060,27,2.0483508110046387,3.0077466029171665e-33,12.560657501220703
gehring_L3_state,12. FUN hil,AT1G68710,28,3.045442819595337,3.868023150113921e-33,12.537857055664062
gehring_L3_state,12. FUN hil,AT3G59010,29,3.309309959411621,1.347378789901362e-30,12.05674934387207
gehring_L3_state,12. FUN hil,AT3G21420,30,4.387111186981201,2.264955884195382e-30,12.011260986328125
gehring_L3_state,12. FUN hil,AT5G09440,31,6.145572662353516,3.397374399097783e-30,11.975135803222656
gehring_L3_state,12. FUN hil,AT1G03010,32,8.463314056396484,1.2447459385163911e-29,11.864462852478027
gehring_L3_state,12. FUN hil,AT5G02230,33,4.082657814025879,3.9583370880914207e-29,11.764792442321777
gehring_L3_state,12. FUN hil,AT3G08770,34,1.969423532485962,1.2064653049686794e-28,11.667963981628418
gehring_L3_state,12. FUN hil,AT1G80050,35,4.339332580566406,2.8068267590516244e-27,11.394709587097168
gehring_L3_state,12. FUN hil,AT4G31610,36,5.073616027832031,1.5295931040371746e-26,11.243721961975098
gehring_L3_state,12. FUN hil,AT4G09960,37,1.7761777639389038,3.320939227270151e-26,11.1727933883667
gehring_L3_state,12. FUN hil,AT5G06839,38,6.787569999694824,9.591699388328536e-25,10.867781639099121
gehring_L3_state,12. FUN hil,AT4G30270,39,3.587698459625244,1.5278248725587985e-24,10.822955131530762
gehring_L3_state,12. FUN hil,AT1G02610,40,3.6642916202545166,2.010034340655719e-24,10.79557991027832
gehring_L3_state,12. FUN hil,AT2G33480,41,2.334110736846924,2.846934137863298e-24,10.761390686035156
gehring_L3_state,12. FUN hil,AT2G39830,42,4.639762878417969,6.630125728863266e-24,10.681082725524902
gehring_L3_state,12. FUN hil,AT4G36930,43,3.3085737228393555,7.232028036460878e-24,10.670926094055176
gehring_L3_state,12. FUN hil,AT5G49520,44,6.788886547088623,1.5141526769355567e-23,10.599998474121094
gehring_L3_state,12. FUN hil,AT2G18960,45,1.7582813501358032,1.9641640956264017e-23,10.573619842529297
gehring_L3_state,12. FUN hil,AT4G36990,46,3.6135497093200684,7.217049743592676e-23,10.446961402893066
gehring_L3_state,12. FUN hil,AT4G34000,47,2.05622935295105,3.1282193839202147e-22,10.304964065551758
gehring_L3_state,12. FUN hil,AT2G41230,48,3.0945374965667725,3.550485768984125e-22,10.290875434875488
gehring_L3_state,12. FUN hil,AT1G78240,49,2.118018627166748,5.591821780179961e-22,10.245174407958984
gehring_L3_state,12. FUN hil,AT3G15353,50,4.238753318786621,1.3343348833204001e-21,10.1588716506958
gehring_L3_state,12. MCE_ESR shea promo,AT3G08900,1,10.038357734680176,0.0,46.568843841552734
gehring_L3_state,12. MCE_ESR shea promo,AT3G45130,2,9.700520515441895,0.0,46.02597427368164
gehring_L3_state,12. MCE_ESR shea promo,AT4G37050,3,7.202375888824463,0.0,45.57758712768555
gehring_L3_state,12. MCE_ESR shea promo,AT3G49050,4,7.527230262756348,0.0,45.44294738769531
gehring_L3_state,12. MCE_ESR shea promo,AT3G18080,5,7.486217975616455,0.0,45.245635986328125
gehring_L3_state,12. MCE_ESR shea promo,AT4G04460,6,8.153966903686523,0.0,45.179412841796875
gehring_L3_state,12. MCE_ESR shea promo,AT2G16990,7,7.46523904800415,0.0,44.891929626464844
gehring_L3_state,12. MCE_ESR shea promo,AT2G19110,8,7.182187080383301,0.0,44.60063934326172
gehring_L3_state,12. MCE_ESR shea promo,AT2G47650,9,7.6832733154296875,0.0,44.510379791259766
gehring_L3_state,12. MCE_ESR shea promo,AT1G09380,10,7.926321029663086,0.0,44.438560485839844
gehring_L3_state,12. MCE_ESR shea promo,AT1G23560,11,8.410171508789062,0.0,44.43184280395508
gehring_L3_state,12. MCE_ESR shea promo,AT5G50260,12,7.54319429397583,0.0,43.97118377685547
gehring_L3_state,12. MCE_ESR shea promo,AT3G48740,13,8.514065742492676,0.0,43.9282341003418
gehring_L3_state,12. MCE_ESR shea promo,AT3G58740,14,8.332045555114746,0.0,43.2192497253418
gehring_L3_state,12. MCE_ESR shea promo,AT1G67850,15,7.895198822021484,0.0,42.37603759765625
gehring_L3_state,12. MCE_ESR shea promo,AT1G33055,16,6.55349588394165,0.0,41.28561019897461
gehring_L3_state,12. MCE_ESR shea promo,AT1G62340,17,8.214310646057129,0.0,41.201026916503906
gehring_L3_state,12. MCE_ESR shea promo,AT3G52970,18,7.921788692474365,0.0,40.65283966064453
gehring_L3_state,12. MCE_ESR shea promo,AT1G33050,19,5.912643909454346,0.0,40.54529571533203
gehring_L3_state,12. MCE_ESR shea promo,AT1G10880,20,10.612135887145996,0.0,40.519344329833984
gehring_L3_state,12. MCE_ESR shea promo,AT5G27600,21,6.676913261413574,0.0,39.59632873535156
gehring_L3_state,12. MCE_ESR shea promo,AT3G26790,22,5.5547356605529785,0.0,39.43150329589844
gehring_L3_state,12. MCE_ESR shea promo,AT1G71120,23,7.707906246185303,0.0,39.31543731689453
gehring_L3_state,12. MCE_ESR shea promo,AT5G55410,24,6.6440205574035645,0.0,39.02058792114258
gehring_L3_state,12. MCE_ESR shea promo,AT4G23010,25,5.883111476898193,0.0,38.501556396484375
gehring_L3_state,12. MCE_ESR shea promo,AT1G23520,26,8.720568656921387,0.0,38.4996223449707
gehring_L3_state,12. MCE_ESR shea promo,AT1G01900,27,7.324118614196777,0.0,38.161685943603516
gehring_L3_state,12. MCE_ESR shea promo,AT1G75120,28,6.8718695640563965,2.2816822367637405e-297,37.037723541259766
gehring_L3_state,12. MCE_ESR shea promo,AT2G14690,29,9.667491912841797,4.69458948053632e-295,36.89281463623047
gehring_L3_state,12. MCE_ESR shea promo,AT3G62860,30,6.313082218170166,9.90029379819701e-294,36.80925369262695
gehring_L3_state,12. MCE_ESR shea promo,AT1G01140,31,5.710964679718018,3.605969279941561e-293,36.773284912109375
gehring_L3_state,12. MCE_ESR shea promo,AT1G23510,32,8.14793586730957,7.484812569992659e-293,36.75259780883789
gehring_L3_state,12. MCE_ESR shea promo,AT1G28700,33,8.940434455871582,1.1553521281453952e-291,36.67729949951172
gehring_L3_state,12. MCE_ESR shea promo,AT1G48930,34,6.7061381340026855,3.346501925226679e-287,36.39552307128906
gehring_L3_state,12. MCE_ESR shea promo,AT5G07200,35,5.139876365661621,1.2477868805702534e-286,36.35859680175781
gehring_L3_state,12. MCE_ESR shea promo,AT1G11190,36,7.681169033050537,2.2658896827219804e-285,36.278079986572266
gehring_L3_state,12. MCE_ESR shea promo,AT4G35750,37,4.2434797286987305,6.50607914309075e-278,35.801204681396484
gehring_L3_state,12. MCE_ESR shea promo,AT5G57920,38,6.6558942794799805,1.4264108071211709e-276,35.71419906616211
gehring_L3_state,12. MCE_ESR shea promo,AT1G71250,39,6.233609676361084,7.818001690917228e-276,35.66585922241211
gehring_L3_state,12. MCE_ESR shea promo,AT1G55970,40,5.630298614501953,3.753267212325628e-275,35.62118911743164
gehring_L3_state,12. MCE_ESR shea promo,AT5G07290,41,5.530219554901123,5.262710573384295e-274,35.546363830566406
gehring_L3_state,12. MCE_ESR shea promo,AT2G41040,42,6.722063064575195,1.45266681147339e-271,35.387351989746094
gehring_L3_state,12. MCE_ESR shea promo,AT2G02100,43,4.471686840057373,4.356466436061817e-264,34.89719009399414
gehring_L3_state,12. MCE_ESR shea promo,AT3G11930,44,6.449711322784424,1.2690265838506403e-260,34.667396545410156
gehring_L3_state,12. MCE_ESR shea promo,AT2G34510,45,7.7411041259765625,4.153822794395051e-258,34.49945068359375
gehring_L3_state,12. MCE_ESR shea promo,AT3G43690,46,4.712478160858154,7.203096194894384e-254,34.214969635009766
gehring_L3_state,12. MCE_ESR shea promo,AT5G13170,47,5.972782135009766,1.4644645498292528e-245,33.65107345581055
gehring_L3_state,12. MCE_ESR shea promo,AT1G56170,48,4.326898097991943,1.6633140831416998e-242,33.4409294128418
gehring_L3_state,12. MCE_ESR shea promo,AT2G45830,49,8.627601623535156,6.674139875104386e-234,32.8431282043457
gehring_L3_state,12. MCE_ESR shea promo,AT5G28640,50,5.323711395263672,4.986722480686656e-231,32.640045166015625
gehring_L3_state,12. PEN gen I,AT3G51740,1,7.716153144836426,0.0,60.29252624511719
gehring_L3_state,12. PEN gen I,AT4G28365,2,5.335459232330322,0.0,56.638023376464844
gehring_L3_state,12. PEN gen I,AT4G31840,3,6.043623924255371,0.0,52.617767333984375
gehring_L3_state,12. PEN gen I,AT1G63100,4,7.1022844314575195,0.0,52.41215896606445
gehring_L3_state,12. PEN gen I,AT1G30690,5,5.242628574371338,0.0,51.599544525146484
gehring_L3_state,12. PEN gen I,AT3G54320,6,4.318570137023926,0.0,49.70255661010742
gehring_L3_state,12. PEN gen I,AT4G33330,7,5.3846354484558105,0.0,49.40187072753906
gehring_L3_state,12. PEN gen I,AT1G11070,8,4.7356414794921875,0.0,48.94667434692383
gehring_L3_state,12. PEN gen I,AT4G35730,9,5.408479690551758,0.0,48.5974006652832
gehring_L3_state,12. PEN gen I,AT2G22660,10,3.748408317565918,0.0,48.42817306518555
gehring_L3_state,12. PEN gen I,AT5G50090,11,5.031677722930908,0.0,48.3315315246582
gehring_L3_state,12. PEN gen I,AT1G04425,12,6.7259721755981445,0.0,48.31184387207031
gehring_L3_state,12. PEN gen I,AT3G14205,13,4.142358779907227,0.0,47.46943283081055
gehring_L3_state,12. PEN gen I,AT2G32440,14,5.1924028396606445,0.0,47.42781448364258
gehring_L3_state,12. PEN gen I,AT4G32490,15,4.312219619750977,0.0,46.57474136352539
gehring_L3_state,12. PEN gen I,AT2G35880,16,4.35371208190918,0.0,46.243927001953125
gehring_L3_state,12. PEN gen I,AT4G33270,17,5.140006065368652,0.0,46.14833450317383
gehring_L3_state,12. PEN gen I,AT5G50740,18,5.705997467041016,0.0,44.80266571044922
gehring_L3_state,12. PEN gen I,AT1G78520,19,4.868984222412109,0.0,44.58819580078125
gehring_L3_state,12. PEN gen I,AT1G55810,20,3.728036403656006,0.0,44.553768157958984
gehring_L3_state,12. PEN gen I,AT1G08560,21,5.272599220275879,0.0,44.46792984008789
gehring_L3_state,12. PEN gen I,AT2G16586,22,2.9610400199890137,0.0,43.427669525146484
gehring_L3_state,12. PEN gen I,AT2G02100,23,3.683825731277466,0.0,43.14391326904297
gehring_L3_state,12. PEN gen I,AT1G78760,24,4.306791305541992,0.0,43.140743255615234
gehring_L3_state,12. PEN gen I,AT1G03470,25,5.207523345947266,0.0,42.886634826660156
gehring_L3_state,12. PEN gen I,AT2G25060,26,5.295405864715576,0.0,42.44809341430664
gehring_L3_state,12. PEN gen I,AT2G32370,27,5.510078430175781,0.0,42.42354202270508
gehring_L3_state,12. PEN gen I,AT2G42110,28,5.969997882843018,0.0,40.52100372314453
gehring_L3_state,12. PEN gen I,AT5G07260,29,4.087469100952148,0.0,40.18041229248047
gehring_L3_state,12. PEN gen I,AT1G04380,30,3.9699156284332275,0.0,39.954071044921875
gehring_L3_state,12. PEN gen I,AT3G06355,31,1.1552056074142456,0.0,39.283775329589844
gehring_L3_state,12. PEN gen I,AT4G14140,32,4.1926751136779785,0.0,38.37623596191406
gehring_L3_state,12. PEN gen I,AT1G34260,33,3.712113380432129,0.0,38.362152099609375
gehring_L3_state,12. PEN gen I,AT1G19450,34,3.519761800765991,0.0,38.3116455078125
gehring_L3_state,12. PEN gen I,AT1G12080,35,4.033899307250977,0.0,38.288246154785156
gehring_L3_state,12. PEN gen I,AT1G34250,36,5.470639228820801,0.0,37.71634292602539
gehring_L3_state,12. PEN gen I,AT3G52110,37,4.099567413330078,2.3657184370793455e-298,37.0915412902832
gehring_L3_state,12. PEN gen I,AT5G17800,38,4.430755615234375,2.1859750705949786e-289,36.53042984008789
gehring_L3_state,12. PEN gen I,AT4G02830,39,4.934258937835693,2.8025894042483072e-283,36.14297866821289
gehring_L3_state,12. PEN gen I,AT3G25980,40,4.866127967834473,2.744905647934034e-278,35.82316589355469
gehring_L3_state,12. PEN gen I,AT5G63700,41,3.1801342964172363,9.782267746197345e-275,35.593631744384766
gehring_L3_state,12. PEN gen I,AT1G32540,42,4.292945384979248,6.580001781018923e-273,35.47462463378906
gehring_L3_state,12. PEN gen I,AT1G71690,43,2.7624218463897705,7.49707941211032e-270,35.27517318725586
gehring_L3_state,12. PEN gen I,AT1G15290,44,3.007401466369629,5.819038415415568e-268,35.15105056762695
gehring_L3_state,12. PEN gen I,AT4G21430,45,3.1202588081359863,6.135925230524123e-267,35.08340072631836
gehring_L3_state,12. PEN gen I,AT4G02020,46,2.8586041927337646,2.2811987067669307e-262,34.78178024291992
gehring_L3_state,12. PEN gen I,AT2G20825,47,4.382414817810059,1.3837635407889096e-255,34.3295783996582
gehring_L3_state,12. PEN gen I,AT1G56170,48,2.711458206176758,3.461367583311055e-239,33.21186828613281
gehring_L3_state,12. PEN gen I,AT1G77580,49,3.309793472290039,5.860680872000562e-237,33.056522369384766
gehring_L3_state,12. PEN gen I,AT4G25070,50,4.237838268280029,1.592860983827728e-231,32.67555236816406
gehring_L3_state,13. FUN epid,AT2G22990,1,5.886268138885498,1.6214394088524858e-50,15.603075981140137
gehring_L3_state,13. FUN epid,AT1G29930,2,3.209476947784424,2.34782862507745e-47,15.081562042236328
gehring_L3_state,13. FUN epid,AT5G59310,3,5.146230220794678,2.34782862507745e-47,15.058993339538574
gehring_L3_state,13. FUN epid,AT2G34420,4,3.455336093902588,3.1408257619009002e-46,14.867284774780273
gehring_L3_state,13. FUN epid,AT5G59320,5,3.478311061859131,3.94825099338923e-46,14.836992263793945
gehring_L3_state,13. FUN epid,AT3G20470,6,2.9302191734313965,6.487141239419602e-43,14.318991661071777
gehring_L3_state,13. FUN epid,AT1G72150,7,3.720212936401367,6.367064110309364e-42,14.148538589477539
gehring_L3_state,13. FUN epid,AT2G32690,8,4.064703941345215,4.0893520106340934e-36,13.15799617767334
gehring_L3_state,13. FUN epid,AT1G67090,9,2.6669228076934814,4.0893520106340934e-36,13.155871391296387
gehring_L3_state,13. FUN epid,AT2G21140,10,10.31351089477539,8.893416693815962e-35,12.912941932678223
gehring_L3_state,13. FUN epid,ATMG00020,11,1.4616347551345825,2.0166122584372524e-34,12.842386245727539
gehring_L3_state,13. FUN epid,AT5G38410,12,5.464823246002197,1.4855087582521052e-33,12.680068969726562
gehring_L3_state,13. FUN epid,AT3G04730,13,3.980748414993286,7.173785617274833e-32,12.366044998168945
gehring_L3_state,13. FUN epid,AT5G22920,14,4.688763618469238,1.1677577258196765e-31,12.320860862731934
gehring_L3_state,13. FUN epid,AT5G25280,15,2.8009352684020996,4.1872494469222745e-28,11.636534690856934
gehring_L3_state,13. FUN epid,ATCG00490,16,2.592254877090454,7.00366859431631e-28,11.584875106811523
gehring_L3_state,13. FUN epid,AT3G17390,17,2.3096470832824707,7.00366859431631e-28,11.581844329833984
gehring_L3_state,13. FUN epid,AT3G23450,18,2.6299076080322266,7.580050125312672e-28,11.570160865783691
gehring_L3_state,13. FUN epid,AT3G05880,19,3.9219658374786377,6.3329196383620295e-27,11.381878852844238
gehring_L3_state,13. FUN epid,AT3G47470,20,2.707472324371338,4.030858783048368e-26,11.214816093444824
gehring_L3_state,13. FUN epid,AT5G54270,21,2.8635826110839844,1.9218731394779424e-25,11.071407318115234
gehring_L3_state,13. FUN epid,AT4G22570,22,3.503798007965088,2.005642747602021e-25,11.063413619995117
gehring_L3_state,13. FUN epid,AT2G14890,23,2.470454216003418,2.915645296414325e-24,10.81360912322998
gehring_L3_state,13. FUN epid,AT1G75900,24,2.971998929977417,2.915645296414325e-24,10.812675476074219
gehring_L3_state,13. FUN epid,ATMG01390,25,2.4523539543151855,2.915645296414325e-24,10.809061050415039
gehring_L3_state,13. FUN epid,AT1G12090,26,2.563189744949341,1.4279759556237293e-23,10.658677101135254
gehring_L3_state,13. FUN epid,AT4G38400,27,6.468896389007568,1.5349373912059927e-22,10.431900978088379
gehring_L3_state,13. FUN epid,AT3G23050,28,8.729955673217773,8.608523477660684e-22,10.263298988342285
gehring_L3_state,13. FUN epid,AT2G30810,29,2.483893871307373,1.165596549057778e-21,10.23060417175293
gehring_L3_state,13. FUN epid,AT1G79040,30,2.459693193435669,2.0928182076926335e-21,10.170470237731934
gehring_L3_state,13. FUN epid,AT3G43720,31,2.6647489070892334,2.90052597518366e-21,10.135428428649902
gehring_L3_state,13. FUN epid,AT4G16860,32,5.017110824584961,5.553372278316194e-21,10.068632125854492
gehring_L3_state,13. FUN epid,AT5G24770,33,7.253825664520264,1.7965996971182603e-20,9.949423789978027
gehring_L3_state,13. FUN epid,AT5G25610,34,2.776928186416626,2.4197678474367066e-20,9.916764259338379
gehring_L3_state,13. FUN epid,AT2G41430,35,1.8605070114135742,3.884833362978103e-20,9.866477966308594
gehring_L3_state,13. FUN epid,ATCG00670,36,2.0070953369140625,5.170476393351366e-20,9.834916114807129
gehring_L3_state,13. FUN epid,AT5G24780,37,6.047595500946045,6.477207460945566e-19,9.574318885803223
gehring_L3_state,13. FUN epid,AT5G57800,38,5.778902530670166,9.61126088714692e-19,9.529653549194336
gehring_L3_state,13. FUN epid,AT3G54890,39,2.7479264736175537,9.61126088714692e-19,9.527984619140625
gehring_L3_state,13. FUN epid,AT1G65960,40,5.8262457847595215,1.6002564541083551e-18,9.469808578491211
gehring_L3_state,13. FUN epid,AT4G10340,41,2.4602389335632324,1.6002564541083551e-18,9.469681739807129
gehring_L3_state,13. FUN epid,AT1G13930,42,4.922350883483887,1.8113087280217852e-18,9.45421028137207
gehring_L3_state,13. FUN epid,AT5G57560,43,3.0557069778442383,2.8444609086181424e-18,9.404399871826172
gehring_L3_state,13. FUN epid,ATCG00470,44,2.2103495597839355,3.41290641007171e-18,9.382796287536621
gehring_L3_state,13. FUN epid,AT1G20620,45,3.7338950634002686,6.63381134498424e-18,9.310097694396973
gehring_L3_state,13. FUN epid,AT4G35100,46,3.539834976196289,8.925744867514111e-18,9.276183128356934
gehring_L3_state,13. FUN epid,AT1G29920,47,2.799954414367676,9.122376318153414e-18,9.271567344665527
gehring_L3_state,13. FUN epid,AT1G41830,48,5.981359004974365,9.56479648263081e-18,9.26426887512207
gehring_L3_state,13. FUN epid,AT4G31800,49,3.9012291431427,1.8265482435158243e-17,9.192754745483398
gehring_L3_state,13. FUN epid,AT5G66570,50,2.0485172271728516,2.39435722985987e-17,9.161420822143555
gehring_L3_state,13. MCE_ESR high pcd,AT4G04460,1,8.680488586425781,0.0,44.30337905883789
gehring_L3_state,13. MCE_ESR high pcd,AT2G25940,2,8.798568725585938,0.0,43.31397247314453
gehring_L3_state,13. MCE_ESR high pcd,AT1G11190,3,9.922927856445312,0.0,43.23631286621094
gehring_L3_state,13. MCE_ESR high pcd,AT5G50260,4,7.983501434326172,0.0,43.15081787109375
gehring_L3_state,13. MCE_ESR high pcd,AT3G58740,5,8.881021499633789,0.0,42.7345085144043
gehring_L3_state,13. MCE_ESR high pcd,AT1G23560,6,8.318743705749512,0.0,42.71236801147461
gehring_L3_state,13. MCE_ESR high pcd,AT1G23620,7,11.257762908935547,0.0,41.58116149902344
gehring_L3_state,13. MCE_ESR high pcd,AT4G37050,8,6.601391315460205,0.0,41.305992126464844
gehring_L3_state,13. MCE_ESR high pcd,AT1G09380,9,7.767250061035156,0.0,41.0738639831543
gehring_L3_state,13. MCE_ESR high pcd,AT3G48740,10,8.086566925048828,0.0,41.01742172241211
gehring_L3_state,13. MCE_ESR high pcd,AT3G26790,11,6.140796184539795,0.0,40.329017639160156
gehring_L3_state,13. MCE_ESR high pcd,AT1G23520,12,9.159513473510742,0.0,39.90412521362305
gehring_L3_state,13. MCE_ESR high pcd,AT1G71120,13,8.068056106567383,0.0,38.85670852661133
gehring_L3_state,13. MCE_ESR high pcd,AT3G11930,14,7.654518127441406,0.0,38.638031005859375
gehring_L3_state,13. MCE_ESR high pcd,AT1G33050,15,5.840249538421631,0.0,37.900856018066406
gehring_L3_state,13. MCE_ESR high pcd,AT2G23410,16,7.334116458892822,3.1030913766145578e-294,36.857025146484375
gehring_L3_state,13. MCE_ESR high pcd,AT3G45010,17,6.613600730895996,5.967825966503595e-291,36.64988327026367
gehring_L3_state,13. MCE_ESR high pcd,AT1G33055,18,6.2495646476745605,1.7557312833932524e-290,36.61897277832031
gehring_L3_state,13. MCE_ESR high pcd,AT4G22920,19,6.55942440032959,2.208675237223061e-286,36.35905838012695
gehring_L3_state,13. MCE_ESR high pcd,AT5G51490,20,7.18952751159668,7.754138394868862e-285,36.259788513183594
gehring_L3_state,13. MCE_ESR high pcd,AT1G01900,21,7.255642890930176,1.3578424451160748e-284,36.243064880371094
gehring_L3_state,13. MCE_ESR high pcd,AT3G45130,22,7.668059349060059,1.0904483478274958e-282,36.12071228027344
gehring_L3_state,13. MCE_ESR high pcd,AT2G16990,23,5.807474613189697,3.2149086481924794e-275,35.64054870605469
gehring_L3_state,13. MCE_ESR high pcd,AT1G23570,24,9.82174301147461,1.1480968089240037e-268,35.213836669921875
gehring_L3_state,13. MCE_ESR high pcd,AT2G23400,25,8.43552017211914,1.0587946055979057e-265,35.01847457885742
gehring_L3_state,13. MCE_ESR high pcd,AT2G23790,26,4.112935543060303,7.0204228306114265e-258,34.49968338012695
gehring_L3_state,13. MCE_ESR high pcd,AT1G26820,27,9.63876724243164,3.0486164640903846e-256,34.38924026489258
gehring_L3_state,13. MCE_ESR high pcd,AT4G36648,28,2.4279987812042236,1.7824424067155844e-255,34.33687210083008
gehring_L3_state,13. MCE_ESR high pcd,AT2G19110,29,5.458218097686768,5.870352609107152e-253,34.166778564453125
gehring_L3_state,13. MCE_ESR high pcd,AT4G08290,30,8.346952438354492,1.545243589492981e-244,33.59404373168945
gehring_L3_state,13. MCE_ESR high pcd,AT1G23590,31,8.293211936950684,1.6683483263130034e-239,33.24662399291992
gehring_L3_state,13. MCE_ESR high pcd,AT1G23510,32,7.525434970855713,3.745615669280978e-230,32.59220886230469
gehring_L3_state,13. MCE_ESR high pcd,AT3G52970,33,6.6753034591674805,1.443512032275909e-226,32.33720016479492
gehring_L3_state,13. MCE_ESR high pcd,AT2G40670,34,7.4955525398254395,4.6308223146493645e-225,32.228973388671875
gehring_L3_state,13. MCE_ESR high pcd,AT5G03820,35,6.003318786621094,1.432916642808377e-221,31.977981567382812
gehring_L3_state,13. MCE_ESR high pcd,AT1G62310,36,3.5462806224823,7.595715332596241e-215,31.489686965942383
gehring_L3_state,13. MCE_ESR high pcd,AT5G55410,37,5.644052982330322,6.962520928588595e-212,31.271705627441406
gehring_L3_state,13. MCE_ESR high pcd,AT5G04040,38,6.08301305770874,3.493698953750063e-205,30.774057388305664
gehring_L3_state,13. MCE_ESR high pcd,AT1G55810,39,4.065488815307617,1.5452606502189945e-196,30.118471145629883
gehring_L3_state,13. MCE_ESR high pcd,AT3G26100,40,3.5314180850982666,3.0327091776162185e-195,30.018796920776367
gehring_L3_state,13. MCE_ESR high pcd,AT1G01070,41,8.174394607543945,2.818175130054604e-190,29.634925842285156
gehring_L3_state,13. MCE_ESR high pcd,AT2G32240,42,4.204135894775391,1.7449559174296002e-186,29.338403701782227
gehring_L3_state,13. MCE_ESR high pcd,AT4G35750,43,3.6279404163360596,2.949823767034699e-185,29.241228103637695
gehring_L3_state,13. MCE_ESR high pcd,AT5G47060,44,3.4153404235839844,4.145994167902343e-183,29.07106590270996
gehring_L3_state,13. MCE_ESR high pcd,AT1G73370,45,7.527783393859863,4.391041928516728e-182,28.98914337158203
gehring_L3_state,13. MCE_ESR high pcd,AT4G03510,46,5.62277364730835,8.212649597193472e-181,28.887346267700195
gehring_L3_state,13. MCE_ESR high pcd,AT5G13170,47,5.491578578948975,4.9116184704560494e-177,28.584381103515625
gehring_L3_state,13. MCE_ESR high pcd,AT3G62860,48,5.239371299743652,2.363688204339751e-171,28.122793197631836
gehring_L3_state,13. MCE_ESR high pcd,AT4G32440,49,4.844972610473633,1.984199311858186e-170,28.04644203186035
gehring_L3_state,13. MCE_ESR high pcd,AT4G39090,50,3.4140915870666504,2.994517774725827e-166,27.701005935668945
gehring_L3_state,13. PEN g2/m-phase,AT3G23890,1,6.572548866271973,0.0,42.48057556152344
gehring_L3_state,13. PEN g2/m-phase,AT4G23800,2,7.181694030761719,0.0,42.431915283203125
gehring_L3_state,13. PEN g2/m-phase,AT1G72250,3,6.814983367919922,0.0,40.72235107421875
gehring_L3_state,13. PEN g2/m-phase,AT4G11080,4,7.634530544281006,0.0,40.198543548583984
gehring_L3_state,13. PEN g2/m-phase,AT3G44050,5,6.970489501953125,0.0,40.17502975463867
gehring_L3_state,13. PEN g2/m-phase,AT5G60930,6,6.489686489105225,0.0,39.47014617919922
gehring_L3_state,13. PEN g2/m-phase,AT3G44765,7,7.893796443939209,0.0,38.10268783569336
gehring_L3_state,13. PEN g2/m-phase,AT3G19050,8,6.4025349617004395,0.0,38.062679290771484
gehring_L3_state,13. PEN g2/m-phase,AT3G44770,9,7.2398552894592285,8.558854585041362e-292,36.72166061401367
gehring_L3_state,13. PEN g2/m-phase,AT2G28620,10,6.060134410858154,1.8184437056286246e-289,36.572669982910156
gehring_L3_state,13. PEN g2/m-phase,AT4G05190,11,6.672515869140625,3.0016153357575883e-277,35.793128967285156
gehring_L3_state,13. PEN g2/m-phase,AT3G20150,12,6.998886585235596,4.885477154183784e-275,35.648250579833984
gehring_L3_state,13. PEN g2/m-phase,AT1G34460,13,4.066045761108398,3.6467515769284375e-271,35.3951416015625
gehring_L3_state,13. PEN g2/m-phase,AT4G02830,14,5.7799787521362305,4.4250654755288375e-264,34.92951583862305
gehring_L3_state,13. PEN g2/m-phase,AT4G28365,15,4.4765520095825195,5.4220338629018696e-263,34.85578536987305
gehring_L3_state,13. PEN g2/m-phase,AT5G17160,16,6.068243503570557,7.312163261428142e-256,34.38007736206055
gehring_L3_state,13. PEN g2/m-phase,AT3G44769,17,7.554341793060303,9.046020011241912e-251,34.035823822021484
gehring_L3_state,13. PEN g2/m-phase,AT5G55520,18,7.414095878601074,8.388034325336802e-249,33.900909423828125
gehring_L3_state,13. PEN g2/m-phase,AT1G33660,19,5.656961917877197,2.1790670041441142e-246,33.735050201416016
gehring_L3_state,13. PEN g2/m-phase,AT3G14205,20,3.838090658187866,3.791145680533332e-245,33.64882278442383
gehring_L3_state,13. PEN g2/m-phase,AT3G46616,21,6.791858673095703,6.287598121690207e-245,33.63235092163086
gehring_L3_state,13. PEN g2/m-phase,AT1G33615,22,5.505435466766357,2.695363526881862e-243,33.519134521484375
gehring_L3_state,13. PEN g2/m-phase,AT4G31840,23,5.0139946937561035,6.674978039052322e-238,33.145530700683594
gehring_L3_state,13. PEN g2/m-phase,AT2G25060,24,5.375970363616943,2.7734667297548104e-234,32.89213180541992
gehring_L3_state,13. PEN g2/m-phase,AT4G33270,25,5.53829288482666,1.2395176131994447e-232,32.7752685546875
gehring_L3_state,13. PEN g2/m-phase,AT3G28153,26,6.499148845672607,1.916025549575839e-231,32.69049835205078
gehring_L3_state,13. PEN g2/m-phase,AT1G11070,27,4.27620792388916,2.8580755018261576e-229,32.53601837158203
gehring_L3_state,13. PEN g2/m-phase,AT5G05180,28,5.489104747772217,1.3934612971036483e-227,32.41532897949219
gehring_L3_state,13. PEN g2/m-phase,AT3G51740,29,5.312813758850098,3.080485761727411e-222,32.03271484375
gehring_L3_state,13. PEN g2/m-phase,AT1G59540,30,6.70818567276001,1.0511741260920954e-220,31.921371459960938
gehring_L3_state,13. PEN g2/m-phase,AT4G14330,31,5.759680271148682,4.872753407233984e-214,31.436290740966797
gehring_L3_state,13. PEN g2/m-phase,AT4G01730,32,6.876803874969482,7.758357713722922e-214,31.42049789428711
gehring_L3_state,13. PEN g2/m-phase,AT1G77580,33,4.021645545959473,4.187572783675063e-210,31.145084381103516
gehring_L3_state,13. PEN g2/m-phase,AT2G22610,34,6.25006103515625,9.746502818839383e-207,30.894458770751953
gehring_L3_state,13. PEN g2/m-phase,AT1G08560,35,4.849539756774902,3.0006485949207114e-202,30.55751609802246
gehring_L3_state,13. PEN g2/m-phase,AT3G54320,36,3.5939254760742188,1.3229534573324724e-201,30.508056640625
gehring_L3_state,13. PEN g2/m-phase,AT4G38062,37,6.63740873336792,4.461247465581022e-201,30.467330932617188
gehring_L3_state,13. PEN g2/m-phase,AT2G36200,38,5.220424175262451,1.4139024008349108e-197,30.200990676879883
gehring_L3_state,13. PEN g2/m-phase,AT4G21270,39,5.692721366882324,1.8783249159137192e-197,30.190736770629883
gehring_L3_state,13. PEN g2/m-phase,AT2G37420,40,6.171586036682129,4.2060705656792635e-196,30.086862564086914
gehring_L3_state,13. PEN g2/m-phase,AT3G44763,41,7.363287925720215,3.6127674161979326e-195,30.014558792114258
gehring_L3_state,13. PEN g2/m-phase,AT5G62550,42,6.180601596832275,2.9413093933760584e-193,29.866975784301758
gehring_L3_state,13. PEN g2/m-phase,AT1G20930,43,6.106867790222168,1.6867621609351224e-192,29.80771827697754
gehring_L3_state,13. PEN g2/m-phase,AT3G25980,44,5.035599708557129,8.138476184086986e-192,29.754159927368164
gehring_L3_state,13. PEN g2/m-phase,AT2G29550,45,3.6900641918182373,1.2864625496921005e-190,29.660587310791016
gehring_L3_state,13. PEN g2/m-phase,AT3G58650,46,7.086945056915283,5.461229845267595e-190,29.61111831665039
gehring_L3_state,13. PEN g2/m-phase,AT4G32490,47,3.8240249156951904,2.3471337905562587e-186,29.326828002929688
gehring_L3_state,13. PEN g2/m-phase,AT5G23910,48,6.120335578918457,2.7930517983923546e-178,28.685808181762695
gehring_L3_state,13. PEN g2/m-phase,AT3G46614,49,5.303838729858398,2.028339198731278e-174,28.37384796142578
gehring_L3_state,13. PEN g2/m-phase,AT3G28155,50,6.35107421875,2.22554822440993e-174,28.369871139526367
gehring_L3_state,14. FUN cc,AT3G19550,1,10.40294075012207,4.547570703143584e-26,11.466413497924805
gehring_L3_state,14. FUN cc,AT5G02600,2,7.794888496398926,5.2737669534927746e-20,10.119818687438965
gehring_L3_state,14. FUN cc,AT3G04280,3,5.310412406921387,1.889123736652034e-19,9.953909873962402
gehring_L3_state,14. FUN cc,AT3G15353,4,7.620473384857178,6.514821730000831e-19,9.800989151000977
gehring_L3_state,14. FUN cc,AT4G10120,5,6.241592884063721,6.628179318865439e-18,9.540762901306152
gehring_L3_state,14. FUN cc,AT1G22710,6,7.097355842590332,6.894134553129983e-18,9.517749786376953
gehring_L3_state,14. FUN cc,AT4G24450,7,10.206649780273438,9.678011928145571e-18,9.46633529663086
gehring_L3_state,14. FUN cc,AT5G04080,8,8.872518539428711,1.1814590317124573e-17,9.431473731994629
gehring_L3_state,14. FUN cc,AT5G20830,9,5.107137680053711,9.469155653099877e-17,9.198020935058594
gehring_L3_state,14. FUN cc,AT1G66200,10,5.865537643432617,4.3369432862693096e-16,9.021491050720215
gehring_L3_state,14. FUN cc,AT4G19840,11,11.320863723754883,5.448864096313166e-16,8.985984802246094
gehring_L3_state,14. FUN cc,AT1G54410,12,4.290091514587402,1.108485006610288e-15,8.897909164428711
gehring_L3_state,14. FUN cc,AT5G02380,13,5.362881660461426,2.2142042901177367e-15,8.811803817749023
gehring_L3_state,14. FUN cc,AT5G64240,14,12.172800064086914,3.609979893194132e-15,8.74139404296875
gehring_L3_state,14. FUN cc,AT3G21600,15,11.893975257873535,3.609979893194132e-15,8.740701675415039
gehring_L3_state,14. FUN cc,AT2G18960,16,3.4655773639678955,4.0789334955181155e-15,8.719590187072754
gehring_L3_state,14. FUN cc,AT5G57350,17,5.337003707885742,6.5721397386382505e-15,8.658504486083984
gehring_L3_state,14. FUN cc,AT2G28810,18,7.452549457550049,1.0864836150318224e-14,8.591014862060547
gehring_L3_state,14. FUN cc,AT4G37180,19,5.179474830627441,1.0864836150318224e-14,8.58823299407959
gehring_L3_state,14. FUN cc,AT5G66440,20,5.310603618621826,1.228744364450927e-13,8.298834800720215
gehring_L3_state,14. FUN cc,AT2G46630,21,12.074149131774902,1.8684307508842451e-13,8.242127418518066
gehring_L3_state,14. FUN cc,AT1G68170,22,5.7696852684021,1.8684307508842451e-13,8.2374906539917
gehring_L3_state,14. FUN cc,AT1G65480,23,10.348542213439941,2.1045517839277992e-13,8.21790599822998
gehring_L3_state,14. FUN cc,AT1G31770,24,7.533015251159668,3.747793138045863e-13,8.1432466506958
gehring_L3_state,14. FUN cc,AT2G23950,25,6.324211597442627,1.197260588719555e-12,7.996452808380127
gehring_L3_state,14. FUN cc,AT5G54940,26,4.720559120178223,1.652467337816999e-12,7.95180606842041
gehring_L3_state,14. FUN cc,AT1G19835,27,3.5572245121002197,4.633589700742972e-12,7.818341255187988
gehring_L3_state,14. FUN cc,AT5G27690,28,11.911067962646484,8.16351153228557e-12,7.742094993591309
gehring_L3_state,14. FUN cc,AT3G16340,29,6.41623592376709,3.610295562013296e-11,7.546262264251709
gehring_L3_state,14. FUN cc,ATMG00020,30,1.8094598054885864,5.026776550970876e-11,7.498570442199707
gehring_L3_state,14. FUN cc,AT4G38740,31,5.034061431884766,7.19624315152465e-11,7.447063446044922
gehring_L3_state,14. FUN cc,AT5G22090,32,7.766110420227051,8.365137504502961e-11,7.422970294952393
gehring_L3_state,14. FUN cc,AT5G47370,33,4.915918350219727,1.361089361196803e-10,7.3541388511657715
gehring_L3_state,14. FUN cc,AT1G78580,34,4.577428817749023,1.8570107069602989e-10,7.308509349822998
gehring_L3_state,14. FUN cc,AT2G39830,35,5.938961029052734,2.833134536397153e-10,7.244143486022949
gehring_L3_state,14. FUN cc,AT5G43380,36,12.18393611907959,2.833134536397153e-10,7.243779182434082
gehring_L3_state,14. FUN cc,AT3G02470,37,2.261610269546509,3.002104017971101e-10,7.232203483581543
gehring_L3_state,14. FUN cc,AT4G19200,38,3.7810654640197754,3.780937191101606e-10,7.197185516357422
gehring_L3_state,14. FUN cc,AT1G75390,39,2.676571846008301,4.1680560133528114e-10,7.18032693862915
gehring_L3_state,14. FUN cc,AT4G29100,40,4.876138687133789,1.5882470758288952e-09,6.9915852546691895
gehring_L3_state,14. FUN cc,AT4G02940,41,3.9520342350006104,1.941920954212378e-09,6.95985221862793
gehring_L3_state,14. FUN cc,AT2G31960,42,3.0657055377960205,2.1371992598694316e-09,6.942938327789307
gehring_L3_state,14. FUN cc,AT2G27030,43,4.115362644195557,6.889239997998269e-09,6.77231502532959
gehring_L3_state,14. FUN cc,AT4G26640,44,4.297321796417236,8.040984963182243e-09,6.746584415435791
gehring_L3_state,14. FUN cc,AT1G67870,45,10.421789169311523,8.451397722364509e-09,6.736088275909424
gehring_L3_state,14. FUN cc,AT1G07640,46,5.766388893127441,8.60090914660535e-09,6.7280049324035645
gehring_L3_state,14. FUN cc,AT4G34560,47,9.356668472290039,8.60090914660535e-09,6.7272114753723145
gehring_L3_state,14. FUN cc,AT2G22480,48,4.044595718383789,1.0591921307664281e-08,6.6937575340271
gehring_L3_state,14. FUN cc,AT5G20700,49,3.0805420875549316,1.3438098582163687e-08,6.655828475952148
gehring_L3_state,14. FUN cc,AT1G31812,50,3.0838370323181152,1.639830082976322e-08,6.623504638671875
gehring_L3_state,14. MCE_ESR gen,AT4G04460,1,7.374185562133789,2.0640780230502117e-242,33.550575256347656
gehring_L3_state,14. MCE_ESR gen,AT1G56170,2,5.490833759307861,2.1802547735612428e-238,33.25270462036133
gehring_L3_state,14. MCE_ESR gen,AT3G26790,3,6.053414821624756,5.221885448559128e-233,32.86612319946289
gehring_L3_state,14. MCE_ESR gen,AT4G37050,4,6.144313812255859,3.396887294354021e-229,32.58930969238281
gehring_L3_state,14. MCE_ESR gen,AT3G58740,5,7.574920177459717,1.352647618428587e-225,32.32728958129883
gehring_L3_state,14. MCE_ESR gen,AT1G55810,6,4.920933723449707,1.8394133777159966e-210,31.226045608520508
gehring_L3_state,14. MCE_ESR gen,AT1G33050,7,5.596541881561279,9.117761454688728e-207,30.947673797607422
gehring_L3_state,14. MCE_ESR gen,AT1G33055,8,6.022218227386475,1.311063951044929e-205,30.857181549072266
gehring_L3_state,14. MCE_ESR gen,AT5G38160,9,5.338418006896973,1.292677632382517e-197,30.251554489135742
gehring_L3_state,14. MCE_ESR gen,AT1G23560,10,6.5877532958984375,4.460352528821928e-194,29.977848052978516
gehring_L3_state,14. MCE_ESR gen,AT5G07200,11,5.17779016494751,1.0144917482914382e-186,29.404754638671875
gehring_L3_state,14. MCE_ESR gen,AT2G44470,12,4.239833831787109,8.893864326053058e-178,28.693748474121094
gehring_L3_state,14. MCE_ESR gen,AT3G45130,13,7.026525974273682,1.5406315347131372e-177,28.671829223632812
gehring_L3_state,14. MCE_ESR gen,AT3G11180,14,5.9266486167907715,2.937724216744434e-174,28.404890060424805
gehring_L3_state,14. MCE_ESR gen,AT2G25940,15,6.290623664855957,1.4841402206008967e-169,28.019044876098633
gehring_L3_state,14. MCE_ESR gen,AT2G23410,16,6.5573859214782715,5.5609555941880055e-161,27.303958892822266
gehring_L3_state,14. MCE_ESR gen,AT3G16770,17,4.083771705627441,1.195244211714141e-156,26.934383392333984
gehring_L3_state,14. MCE_ESR gen,AT2G43680,18,4.182005405426025,6.922235515645839e-156,26.8670597076416
gehring_L3_state,14. MCE_ESR gen,AT3G11930,19,6.305469036102295,4.217766942872744e-155,26.797792434692383
gehring_L3_state,14. MCE_ESR gen,AT1G71250,20,5.843835353851318,1.0287927405216883e-150,26.416728973388672
gehring_L3_state,14. MCE_ESR gen,AT3G45010,21,5.426750183105469,2.5645255305965355e-142,25.671812057495117
gehring_L3_state,14. MCE_ESR gen,AT4G35750,22,3.700843572616577,1.672626966590573e-138,25.326154708862305
gehring_L3_state,14. MCE_ESR gen,AT2G19110,23,4.750347137451172,4.823192326337175e-137,25.191593170166016
gehring_L3_state,14. MCE_ESR gen,AT2G02100,24,4.034611225128174,2.006555185357161e-133,24.857486724853516
gehring_L3_state,14. MCE_ESR gen,AT5G38170,25,4.294824600219727,4.509180317016612e-133,24.823368072509766
gehring_L3_state,14. MCE_ESR gen,AT4G27450,26,5.336706638336182,1.7304955550465913e-132,24.767696380615234
gehring_L3_state,14. MCE_ESR gen,AT1G71120,27,6.050984859466553,4.3767137313267856e-129,24.448326110839844
gehring_L3_state,14. MCE_ESR gen,AT2G22660,28,3.5722496509552,4.828695191144251e-127,24.254060745239258
gehring_L3_state,14. MCE_ESR gen,AT4G19645,29,4.67380428314209,1.4882937884688407e-119,23.53219985961914
gehring_L3_state,14. MCE_ESR gen,AT3G26744,30,3.7892470359802246,6.449673664027639e-117,23.271825790405273
gehring_L3_state,14. MCE_ESR gen,AT1G04380,31,4.4430742263793945,4.6235758637945455e-116,23.185821533203125
gehring_L3_state,14. MCE_ESR gen,AT4G35560,32,4.871542453765869,1.169610015863815e-115,23.144506454467773
gehring_L3_state,14. MCE_ESR gen,AT3G48740,33,5.833918571472168,1.0528692596321725e-113,22.947059631347656
gehring_L3_state,14. MCE_ESR gen,AT2G34315,34,4.971736907958984,1.3858708779050835e-111,22.732574462890625
gehring_L3_state,14. MCE_ESR gen,AT5G55410,35,5.042787075042725,9.976338396437755e-111,22.6445369720459
gehring_L3_state,14. MCE_ESR gen,AT5G03820,36,5.215085029602051,3.703118909273424e-110,22.585479736328125
gehring_L3_state,14. MCE_ESR gen,AT5G63530,37,3.587834358215332,5.9916164613396e-110,22.56305694580078
gehring_L3_state,14. MCE_ESR gen,AT1G16980,38,5.597567558288574,6.713830939112201e-107,22.24917221069336
gehring_L3_state,14. MCE_ESR gen,AT5G47060,39,3.0137383937835693,3.356336136505548e-101,21.651470184326172
gehring_L3_state,14. MCE_ESR gen,AT1G62310,40,2.8917276859283447,3.3421610032318033e-99,21.437253952026367
gehring_L3_state,14. MCE_ESR gen,AT3G62860,41,4.868621349334717,2.361292714502257e-96,21.128582000732422
gehring_L3_state,14. MCE_ESR gen,AT2G16990,42,4.173164367675781,2.9508759395467417e-96,21.116968154907227
gehring_L3_state,14. MCE_ESR gen,AT3G48300,43,4.217339515686035,8.61970678521143e-96,21.06519317626953
gehring_L3_state,14. MCE_ESR gen,AT1G18100,44,4.4534149169921875,2.1086965302164167e-94,20.91216278076172
gehring_L3_state,14. MCE_ESR gen,AT3G23090,45,3.913654327392578,1.9957292778497615e-89,20.357145309448242
gehring_L3_state,14. MCE_ESR gen,AT4G00220,46,4.04564094543457,4.706398431301399e-89,20.31402587890625
gehring_L3_state,14. MCE_ESR gen,AT5G50260,47,4.415068626403809,1.5419853492793477e-87,20.139923095703125
gehring_L3_state,14. MCE_ESR gen,AT1G01900,48,4.835862636566162,9.649531393277411e-82,19.466663360595703
gehring_L3_state,14. MCE_ESR gen,ATCG00020,49,2.185896396636963,1.2357832388059151e-76,18.85251235961914
gehring_L3_state,14. MCE_ESR gen,AT5G14180,50,5.427680015563965,9.18979768371535e-75,18.62220001220703
gehring_L3_state,14. PEN gen II,AT1G11070,1,5.088372707366943,6.518390355202376e-281,36.09428024291992
gehring_L3_state,14. PEN gen II,AT3G54320,2,4.36452579498291,1.3121978895495326e-249,34.0201301574707
gehring_L3_state,14. PEN gen II,AT2G32370,3,5.582422256469727,3.4437613835505333e-211,31.30173110961914
gehring_L3_state,14. PEN gen II,AT2G16586,4,3.021876096725464,2.496972436699371e-190,29.71970558166504
gehring_L3_state,14. PEN gen II,AT5G50090,5,4.375462055206299,1.2559164235318728e-184,29.267534255981445
gehring_L3_state,14. PEN gen II,AT5G05180,6,5.125951766967773,1.691261292412518e-180,28.9349422454834
gehring_L3_state,14. PEN gen II,AT4G02830,7,5.0018310546875,3.258544389539873e-172,28.26333999633789
gehring_L3_state,14. PEN gen II,AT1G55810,8,3.4220240116119385,9.206618139622447e-171,28.14028549194336
gehring_L3_state,14. PEN gen II,AT3G14205,9,3.442664384841919,1.6353834765400141e-170,28.11570167541504
gehring_L3_state,14. PEN gen II,AT1G78760,10,3.9697892665863037,1.9866500600848416e-168,27.940919876098633
gehring_L3_state,14. PEN gen II,AT1G78520,11,4.279628753662109,1.0717856152021773e-159,27.20928192138672
gehring_L3_state,14. PEN gen II,AT2G22660,12,3.0722813606262207,2.1681425493289197e-152,26.5814266204834
gehring_L3_state,14. PEN gen II,AT3G06355,13,1.208717942237854,3.83126589849766e-151,26.470298767089844
gehring_L3_state,14. PEN gen II,AT2G32440,14,4.149016857147217,5.394686841178715e-148,26.192548751831055
gehring_L3_state,14. PEN gen II,AT5G07260,15,3.737043619155884,2.127475792234996e-145,25.961023330688477
gehring_L3_state,14. PEN gen II,AT3G19050,16,4.861927032470703,9.963758829355444e-144,25.81015396118164
gehring_L3_state,14. PEN gen II,AT2G35880,17,3.50376296043396,1.2998118481956676e-140,25.528757095336914
gehring_L3_state,14. PEN gen II,AT5G63700,18,3.2227542400360107,4.6353505625924425e-139,25.386337280273438
gehring_L3_state,14. PEN gen II,AT1G77580,19,3.582594156265259,5.057219366713336e-137,25.198972702026367
gehring_L3_state,14. PEN gen II,AT2G02100,20,3.1755361557006836,1.084720741445594e-136,25.166685104370117
gehring_L3_state,14. PEN gen II,AT4G33330,21,4.107470512390137,7.089428268012676e-136,25.09015655517578
gehring_L3_state,14. PEN gen II,AT4G21430,22,3.0991272926330566,2.0161767229505766e-133,24.862428665161133
gehring_L3_state,14. PEN gen II,AT5G63530,23,2.9929277896881104,1.2235143039268789e-129,24.5065975189209
gehring_L3_state,14. PEN gen II,AT5G28640,24,3.8098833560943604,2.7075909274052694e-128,24.378440856933594
gehring_L3_state,14. PEN gen II,AT3G43690,25,2.8617563247680664,2.0308020560874245e-127,24.294174194335938
gehring_L3_state,14. PEN gen II,AT1G15290,26,2.9666976928710938,9.206537013881304e-126,24.1353759765625
gehring_L3_state,14. PEN gen II,AT1G22590,27,3.309391736984253,1.0053961827265473e-119,23.5517578125
gehring_L3_state,14. PEN gen II,AT1G56170,28,2.7299370765686035,6.1364459431453005e-117,23.27682113647461
gehring_L3_state,14. PEN gen II,AT5G17800,29,3.9578192234039307,2.8073747482281787e-115,23.11083221435547
gehring_L3_state,14. PEN gen II,AT4G26190,30,2.516108512878418,1.2825611127109016e-114,23.043704986572266
gehring_L3_state,14. PEN gen II,AT3G27785,31,3.5119357109069824,5.0833953712161425e-114,22.98259925842285
gehring_L3_state,14. PEN gen II,AT1G77590,32,2.713958501815796,1.2420003734121271e-111,22.7412052154541
gehring_L3_state,14. PEN gen II,AT1G71690,33,2.604949712753296,2.79697059179737e-111,22.704235076904297
gehring_L3_state,14. PEN gen II,AT4G28365,34,3.2091963291168213,6.0682169923359225e-111,22.668886184692383
gehring_L3_state,14. PEN gen II,AT1G20060,35,4.136284828186035,5.593660603318796e-106,22.158618927001953
gehring_L3_state,14. PEN gen II,AT2G23740,36,3.340967893600464,9.059585576217024e-106,22.135656356811523
gehring_L3_state,14. PEN gen II,AT3G56320,37,3.2840075492858887,2.421179205039165e-102,21.77579116821289
gehring_L3_state,14. PEN gen II,AT3G20750,38,4.649900436401367,3.122857274789974e-102,21.7629337310791
gehring_L3_state,14. PEN gen II,AT1G19450,39,2.99725604057312,6.272413722358786e-101,21.623769760131836
gehring_L3_state,14. PEN gen II,AT1G34250,40,4.339261054992676,1.0457636988458809e-99,21.492385864257812
gehring_L3_state,14. PEN gen II,AT1G34260,41,2.7929399013519287,1.3051063481345977e-97,21.2659854888916
gehring_L3_state,14. PEN gen II,AT1G24360,42,2.4342987537384033,1.006501168794084e-96,21.168813705444336
gehring_L3_state,14. PEN gen II,AT5G48650,43,3.1528587341308594,1.435362528494688e-94,20.93262481689453
gehring_L3_state,14. PEN gen II,AT2G20825,44,3.8664093017578125,1.3341728651222025e-93,20.823959350585938
gehring_L3_state,14. PEN gen II,AT5G48720,45,3.3173744678497314,1.034879009752654e-90,20.50165557861328
gehring_L3_state,14. PEN gen II,AT3G26744,46,2.5045125484466553,2.3985936927948556e-90,20.459684371948242
gehring_L3_state,14. PEN gen II,AT1G80530,47,3.321078062057495,5.275332319381214e-90,20.420209884643555
gehring_L3_state,14. PEN gen II,AT5G39440,48,4.477544784545898,9.873311875965783e-90,20.38857650756836
gehring_L3_state,14. PEN gen II,AT1G68510,49,3.1676952838897705,4.335553310555422e-89,20.315078735351562
gehring_L3_state,14. PEN gen II,AT1G32540,50,3.495748519897461,6.312817309647858e-89,20.295665740966797
gehring_L3_state,15. OVL senes,AT4G14930,1,5.729313850402832,7.525534335056728e-66,17.714872360229492
gehring_L3_state,15. OVL senes,AT3G26740,2,7.7753167152404785,3.0149577549733807e-60,16.932764053344727
gehring_L3_state,15. OVL senes,AT2G33380,3,6.885162353515625,1.8863737117890944e-54,16.103233337402344
gehring_L3_state,15. OVL senes,AT2G36080,4,8.357613563537598,7.026711332279866e-51,15.567923545837402
gehring_L3_state,15. OVL senes,AT1G47128,5,5.640828609466553,5.4393638409300014e-45,14.659952163696289
gehring_L3_state,15. OVL senes,AT5G10770,6,7.276017189025879,1.585382330977271e-42,14.256752014160156
gehring_L3_state,15. OVL senes,AT4G14270,7,3.570674180984497,3.513590996278913e-32,12.472681999206543
gehring_L3_state,15. OVL senes,AT3G09390,8,3.622572898864746,1.3045954124106433e-27,11.593130111694336
gehring_L3_state,15. OVL senes,AT2G22970,9,3.318647623062134,3.4726239151194827e-26,11.298347473144531
gehring_L3_state,15. OVL senes,AT4G39090,10,2.7264161109924316,1.4484291148170838e-25,11.162857055664062
gehring_L3_state,15. OVL senes,AT2G18550,11,6.25999116897583,1.6926328762951918e-25,11.140515327453613
gehring_L3_state,15. OVL senes,AT2G25450,12,3.3314411640167236,3.5247863097099326e-25,11.067203521728516
gehring_L3_state,15. OVL senes,AT4G33150,13,3.833158016204834,8.32354756047953e-25,10.982688903808594
gehring_L3_state,15. OVL senes,AT5G25280,14,3.145907163619995,3.7433919853308653e-23,10.626567840576172
gehring_L3_state,15. OVL senes,AT5G02230,15,4.709568500518799,1.3038010242937287e-20,10.05920696258545
gehring_L3_state,15. OVL senes,AT5G49360,16,3.049832820892334,1.1287750642176052e-19,9.837952613830566
gehring_L3_state,15. OVL senes,AT1G12010,17,5.298497200012207,3.0466237257254637e-19,9.731372833251953
gehring_L3_state,15. OVL senes,AT4G00870,18,2.829650402069092,5.034993291696803e-19,9.674299240112305
gehring_L3_state,15. OVL senes,AT1G54410,19,2.589010238647461,2.3341757643766142e-17,9.267961502075195
gehring_L3_state,15. OVL senes,AT3G51860,20,2.3042635917663574,2.6603174884029092e-17,9.248516082763672
gehring_L3_state,15. OVL senes,AT4G05320,21,1.919945240020752,2.4145592385370684e-16,9.00435733795166
gehring_L3_state,15. OVL senes,AT4G34230,22,2.85292649269104,1.9663886382956272e-15,8.76602840423584
gehring_L3_state,15. OVL senes,AT5G09440,23,6.293365001678467,2.1173096456351673e-15,8.752680778503418
gehring_L3_state,15. OVL senes,AT1G28330,24,5.271780490875244,3.0878947604719506e-14,8.440102577209473
gehring_L3_state,15. OVL senes,AT4G35690,25,9.949800491333008,3.400367350651646e-14,8.424049377441406
gehring_L3_state,15. OVL senes,AT5G63370,26,1.8955411911010742,1.7209365621087166e-13,8.227333068847656
gehring_L3_state,15. OVL senes,AT4G36740,27,8.205352783203125,3.6778888139018253e-13,8.126852989196777
gehring_L3_state,15. OVL senes,AT4G15610,28,8.132505416870117,3.8054421375108707e-13,8.118459701538086
gehring_L3_state,15. OVL senes,AT5G50260,29,3.6314613819122314,1.986135491630105e-12,7.9112019538879395
gehring_L3_state,15. OVL senes,AT1G58360,30,2.4047529697418213,3.2449739172341617e-12,7.845751762390137
gehring_L3_state,15. OVL senes,AT4G20260,31,3.2389416694641113,5.338846074461905e-12,7.775121212005615
gehring_L3_state,15. OVL senes,AT4G30960,32,2.3686821460723877,1.9913907546176094e-11,7.602854251861572
gehring_L3_state,15. OVL senes,AT3G53990,33,1.854360580444336,5.653073359356665e-11,7.462884426116943
gehring_L3_state,15. OVL senes,AT4G13250,34,3.0621514320373535,7.32647239001359e-11,7.424929141998291
gehring_L3_state,15. OVL senes,AT4G27260,35,6.806021213531494,8.83193591677498e-11,7.396514415740967
gehring_L3_state,15. OVL senes,AT3G26100,36,1.9882454872131348,1.0769893435453112e-10,7.366557598114014
gehring_L3_state,15. OVL senes,AT2G38800,37,4.2180094718933105,1.1029512235180591e-10,7.359913349151611
gehring_L3_state,15. OVL senes,AT4G32480,38,4.296926021575928,1.9864783522591306e-10,7.277546405792236
gehring_L3_state,15. OVL senes,AT3G14067,39,3.1198277473449707,2.6887666873583105e-10,7.233232021331787
gehring_L3_state,15. OVL senes,AT2G18050,40,5.363562107086182,4.408904322513579e-10,7.16249418258667
gehring_L3_state,15. OVL senes,AT2G33480,41,2.4778494834899902,4.544720823666105e-10,7.1551079750061035
gehring_L3_state,15. OVL senes,AT1G72510,42,2.665816307067871,5.72444075721065e-10,7.120214939117432
gehring_L3_state,15. OVL senes,AT2G31560,43,4.801412582397461,6.297312377929046e-10,7.103954315185547
gehring_L3_state,15. OVL senes,AT2G22470,44,7.032209873199463,1.1274294158072301e-09,7.019993782043457
gehring_L3_state,15. OVL senes,AT5G66880,45,3.9444875717163086,1.3167042115518902e-09,6.995263576507568
gehring_L3_state,15. OVL senes,AT1G72260,46,1.9002323150634766,2.3649749764586775e-09,6.90970516204834
gehring_L3_state,15. OVL senes,AT4G05631,47,1.525988221168518,3.3340576556607415e-09,6.85787296295166
gehring_L3_state,15. OVL senes,AT2G33150,48,2.4611074924468994,9.982078167608962e-09,6.696459770202637
gehring_L3_state,15. OVL senes,AT5G47370,49,3.714517593383789,1.3657092020820001e-08,6.6475629806518555
gehring_L3_state,15. OVL senes,AT1G26560,50,2.318126916885376,1.3836297930129886e-08,6.642782688140869
gehring_L3_state,15. PEN,AT2G44470,1,4.924075126647949,0.0,51.3723030090332
gehring_L3_state,15. PEN,AT2G34315,2,6.947591304779053,0.0,49.62018966674805
gehring_L3_state,15. PEN,AT3G26790,3,5.622352600097656,0.0,48.622314453125
gehring_L3_state,15. PEN,AT5G38160,4,5.39149808883667,0.0,47.85454177856445
gehring_L3_state,15. PEN,AT5G38170,5,5.190882682800293,0.0,46.52084732055664
gehring_L3_state,15. PEN,AT1G56170,6,4.681374549865723,0.0,45.93258285522461
gehring_L3_state,15. PEN,AT2G22660,7,4.293806076049805,0.0,45.87168502807617
gehring_L3_state,15. PEN,AT5G07200,8,5.124533176422119,0.0,45.72188186645508
gehring_L3_state,15. PEN,AT3G16770,9,4.215555191040039,0.0,43.363765716552734
gehring_L3_state,15. PEN,AT1G18100,10,5.356013774871826,0.0,41.87083435058594
gehring_L3_state,15. PEN,AT5G63530,11,4.153358459472656,0.0,41.52785110473633
gehring_L3_state,15. PEN,AT1G55810,12,3.980255365371704,0.0,39.794395446777344
gehring_L3_state,15. PEN,AT1G33055,13,4.95449161529541,0.0,39.72887420654297
gehring_L3_state,15. PEN,AT1G36060,14,5.085850715637207,0.0,39.368011474609375
gehring_L3_state,15. PEN,AT3G44460,15,4.723222732543945,0.0,38.5866584777832
gehring_L3_state,15. PEN,AT2G02100,16,3.885755777359009,0.0,37.885440826416016
gehring_L3_state,15. PEN,AT2G27380,17,5.4274797439575195,0.0,37.83951187133789
gehring_L3_state,15. PEN,AT3G11180,18,4.988256931304932,4.2889159236476794e-300,37.21949005126953
gehring_L3_state,15. PEN,AT1G04380,19,4.409770965576172,1.911782324613974e-284,36.2376708984375
gehring_L3_state,15. PEN,AT4G27450,20,4.905351638793945,9.774156779774035e-279,35.87059783935547
gehring_L3_state,15. PEN,AT5G18310,21,4.852914810180664,1.3038334505318934e-276,35.73272705078125
gehring_L3_state,15. PEN,AT3G26744,22,3.630788803100586,5.69007520581279e-261,34.70983123779297
gehring_L3_state,15. PEN,AT5G49190,23,4.023876667022705,2.6979088044522466e-259,34.59733963012695
gehring_L3_state,15. PEN,AT5G07260,24,4.307861328125,3.8440145805075984e-241,33.3659553527832
gehring_L3_state,15. PEN,AT4G00220,25,4.152045726776123,1.6886351469886447e-234,32.90362548828125
gehring_L3_state,15. PEN,AT1G33050,26,3.738388776779175,5.112878133877666e-231,32.65822219848633
gehring_L3_state,15. PEN,AT5G47060,27,2.850583076477051,9.745389614444872e-223,32.06858825683594
gehring_L3_state,15. PEN,AT4G39260,28,1.9535852670669556,3.523649331979661e-207,30.931381225585938
gehring_L3_state,15. PEN,AT3G11930,29,4.6349639892578125,2.187484533623137e-204,30.721920013427734
gehring_L3_state,15. PEN,AT1G15150,30,4.136997222900391,2.1836075984331247e-200,30.419984817504883
gehring_L3_state,15. PEN,AT3G23090,31,3.843733787536621,7.340251053511921e-199,30.303325653076172
gehring_L3_state,15. PEN,AT5G50770,32,3.3449175357818604,2.1943204735309592e-195,30.037372589111328
gehring_L3_state,15. PEN,AT1G11670,33,3.5023114681243896,2.3593211778105796e-192,29.8015079498291
gehring_L3_state,15. PEN,AT4G35750,34,2.6984474658966064,3.280357158691949e-179,28.76661491394043
gehring_L3_state,15. PEN,AT4G19645,35,3.8883941173553467,5.307703143837085e-175,28.426416397094727
gehring_L3_state,15. PEN,ATCG00020,36,2.1027636528015137,7.469940248841147e-175,28.41358184814453
gehring_L3_state,15. PEN,AT3G03240,37,4.976024150848389,1.087668941565446e-169,27.991750717163086
gehring_L3_state,15. PEN,AT2G25940,38,4.312051773071289,4.01353724158443e-169,27.944324493408203
gehring_L3_state,15. PEN,AT1G62310,39,2.340752601623535,1.4113579856496302e-163,27.483335494995117
gehring_L3_state,15. PEN,AT3G27785,40,3.7869019508361816,3.266284980057043e-163,27.452045440673828
gehring_L3_state,15. PEN,AT2G23410,41,4.863478660583496,2.2716396903033225e-158,27.041854858398438
gehring_L3_state,15. PEN,AT1G67090,42,2.4291484355926514,1.0656173229779568e-157,26.98396873474121
gehring_L3_state,15. PEN,AT4G29230,43,5.328305244445801,4.743934877971752e-157,26.92719078063965
gehring_L3_state,15. PEN,AT5G65590,44,5.234300136566162,1.5818722505820052e-156,26.88178253173828
gehring_L3_state,15. PEN,AT2G43680,45,2.6581149101257324,1.8584797022953194e-153,26.617189407348633
gehring_L3_state,15. PEN,AT4G25100,46,3.0388739109039307,5.207972305866989e-153,26.57781410217285
gehring_L3_state,15. PEN,AT5G13790,47,3.1881697177886963,3.9726220926389723e-150,26.32591438293457
gehring_L3_state,15. PEN,AT2G46530,48,4.35476541519165,2.2237436445741517e-149,26.259841918945312
gehring_L3_state,15. PEN,AT3G57780,49,4.199605464935303,1.5212186512923285e-148,26.18596839904785
gehring_L3_state,15. PEN,AT3G12020,50,2.682385206222534,1.1970842968682978e-146,26.01768684387207
gehring_L3_state,15. PEN gen III,AT2G22660,1,3.639632225036621,4.256792760697002e-156,26.992273330688477
gehring_L3_state,15. PEN gen III,AT1G55810,2,3.5157179832458496,6.154033888871156e-126,24.25937271118164
gehring_L3_state,15. PEN gen III,AT4G28365,3,3.6113245487213135,4.1224323484414386e-111,22.793729782104492
gehring_L3_state,15. PEN gen III,AT3G51740,4,4.405587673187256,1.0362108874379974e-110,22.740713119506836
gehring_L3_state,15. PEN gen III,AT1G11070,5,3.6289665699005127,8.339143800119258e-96,21.161975860595703
gehring_L3_state,15. PEN gen III,AT3G54320,6,3.1468019485473633,2.1927993105882157e-93,20.8902530670166
gehring_L3_state,15. PEN gen III,AT5G07200,7,3.0900933742523193,3.616915152639935e-79,19.25680160522461
gehring_L3_state,15. PEN gen III,AT2G02100,8,2.7690908908843994,2.37997372008352e-77,19.032573699951172
gehring_L3_state,15. PEN gen III,AT1G78760,9,3.4518415927886963,1.0450832001123067e-76,18.949344635009766
gehring_L3_state,15. PEN gen III,AT4G33330,10,3.8565125465393066,1.2740265854170797e-76,18.93389892578125
gehring_L3_state,15. PEN gen III,AT2G32990,11,4.20418119430542,3.1180476625569395e-76,18.882104873657227
gehring_L3_state,15. PEN gen III,AT1G56170,12,2.72094464302063,8.252604786926704e-76,18.826391220092773
gehring_L3_state,15. PEN gen III,AT3G26744,13,2.7373528480529785,1.0419138207832035e-71,18.315366744995117
gehring_L3_state,15. PEN gen III,AT1G19450,14,2.8337762355804443,8.315990788855338e-71,18.198163986206055
gehring_L3_state,15. PEN gen III,AT1G68510,15,3.364933967590332,3.762131967525361e-68,17.8564453125
gehring_L3_state,15. PEN gen III,AT2G32440,16,3.7019715309143066,5.244657987034119e-68,17.83449935913086
gehring_L3_state,15. PEN gen III,AT3G16770,17,2.4613168239593506,7.180983808436943e-67,17.684406280517578
gehring_L3_state,15. PEN gen III,AT4G10640,18,3.6009697914123535,5.322084360743334e-66,17.568073272705078
gehring_L3_state,15. PEN gen III,AT1G78520,19,3.6301329135894775,2.3265883440292567e-65,17.481252670288086
gehring_L3_state,15. PEN gen III,AT3G41768,20,0.7250530123710632,3.165397121080317e-63,17.19602394104004
gehring_L3_state,15. PEN gen III,AT2G35880,21,2.9934844970703125,1.1624380695284991e-60,16.84488868713379
gehring_L3_state,15. PEN gen III,AT1G77580,22,3.01838755607605,8.367474367636887e-60,16.72517967224121
gehring_L3_state,15. PEN gen III,AT3G14205,23,2.51669979095459,1.0753960919800023e-58,16.56989860534668
gehring_L3_state,15. PEN gen III,AT1G04425,24,3.7794480323791504,1.0694354029999985e-51,15.563872337341309
gehring_L3_state,15. PEN gen III,AT3G56320,25,3.006932020187378,2.86826971890122e-49,15.197364807128906
gehring_L3_state,15. PEN gen III,AT1G12080,26,2.769717216491699,3.128680915624403e-49,15.189520835876465
gehring_L3_state,15. PEN gen III,AT5G63530,27,2.133469581604004,1.0309309068662938e-46,14.802499771118164
gehring_L3_state,15. PEN gen III,AT5G07260,28,2.884819746017456,4.795298295195392e-46,14.6926908493042
gehring_L3_state,15. PEN gen III,AT2G30590,29,3.1684930324554443,1.4833799141090797e-45,14.614066123962402
gehring_L3_state,15. PEN gen III,AT2G20825,30,3.4964935779571533,6.08684736090858e-45,14.515711784362793
gehring_L3_state,15. PEN gen III,AT3G23090,31,2.695106267929077,6.587624134094098e-44,14.347834587097168
gehring_L3_state,15. PEN gen III,AT5G50090,32,2.9229953289031982,8.139098889308662e-44,14.331399917602539
gehring_L3_state,15. PEN gen III,AT2G44470,33,1.9228780269622803,1.8803113384664103e-41,13.944911003112793
gehring_L3_state,15. PEN gen III,AT1G33055,34,2.642822027206421,3.135205754629921e-41,13.90670394897461
gehring_L3_state,15. PEN gen III,AT5G28640,35,2.8687872886657715,5.173655687751793e-41,13.86917495727539
gehring_L3_state,15. PEN gen III,AT1G71690,36,1.9652411937713623,1.660417930772814e-40,13.782069206237793
gehring_L3_state,15. PEN gen III,AT3G42670,37,3.178957462310791,2.0893622267456155e-40,13.763917922973633
gehring_L3_state,15. PEN gen III,AT1G33050,38,2.3344430923461914,3.3072172177845486e-39,13.559793472290039
gehring_L3_state,15. PEN gen III,AT5G17800,39,3.220722198486328,1.1776372928410484e-38,13.463362693786621
gehring_L3_state,15. PEN gen III,AT1G34260,40,2.483180522918701,4.907360118245248e-38,13.354654312133789
gehring_L3_state,15. PEN gen III,AT3G48300,41,2.5967397689819336,6.945606565168822e-38,13.325997352600098
gehring_L3_state,15. PEN gen III,AT5G63700,42,2.2423911094665527,8.472008290365142e-37,13.135326385498047
gehring_L3_state,15. PEN gen III,AT4G02020,43,1.981277585029602,3.297491068857325e-35,12.851237297058105
gehring_L3_state,15. PEN gen III,AT3G11180,44,2.768397331237793,4.3767439968240195e-35,12.82803726196289
gehring_L3_state,15. PEN gen III,AT4G21430,45,2.1570231914520264,1.1947185101395926e-34,12.7487211227417
gehring_L3_state,15. PEN gen III,AT2G43680,46,1.8016797304153442,1.2316558309342275e-34,12.745099067687988
gehring_L3_state,15. PEN gen III,AT4G19160,47,2.185441017150879,3.1949996192056364e-33,12.484935760498047
gehring_L3_state,15. PEN gen III,AT1G77590,48,1.9770457744598389,9.709946379890518e-33,12.391435623168945
gehring_L3_state,15. PEN gen III,AT5G47020,49,1.821239709854126,2.1034765163921805e-32,12.328152656555176
gehring_L3_state,15. PEN gen III,AT3G16950,50,2.0784363746643066,3.1687806366059354e-30,11.9149169921875
gehring_L3_state,16. CPT pers nuc,AT1G31290,1,7.33680534362793,1.3467081767558215e-119,23.68025016784668
gehring_L3_state,16. CPT pers nuc,AT1G12180,2,7.3766093254089355,2.05581870029776e-96,21.27947425842285
gehring_L3_state,16. CPT pers nuc,AT1G20680,3,7.624180316925049,7.03752657281791e-91,20.653751373291016
gehring_L3_state,16. CPT pers nuc,AT4G22050,4,8.123592376708984,3.1333176976069356e-87,20.229707717895508
gehring_L3_state,16. CPT pers nuc,AT3G22240,5,6.192916393280029,4.0622889536894404e-77,19.035356521606445
gehring_L3_state,16. CPT pers nuc,AT5G48480,6,3.480334997177124,6.619135682815928e-76,18.878955841064453
gehring_L3_state,16. CPT pers nuc,AT1G20730,7,7.78980016708374,2.8875486185985157e-75,18.792810440063477
gehring_L3_state,16. CPT pers nuc,AT1G51300,8,8.71629524230957,1.6397483852734266e-70,18.195405960083008
gehring_L3_state,16. CPT pers nuc,AT1G21310,9,3.7208120822906494,1.7421110375543353e-65,17.543170928955078
gehring_L3_state,16. CPT pers nuc,AT1G64060,10,4.107108116149902,3.2935985253829226e-61,16.968318939208984
gehring_L3_state,16. CPT pers nuc,AT1G51035,11,6.824345111846924,3.3949440884531877e-60,16.82510757446289
gehring_L3_state,16. CPT pers nuc,AT5G18090,12,5.733062744140625,9.182567217724449e-57,16.345096588134766
gehring_L3_state,16. CPT pers nuc,AT1G56100,13,2.9903318881988525,1.51479449316661e-50,15.442882537841797
gehring_L3_state,16. CPT pers nuc,AT2G27880,14,2.5562000274658203,2.7263718144700847e-49,15.250532150268555
gehring_L3_state,16. CPT pers nuc,AT3G08770,15,2.7475051879882812,4.999081022479023e-47,14.901802062988281
gehring_L3_state,16. CPT pers nuc,AT3G53990,16,2.261338710784912,1.2047270429259222e-45,14.683308601379395
gehring_L3_state,16. CPT pers nuc,AT2G38900,17,2.599907636642456,9.449665446332586e-45,14.538860321044922
gehring_L3_state,16. CPT pers nuc,AT1G61095,18,7.190523147583008,7.668425392258105e-43,14.23073959350586
gehring_L3_state,16. CPT pers nuc,AT2G23810,19,2.7590866088867188,8.919748802144989e-42,14.054289817810059
gehring_L3_state,16. CPT pers nuc,AT4G02670,20,6.608175754547119,3.940810976738297e-41,13.945053100585938
gehring_L3_state,16. CPT pers nuc,AT5G46300,21,7.798468589782715,1.0413275480600961e-40,13.8699369430542
gehring_L3_state,16. CPT pers nuc,AT5G02490,22,2.328995943069458,1.0413275480600961e-40,13.868719100952148
gehring_L3_state,16. CPT pers nuc,AT2G47895,23,2.644655466079712,2.6981092857111703e-39,13.630023956298828
gehring_L3_state,16. CPT pers nuc,AT1G61093,24,7.187007427215576,2.9526073882317185e-39,13.620336532592773
gehring_L3_state,16. CPT pers nuc,AT1G23935,25,4.756028652191162,9.710619101858388e-39,13.530115127563477
gehring_L3_state,16. CPT pers nuc,AT3G28007,26,5.379892826080322,1.230064643926936e-38,13.509836196899414
gehring_L3_state,16. CPT pers nuc,ATMG00090,27,2.1737897396087646,6.176256998821148e-38,13.387713432312012
gehring_L3_state,16. CPT pers nuc,AT4G22880,28,2.4779367446899414,8.087552445854436e-38,13.364964485168457
gehring_L3_state,16. CPT pers nuc,AT2G43150,29,2.2169060707092285,9.079966977330172e-38,13.35373592376709
gehring_L3_state,16. CPT pers nuc,AT1G61720,30,2.480109691619873,9.513867215968063e-38,13.347733497619629
gehring_L3_state,16. CPT pers nuc,ATMG00020,31,1.2068618535995483,3.6230710979987792e-37,13.245275497436523
gehring_L3_state,16. CPT pers nuc,AT1G51030,32,7.165290355682373,8.419934784113962e-37,13.179420471191406
gehring_L3_state,16. CPT pers nuc,AT1G51010,33,7.251041412353516,2.15599205611195e-36,13.10595989227295
gehring_L3_state,16. CPT pers nuc,AT4G29570,34,7.146196365356445,9.512049324906054e-36,12.989459991455078
gehring_L3_state,16. CPT pers nuc,AT4G29650,35,7.833131790161133,9.512049324906054e-36,12.988368034362793
gehring_L3_state,16. CPT pers nuc,AT1G77380,36,5.5055766105651855,1.0122430339429169e-34,12.803908348083496
gehring_L3_state,16. CPT pers nuc,AT3G62340,37,7.1703972816467285,1.9510096405736597e-34,12.750730514526367
gehring_L3_state,16. CPT pers nuc,AT2G17780,38,3.838979959487915,2.1246346977676356e-34,12.742003440856934
gehring_L3_state,16. CPT pers nuc,AT1G62333,39,2.338179349899292,4.733281233854834e-34,12.67733097076416
gehring_L3_state,16. CPT pers nuc,AT2G14890,40,2.3114407062530518,8.4787852260312e-34,12.629554748535156
gehring_L3_state,16. CPT pers nuc,AT5G18380,41,1.9537237882614136,1.5738275053852776e-32,12.395602226257324
gehring_L3_state,16. CPT pers nuc,AT3G54390,42,2.5871694087982178,3.148837531601053e-32,12.337946891784668
gehring_L3_state,16. CPT pers nuc,AT1G02780,43,1.7513514757156372,4.0380440482886265e-32,12.31600284576416
gehring_L3_state,16. CPT pers nuc,AT1G70250,44,4.857221603393555,6.217364834503899e-32,12.279277801513672
gehring_L3_state,16. CPT pers nuc,AT3G13630,45,7.898437023162842,2.306097584635867e-31,12.170933723449707
gehring_L3_state,16. CPT pers nuc,AT4G40040,46,1.8316172361373901,3.084482023373786e-31,12.145376205444336
gehring_L3_state,16. CPT pers nuc,AT1G06760,47,2.2924065589904785,4.620608904537556e-31,12.110513687133789
gehring_L3_state,16. CPT pers nuc,AT5G11740,48,1.7277437448501587,7.302876235127109e-31,12.071179389953613
gehring_L3_state,16. CPT pers nuc,AT4G24060,49,2.904019355773926,1.8032064381853417e-30,11.994869232177734
gehring_L3_state,16. CPT pers nuc,AT2G36420,50,2.713481903076172,1.2280527111161619e-29,11.833272933959961
gehring_L3_state,16. PEN dehyd,AT1G20450,1,9.06727123260498,8.543172260129993e-92,20.80810546875
gehring_L3_state,16. PEN dehyd,AT2G34315,2,7.322144031524658,8.918361713885413e-75,18.79944610595703
gehring_L3_state,16. PEN dehyd,AT1G18100,3,6.290349006652832,1.143037650397137e-73,18.64198112487793
gehring_L3_state,16. PEN dehyd,AT1G56170,4,5.053134441375732,6.934971348077344e-67,17.77094268798828
gehring_L3_state,16. PEN dehyd,AT5G38160,5,5.274575233459473,9.179977891440982e-61,16.948814392089844
gehring_L3_state,16. PEN dehyd,AT5G57260,6,6.4882283210754395,9.355411547978022e-60,16.800954818725586
gehring_L3_state,16. PEN dehyd,AT1G36060,7,5.394218444824219,5.8481373478020655e-56,16.264904022216797
gehring_L3_state,16. PEN dehyd,AT2G44470,8,4.1510820388793945,4.398136736138221e-54,15.989792823791504
gehring_L3_state,16. PEN dehyd,AT5G07200,9,4.8178300857543945,6.61268563518121e-54,15.957015991210938
gehring_L3_state,16. PEN dehyd,AT2G02120,10,6.345963478088379,1.6643055085289918e-49,15.304632186889648
gehring_L3_state,16. PEN dehyd,AT2G02100,11,4.152968406677246,1.3309902124584257e-45,14.70194149017334
gehring_L3_state,16. PEN dehyd,AT3G11180,12,5.244840621948242,5.242668821947577e-45,14.602898597717285
gehring_L3_state,16. PEN dehyd,AT1G12080,13,4.700319766998291,9.52469197782679e-45,14.556673049926758
gehring_L3_state,16. PEN dehyd,AT1G04380,14,4.541332721710205,1.1706748595983768e-41,14.055418968200684
gehring_L3_state,16. PEN dehyd,AT3G26790,15,4.283815383911133,1.1706748595983768e-41,14.051774978637695
gehring_L3_state,16. PEN dehyd,AT1G76180,16,3.5849483013153076,8.527157061309395e-41,13.905848503112793
gehring_L3_state,16. PEN dehyd,AT3G16770,17,3.5732357501983643,8.131167213817613e-40,13.739184379577637
gehring_L3_state,16. PEN dehyd,AT3G27785,18,4.635803699493408,1.665650334354774e-38,13.512822151184082
gehring_L3_state,16. PEN dehyd,AT2G27380,19,5.110630035400391,1.665650334354774e-38,13.51060962677002
gehring_L3_state,16. PEN dehyd,AT5G38170,20,4.045872211456299,2.3194173268228456e-36,13.138367652893066
gehring_L3_state,16. PEN dehyd,AT5G18310,21,4.65509557723999,4.5184024411398016e-35,12.907953262329102
gehring_L3_state,16. PEN dehyd,AT1G55810,22,3.475396156311035,1.6971369589834237e-34,12.802021980285645
gehring_L3_state,16. PEN dehyd,AT5G63530,23,3.471057176589966,2.2040773534715538e-32,12.411521911621094
gehring_L3_state,16. PEN dehyd,AT3G62860,24,4.707090377807617,1.2080477597370568e-31,12.268095970153809
gehring_L3_state,16. PEN dehyd,AT5G50090,25,4.285996913909912,1.7975622521115168e-31,12.232805252075195
gehring_L3_state,16. PEN dehyd,ATCG00020,26,2.5140769481658936,1.0041410087953178e-30,12.089313507080078
gehring_L3_state,16. PEN dehyd,AT1G33700,27,5.138659954071045,1.0288699405869868e-30,12.084430694580078
gehring_L3_state,16. PEN dehyd,AT3G44460,28,4.1659932136535645,1.072803358473787e-30,12.078205108642578
gehring_L3_state,16. PEN dehyd,AT4G35750,29,3.0012366771698,3.636945246371462e-30,11.974669456481934
gehring_L3_state,16. PEN dehyd,AT4G35560,30,4.466938495635986,8.248418072489388e-30,11.903913497924805
gehring_L3_state,16. PEN dehyd,AT5G55410,31,4.575165748596191,1.1829550541595824e-29,11.871220588684082
gehring_L3_state,16. PEN dehyd,AT1G52690,32,7.418506145477295,1.2164412829352632e-29,11.866387367248535
gehring_L3_state,16. PEN dehyd,AT5G65590,33,5.3040924072265625,2.697775531082518e-29,11.797106742858887
gehring_L3_state,16. PEN dehyd,AT4G00220,34,3.910620927810669,3.1240365451508594e-29,11.780069351196289
gehring_L3_state,16. PEN dehyd,AT1G01470,35,7.839262962341309,1.4316407055939393e-28,11.648787498474121
gehring_L3_state,16. PEN dehyd,AT3G57780,36,4.543696403503418,1.7303560714039717e-28,11.63040828704834
gehring_L3_state,16. PEN dehyd,AT5G10300,37,5.0470099449157715,1.4682740142447624e-27,11.44425106048584
gehring_L3_state,16. PEN dehyd,AT4G39260,38,2.0217692852020264,5.586985900962196e-27,11.325604438781738
gehring_L3_state,16. PEN dehyd,AT1G79245,39,2.6245179176330566,8.922689321966488e-27,11.282390594482422
gehring_L3_state,16. PEN dehyd,AT3G03240,40,4.943923473358154,2.793814543338852e-25,10.973240852355957
gehring_L3_state,16. PEN dehyd,AT5G47060,41,2.725041389465332,2.061759373161374e-24,10.788970947265625
gehring_L3_state,16. PEN dehyd,AT3G23090,42,3.673555612564087,2.7381643963149484e-24,10.760790824890137
gehring_L3_state,16. PEN dehyd,AT5G49190,43,3.4678733348846436,3.644912579680879e-24,10.732370376586914
gehring_L3_state,16. PEN dehyd,AT4G38810,44,4.595914363861084,5.9133553322866314e-24,10.685579299926758
gehring_L3_state,16. PEN dehyd,AT3G48300,45,3.7658722400665283,8.146489824792998e-24,10.653853416442871
gehring_L3_state,16. PEN dehyd,AT2G25940,46,4.258722305297852,1.8393654828495423e-23,10.573972702026367
gehring_L3_state,16. PEN dehyd,AT1G15150,47,3.8464596271514893,6.518339230932807e-23,10.450984001159668
gehring_L3_state,16. PEN dehyd,AT1G33055,48,3.6863765716552734,3.4282250473835504e-22,10.288745880126953
gehring_L3_state,16. PEN dehyd,AT1G33050,49,3.2433927059173584,4.008341273826348e-21,10.04388427734375
gehring_L3_state,16. PEN dehyd,AT1G62310,50,2.415722370147705,4.276087062810796e-21,10.03579044342041
gehring_L3_state,16. PEN s-phase,AT5G63550,1,5.663319110870361,1.3172627434762693e-262,34.907928466796875
gehring_L3_state,16. PEN s-phase,AT3G18035,2,4.814378261566162,1.654763004887917e-213,31.484500885009766
gehring_L3_state,16. PEN s-phase,AT5G49160,3,5.200163841247559,5.519448869430036e-209,31.139284133911133
gehring_L3_state,16. PEN s-phase,AT5G59870,4,5.150783061981201,4.828850799206402e-204,30.762727737426758
gehring_L3_state,16. PEN s-phase,AT3G20670,5,4.848411560058594,3.383632613162891e-187,29.468767166137695
gehring_L3_state,16. PEN s-phase,AT1G69770,6,4.71966552734375,6.76430043711298e-182,29.045846939086914
gehring_L3_state,16. PEN s-phase,AT5G38690,7,5.038223743438721,7.061547286643502e-181,28.959758758544922
gehring_L3_state,16. PEN s-phase,AT1G11070,8,4.343441009521484,1.674676667951195e-175,28.52503776550293
gehring_L3_state,16. PEN s-phase,AT4G00020,9,5.415775299072266,1.7319062359138976e-171,28.19534683227539
gehring_L3_state,16. PEN s-phase,AT1G51060,10,4.290421485900879,1.5200185188158507e-169,28.032642364501953
gehring_L3_state,16. PEN s-phase,AT3G54320,11,3.809093952178955,3.7441771903587135e-167,27.832345962524414
gehring_L3_state,16. PEN s-phase,AT5G23420,12,4.9016876220703125,1.3134568432528694e-166,27.78414535522461
gehring_L3_state,16. PEN s-phase,AT4G02110,13,5.230686664581299,2.0683544442661073e-166,27.76494026184082
gehring_L3_state,16. PEN s-phase,AT1G08260,14,3.468358039855957,7.681925058395269e-165,27.631935119628906
gehring_L3_state,16. PEN s-phase,AT5G50090,15,4.319887161254883,1.726315874832072e-154,26.75404930114746
gehring_L3_state,16. PEN s-phase,AT5G61000,16,5.595798492431641,1.405650056505155e-153,26.673242568969727
gehring_L3_state,16. PEN s-phase,AT1G54690,17,4.920577049255371,4.679587642617991e-150,26.365562438964844
gehring_L3_state,16. PEN s-phase,AT3G43690,18,3.366316556930542,4.2062981907484304e-147,26.104522705078125
gehring_L3_state,16. PEN s-phase,AT4G27230,19,4.312812328338623,1.6351692579911157e-144,25.87334442138672
gehring_L3_state,16. PEN s-phase,AT5G05180,20,5.015066623687744,7.906183582892215e-144,25.810470581054688
gehring_L3_state,16. PEN s-phase,AT3G51740,21,4.827803611755371,9.593753259842447e-141,25.532371520996094
gehring_L3_state,16. PEN s-phase,AT2G46980,22,4.819314002990723,2.34259810029607e-140,25.49561309814453
gehring_L3_state,16. PEN s-phase,AT1G20720,23,4.411420822143555,3.943285132443839e-139,25.383056640625
gehring_L3_state,16. PEN s-phase,AT4G28365,24,3.64972186088562,1.1578540960301434e-135,25.065309524536133
gehring_L3_state,16. PEN s-phase,AT2G22660,25,3.091759443283081,2.2227353436967588e-135,25.037691116333008
gehring_L3_state,16. PEN s-phase,AT3G14205,26,3.294206142425537,4.2601368310377514e-133,24.825653076171875
gehring_L3_state,16. PEN s-phase,AT5G43080,27,5.184103012084961,4.943643969067819e-132,24.7253475189209
gehring_L3_state,16. PEN s-phase,AT2G16586,28,2.6764228343963623,1.3371324277444752e-130,24.590360641479492
gehring_L3_state,16. PEN s-phase,AT1G75150,29,4.481330871582031,3.821948594174072e-130,24.54625701904297
gehring_L3_state,16. PEN s-phase,AT1G55810,30,3.2794268131256104,2.54344716432988e-128,24.37353515625
gehring_L3_state,16. PEN s-phase,AT3G54560,31,4.327974319458008,1.0699604586101632e-126,24.218542098999023
gehring_L3_state,16. PEN s-phase,AT2G27170,32,3.0557351112365723,1.9497897100640604e-122,23.809396743774414
gehring_L3_state,16. PEN s-phase,AT4G21430,33,3.223937749862671,1.9174050005786598e-120,23.614938735961914
gehring_L3_state,16. PEN s-phase,AT1G78520,34,4.010824203491211,3.760881586361099e-117,23.290990829467773
gehring_L3_state,16. PEN s-phase,AT2G02100,35,3.1104705333709717,2.7171123472179314e-115,23.104368209838867
gehring_L3_state,16. PEN s-phase,AT2G32440,36,3.9496753215789795,4.717396457813784e-115,23.079336166381836
gehring_L3_state,16. PEN s-phase,AT2G38810,37,4.558993816375732,4.591233167599871e-114,22.97955894470215
gehring_L3_state,16. PEN s-phase,AT3G54670,38,2.773343563079834,5.887745837138942e-114,22.96762466430664
gehring_L3_state,16. PEN s-phase,AT3G59100,39,4.339047431945801,2.126637410023113e-113,22.910642623901367
gehring_L3_state,16. PEN s-phase,AT5G63700,40,3.1727468967437744,2.5112366024420057e-113,22.902324676513672
gehring_L3_state,16. PEN s-phase,AT5G48600,41,4.297577857971191,6.62830142101714e-113,22.85893440246582
gehring_L3_state,16. PEN s-phase,AT2G32370,42,4.498721599578857,1.6120504199506646e-112,22.819067001342773
gehring_L3_state,16. PEN s-phase,AT5G07260,43,3.6351592540740967,1.135281744642592e-111,22.732521057128906
gehring_L3_state,16. PEN s-phase,AT1G12080,44,3.6974880695343018,1.5639541269550222e-111,22.717464447021484
gehring_L3_state,16. PEN s-phase,AT1G14900,45,4.051089286804199,1.681874426065416e-110,22.61189842224121
gehring_L3_state,16. PEN s-phase,AT1G78760,46,3.613978862762451,4.6123284883921505e-110,22.566375732421875
gehring_L3_state,16. PEN s-phase,AT1G15940,47,2.9969918727874756,9.374094394466317e-109,22.431840896606445
gehring_L3_state,16. PEN s-phase,AT5G67100,48,3.416689872741699,1.2149330687765598e-108,22.419382095336914
gehring_L3_state,16. PEN s-phase,AT1G04020,49,4.857443332672119,1.2228856088133267e-108,22.418193817138672
gehring_L3_state,16. PEN s-phase,AT4G33330,50,3.9862406253814697,2.4261932608322166e-108,22.386789321899414
gehring_L3_state,17. CPT trans nuc,AT1G56100,1,6.651261329650879,3.297538910495247e-135,25.150068283081055
gehring_L3_state,17. CPT trans nuc,AT2G17710,2,5.809579849243164,1.1758532896417246e-132,24.887895584106445
gehring_L3_state,17. CPT trans nuc,AT1G61720,3,6.111931800842285,2.3370982522891073e-125,24.187667846679688
gehring_L3_state,17. CPT trans nuc,AT1G62333,4,5.185066223144531,2.5772387567526577e-125,24.1717529296875
gehring_L3_state,17. CPT trans nuc,AT5G17220,5,6.11750602722168,1.9877491966214504e-124,24.077985763549805
gehring_L3_state,17. CPT trans nuc,AT5G42800,6,5.458297252655029,6.197260547177093e-119,23.539958953857422
gehring_L3_state,17. CPT trans nuc,AT3G49780,7,5.433997631072998,1.2232608994579228e-117,23.406570434570312
gehring_L3_state,17. CPT trans nuc,AT3G20210,8,5.326653003692627,5.798585543853367e-110,22.634464263916016
gehring_L3_state,17. CPT trans nuc,AT4G22880,9,5.261492729187012,4.35487919654532e-105,22.12860679626465
gehring_L3_state,17. CPT trans nuc,AT3G13530,10,4.932853698730469,4.1677190144252815e-99,21.493703842163086
gehring_L3_state,17. CPT trans nuc,AT1G43640,11,3.612684726715088,7.112497379003526e-95,21.03193473815918
gehring_L3_state,17. CPT trans nuc,AT2G47895,12,4.238578796386719,5.369667173347584e-86,20.03448486328125
gehring_L3_state,17. CPT trans nuc,AT4G26420,13,4.285524368286133,1.4789824652382032e-85,19.97998046875
gehring_L3_state,17. CPT trans nuc,AT5G39190,14,4.6435770988464355,3.7089608856713953e-85,19.930316925048828
gehring_L3_state,17. CPT trans nuc,AT4G12890,15,4.064040660858154,3.933844989598166e-85,19.92391586303711
gehring_L3_state,17. CPT trans nuc,AT2G38900,16,4.391950607299805,7.399605072183888e-84,19.77320671081543
gehring_L3_state,17. CPT trans nuc,AT1G06550,17,3.831698417663574,1.5468845770157785e-83,19.73291015625
gehring_L3_state,17. CPT trans nuc,AT4G20320,18,4.917635440826416,3.9749295347720385e-79,19.209857940673828
gehring_L3_state,17. CPT trans nuc,AT5G05270,19,3.6983585357666016,1.5132401562815905e-77,19.01714324951172
gehring_L3_state,17. CPT trans nuc,AT3G08770,20,4.039260387420654,3.169972192714469e-77,18.975629806518555
gehring_L3_state,17. CPT trans nuc,AT5G39160,21,4.447713375091553,3.5765540468053564e-73,18.476146697998047
gehring_L3_state,17. CPT trans nuc,AT2G22620,22,3.3316404819488525,1.3205181176013066e-67,17.768352508544922
gehring_L3_state,17. CPT trans nuc,AT4G36380,23,4.213206768035889,1.8392244883891003e-64,17.354942321777344
gehring_L3_state,17. CPT trans nuc,AT5G13930,24,2.8881242275238037,8.580577032248109e-63,17.13036346435547
gehring_L3_state,17. CPT trans nuc,AT5G57630,25,4.60532283782959,9.573892535877544e-62,16.987056732177734
gehring_L3_state,17. CPT trans nuc,AT3G62730,26,5.636698246002197,3.206733735891422e-61,16.91368293762207
gehring_L3_state,17. CPT trans nuc,AT5G56300,27,3.7907087802886963,6.28532816660262e-61,16.87175750732422
gehring_L3_state,17. CPT trans nuc,AT2G21430,28,4.557727813720703,9.19003096754731e-61,16.847152709960938
gehring_L3_state,17. CPT trans nuc,AT1G05260,29,4.201422691345215,1.5203758929194503e-58,16.540124893188477
gehring_L3_state,17. CPT trans nuc,AT4G21480,30,4.305662155151367,1.61503844231658e-57,16.395103454589844
gehring_L3_state,17. CPT trans nuc,AT4G30470,31,3.7638795375823975,2.0611814413082684e-56,16.23760986328125
gehring_L3_state,17. CPT trans nuc,AT2G19110,32,3.6201562881469727,1.9648999732785904e-54,15.953584671020508
gehring_L3_state,17. CPT trans nuc,AT5G39130,33,3.3372559547424316,2.8764779646260324e-54,15.92784595489502
gehring_L3_state,17. CPT trans nuc,AT1G65060,34,3.515232801437378,1.8787623411356579e-53,15.808171272277832
gehring_L3_state,17. CPT trans nuc,AT4G09820,35,3.6514132022857666,3.3907568340236246e-50,15.326620101928711
gehring_L3_state,17. CPT trans nuc,AT4G12460,36,3.129373788833618,9.196258633316692e-50,15.259819984436035
gehring_L3_state,17. CPT trans nuc,AT1G34580,37,2.8628132343292236,3.4705176879595425e-49,15.171113967895508
gehring_L3_state,17. CPT trans nuc,AT3G23460,38,4.456966400146484,6.361008812174241e-41,13.864870071411133
gehring_L3_state,17. CPT trans nuc,AT1G21440,39,3.2907586097717285,1.2953437331327531e-40,13.811875343322754
gehring_L3_state,17. CPT trans nuc,AT1G02940,40,5.149257183074951,3.816470153363016e-40,13.731993675231934
gehring_L3_state,17. CPT trans nuc,AT5G63180,41,4.527961730957031,4.1186157193312605e-39,13.556774139404297
gehring_L3_state,17. CPT trans nuc,AT3G04280,42,2.8224565982818604,3.648935715058204e-37,13.220152854919434
gehring_L3_state,17. CPT trans nuc,AT2G23910,43,2.7937653064727783,8.595319006310547e-37,13.153814315795898
gehring_L3_state,17. CPT trans nuc,AT3G23600,44,2.760122060775757,1.0010253729551898e-35,12.965203285217285
gehring_L3_state,17. CPT trans nuc,AT1G12200,45,2.7908148765563965,1.1669868686318918e-35,12.951748847961426
gehring_L3_state,17. CPT trans nuc,AT2G42860,46,4.546034336090088,3.059828093374613e-35,12.87588882446289
gehring_L3_state,17. CPT trans nuc,AT2G46960,47,3.104013442993164,5.91114203306611e-34,12.643586158752441
gehring_L3_state,17. CPT trans nuc,AT5G38970,48,3.0340683460235596,1.7467844529539025e-33,12.556497573852539
gehring_L3_state,17. CPT trans nuc,AT3G51240,49,2.355323314666748,3.246359304588874e-33,12.505746841430664
gehring_L3_state,17. CPT trans nuc,AT5G04500,50,3.491892099380493,3.4642138258902515e-33,12.499011039733887
gehring_L3_state,17. CZSC plac phos,AT3G04280,1,5.191039562225342,2.5122688587236001e-144,25.97022247314453
gehring_L3_state,17. CZSC plac phos,AT2G46960,2,3.572801351547241,8.846944149513693e-124,24.054059982299805
gehring_L3_state,17. CZSC plac phos,AT2G47750,3,5.2021403312683105,5.700227879179122e-107,22.372360229492188
gehring_L3_state,17. CZSC plac phos,AT2G33480,4,3.685739278793335,8.778397950619129e-81,19.463184356689453
gehring_L3_state,17. CZSC plac phos,AT5G56300,5,3.8985750675201416,1.3173921935707129e-69,18.088233947753906
gehring_L3_state,17. CZSC plac phos,AT3G02470,6,1.8125183582305908,3.210021705099267e-67,17.775270462036133
gehring_L3_state,17. CZSC plac phos,AT3G60160,7,3.59845232963562,7.454699658255979e-64,17.322372436523438
gehring_L3_state,17. CZSC plac phos,AT4G02940,8,3.9104185104370117,9.990647445974569e-62,17.027568817138672
gehring_L3_state,17. CZSC plac phos,AT5G48100,9,3.5808229446411133,2.640073545836199e-60,16.830108642578125
gehring_L3_state,17. CZSC plac phos,AT1G04580,10,3.3700191974639893,5.32549633885793e-60,16.78411102294922
gehring_L3_state,17. CZSC plac phos,ATCG00020,11,1.9691568613052368,2.597572660115602e-56,16.26793098449707
gehring_L3_state,17. CZSC plac phos,AT1G13390,12,2.898106813430786,1.0187969564726024e-55,16.176315307617188
gehring_L3_state,17. CZSC plac phos,AT4G37520,13,2.9172658920288086,9.10944892060225e-55,16.037288665771484
gehring_L3_state,17. CZSC plac phos,AT5G58930,14,3.284348726272583,1.823406280919137e-53,15.846674919128418
gehring_L3_state,17. CZSC plac phos,AT4G15540,15,2.83164381980896,4.517233982358273e-52,15.640362739562988
gehring_L3_state,17. CZSC plac phos,AT1G62060,16,3.1798110008239746,2.9434511543322135e-49,15.219023704528809
gehring_L3_state,17. CZSC plac phos,AT1G62480,17,2.846714496612549,4.418749466160281e-48,15.037674903869629
gehring_L3_state,17. CZSC plac phos,AT4G36648,18,1.2123430967330933,5.23620446867036e-47,14.870115280151367
gehring_L3_state,17. CZSC plac phos,AT1G75390,19,1.9721754789352417,8.054669725065517e-47,14.838400840759277
gehring_L3_state,17. CZSC plac phos,AT4G10120,20,4.446727275848389,1.6999723858327713e-44,14.4721040725708
gehring_L3_state,17. CZSC plac phos,AT1G62380,21,3.9488866329193115,1.7972481432246122e-44,14.46557903289795
gehring_L3_state,17. CZSC plac phos,AT1G32700,22,2.7428860664367676,2.154631189365529e-43,14.291033744812012
gehring_L3_state,17. CZSC plac phos,AT5G02380,23,3.329646110534668,5.6012773707160704e-43,14.221806526184082
gehring_L3_state,17. CZSC plac phos,AT5G65670,24,1.8177341222763062,4.588567825294137e-42,14.071401596069336
gehring_L3_state,17. CZSC plac phos,AT3G57390,25,3.0281052589416504,7.735828006158793e-40,13.699236869812012
gehring_L3_state,17. CZSC plac phos,AT5G47150,26,2.4117190837860107,4.641093684846524e-39,13.566191673278809
gehring_L3_state,17. CZSC plac phos,AT4G20320,27,3.2860777378082275,3.0210577015805766e-38,13.423663139343262
gehring_L3_state,17. CZSC plac phos,AT1G80050,28,4.670921325683594,1.539122862032018e-36,13.124914169311523
gehring_L3_state,17. CZSC plac phos,AT2G16990,29,2.9941670894622803,1.2385547419133756e-35,12.963886260986328
gehring_L3_state,17. CZSC plac phos,AT3G25260,30,2.0198068618774414,1.873688689522749e-35,12.930051803588867
gehring_L3_state,17. CZSC plac phos,AT5G20700,31,2.3300817012786865,2.0329932810493616e-35,12.921778678894043
gehring_L3_state,17. CZSC plac phos,AT4G12290,32,3.065829277038574,1.1314834946449217e-33,12.604881286621094
gehring_L3_state,17. CZSC plac phos,AT4G37050,33,2.495459794998169,3.327369707121207e-33,12.517637252807617
gehring_L3_state,17. CZSC plac phos,AT1G43640,34,1.7919493913650513,1.8401897369269258e-32,12.379240989685059
gehring_L3_state,17. CZSC plac phos,AT1G03920,35,3.4804210662841797,2.116734140536168e-32,12.366150856018066
gehring_L3_state,17. CZSC plac phos,AT4G16620,36,3.650653123855591,3.2958299415692105e-32,12.328713417053223
gehring_L3_state,17. CZSC plac phos,AT3G10985,37,2.2406585216522217,5.779189375740093e-32,12.279854774475098
gehring_L3_state,17. CZSC plac phos,AT5G41790,38,2.3287172317504883,1.935123745890222e-31,12.178296089172363
gehring_L3_state,17. CZSC plac phos,AT4G40010,39,3.2981371879577637,2.353413716812446e-31,12.160672187805176
gehring_L3_state,17. CZSC plac phos,AT1G74840,40,3.4296762943267822,9.34027018507823e-31,12.044316291809082
gehring_L3_state,17. CZSC plac phos,AT1G66200,41,3.4195799827575684,1.5003564495749726e-30,12.003592491149902
gehring_L3_state,17. CZSC plac phos,AT1G63420,42,2.097885847091675,2.6325262572777344e-30,11.955430030822754
gehring_L3_state,17. CZSC plac phos,AT5G02230,43,4.052016258239746,7.432725250820065e-30,11.867362022399902
gehring_L3_state,17. CZSC plac phos,AT2G41220,44,2.2758662700653076,1.820404872848138e-29,11.790655136108398
gehring_L3_state,17. CZSC plac phos,AT1G30820,45,4.537144184112549,1.341927683041243e-28,11.619710922241211
gehring_L3_state,17. CZSC plac phos,AT4G36870,46,3.466062068939209,1.8859128373514855e-28,11.589110374450684
gehring_L3_state,17. CZSC plac phos,AT1G34060,47,4.086742401123047,1.9765085928842002e-26,11.179149627685547
gehring_L3_state,17. CZSC plac phos,AT2G23790,48,1.5270936489105225,1.2476554795010973e-25,11.011520385742188
gehring_L3_state,17. CZSC plac phos,AT5G66170,49,2.3725571632385254,3.1233134683577256e-25,10.92712116241455
gehring_L3_state,17. CZSC plac phos,AT1G76180,50,1.8408437967300415,1.168723590674861e-24,10.805268287658691
gehring_L3_state,17. PEN gen IV,AT1G78760,1,4.830607891082764,1.581313435495908e-94,21.107650756835938
gehring_L3_state,17. PEN gen IV,AT2G38870,2,5.348970890045166,3.2218629816712722e-90,20.599782943725586
gehring_L3_state,17. PEN gen IV,AT2G22660,3,3.694949150085449,5.968031417962675e-82,19.635713577270508
gehring_L3_state,17. PEN gen IV,AT5G46880,4,5.073587894439697,2.8904314681036354e-75,18.822429656982422
gehring_L3_state,17. PEN gen IV,AT4G28365,5,3.972694158554077,2.210957425864691e-70,18.20478057861328
gehring_L3_state,17. PEN gen IV,AT4G21380,6,5.25565767288208,4.561801869962747e-65,17.511484146118164
gehring_L3_state,17. PEN gen IV,AT4G31610,7,6.1675896644592285,5.185715812849923e-63,17.23105239868164
gehring_L3_state,17. PEN gen IV,AT1G78520,8,4.333812713623047,5.3477141437773486e-61,16.952951431274414
gehring_L3_state,17. PEN gen IV,AT1G77580,9,3.7567965984344482,6.308235945065556e-60,16.80027961730957
gehring_L3_state,17. PEN gen IV,AT5G41070,10,4.822617530822754,1.3970793995580735e-54,16.047231674194336
gehring_L3_state,17. PEN gen IV,AT1G55810,11,3.0493714809417725,4.1432133525391807e-50,15.388675689697266
gehring_L3_state,17. PEN gen IV,AT1G11070,12,3.5757365226745605,8.927122464530319e-50,15.333271980285645
gehring_L3_state,17. PEN gen IV,AT2G30590,13,4.058114528656006,1.1795037528888862e-49,15.30996322631836
gehring_L3_state,17. PEN gen IV,AT2G37025,14,3.7333922386169434,2.4946903399061506e-49,15.256329536437988
gehring_L3_state,17. PEN gen IV,AT1G79245,15,2.6761574745178223,5.263538649100153e-49,15.198774337768555
gehring_L3_state,17. PEN gen IV,AT3G14205,16,3.1885159015655518,2.029777574633491e-47,14.953566551208496
gehring_L3_state,17. PEN gen IV,AT3G27785,17,3.8136532306671143,2.0407933728852323e-47,14.949399948120117
gehring_L3_state,17. PEN gen IV,AT4G18020,18,3.3102378845214844,2.1012026047935216e-47,14.943855285644531
gehring_L3_state,17. PEN gen IV,AT1G36060,19,4.117342472076416,1.0895928126847245e-45,14.674988746643066
gehring_L3_state,17. PEN gen IV,AT2G05310,20,3.2535006999969482,3.073044918249066e-45,14.601163864135742
gehring_L3_state,17. PEN gen IV,AT1G71690,21,2.787813901901245,3.946312054313833e-45,14.580927848815918
gehring_L3_state,17. PEN gen IV,AT3G14840,22,3.502167224884033,3.479223316544156e-44,14.428518295288086
gehring_L3_state,17. PEN gen IV,AT1G12080,23,3.7174923419952393,3.4569343080283277e-43,14.266292572021484
gehring_L3_state,17. PEN gen IV,AT5G07200,24,3.0328729152679443,3.751053507862175e-43,14.257746696472168
gehring_L3_state,17. PEN gen IV,AT2G44470,25,2.748260736465454,5.92711278321372e-43,14.223034858703613
gehring_L3_state,17. PEN gen IV,AT1G34260,26,3.1342523097991943,1.1859252792542676e-40,13.844679832458496
gehring_L3_state,17. PEN gen IV,AT4G31550,27,3.830634593963623,1.071113389340104e-39,13.682988166809082
gehring_L3_state,17. PEN gen IV,AT5G63700,28,2.956735610961914,1.7734458942445734e-39,13.64372444152832
gehring_L3_state,17. PEN gen IV,AT5G18310,29,3.6325528621673584,2.378732498387003e-39,13.619823455810547
gehring_L3_state,17. PEN gen IV,AT5G48720,30,3.6098384857177734,3.9010058732232914e-39,13.581247329711914
gehring_L3_state,17. PEN gen IV,AT1G56170,31,2.6845202445983887,2.2719067275264729e-38,13.449244499206543
gehring_L3_state,17. PEN gen IV,AT1G15290,32,2.8013901710510254,6.018892050217629e-38,13.374717712402344
gehring_L3_state,17. PEN gen IV,AT4G00730,33,2.7681000232696533,9.16985719675586e-38,13.341150283813477
gehring_L3_state,17. PEN gen IV,AT2G33880,34,6.066573619842529,1.0322800266723152e-37,13.330156326293945
gehring_L3_state,17. PEN gen IV,AT4G21430,35,2.907529354095459,1.2539666707158398e-37,13.313531875610352
gehring_L3_state,17. PEN gen IV,AT5G28000,36,4.712027072906494,3.607336586834008e-37,13.23231315612793
gehring_L3_state,17. PEN gen IV,AT1G04030,37,3.2739179134368896,3.906621691654398e-37,13.22431755065918
gehring_L3_state,17. PEN gen IV,AT1G76180,38,2.4833836555480957,1.371126629219486e-36,13.127606391906738
gehring_L3_state,17. PEN gen IV,AT2G39700,39,5.456087589263916,3.384821157623314e-36,13.057056427001953
gehring_L3_state,17. PEN gen IV,AT2G05330,40,5.875321865081787,3.5757457915611145e-36,13.050996780395508
gehring_L3_state,17. PEN gen IV,AT2G02100,41,2.671353340148926,4.2912278743848676e-36,13.035256385803223
gehring_L3_state,17. PEN gen IV,AT3G50440,42,4.226940631866455,5.184900851966148e-36,13.019022941589355
gehring_L3_state,17. PEN gen IV,AT3G15990,43,3.252549409866333,5.610546144931628e-36,13.011240005493164
gehring_L3_state,17. PEN gen IV,AT5G50090,44,3.5840718746185303,1.3405741973189531e-35,12.941100120544434
gehring_L3_state,17. PEN gen IV,AT3G23090,45,3.055833578109741,2.281456078918568e-35,12.898531913757324
gehring_L3_state,17. PEN gen IV,AT1G17060,46,3.2916319370269775,2.0692931426691206e-34,12.725828170776367
gehring_L3_state,17. PEN gen IV,AT3G16770,47,2.448150396347046,5.391771491658058e-34,12.649192810058594
gehring_L3_state,17. PEN gen IV,AT5G46350,48,6.913003444671631,7.093613362196657e-34,12.626030921936035
gehring_L3_state,17. PEN gen IV,AT4G26760,49,2.617157459259033,3.674253456870141e-33,12.494329452514648
gehring_L3_state,17. PEN gen IV,AT2G26070,50,3.045067310333252,4.030483809210888e-33,12.48542308807373
gehring_L3_state,18. CZSC gen,AT3G59010,1,6.8100457191467285,0.0,41.621376037597656
gehring_L3_state,18. CZSC gen,AT3G04280,2,5.42698860168457,0.0,40.100223541259766
gehring_L3_state,18. CZSC gen,AT4G09960,3,3.6004621982574463,7.1533608158523546e-276,35.740840911865234
gehring_L3_state,18. CZSC gen,AT4G37520,4,4.3486104011535645,1.1901349705961815e-264,35.00284194946289
gehring_L3_state,18. CZSC gen,AT2G46960,5,3.613203763961792,9.753143678890611e-206,30.88196563720703
gehring_L3_state,18. CZSC gen,AT5G65670,6,2.7686502933502197,9.097233741946028e-202,30.578903198242188
gehring_L3_state,18. CZSC gen,AT3G57230,7,3.9237234592437744,5.559861672340395e-197,30.211654663085938
gehring_L3_state,18. CZSC gen,AT3G48230,8,4.721311569213867,2.6687425904262483e-194,30.00238800048828
gehring_L3_state,18. CZSC gen,AT4G34000,9,3.3662407398223877,6.85489222598951e-192,29.813140869140625
gehring_L3_state,18. CZSC gen,AT5G20830,10,3.99446177482605,7.515672239954024e-183,29.10378074645996
gehring_L3_state,18. CZSC gen,AT5G54660,11,5.242208003997803,1.3410686210664036e-180,28.92202377319336
gehring_L3_state,18. CZSC gen,AT2G32240,12,3.5036702156066895,1.5211683633400448e-180,28.9146671295166
gehring_L3_state,18. CZSC gen,AT3G58780,13,2.9115371704101562,7.170272315562398e-180,28.85828971862793
gehring_L3_state,18. CZSC gen,AT1G75390,14,2.5682716369628906,4.381065416540585e-173,28.309715270996094
gehring_L3_state,18. CZSC gen,AT5G21150,15,2.699460744857788,9.237649548353297e-165,27.622774124145508
gehring_L3_state,18. CZSC gen,AT1G32450,16,4.22681999206543,5.722578680226636e-148,26.18520736694336
gehring_L3_state,18. CZSC gen,AT4G15160,17,6.01726770401001,2.92601503100148e-144,25.855173110961914
gehring_L3_state,18. CZSC gen,AT3G13810,18,4.665199279785156,7.260744180353513e-142,25.639118194580078
gehring_L3_state,18. CZSC gen,AT2G44460,19,4.923016548156738,5.401299629669287e-136,25.104957580566406
gehring_L3_state,18. CZSC gen,AT5G25220,20,2.8625707626342773,1.2480239979891187e-135,25.069583892822266
gehring_L3_state,18. CZSC gen,AT4G10120,21,4.629024505615234,1.1078907112350098e-134,24.980525970458984
gehring_L3_state,18. CZSC gen,AT1G05490,22,2.3434793949127197,1.3773853028868369e-134,24.969961166381836
gehring_L3_state,18. CZSC gen,AT1G03040,23,2.6127285957336426,1.8632664952827506e-132,24.771181106567383
gehring_L3_state,18. CZSC gen,AT4G20320,24,3.9686577320098877,1.813357436753194e-131,24.677579879760742
gehring_L3_state,18. CZSC gen,AT5G47370,25,4.697658538818359,7.342887712486164e-130,24.525728225708008
gehring_L3_state,18. CZSC gen,AT1G76180,26,2.7384371757507324,2.5351081137335643e-129,24.4736385345459
gehring_L3_state,18. CZSC gen,AT5G27950,27,2.9650495052337646,2.0200169480149153e-126,24.19803237915039
gehring_L3_state,18. CZSC gen,AT5G25770,28,2.7666068077087402,9.711875502149366e-125,24.036218643188477
gehring_L3_state,18. CZSC gen,AT3G08860,29,4.430817604064941,8.778798109373841e-116,23.162445068359375
gehring_L3_state,18. CZSC gen,AT1G75750,30,2.7627789974212646,7.787689349740227e-113,22.866586685180664
gehring_L3_state,18. CZSC gen,AT4G17670,31,3.033730983734131,8.142393378984276e-110,22.559642791748047
gehring_L3_state,18. CZSC gen,AT3G10985,32,2.5173635482788086,4.040689913936464e-109,22.487253189086914
gehring_L3_state,18. CZSC gen,AT2G44670,33,2.663710117340088,1.39526917935177e-105,22.121339797973633
gehring_L3_state,18. CZSC gen,AT4G26590,34,2.3105673789978027,1.5021557111443088e-105,22.116662979125977
gehring_L3_state,18. CZSC gen,AT1G26560,35,2.8749914169311523,3.5498613703415787e-102,21.762020111083984
gehring_L3_state,18. CZSC gen,AT5G25620,36,3.8983492851257324,2.828810023110231e-100,21.559024810791016
gehring_L3_state,18. CZSC gen,AT4G37050,37,2.9470632076263428,5.132803030364234e-100,21.530160903930664
gehring_L3_state,18. CZSC gen,AT2G18960,38,2.1803486347198486,1.533976092608341e-97,21.263099670410156
gehring_L3_state,18. CZSC gen,AT1G69850,39,3.035325050354004,6.464103922135791e-95,20.97635269165039
gehring_L3_state,18. CZSC gen,AT1G29050,40,2.550266981124878,1.2523429823134269e-93,20.83368682861328
gehring_L3_state,18. CZSC gen,AT4G05631,41,1.9060248136520386,8.846802845255977e-92,20.627593994140625
gehring_L3_state,18. CZSC gen,AT3G05165,42,2.5716552734375,1.0953459329743745e-90,20.504365921020508
gehring_L3_state,18. CZSC gen,AT1G21310,43,2.8737339973449707,4.8267788784304985e-90,20.43092918395996
gehring_L3_state,18. CZSC gen,AT3G11690,44,2.2879526615142822,3.934932484441124e-89,20.327085494995117
gehring_L3_state,18. CZSC gen,AT5G49645,45,3.0463099479675293,1.917955813521031e-87,20.13433265686035
gehring_L3_state,18. CZSC gen,AT3G56480,46,3.477785348892212,1.9722415943861613e-86,20.01744270324707
gehring_L3_state,18. CZSC gen,AT1G77660,47,2.9931461811065674,4.0199330431967145e-85,19.865568161010742
gehring_L3_state,18. CZSC gen,AT5G20700,48,2.3071482181549072,9.258097989666212e-84,19.706371307373047
gehring_L3_state,18. CZSC gen,AT1G10820,49,2.497951030731201,4.533983935357368e-83,19.62474822998047
gehring_L3_state,18. CZSC gen,AT5G17980,50,4.397256374359131,5.2485519673126675e-81,19.38071632385254
gehring_L3_state,18. CZSC plac call,AT3G04280,1,7.385860919952393,2.6257225637070534e-24,11.10986042022705
gehring_L3_state,18. CZSC plac call,AT1G62480,2,5.932582855224609,2.9316880419353006e-23,10.829010963439941
gehring_L3_state,18. CZSC plac call,AT3G14570,3,9.280654907226562,5.632375875218736e-23,10.713767051696777
gehring_L3_state,18. CZSC plac call,AT5G24800,4,9.086260795593262,5.632375875218736e-23,10.705041885375977
gehring_L3_state,18. CZSC plac call,AT3G59100,5,7.50653600692749,8.983163541353994e-23,10.640949249267578
gehring_L3_state,18. CZSC plac call,AT1G75390,6,4.039664268493652,2.7302095563311394e-20,10.076638221740723
gehring_L3_state,18. CZSC plac call,AT3G14780,7,8.908394813537598,1.0122093374144747e-19,9.931670188903809
gehring_L3_state,18. CZSC plac call,AT5G02380,8,5.988870143890381,5.390789586193136e-19,9.749979972839355
gehring_L3_state,18. CZSC plac call,AT2G28810,9,9.287012100219727,8.367043122198423e-19,9.693232536315918
gehring_L3_state,18. CZSC plac call,AT1G26450,10,9.022693634033203,9.995750953096332e-18,9.425601959228516
gehring_L3_state,18. CZSC plac call,AT5G49320,11,8.857878684997559,8.710562189567851e-17,9.185419082641602
gehring_L3_state,18. CZSC plac call,AT1G13390,12,4.489584445953369,1.5005696717007556e-14,8.603920936584473
gehring_L3_state,18. CZSC plac call,AT1G73850,13,7.070748805999756,2.3683415376252813e-14,8.542173385620117
gehring_L3_state,18. CZSC plac call,AT3G57390,14,4.470526218414307,1.5317607160477342e-12,8.028964042663574
gehring_L3_state,18. CZSC plac call,AT3G04300,15,6.563591003417969,2.9387296899798965e-12,7.940626621246338
gehring_L3_state,18. CZSC plac call,AT1G74840,16,5.296640872955322,5.349017941164141e-12,7.8584113121032715
gehring_L3_state,18. CZSC plac call,AT2G02230,17,6.271815299987793,1.4429846785345868e-10,7.42695951461792
gehring_L3_state,18. CZSC plac call,AT5G65670,18,2.9132275581359863,3.0370656616838184e-10,7.313709259033203
gehring_L3_state,18. CZSC plac call,AT3G03770,19,5.446892261505127,5.448500893694908e-10,7.228179454803467
gehring_L3_state,18. CZSC plac call,AT4G40010,20,4.79177188873291,5.744454940379377e-10,7.214663028717041
gehring_L3_state,18. CZSC plac call,AT4G10120,21,5.334839344024658,7.138423627719173e-10,7.1789631843566895
gehring_L3_state,18. CZSC plac call,AT1G69850,22,4.342447280883789,2.0598998340297975e-09,7.026679039001465
gehring_L3_state,18. CZSC plac call,AT1G43910,23,6.589900493621826,2.9529088989501452e-09,6.970492839813232
gehring_L3_state,18. CZSC plac call,AT4G14740,24,5.266365051269531,3.106436912458633e-09,6.957834243774414
gehring_L3_state,18. CZSC plac call,AT2G46960,25,3.5180623531341553,1.0988780411849674e-08,6.767725467681885
gehring_L3_state,18. CZSC plac call,AT4G34590,26,2.9271128177642822,1.0988780411849674e-08,6.766828536987305
gehring_L3_state,18. CZSC plac call,AT4G23410,27,6.831646919250488,1.4174380478759213e-08,6.724777698516846
gehring_L3_state,18. CZSC plac call,AT1G32700,28,3.4053049087524414,2.04371499736559e-08,6.666315078735352
gehring_L3_state,18. CZSC plac call,AT1G54270,29,3.771972179412842,3.41140246432869e-08,6.585800647735596
gehring_L3_state,18. CZSC plac call,AT1G63420,30,3.237020492553711,3.6490082036165055e-08,6.571065425872803
gehring_L3_state,18. CZSC plac call,AT5G23810,31,8.474729537963867,3.9365071936619064e-08,6.555175304412842
gehring_L3_state,18. CZSC plac call,AT1G60680,32,7.205367088317871,5.092820653775481e-08,6.5121541023254395
gehring_L3_state,18. CZSC plac call,AT1G12780,33,3.7802717685699463,7.30701999872347e-08,6.453335762023926
gehring_L3_state,18. CZSC plac call,AT2G28650,34,3.5010130405426025,8.007930245359241e-08,6.435169219970703
gehring_L3_state,18. CZSC plac call,AT4G23420,35,6.10141134262085,1.0515415477660805e-07,6.387356758117676
gehring_L3_state,18. CZSC plac call,AT1G07640,36,6.033775806427002,1.0515415477660805e-07,6.385397434234619
gehring_L3_state,18. CZSC plac call,AT5G24580,37,5.007144451141357,1.6204220160665628e-07,6.31488037109375
gehring_L3_state,18. CZSC plac call,AT2G02020,38,7.312403678894043,2.376231183220589e-07,6.251455307006836
gehring_L3_state,18. CZSC plac call,AT5G45320,39,6.597957134246826,3.3236195883308443e-07,6.194962024688721
gehring_L3_state,18. CZSC plac call,AT4G02940,40,4.247100830078125,6.091604961992328e-07,6.094969749450684
gehring_L3_state,18. CZSC plac call,AT2G02130,41,5.291152000427246,1.0564842650810464e-06,6.00245475769043
gehring_L3_state,18. CZSC plac call,AT5G20700,42,3.0570247173309326,1.2768267881908187e-06,5.967881202697754
gehring_L3_state,18. CZSC plac call,AT5G47060,43,2.6356754302978516,1.759885471880412e-06,5.911592483520508
gehring_L3_state,18. CZSC plac call,AT1G68170,44,4.82948112487793,2.548460851166236e-06,5.846661567687988
gehring_L3_state,18. CZSC plac call,AT3G47540,45,9.028124809265137,3.613131990032537e-06,5.783607006072998
gehring_L3_state,18. CZSC plac call,AT2G37050,46,3.9545648097991943,3.613131990032537e-06,5.781135559082031
gehring_L3_state,18. CZSC plac call,AT2G31900,47,7.828794479370117,3.967104299407059e-06,5.761916160583496
gehring_L3_state,18. CZSC plac call,AT5G02230,48,4.9008307456970215,8.123925335477128e-06,5.632848739624023
gehring_L3_state,18. CZSC plac call,AT5G50790,49,5.808623790740967,1.5879033861499008e-05,5.512754917144775
gehring_L3_state,18. CZSC plac call,AT5G47370,50,4.483428955078125,1.6047969381983807e-05,5.50753927230835
gehring_L3_state,18. FUN epid,ATMG00020,1,1.1559386253356934,4.96408082527543e-18,9.735688209533691
gehring_L3_state,18. FUN epid,AT3G04280,2,3.10546875,3.029180939699159e-13,8.406929016113281
gehring_L3_state,18. FUN epid,AT5G49360,3,2.4919965267181396,3.029180939699159e-13,8.382447242736816
gehring_L3_state,18. FUN epid,AT1G04580,4,2.869119644165039,9.725624487048941e-13,8.217352867126465
gehring_L3_state,18. FUN epid,AT3G60160,5,3.1958236694335938,7.519418934802192e-12,7.945749759674072
gehring_L3_state,18. FUN epid,AT5G47370,6,3.863377571105957,9.218849665319575e-11,7.5917863845825195
gehring_L3_state,18. FUN epid,AT2G22990,7,5.105822563171387,4.575103448294313e-10,7.351677417755127
gehring_L3_state,18. FUN epid,AT5G59310,8,3.980562686920166,3.0171036344469284e-09,7.070034503936768
gehring_L3_state,18. FUN epid,AT2G33380,9,4.429459571838379,3.5713450333039542e-09,7.035443305969238
gehring_L3_state,18. FUN epid,AT4G19420,10,3.282991647720337,1.9540200146054152e-07,6.428027153015137
gehring_L3_state,18. FUN epid,AT5G57800,11,5.749574661254883,1.9540200146054152e-07,6.42283821105957
gehring_L3_state,18. FUN epid,AT5G25280,12,2.1414363384246826,6.243954190989539e-07,6.216751575469971
gehring_L3_state,18. FUN epid,AT1G20620,13,3.862816095352173,1.5525815863633776e-06,6.063915729522705
gehring_L3_state,18. FUN epid,AT3G26510,14,2.385685443878174,3.475525448622622e-06,5.917374134063721
gehring_L3_state,18. FUN epid,AT4G39090,15,1.581149697303772,4.511628971201411e-06,5.866927623748779
gehring_L3_state,18. FUN epid,AT5G59320,16,1.9082750082015991,5.161705128908605e-06,5.837470054626465
gehring_L3_state,18. FUN epid,AT2G01021,17,2.274573564529419,9.18230582400307e-06,5.720729827880859
gehring_L3_state,18. FUN epid,AT4G40010,18,2.998853921890259,2.404236581298239e-05,5.525178909301758
gehring_L3_state,18. FUN epid,AT2G38800,19,3.683263063430786,6.231298836091259e-05,5.315035820007324
gehring_L3_state,18. FUN epid,AT1G80050,20,3.64839768409729,8.080579988691903e-05,5.262978553771973
gehring_L3_state,18. FUN epid,AT4G02940,21,2.4604077339172363,8.849538838848966e-05,5.2418036460876465
gehring_L3_state,18. FUN epid,AT5G02230,22,3.3593838214874268,0.00013867501446289317,5.133252143859863
gehring_L3_state,18. FUN epid,AT3G04730,23,2.965944766998291,0.00016845806935124086,5.081264972686768
gehring_L3_state,18. FUN epid,AT1G68170,24,3.2621967792510986,0.00021875872131041257,5.0138678550720215
gehring_L3_state,18. FUN epid,AT5G02380,25,2.1323654651641846,0.0002337201753687129,4.994478225708008
gehring_L3_state,18. FUN epid,AT3G15450,26,2.9450011253356934,0.00029574242587444827,4.9329986572265625
gehring_L3_state,18. FUN epid,AT5G21940,27,3.928680896759033,0.0013002457193794991,4.601550102233887
gehring_L3_state,18. FUN epid,AT5G19140,28,2.3271713256835938,0.0013002457193794991,4.597137928009033
gehring_L3_state,18. FUN epid,AT4G05631,29,1.103296160697937,0.0015523800487403777,4.554166793823242
gehring_L3_state,18. FUN epid,AT2G16700,30,4.400340557098389,0.001994622027093387,4.486111640930176
gehring_L3_state,18. FUN epid,AT1G72150,31,2.053466320037842,0.002216049407025274,4.456184387207031
gehring_L3_state,18. FUN epid,AT2G25450,32,1.7576466798782349,0.0023008825988427946,4.440912246704102
gehring_L3_state,18. FUN epid,AT5G40450,33,3.649980068206787,0.0023729591864609786,4.431915760040283
gehring_L3_state,18. FUN epid,AT1G71050,34,4.944788932800293,0.003362320030994592,4.343278408050537
gehring_L3_state,18. FUN epid,AT4G37180,35,2.456033706665039,0.003362320030994592,4.342342376708984
gehring_L3_state,18. FUN epid,AT4G18010,36,4.576605796813965,0.004189444078433108,4.2865495681762695
gehring_L3_state,18. FUN epid,AT2G33480,37,1.6961885690689087,0.004189444078433108,4.284183502197266
gehring_L3_state,18. FUN epid,AT5G24800,38,3.335148811340332,0.004289272067336929,4.275339126586914
gehring_L3_state,18. FUN epid,AT1G13390,39,1.576788306236267,0.004851577742975125,4.239349842071533
gehring_L3_state,18. FUN epid,AT1G28330,40,4.1315693855285645,0.006277915752796083,4.170823097229004
gehring_L3_state,18. FUN epid,AT4G30270,41,2.5175464153289795,0.006540420315816977,4.159467697143555
gehring_L3_state,18. FUN epid,AT1G66200,42,2.4905612468719482,0.006790194123805139,4.1449503898620605
gehring_L3_state,18. FUN epid,AT1G78970,43,4.853389263153076,0.01325518343916677,3.962240219116211
gehring_L3_state,18. FUN epid,AT2G36080,44,4.860642433166504,0.01325518343916677,3.9621143341064453
gehring_L3_state,18. FUN epid,AT5G22920,45,2.948147773742676,0.013428787033019904,3.9553868770599365
gehring_L3_state,18. FUN epid,AT1G47128,46,2.7872374057769775,0.014777198500264365,3.9235751628875732
gehring_L3_state,18. FUN epid,AT1G44800,47,3.261089324951172,0.01582527088996425,3.9015610218048096
gehring_L3_state,18. FUN epid,AT3G26740,48,4.115245819091797,0.016896439000646128,3.881690263748169
gehring_L3_state,18. FUN epid,AT1G32700,49,1.578075647354126,0.019515436470308033,3.8406012058258057
gehring_L3_state,18. FUN epid,ATMG01390,50,1.2040140628814697,0.021346674785844753,3.810267686843872
gehring_L3_state,19. CPT pers nuc,ATMG00020,1,1.881435513496399,2.3701041755157994e-48,15.28161334991455
gehring_L3_state,19. CPT pers nuc,AT1G56100,2,3.25374698638916,9.727318739903356e-30,12.08625602722168
gehring_L3_state,19. CPT pers nuc,AT1G51035,3,6.815428256988525,6.175205351093365e-28,11.715888977050781
gehring_L3_state,19. CPT pers nuc,AT5G59320,4,3.2072913646698,2.2856196821688917e-26,11.37047004699707
gehring_L3_state,19. CPT pers nuc,AT5G02380,5,4.145580291748047,2.6124819913341843e-24,10.93519401550293
gehring_L3_state,19. CPT pers nuc,AT3G08770,6,2.848346471786499,3.6400153080742396e-24,10.89291763305664
gehring_L3_state,19. CPT pers nuc,AT1G31290,7,6.1123270988464355,5.8270030022978455e-24,10.839224815368652
gehring_L3_state,19. CPT pers nuc,AT2G38900,8,2.890333652496338,3.244540041015777e-23,10.671208381652832
gehring_L3_state,19. CPT pers nuc,AT2G01021,9,3.2592251300811768,5.525836147358803e-23,10.612725257873535
gehring_L3_state,19. CPT pers nuc,ATMG01390,10,2.5707359313964844,2.5948185311861925e-22,10.459027290344238
gehring_L3_state,19. CPT pers nuc,AT1G61095,11,6.954899311065674,2.348404105291144e-19,9.784987449645996
gehring_L3_state,19. CPT pers nuc,AT1G62333,12,2.5836873054504395,9.418162406357438e-18,9.396495819091797
gehring_L3_state,19. CPT pers nuc,AT1G62480,13,2.709581136703491,4.303313547460413e-17,9.22783374786377
gehring_L3_state,19. CPT pers nuc,AT3G13520,14,2.413071632385254,2.082999919874359e-16,9.05029296875
gehring_L3_state,19. CPT pers nuc,AT3G21850,15,7.013391017913818,7.854712100754021e-16,8.897482872009277
gehring_L3_state,19. CPT pers nuc,AT3G10985,16,2.3771567344665527,1.1801851750153917e-15,8.84578800201416
gehring_L3_state,19. CPT pers nuc,AT5G48480,17,2.6361777782440186,2.946576810374517e-15,8.73693561553955
gehring_L3_state,19. CPT pers nuc,AT5G11740,18,1.7646063566207886,2.1954601381766605e-14,8.501067161560059
gehring_L3_state,19. CPT pers nuc,AT5G50790,19,4.734004974365234,1.8698319817530185e-13,8.242966651916504
gehring_L3_state,19. CPT pers nuc,AT1G75750,20,2.3517262935638428,2.0933901380095962e-13,8.22387409210205
gehring_L3_state,19. CPT pers nuc,AT3G15353,21,4.709141254425049,3.569136222647254e-13,8.154301643371582
gehring_L3_state,19. CPT pers nuc,AT1G07590,22,3.461890935897827,1.13499943018245e-12,8.008051872253418
gehring_L3_state,19. CPT pers nuc,AT1G61093,23,6.610254764556885,1.4941305184980245e-12,7.969120979309082
gehring_L3_state,19. CPT pers nuc,AT1G20730,24,6.033156394958496,2.8147388772367286e-12,7.88557243347168
gehring_L3_state,19. CPT pers nuc,AT1G51030,25,6.777285099029541,3.4953473251562234e-12,7.851127624511719
gehring_L3_state,19. CPT pers nuc,AT3G10590,26,6.900446891784668,3.4953473251562234e-12,7.849196434020996
gehring_L3_state,19. CPT pers nuc,AT4G22050,27,6.212206840515137,5.0528152558978094e-12,7.79841423034668
gehring_L3_state,19. CPT pers nuc,ATMG00090,28,1.7407335042953491,1.3416729912560367e-11,7.66984748840332
gehring_L3_state,19. CPT pers nuc,AT3G04280,29,2.3319106101989746,1.5683045113590052e-11,7.645584583282471
gehring_L3_state,19. CPT pers nuc,AT2G47895,30,2.3096916675567627,1.8178963747922717e-11,7.622464179992676
gehring_L3_state,19. CPT pers nuc,AT3G02470,31,1.2019774913787842,6.403491321079626e-11,7.454212665557861
gehring_L3_state,19. CPT pers nuc,AT2G38540,32,2.184723138809204,9.543484587641695e-11,7.39360237121582
gehring_L3_state,19. CPT pers nuc,AT1G02780,33,1.5721834897994995,1.0151029405328662e-10,7.381647109985352
gehring_L3_state,19. CPT pers nuc,AT1G61090,34,7.024874210357666,1.0677404810757887e-10,7.37126350402832
gehring_L3_state,19. CPT pers nuc,AT5G13930,35,1.4997822046279907,4.3970668485116394e-10,7.17301082611084
gehring_L3_state,19. CPT pers nuc,AT3G16640,36,1.732970118522644,6.07780724848747e-10,7.125093936920166
gehring_L3_state,19. CPT pers nuc,AT5G20700,37,1.949628472328186,1.0651679757419419e-09,7.04396915435791
gehring_L3_state,19. CPT pers nuc,AT3G59010,38,2.832423448562622,1.5260391541375206e-09,6.9903459548950195
gehring_L3_state,19. CPT pers nuc,AT5G39130,39,1.7839475870132446,1.5558646881839002e-09,6.9843268394470215
gehring_L3_state,19. CPT pers nuc,AT2G37180,40,3.022333860397339,2.0395292338125536e-09,6.942975044250488
gehring_L3_state,19. CPT pers nuc,AT4G24060,41,2.581070899963379,2.0418937738477802e-09,6.938957214355469
gehring_L3_state,19. CPT pers nuc,AT3G21840,42,6.495615482330322,2.0418937738477802e-09,6.936531066894531
gehring_L3_state,19. CPT pers nuc,AT1G76180,43,1.6414518356323242,2.0927370965136743e-09,6.930012226104736
gehring_L3_state,19. CPT pers nuc,AT1G61720,44,1.723461389541626,2.374596638828763e-09,6.9091291427612305
gehring_L3_state,19. CPT pers nuc,AT4G15750,45,1.7122695446014404,3.316477201189199e-09,6.855741024017334
gehring_L3_state,19. CPT pers nuc,AT5G46300,46,6.232337474822998,1.1412811546961499e-08,6.67394495010376
gehring_L3_state,19. CPT pers nuc,AT5G42800,47,1.924845814704895,1.682152628340687e-08,6.611119747161865
gehring_L3_state,19. CPT pers nuc,AT1G20680,48,5.086416721343994,1.734112531510663e-08,6.603846073150635
gehring_L3_state,19. CPT pers nuc,AT5G60390,49,1.2775341272354126,2.5304597937961482e-08,6.5448808670043945
gehring_L3_state,19. CPT pers nuc,AT4G12870,50,1.6145731210708618,4.3791287788571375e-08,6.458785057067871
gehring_L3_state,19. CZSC plac phos,AT2G39510,1,8.745976448059082,5.363921897720829e-292,36.79409408569336
gehring_L3_state,19. CZSC plac phos,AT3G04280,2,6.323019981384277,4.4430249779934756e-277,35.82975387573242
gehring_L3_state,19. CZSC plac phos,AT5G21150,3,4.255040168762207,4.5626049023621467e-246,33.76781463623047
gehring_L3_state,19. CZSC plac phos,AT5G24580,4,7.271097660064697,1.513237274214188e-245,33.72380065917969
gehring_L3_state,19. CZSC plac phos,AT5G02380,5,5.889381408691406,5.574770427932459e-244,33.610145568847656
gehring_L3_state,19. CZSC plac phos,AT4G24060,6,5.951546669006348,1.7626913763266525e-217,31.738853454589844
gehring_L3_state,19. CZSC plac phos,AT1G74840,7,5.84853458404541,1.6102692425585586e-216,31.66428565979004
gehring_L3_state,19. CZSC plac phos,AT2G36190,8,8.875003814697266,9.352544379289953e-206,30.868114471435547
gehring_L3_state,19. CZSC plac phos,AT1G32450,9,5.8864006996154785,2.6305879377658956e-197,30.228084564208984
gehring_L3_state,19. CZSC plac phos,AT4G10120,10,6.149572372436523,2.489824111212333e-194,29.994155883789062
gehring_L3_state,19. CZSC plac phos,AT2G18960,11,3.7308125495910645,2.489824111212333e-194,29.994094848632812
gehring_L3_state,19. CZSC plac phos,AT4G40010,12,5.231805801391602,4.006794314511015e-184,29.197982788085938
gehring_L3_state,19. CZSC plac phos,AT4G09960,13,3.645220994949341,3.434451157128829e-182,29.042566299438477
gehring_L3_state,19. CZSC plac phos,AT4G33550,14,7.821819305419922,5.413820026311643e-173,28.302248001098633
gehring_L3_state,19. CZSC plac phos,AT3G54390,15,4.395330905914307,2.4975850464745536e-164,27.5867919921875
gehring_L3_state,19. CZSC plac phos,AT1G75390,16,3.1270086765289307,1.9846243014879707e-163,27.50931167602539
gehring_L3_state,19. CZSC plac phos,AT1G75750,17,3.950302839279175,3.7288921968354104e-158,27.062637329101562
gehring_L3_state,19. CZSC plac phos,AT5G47370,18,5.637358665466309,3.277964595819549e-157,26.980192184448242
gehring_L3_state,19. CZSC plac phos,AT3G48230,19,4.902065753936768,1.79454730462421e-154,26.743776321411133
gehring_L3_state,19. CZSC plac phos,AT5G20700,20,3.539428949356079,4.388519866600938e-147,26.0988712310791
gehring_L3_state,19. CZSC plac phos,AT2G02130,21,5.969893932342529,2.0958650522402625e-137,25.229888916015625
gehring_L3_state,19. CZSC plac phos,AT3G21420,22,6.020323276519775,3.4834756650237894e-137,25.20793342590332
gehring_L3_state,19. CZSC plac phos,AT2G16990,23,3.978450059890747,1.7831334255631175e-127,24.304553985595703
gehring_L3_state,19. CZSC plac phos,AT4G02940,24,4.118098735809326,4.065338762987873e-124,23.98309898376465
gehring_L3_state,19. CZSC plac phos,AT5G19530,25,7.69992733001709,4.5550591604354506e-122,23.784156799316406
gehring_L3_state,19. CZSC plac phos,AT4G39260,26,2.2970542907714844,4.4516825232606146e-120,23.589397430419922
gehring_L3_state,19. CZSC plac phos,AT4G37650,27,6.803507328033447,1.2331650968886449e-117,23.348587036132812
gehring_L3_state,19. CZSC plac phos,AT1G68740,28,7.218576908111572,1.817265525847828e-110,22.630386352539062
gehring_L3_state,19. CZSC plac phos,AT2G46590,29,5.906782627105713,2.064271156185328e-105,22.109495162963867
gehring_L3_state,19. CZSC plac phos,AT1G76780,30,3.907679796218872,3.085618240885373e-104,21.98554229736328
gehring_L3_state,19. CZSC plac phos,AT1G19630,31,7.6326446533203125,7.115590960015596e-104,21.94609260559082
gehring_L3_state,19. CZSC plac phos,AT5G24660,32,4.824410915374756,7.962041489983735e-102,21.729063034057617
gehring_L3_state,19. CZSC plac phos,AT2G33350,33,7.508230209350586,9.099126488153322e-102,21.72151756286621
gehring_L3_state,19. CZSC plac phos,AT4G17670,34,3.4079103469848633,4.021595675186044e-100,21.54538345336914
gehring_L3_state,19. CZSC plac phos,AT2G32240,35,3.172560453414917,5.777676663417098e-99,21.420255661010742
gehring_L3_state,19. CZSC plac phos,AT3G20640,36,6.610995769500732,3.3183190466496916e-97,21.229402542114258
gehring_L3_state,19. CZSC plac phos,AT1G78090,37,4.989346981048584,4.6420924726591734e-94,20.884883880615234
gehring_L3_state,19. CZSC plac phos,AT3G16340,38,6.116403102874756,4.759715194208407e-93,20.772111892700195
gehring_L3_state,19. CZSC plac phos,AT5G54660,39,4.470198154449463,5.290098189094756e-92,20.654865264892578
gehring_L3_state,19. CZSC plac phos,AT5G24800,40,4.9612579345703125,1.53655755199676e-88,20.264814376831055
gehring_L3_state,19. CZSC plac phos,AT3G14990,41,3.6727569103240967,5.151953658927948e-88,20.203950881958008
gehring_L3_state,19. CZSC plac phos,AT5G25620,42,4.2267656326293945,5.577319196560774e-86,19.970117568969727
gehring_L3_state,19. CZSC plac phos,AT4G34000,43,2.8416240215301514,5.8681846964896606e-86,19.966402053833008
gehring_L3_state,19. CZSC plac phos,AT3G15353,44,5.355614185333252,1.2250437522080989e-85,19.928447723388672
gehring_L3_state,19. CZSC plac phos,AT1G73850,45,5.541614055633545,6.73878404805449e-85,19.841796875
gehring_L3_state,19. CZSC plac phos,AT2G22190,46,5.46212100982666,1.2562198006595356e-84,19.809356689453125
gehring_L3_state,19. CZSC plac phos,AT3G04300,47,5.242895603179932,5.674957653500056e-84,19.732192993164062
gehring_L3_state,19. CZSC plac phos,AT1G73010,48,4.486964225769043,7.558876330293171e-81,19.364038467407227
gehring_L3_state,19. CZSC plac phos,AT2G32487,49,5.4646100997924805,9.78398269183726e-81,19.348901748657227
gehring_L3_state,19. CZSC plac phos,AT3G28345,50,5.516704559326172,9.78398269183726e-81,19.34864044189453
gehring_L3_state,19. ii1 basal cont PS,AT5G56300,1,6.231311798095703,1.797604739675709e-81,19.635509490966797
gehring_L3_state,19. ii1 basal cont PS,AT4G26420,2,5.576334476470947,1.802961707297204e-72,18.515703201293945
gehring_L3_state,19. ii1 basal cont PS,AT5G48100,3,5.487191677093506,9.08501643156846e-67,17.77193260192871
gehring_L3_state,19. ii1 basal cont PS,AT1G62333,4,4.48112154006958,1.0534095288446613e-58,16.68096923828125
gehring_L3_state,19. ii1 basal cont PS,AT1G62480,5,4.57082462310791,2.182083566087519e-56,16.345701217651367
gehring_L3_state,19. ii1 basal cont PS,AT3G04280,6,4.796969890594482,1.5906855143433895e-52,15.782851219177246
gehring_L3_state,19. ii1 basal cont PS,AT5G50750,7,4.793342590332031,2.1211586391066698e-51,15.608694076538086
gehring_L3_state,19. ii1 basal cont PS,AT4G37520,8,4.405526161193848,5.74619150253102e-49,15.238386154174805
gehring_L3_state,19. ii1 basal cont PS,AT1G61720,9,4.473928928375244,3.694907387250154e-46,14.801962852478027
gehring_L3_state,19. ii1 basal cont PS,AT3G28360,10,6.049808502197266,4.868793197363006e-43,14.303424835205078
gehring_L3_state,19. ii1 basal cont PS,AT2G47750,11,5.015527248382568,2.919658722010448e-41,14.008960723876953
gehring_L3_state,19. ii1 basal cont PS,AT4G36870,12,5.293313026428223,3.733987209518783e-40,13.814749717712402
gehring_L3_state,19. ii1 basal cont PS,AT5G39190,13,4.151608943939209,8.728855042691996e-40,13.748104095458984
gehring_L3_state,19. ii1 basal cont PS,AT3G02470,14,2.244103193283081,7.628483432891563e-39,13.585295677185059
gehring_L3_state,19. ii1 basal cont PS,AT3G49780,15,4.226590633392334,1.4617756103955372e-38,13.532854080200195
gehring_L3_state,19. ii1 basal cont PS,AT4G37050,16,4.146903991699219,2.285090120701358e-38,13.495512008666992
gehring_L3_state,19. ii1 basal cont PS,AT1G05260,17,4.654893398284912,1.1018158275346638e-37,13.374828338623047
gehring_L3_state,19. ii1 basal cont PS,AT1G43640,18,2.8688743114471436,9.215124704424463e-34,12.67745590209961
gehring_L3_state,19. ii1 basal cont PS,AT2G46960,19,3.0309457778930664,1.386223123189015e-31,12.274248123168945
gehring_L3_state,19. ii1 basal cont PS,AT4G26220,20,3.9228243827819824,1.3115780920589963e-30,12.08718204498291
gehring_L3_state,19. ii1 basal cont PS,AT4G20320,21,4.351400375366211,2.0643411900877335e-30,12.046187400817871
gehring_L3_state,19. ii1 basal cont PS,AT5G66170,22,3.3347082138061523,9.627024044304997e-28,11.524881362915039
gehring_L3_state,19. ii1 basal cont PS,AT3G13530,23,3.079425096511841,1.3196716715258388e-27,11.494159698486328
gehring_L3_state,19. ii1 basal cont PS,AT5G39160,24,3.6278340816497803,4.285847707445043e-26,11.186141014099121
gehring_L3_state,19. ii1 basal cont PS,AT5G39130,25,2.9918339252471924,8.0449594567453235e-25,10.916271209716797
gehring_L3_state,19. ii1 basal cont PS,AT5G24580,26,4.7779436111450195,2.8090185872075086e-24,10.798857688903809
gehring_L3_state,19. ii1 basal cont PS,AT1G66200,27,4.146968841552734,7.542369318786625e-24,10.704641342163086
gehring_L3_state,19. ii1 basal cont PS,AT3G58780,28,2.3482048511505127,1.8317368034080069e-22,10.39891529083252
gehring_L3_state,19. ii1 basal cont PS,AT3G62730,29,4.82447624206543,1.3885838164090922e-19,9.7407865524292
gehring_L3_state,19. ii1 basal cont PS,AT5G54840,30,5.11062479019165,2.221361190242213e-19,9.689970970153809
gehring_L3_state,19. ii1 basal cont PS,AT5G58930,31,3.2815277576446533,4.296577929931566e-19,9.619464874267578
gehring_L3_state,19. ii1 basal cont PS,AT2G37180,32,3.9374899864196777,5.648288006319355e-19,9.588459968566895
gehring_L3_state,19. ii1 basal cont PS,AT2G17710,33,2.5705759525299072,2.237206096781522e-17,9.195491790771484
gehring_L3_state,19. ii1 basal cont PS,AT1G76180,34,2.3014533519744873,4.750667727303891e-17,9.11143684387207
gehring_L3_state,19. ii1 basal cont PS,AT3G27200,35,3.869314193725586,6.784663238545281e-16,8.815634727478027
gehring_L3_state,19. ii1 basal cont PS,AT5G65670,36,1.8093563318252563,8.011949864857513e-16,8.794282913208008
gehring_L3_state,19. ii1 basal cont PS,AT4G15540,37,2.66845440864563,3.9619723836631706e-15,8.605060577392578
gehring_L3_state,19. ii1 basal cont PS,AT1G34060,38,4.385396480560303,1.8083156723151742e-14,8.426592826843262
gehring_L3_state,19. ii1 basal cont PS,AT3G59010,39,3.525552749633789,2.3458524204119746e-14,8.393545150756836
gehring_L3_state,19. ii1 basal cont PS,AT1G21310,40,3.00195574760437,2.9979876347655373e-14,8.362188339233398
gehring_L3_state,19. ii1 basal cont PS,AT1G64060,41,3.3252980709075928,1.1095494424716976e-13,8.201529502868652
gehring_L3_state,19. ii1 basal cont PS,AT4G12290,42,3.029405355453491,2.495954622994828e-13,8.096430778503418
gehring_L3_state,19. ii1 basal cont PS,AT2G33480,43,2.635615587234497,5.443758790966158e-13,7.998675346374512
gehring_L3_state,19. ii1 basal cont PS,AT1G32700,44,2.442960023880005,1.0471116772542297e-12,7.910990238189697
gehring_L3_state,19. ii1 basal cont PS,AT4G32940,45,2.941161632537842,1.6659057788845362e-12,7.850804805755615
gehring_L3_state,19. ii1 basal cont PS,AT2G42860,46,4.314363956451416,2.354218181663837e-12,7.805163383483887
gehring_L3_state,19. ii1 basal cont PS,AT2G25540,47,1.8906971216201782,2.5762818691416903e-12,7.7916646003723145
gehring_L3_state,19. ii1 basal cont PS,AT4G24060,48,3.0844831466674805,2.8637478052595174e-12,7.776198863983154
gehring_L3_state,19. ii1 basal cont PS,AT3G52340,49,2.306094169616699,3.2799357555613164e-12,7.756943225860596
gehring_L3_state,19. ii1 basal cont PS,AT3G16770,50,2.0507450103759766,6.033824053874044e-12,7.677179336547852
gehring_L3_state,2. EMB low proto,AT1G04660,1,6.009765625,6.899896253253788e-149,26.370952606201172
gehring_L3_state,2. EMB low proto,AT1G47540,2,5.513991355895996,5.0018460373811594e-147,26.18183135986328
gehring_L3_state,2. EMB low proto,AT4G25140,3,5.173688888549805,1.9765797980173347e-146,26.11387062072754
gehring_L3_state,2. EMB low proto,AT4G27160,4,5.241042613983154,1.0320316179451808e-137,25.323373794555664
gehring_L3_state,2. EMB low proto,AT4G26740,5,5.44474458694458,3.597553435927626e-135,25.08262825012207
gehring_L3_state,2. EMB low proto,AT5G40420,6,4.838659763336182,6.182924556337738e-134,24.961870193481445
gehring_L3_state,2. EMB low proto,AT4G27150,7,5.101333141326904,5.6346708953419e-126,24.21139907836914
gehring_L3_state,2. EMB low proto,AT5G44120,8,5.0784430503845215,2.5556814423898633e-125,24.143455505371094
gehring_L3_state,2. EMB low proto,AT4G28520,9,5.527232646942139,1.8815035530980233e-121,23.767499923706055
gehring_L3_state,2. EMB low proto,AT3G21090,10,6.542788982391357,3.653390330967824e-119,23.540706634521484
gehring_L3_state,2. EMB low proto,AT1G71691,11,5.9512038230896,3.204492619748596e-117,23.346149444580078
gehring_L3_state,2. EMB low proto,AT5G07190,12,5.066992282867432,7.978409692104327e-117,23.303388595581055
gehring_L3_state,2. EMB low proto,AT1G03880,13,5.29915189743042,5.488364250381515e-113,22.918302536010742
gehring_L3_state,2. EMB low proto,AT4G30880,14,6.244189262390137,1.4894684331272311e-108,22.466033935546875
gehring_L3_state,2. EMB low proto,AT3G27660,15,4.421596050262451,2.894245869474144e-104,22.01988410949707
gehring_L3_state,2. EMB low proto,AT5G50770,16,4.029562950134277,4.1443524335522275e-102,21.790794372558594
gehring_L3_state,2. EMB low proto,AT2G42840,17,5.50960636138916,1.972034104033034e-98,21.396692276000977
gehring_L3_state,2. EMB low proto,AT1G78500,18,5.977588176727295,2.569307392293417e-92,20.726970672607422
gehring_L3_state,2. EMB low proto,AT2G18540,19,4.576923370361328,1.2766205822472797e-89,20.423316955566406
gehring_L3_state,2. EMB low proto,AT2G28490,20,4.5093841552734375,1.109778580412433e-87,20.201505661010742
gehring_L3_state,2. EMB low proto,AT5G13790,21,3.555711269378662,1.307737782544242e-80,19.37325668334961
gehring_L3_state,2. EMB low proto,AT3G01570,22,3.8151519298553467,1.307737782544242e-80,19.371503829956055
gehring_L3_state,2. EMB low proto,AT5G17700,23,4.541601657867432,5.296598209099803e-73,18.445520401000977
gehring_L3_state,2. EMB low proto,AT5G49190,24,3.70668363571167,8.364539652680014e-73,18.418682098388672
gehring_L3_state,2. EMB low proto,AT5G51210,25,3.583326816558838,2.377257712510833e-72,18.360000610351562
gehring_L3_state,2. EMB low proto,AT4G36700,26,3.443263530731201,5.286394355833375e-72,18.3145694732666
gehring_L3_state,2. EMB low proto,AT3G12203,27,4.500572681427002,2.2187746895066212e-70,18.10805892944336
gehring_L3_state,2. EMB low proto,AT1G62290,28,4.0933756828308105,4.1097885995542466e-70,18.072219848632812
gehring_L3_state,2. EMB low proto,AT1G23000,29,4.509986877441406,1.625959172426341e-68,17.864580154418945
gehring_L3_state,2. EMB low proto,AT2G34700,30,3.316971778869629,4.0501467328966705e-67,17.68252182006836
gehring_L3_state,2. EMB low proto,AT4G27170,31,4.0137410163879395,1.743848987445843e-64,17.335542678833008
gehring_L3_state,2. EMB low proto,AT1G48470,32,4.525537967681885,6.921775272388918e-64,17.254426956176758
gehring_L3_state,2. EMB low proto,AT1G65090,33,3.6622142791748047,5.078055553947799e-63,17.135696411132812
gehring_L3_state,2. EMB low proto,AT4G15630,34,5.301685810089111,5.327468041710525e-63,17.131357192993164
gehring_L3_state,2. EMB low proto,AT4G04890,35,3.355415105819702,9.597211284351105e-63,17.09556770324707
gehring_L3_state,2. EMB low proto,AT5G62800,36,3.950618028640747,1.424965428688537e-60,16.800046920776367
gehring_L3_state,2. EMB low proto,AT1G48130,37,4.206221580505371,1.900258859917274e-59,16.642770767211914
gehring_L3_state,2. EMB low proto,AT5G08460,38,4.885373592376709,7.886570398509666e-57,16.273649215698242
gehring_L3_state,2. EMB low proto,AT5G57390,39,4.3097758293151855,9.950304259558888e-53,15.68223762512207
gehring_L3_state,2. EMB low proto,AT5G23940,40,3.341485023498535,4.672378748415759e-52,15.581039428710938
gehring_L3_state,2. EMB low proto,AT3G29030,41,4.444780349731445,6.1944815422454754e-52,15.561711311340332
gehring_L3_state,2. EMB low proto,AT3G28345,42,5.1654744148254395,7.163724647749593e-52,15.55113697052002
gehring_L3_state,2. EMB low proto,AT5G62850,43,4.413874626159668,8.108371432261463e-52,15.54195785522461
gehring_L3_state,2. EMB low proto,AT1G68170,44,4.446566581726074,4.0820468416547415e-51,15.43681526184082
gehring_L3_state,2. EMB low proto,AT3G24650,45,3.7957849502563477,1.1942475343316698e-50,15.366195678710938
gehring_L3_state,2. EMB low proto,AT1G12805,46,3.4737460613250732,6.413007731666435e-50,15.255685806274414
gehring_L3_state,2. EMB low proto,AT4G27140,47,5.07048225402832,9.354972005229455e-47,14.771364212036133
gehring_L3_state,2. EMB low proto,AT2G34870,48,4.9639105796813965,1.657450575595259e-45,14.57515811920166
gehring_L3_state,2. EMB low proto,AT1G27950,49,3.233428716659546,3.166485318368583e-45,14.529691696166992
gehring_L3_state,2. EMB low proto,AT4G19380,50,3.363569974899292,7.109279668622526e-45,14.473007202148438
gehring_L3_state,2. EMB up proto II,AT3G24250,1,7.876166343688965,1.0671503772735302e-20,10.34166145324707
gehring_L3_state,2. EMB up proto II,AT1G04660,2,5.475049018859863,2.5855891413208486e-15,8.957589149475098
gehring_L3_state,2. EMB up proto II,AT5G10400,3,4.496769428253174,4.203776371559726e-14,8.611772537231445
gehring_L3_state,2. EMB up proto II,AT2G47610,4,3.2333967685699463,5.434090216959837e-13,8.286895751953125
gehring_L3_state,2. EMB up proto II,AT5G02500,5,3.418717622756958,9.789406898009245e-13,8.194665908813477
gehring_L3_state,2. EMB up proto II,ATCG01130,6,2.7803843021392822,1.5821809945422845e-12,8.118025779724121
gehring_L3_state,2. EMB up proto II,AT1G67430,7,2.743009567260742,2.999371166855495e-12,8.023640632629395
gehring_L3_state,2. EMB up proto II,AT5G60390,8,2.6509323120117188,4.310302629557964e-12,7.964446067810059
gehring_L3_state,2. EMB up proto II,AT2G42840,9,5.25361967086792,7.506995790395114e-12,7.8823933601379395
gehring_L3_state,2. EMB up proto II,ATMG00020,10,1.458795189857483,1.2796318802629326e-11,7.803484916687012
gehring_L3_state,2. EMB up proto II,AT1G43170,11,2.5653164386749268,1.5667707188593713e-11,7.766890048980713
gehring_L3_state,2. EMB up proto II,AT5G18380,12,2.8449819087982178,1.8013130584378224e-11,7.739022254943848
gehring_L3_state,2. EMB up proto II,AT4G27090,13,2.6322875022888184,1.8364228398898276e-11,7.727135181427002
gehring_L3_state,2. EMB up proto II,AT1G51060,14,3.6415679454803467,2.0254116909768347e-11,7.705846786499023
gehring_L3_state,2. EMB up proto II,AT5G22880,15,3.7024762630462646,2.634316676486259e-11,7.663932800292969
gehring_L3_state,2. EMB up proto II,AT4G15000,16,3.379955768585205,2.8906473510729554e-11,7.644206523895264
gehring_L3_state,2. EMB up proto II,AT1G28290,17,5.558267116546631,3.020059018567432e-11,7.628686904907227
gehring_L3_state,2. EMB up proto II,AT1G09200,18,3.8742034435272217,3.020059018567432e-11,7.624232292175293
gehring_L3_state,2. EMB up proto II,AT2G34480,19,2.5873563289642334,3.035006308216484e-11,7.616974353790283
gehring_L3_state,2. EMB up proto II,AT5G59910,20,2.995954751968384,4.124612898778474e-11,7.570927143096924
gehring_L3_state,2. EMB up proto II,AT3G04840,21,2.8798043727874756,4.217248172238386e-11,7.561994552612305
gehring_L3_state,2. EMB up proto II,AT5G56710,22,2.623176097869873,4.916406099187162e-11,7.536224365234375
gehring_L3_state,2. EMB up proto II,AT3G49910,23,2.8291125297546387,5.376507313979868e-11,7.514106273651123
gehring_L3_state,2. EMB up proto II,AT3G20670,24,4.037606716156006,5.376507313979868e-11,7.513640880584717
gehring_L3_state,2. EMB up proto II,AT1G18540,25,3.0073485374450684,6.533233805183441e-11,7.482950687408447
gehring_L3_state,2. EMB up proto II,AT3G04400,26,2.864231586456299,7.182455253428363e-11,7.465527534484863
gehring_L3_state,2. EMB up proto II,AT3G49010,27,2.7544596195220947,1.1345086470094806e-10,7.40027379989624
gehring_L3_state,2. EMB up proto II,AT1G02780,28,2.4204719066619873,1.4362024948174952e-10,7.364217758178711
gehring_L3_state,2. EMB up proto II,AT1G06760,29,3.3293519020080566,1.4860448582232098e-10,7.355137825012207
gehring_L3_state,2. EMB up proto II,AT2G34700,30,3.4939515590667725,1.8759561901099702e-10,7.317856311798096
gehring_L3_state,2. EMB up proto II,AT5G59870,31,3.9951467514038086,1.8759561901099702e-10,7.3152899742126465
gehring_L3_state,2. EMB up proto II,AT5G20290,32,2.3868367671966553,2.1227701855584742e-10,7.294532299041748
gehring_L3_state,2. EMB up proto II,AT2G27710,33,2.567835807800293,2.7277622098848277e-10,7.256654262542725
gehring_L3_state,2. EMB up proto II,AT2G18020,34,2.5663435459136963,2.7910326115996617e-10,7.249625205993652
gehring_L3_state,2. EMB up proto II,AT4G18100,35,2.865858793258667,4.918933281948923e-10,7.168615341186523
gehring_L3_state,2. EMB up proto II,AT5G59690,36,3.644984483718872,5.343716001441213e-10,7.153506755828857
gehring_L3_state,2. EMB up proto II,AT5G57290,37,2.8020741939544678,5.428582121358602e-10,7.147683620452881
gehring_L3_state,2. EMB up proto II,AT3G09200,38,2.6197597980499268,6.452900350018439e-10,7.120331287384033
gehring_L3_state,2. EMB up proto II,AT4G39200,39,2.6194660663604736,7.488259500815452e-10,7.096293926239014
gehring_L3_state,2. EMB up proto II,AT3G60245,40,2.179992198944092,8.980509410941176e-10,7.067697048187256
gehring_L3_state,2. EMB up proto II,AT3G62250,41,2.8382184505462646,1.0800294236825206e-09,7.038681507110596
gehring_L3_state,2. EMB up proto II,ATCG00030,42,2.229834794998169,1.204141417621572e-09,7.020219326019287
gehring_L3_state,2. EMB up proto II,AT5G62690,43,2.8335766792297363,1.7076360855059046e-09,6.968011856079102
gehring_L3_state,2. EMB up proto II,AT2G39460,44,2.5813400745391846,2.53039613163963e-09,6.908325672149658
gehring_L3_state,2. EMB up proto II,AT3G53020,45,2.4072790145874023,2.53039613163963e-09,6.9061503410339355
gehring_L3_state,2. EMB up proto II,AT5G65360,46,3.6262497901916504,4.2657504425621266e-09,6.82553243637085
gehring_L3_state,2. EMB up proto II,AT5G59970,47,4.012881755828857,7.941194796309986e-09,6.732759475708008
gehring_L3_state,2. EMB up proto II,ATCG00790,48,2.7378203868865967,8.208058431417071e-09,6.725009441375732
gehring_L3_state,2. EMB up proto II,AT5G15200,49,2.496302843093872,8.304540015098774e-09,6.720423221588135
gehring_L3_state,2. EMB up proto II,AT1G52300,50,2.53002667427063,1.0383436645500131e-08,6.684952259063721
gehring_L3_state,20. CZSC plac call,AT5G24800,1,8.820809364318848,3.553713503296615e-218,31.845478057861328
gehring_L3_state,20. CZSC plac call,AT3G14570,2,9.173608779907227,1.5753042171008912e-213,31.48606300354004
gehring_L3_state,20. CZSC plac call,AT3G04280,3,6.450510025024414,4.733111653634612e-206,30.921850204467773
gehring_L3_state,20. CZSC plac call,AT3G59100,4,7.4223785400390625,1.4190570962355235e-196,30.199174880981445
gehring_L3_state,20. CZSC plac call,AT3G14780,5,8.936906814575195,6.5474036949578805e-174,28.412912368774414
gehring_L3_state,20. CZSC plac call,AT5G54660,6,6.3408613204956055,1.421566083314755e-163,27.556991577148438
gehring_L3_state,20. CZSC plac call,AT1G73850,7,7.369534969329834,3.456200235504272e-160,27.26734733581543
gehring_L3_state,20. CZSC plac call,AT5G47370,8,6.194395065307617,9.268731013560222e-158,27.056852340698242
gehring_L3_state,20. CZSC plac call,AT1G75390,9,3.577556848526001,2.9109824984698114e-157,27.010225296020508
gehring_L3_state,20. CZSC plac call,AT1G07640,10,7.216861248016357,5.90630344552806e-149,26.28952407836914
gehring_L3_state,20. CZSC plac call,AT4G23420,11,8.40139102935791,1.9667107795768594e-147,26.15239715576172
gehring_L3_state,20. CZSC plac call,AT4G14740,12,6.4386796951293945,1.0621997620152631e-142,25.729604721069336
gehring_L3_state,20. CZSC plac call,AT4G23410,13,9.300403594970703,6.874092208547462e-141,25.56414222717285
gehring_L3_state,20. CZSC plac call,AT1G62480,14,4.418426513671875,1.170937461366549e-137,25.268943786621094
gehring_L3_state,20. CZSC plac call,AT5G24580,15,6.049335479736328,3.2099591664845575e-134,24.951438903808594
gehring_L3_state,20. CZSC plac call,AT5G45320,16,8.131244659423828,2.5344709426612534e-129,24.493444442749023
gehring_L3_state,20. CZSC plac call,AT3G04300,17,6.461848258972168,1.1718643921111501e-128,24.428478240966797
gehring_L3_state,20. CZSC plac call,AT4G10120,18,5.748887538909912,1.77343256438963e-128,24.40920066833496
gehring_L3_state,20. CZSC plac call,AT1G74840,19,4.986160755157471,7.593006858545007e-127,24.25283432006836
gehring_L3_state,20. CZSC plac call,AT2G28810,20,8.407958030700684,6.42596708836609e-122,23.77907943725586
gehring_L3_state,20. CZSC plac call,AT1G69850,21,4.399298191070557,2.2838938474940226e-120,23.62664794921875
gehring_L3_state,20. CZSC plac call,AT4G24060,22,4.821844577789307,2.3823725444065665e-118,23.4274959564209
gehring_L3_state,20. CZSC plac call,AT3G03770,23,5.449484825134277,2.6579725433507884e-116,23.223840713500977
gehring_L3_state,20. CZSC plac call,AT1G10820,24,3.8587400913238525,1.4001674077947728e-114,23.050989151000977
gehring_L3_state,20. CZSC plac call,AT5G02380,25,4.459153652191162,1.5939212268442227e-112,22.84326934814453
gehring_L3_state,20. CZSC plac call,AT4G40010,26,4.615097999572754,4.529706936376793e-111,22.69483184814453
gehring_L3_state,20. CZSC plac call,AT5G65670,27,2.8776681423187256,1.2232286463249364e-107,22.342979431152344
gehring_L3_state,20. CZSC plac call,AT2G32487,28,6.262602806091309,9.5153956279949e-101,21.62099838256836
gehring_L3_state,20. CZSC plac call,AT2G39830,29,5.971853256225586,7.839043077498625e-98,21.307241439819336
gehring_L3_state,20. CZSC plac call,AT2G32240,30,3.521444797515869,4.966676509914981e-97,21.21901512145996
gehring_L3_state,20. CZSC plac call,AT2G37050,31,4.248380184173584,6.336277513768047e-94,20.87847328186035
gehring_L3_state,20. CZSC plac call,AT4G09960,32,2.9616079330444336,3.932236541055255e-92,20.678735733032227
gehring_L3_state,20. CZSC plac call,AT3G49220,33,5.559874057769775,2.1452487934767255e-91,20.595226287841797
gehring_L3_state,20. CZSC plac call,AT1G26450,34,7.758270740509033,7.346014787136347e-91,20.5340633392334
gehring_L3_state,20. CZSC plac call,AT5G47920,35,7.563297271728516,7.464762309207692e-89,20.306882858276367
gehring_L3_state,20. CZSC plac call,AT2G18960,36,2.894364595413208,2.68740331883149e-87,20.12867546081543
gehring_L3_state,20. CZSC plac call,AT2G23950,37,5.574025630950928,9.815692559823e-85,19.83272933959961
gehring_L3_state,20. CZSC plac call,AT1G70670,38,5.437450885772705,1.448713072419832e-82,19.57857322692871
gehring_L3_state,20. CZSC plac call,AT5G49320,39,7.274978160858154,7.416625024832426e-81,19.375707626342773
gehring_L3_state,20. CZSC plac call,AT1G32700,40,3.278353691101074,7.788754724422263e-79,19.13332748413086
gehring_L3_state,20. CZSC plac call,AT5G62820,41,6.325655460357666,2.234333519647739e-76,18.83475685119629
gehring_L3_state,20. CZSC plac call,AT4G29100,42,4.840631008148193,2.449239467555213e-76,18.8286190032959
gehring_L3_state,20. CZSC plac call,AT5G20700,43,2.93349552154541,7.716930265277999e-76,18.766489028930664
gehring_L3_state,20. CZSC plac call,AT2G02130,44,5.420289039611816,9.250382298964259e-76,18.755632400512695
gehring_L3_state,20. CZSC plac call,AT1G22930,45,3.1267762184143066,3.4467378846148234e-75,18.684370040893555
gehring_L3_state,20. CZSC plac call,AT2G46590,46,5.534606456756592,5.549660606439162e-75,18.657758712768555
gehring_L3_state,20. CZSC plac call,AT1G32450,47,4.249156475067139,2.0149815595075125e-74,18.58756446838379
gehring_L3_state,20. CZSC plac call,AT5G25770,48,3.099458694458008,2.337509011957551e-74,18.578466415405273
gehring_L3_state,20. CZSC plac call,AT4G39260,49,2.117724657058716,7.200809686624577e-73,18.392465591430664
gehring_L3_state,20. CZSC plac call,AT2G02230,50,5.653789520263672,1.1900313482722755e-72,18.36411476135254
gehring_L3_state,20. CZSC plac phos,AT3G04280,1,5.946205139160156,2.659967880265345e-303,37.494361877441406
gehring_L3_state,20. CZSC plac phos,AT5G21150,2,3.5319995880126953,5.0642993330378947e-200,30.483339309692383
gehring_L3_state,20. CZSC plac phos,AT2G46960,3,3.6561341285705566,2.970144072424068e-178,28.78005027770996
gehring_L3_state,20. CZSC plac phos,AT1G62480,4,3.8252010345458984,2.5868280092215173e-144,25.915739059448242
gehring_L3_state,20. CZSC plac phos,AT4G37520,5,3.6086626052856445,8.388849979083626e-141,25.593666076660156
gehring_L3_state,20. CZSC plac phos,AT1G74840,6,4.715939521789551,1.4767341576183956e-127,24.367412567138672
gehring_L3_state,20. CZSC plac phos,AT1G32700,7,3.5105574131011963,1.2973238312499562e-126,24.271881103515625
gehring_L3_state,20. CZSC plac phos,AT5G41790,8,3.400306224822998,3.246847172914424e-122,23.84610939025879
gehring_L3_state,20. CZSC plac phos,AT1G75390,9,2.4226207733154297,4.574178700020082e-114,23.042198181152344
gehring_L3_state,20. CZSC plac phos,AT3G26510,10,3.92330002784729,9.626151833280342e-113,22.905256271362305
gehring_L3_state,20. CZSC plac phos,AT5G24580,11,5.500788688659668,2.0410334665783253e-110,22.666440963745117
gehring_L3_state,20. CZSC plac phos,AT4G10120,12,5.013849258422852,2.577718803821091e-110,22.652326583862305
gehring_L3_state,20. CZSC plac phos,AT1G69850,13,3.764868974685669,6.560887974064341e-110,22.607593536376953
gehring_L3_state,20. CZSC plac phos,AT5G20700,14,2.9332096576690674,8.490438224584567e-104,21.97105598449707
gehring_L3_state,20. CZSC plac phos,AT4G09960,15,2.487647533416748,1.4392793674588722e-98,21.414199829101562
gehring_L3_state,20. CZSC plac phos,AT2G32240,16,3.1849870681762695,3.405081971083509e-95,21.046220779418945
gehring_L3_state,20. CZSC plac phos,AT3G48230,17,3.9693589210510254,1.0877239568935129e-86,20.09370994567871
gehring_L3_state,20. CZSC plac phos,AT1G63420,18,2.6815361976623535,1.0754009218763014e-84,19.861635208129883
gehring_L3_state,20. CZSC plac phos,AT3G60160,19,3.281846284866333,1.0221828669086074e-81,19.511621475219727
gehring_L3_state,20. CZSC plac phos,AT2G01021,20,3.2179691791534424,1.9637245775354125e-80,19.35744285583496
gehring_L3_state,20. CZSC plac phos,AT5G51810,21,4.412055015563965,2.5535839404275323e-79,19.222408294677734
gehring_L3_state,20. CZSC plac phos,AT5G24800,22,5.140122413635254,2.5609251025083097e-77,18.9794979095459
gehring_L3_state,20. CZSC plac phos,AT4G34000,23,2.6255006790161133,3.473717630416731e-76,18.839746475219727
gehring_L3_state,20. CZSC plac phos,AT4G24060,24,3.87280535697937,1.2435074866786099e-75,18.769954681396484
gehring_L3_state,20. CZSC plac phos,AT1G76990,25,3.36673903465271,7.109775036848797e-74,18.55007553100586
gehring_L3_state,20. CZSC plac phos,AT3G10985,26,2.509256601333618,7.109775036848797e-74,18.54962158203125
gehring_L3_state,20. CZSC plac phos,AT5G65670,27,1.9260987043380737,1.3612243075324602e-73,18.512718200683594
gehring_L3_state,20. CZSC plac phos,AT5G20830,28,3.290674924850464,8.01874627734592e-73,18.415054321289062
gehring_L3_state,20. CZSC plac phos,AT5G27950,29,2.7844302654266357,8.778392229289574e-72,18.28317642211914
gehring_L3_state,20. CZSC plac phos,AT1G13390,30,2.675032615661621,1.0116965197118008e-71,18.27364730834961
gehring_L3_state,20. CZSC plac phos,AT3G59010,31,3.9516828060150146,8.548633528625047e-70,18.028202056884766
gehring_L3_state,20. CZSC plac phos,AT4G05631,32,1.8928886651992798,9.280673133135885e-69,17.89413070678711
gehring_L3_state,20. CZSC plac phos,AT1G75750,33,2.6452529430389404,1.2749514296722742e-68,17.874765396118164
gehring_L3_state,20. CZSC plac phos,AT4G02940,34,3.3565971851348877,1.5697318777738307e-68,17.861543655395508
gehring_L3_state,20. CZSC plac phos,AT2G39510,35,5.42304801940918,3.462212593477963e-67,17.68645668029785
gehring_L3_state,20. CZSC plac phos,AT2G16990,36,3.085237503051758,5.413792040450161e-67,17.659696578979492
gehring_L3_state,20. CZSC plac phos,AT1G03040,37,2.239920139312744,7.944953031833543e-64,17.24170684814453
gehring_L3_state,20. CZSC plac phos,AT3G57390,38,2.9472270011901855,3.5675578491549807e-62,17.017370223999023
gehring_L3_state,20. CZSC plac phos,AT4G29100,39,4.345251560211182,2.445646208841287e-58,16.490554809570312
gehring_L3_state,20. CZSC plac phos,AT5G12170,40,2.1962761878967285,1.831827255353865e-55,16.0842227935791
gehring_L3_state,20. CZSC plac phos,AT5G25770,41,2.3240256309509277,2.6471062799768882e-55,16.059946060180664
gehring_L3_state,20. CZSC plac phos,AT5G02380,42,2.829911470413208,4.65653689089052e-55,16.02344512939453
gehring_L3_state,20. CZSC plac phos,AT2G18960,43,1.9494951963424683,4.977370613323364e-55,16.01790428161621
gehring_L3_state,20. CZSC plac phos,AT3G54390,44,2.73398494720459,3.4899692021214395e-54,15.894950866699219
gehring_L3_state,20. CZSC plac phos,AT5G49645,45,3.028867483139038,6.120799117747338e-53,15.713068008422852
gehring_L3_state,20. CZSC plac phos,AT5G27930,46,4.272181987762451,5.7504812375833484e-52,15.569082260131836
gehring_L3_state,20. CZSC plac phos,AT4G40010,47,3.256793260574341,1.110101944503101e-51,15.525628089904785
gehring_L3_state,20. CZSC plac phos,ATMG00020,48,1.0008349418640137,1.7692140039714644e-51,15.494403839111328
gehring_L3_state,20. CZSC plac phos,AT1G32450,49,3.2819790840148926,4.738221647759131e-51,15.429678916931152
gehring_L3_state,20. CZSC plac phos,AT1G03920,50,3.5305416584014893,1.3815049357697588e-50,15.359200477600098
gehring_L3_state,20. ii1 endothel,AT5G50750,1,7.423625946044922,2.3863548321947107e-85,20.08388328552246
gehring_L3_state,20. ii1 endothel,AT3G62730,2,9.213932991027832,3.979672046598516e-81,19.559783935546875
gehring_L3_state,20. ii1 endothel,AT1G11170,3,7.67980432510376,7.508215731865548e-78,19.150226593017578
gehring_L3_state,20. ii1 endothel,AT4G13840,4,6.218402862548828,5.116954020674146e-75,18.792144775390625
gehring_L3_state,20. ii1 endothel,AT5G59845,5,6.0700201988220215,9.941769159499996e-71,18.24850082397461
gehring_L3_state,20. ii1 endothel,AT1G09380,6,7.409707546234131,4.144950204566584e-70,18.160322189331055
gehring_L3_state,20. ii1 endothel,AT3G49780,7,5.447740077972412,2.0244375204290297e-64,17.417638778686523
gehring_L3_state,20. ii1 endothel,AT1G12780,8,5.549825668334961,8.88715613805684e-64,17.325098037719727
gehring_L3_state,20. ii1 endothel,AT2G47240,9,5.166823387145996,9.20426323644724e-64,17.316303253173828
gehring_L3_state,20. ii1 endothel,AT2G23790,10,4.338953495025635,3.768931988325301e-61,16.960399627685547
gehring_L3_state,20. ii1 endothel,AT1G22990,11,9.820695877075195,7.630275685949686e-60,16.777076721191406
gehring_L3_state,20. ii1 endothel,AT5G13170,12,6.5521559715271,3.596935709790732e-56,16.261661529541016
gehring_L3_state,20. ii1 endothel,AT1G17060,13,6.72842264175415,5.753513525276464e-56,16.22794532775879
gehring_L3_state,20. ii1 endothel,AT2G18360,14,10.264851570129395,5.317381690100152e-54,15.943037986755371
gehring_L3_state,20. ii1 endothel,AT1G03103,15,10.305810928344727,5.442588771996348e-54,15.937272071838379
gehring_L3_state,20. ii1 endothel,AT2G38380,16,10.947349548339844,4.574916047152426e-53,15.799586296081543
gehring_L3_state,20. ii1 endothel,AT1G62333,17,4.235028266906738,5.12942876072184e-53,15.788548469543457
gehring_L3_state,20. ii1 endothel,AT2G37460,18,6.642105579376221,2.9408250443821835e-52,15.67436695098877
gehring_L3_state,20. ii1 endothel,AT4G30470,19,5.191494464874268,1.0733819865920756e-50,15.440624237060547
gehring_L3_state,20. ii1 endothel,AT2G43150,20,4.4131178855896,5.886799176945185e-50,15.327136993408203
gehring_L3_state,20. ii1 endothel,AT4G16620,21,5.8820061683654785,1.1293183352948309e-47,14.97851276397705
gehring_L3_state,20. ii1 endothel,AT2G33480,22,4.765261650085449,3.822549272396902e-47,14.891168594360352
gehring_L3_state,20. ii1 endothel,AT2G46370,23,5.87561559677124,6.824628141763816e-47,14.849514961242676
gehring_L3_state,20. ii1 endothel,AT3G13530,24,4.413483619689941,2.31226410919845e-46,14.764729499816895
gehring_L3_state,20. ii1 endothel,AT1G10060,25,7.229965686798096,7.70009403181406e-46,14.680739402770996
gehring_L3_state,20. ii1 endothel,AT1G04220,26,6.188772678375244,2.0101255748396143e-44,14.455276489257812
gehring_L3_state,20. ii1 endothel,AT4G26420,27,4.634798049926758,8.683761163121956e-44,14.351655960083008
gehring_L3_state,20. ii1 endothel,AT2G29940,28,7.059841156005859,6.178279630590351e-43,14.21248722076416
gehring_L3_state,20. ii1 endothel,AT1G08810,29,5.053099632263184,9.837073768970707e-43,14.177504539489746
gehring_L3_state,20. ii1 endothel,AT5G16110,30,4.495275020599365,1.7625546996901375e-42,14.134204864501953
gehring_L3_state,20. ii1 endothel,AT2G26250,31,3.8641440868377686,2.0371502154389116e-40,13.793499946594238
gehring_L3_state,20. ii1 endothel,AT2G31360,32,4.298392295837402,3.99294328984841e-39,13.57496166229248
gehring_L3_state,20. ii1 endothel,AT3G57390,33,4.4842729568481445,6.274306010882104e-39,13.5396146774292
gehring_L3_state,20. ii1 endothel,AT2G24430,34,11.56184196472168,1.1786669077903088e-35,12.971945762634277
gehring_L3_state,20. ii1 endothel,AT1G56580,35,4.700667858123779,5.990082042038179e-35,12.842453956604004
gehring_L3_state,20. ii1 endothel,AT5G66460,36,4.431333065032959,8.062045067054282e-35,12.81737232208252
gehring_L3_state,20. ii1 endothel,AT3G02310,37,4.000441551208496,5.362594884167612e-34,12.667540550231934
gehring_L3_state,20. ii1 endothel,AT3G22400,38,9.058731079101562,9.603132545774763e-34,12.619751930236816
gehring_L3_state,20. ii1 endothel,AT3G25585,39,4.320013523101807,2.947289111230845e-33,12.5291748046875
gehring_L3_state,20. ii1 endothel,AT2G38400,40,4.68103551864624,2.651218609930338e-32,12.351791381835938
gehring_L3_state,20. ii1 endothel,AT2G25540,41,3.011373996734619,3.4661622802581397e-32,12.328315734863281
gehring_L3_state,20. ii1 endothel,AT5G41080,42,3.7217257022857666,3.776850120863813e-31,12.132442474365234
gehring_L3_state,20. ii1 endothel,AT4G01430,43,4.653007507324219,6.343614920176612e-31,12.088066101074219
gehring_L3_state,20. ii1 endothel,AT4G09030,44,3.4102349281311035,8.517517260622844e-29,11.676728248596191
gehring_L3_state,20. ii1 endothel,AT1G78080,45,2.418837308883667,4.619905814348243e-28,11.530228614807129
gehring_L3_state,20. ii1 endothel,AT1G22930,46,3.560946226119995,7.240733209152456e-28,11.486746788024902
gehring_L3_state,20. ii1 endothel,AT3G05890,47,4.9495344161987305,7.240733209152456e-28,11.486221313476562
gehring_L3_state,20. ii1 endothel,AT5G04220,48,4.036728382110596,7.240733209152456e-28,11.48613452911377
gehring_L3_state,20. ii1 endothel,AT4G19380,49,4.812326908111572,2.2916560220273333e-27,11.384416580200195
gehring_L3_state,20. ii1 endothel,AT1G63120,50,5.7653350830078125,1.232283367543044e-25,11.029908180236816
gehring_L3_state,21. CZSC plac call,AT3G14570,1,9.838045120239258,1.525978863584434e-73,18.675518035888672
gehring_L3_state,21. CZSC plac call,AT5G24800,2,9.473401069641113,1.525978863584434e-73,18.648212432861328
gehring_L3_state,21. CZSC plac call,AT3G14780,3,9.489129066467285,1.222939384925514e-67,17.884065628051758
gehring_L3_state,21. CZSC plac call,AT3G04280,4,6.5300188064575195,1.8637381187587208e-66,17.715402603149414
gehring_L3_state,21. CZSC plac call,AT3G59100,5,7.343533039093018,1.0142061450989801e-64,17.476348876953125
gehring_L3_state,21. CZSC plac call,AT1G62480,6,5.623650550842285,1.0169855113643497e-62,17.200984954833984
gehring_L3_state,21. CZSC plac call,AT4G23410,7,9.333601951599121,1.4432792874637332e-57,16.490100860595703
gehring_L3_state,21. CZSC plac call,AT1G73850,8,7.5542755126953125,2.62435866779875e-55,16.164459228515625
gehring_L3_state,21. CZSC plac call,AT4G23420,9,8.585799217224121,6.171115171501176e-53,15.816981315612793
gehring_L3_state,21. CZSC plac call,AT5G54660,10,6.37668514251709,7.743191819755095e-50,15.354337692260742
gehring_L3_state,21. CZSC plac call,AT1G13390,11,4.4893999099731445,3.868875357439682e-49,15.243424415588379
gehring_L3_state,21. CZSC plac call,AT1G69850,12,5.199355602264404,1.48219287925159e-47,14.997624397277832
gehring_L3_state,21. CZSC plac call,AT2G28810,13,8.65146541595459,7.209511689211603e-47,14.886893272399902
gehring_L3_state,21. CZSC plac call,AT5G24580,14,6.337754249572754,3.4516449344311083e-42,14.142849922180176
gehring_L3_state,21. CZSC plac call,AT1G63420,15,3.9619786739349365,1.514446833120905e-41,14.03353214263916
gehring_L3_state,21. CZSC plac call,AT1G74840,16,5.441652774810791,2.5507085301057348e-40,13.820114135742188
gehring_L3_state,21. CZSC plac call,AT1G26450,17,8.76962661743164,2.5507085301057348e-40,13.81883430480957
gehring_L3_state,21. CZSC plac call,AT5G49320,18,8.222481727600098,2.5507085301057348e-40,13.818758964538574
gehring_L3_state,21. CZSC plac call,AT5G21150,19,3.2632322311401367,2.12077643062075e-38,13.492815017700195
gehring_L3_state,21. CZSC plac call,AT1G75390,20,3.1679961681365967,2.5819223453759166e-38,13.474517822265625
gehring_L3_state,21. CZSC plac call,AT5G45320,21,7.804044246673584,2.777861623354074e-38,13.46551513671875
gehring_L3_state,21. CZSC plac call,AT5G25770,22,3.8672850131988525,2.9152106403831485e-37,13.284954071044922
gehring_L3_state,21. CZSC plac call,AT3G26510,23,4.829009532928467,2.9152106403831485e-37,13.28394889831543
gehring_L3_state,21. CZSC plac call,AT5G02380,24,4.207886695861816,7.573177180171436e-36,13.034613609313965
gehring_L3_state,21. CZSC plac call,AT4G14740,25,6.013423442840576,2.8304151063694156e-35,12.93052864074707
gehring_L3_state,21. CZSC plac call,AT3G03770,26,5.781081676483154,8.436064246116434e-35,12.843259811401367
gehring_L3_state,21. CZSC plac call,AT1G32700,27,3.889416217803955,2.054534812784554e-32,12.407716751098633
gehring_L3_state,21. CZSC plac call,AT2G32240,28,3.4762792587280273,4.1130723986615155e-29,11.780379295349121
gehring_L3_state,21. CZSC plac call,AT1G22930,29,3.480029344558716,1.1276625941911348e-28,11.692085266113281
gehring_L3_state,21. CZSC plac call,AT3G57390,30,3.7467944622039795,1.5518995228764266e-27,11.46437931060791
gehring_L3_state,21. CZSC plac call,AT5G65140,31,7.654648303985596,2.2780414906778935e-27,11.428252220153809
gehring_L3_state,21. CZSC plac call,AT1G07640,32,6.125184059143066,2.2380803404403083e-26,11.2252836227417
gehring_L3_state,21. CZSC plac call,AT2G39830,33,5.907170295715332,2.861237294428377e-26,11.200824737548828
gehring_L3_state,21. CZSC plac call,AT2G37050,34,4.216988563537598,8.445791229706245e-26,11.1018648147583
gehring_L3_state,21. CZSC plac call,AT3G04300,35,5.663706302642822,1.3374291734504079e-25,11.058113098144531
gehring_L3_state,21. CZSC plac call,AT1G76780,36,3.954415798187256,7.24192384350684e-25,10.900491714477539
gehring_L3_state,21. CZSC plac call,AT1G10820,37,3.436539888381958,8.082887654181483e-25,10.888062477111816
gehring_L3_state,21. CZSC plac call,AT4G10120,38,4.896969318389893,4.9232285116240684e-24,10.717497825622559
gehring_L3_state,21. CZSC plac call,AT5G47370,39,4.764673233032227,1.271482777211855e-23,10.62706184387207
gehring_L3_state,21. CZSC plac call,AT5G27950,40,3.351947069168091,3.5807730894392237e-22,10.308735847473145
gehring_L3_state,21. CZSC plac call,AT4G29100,41,5.011740684509277,1.6805255804675132e-21,10.156766891479492
gehring_L3_state,21. CZSC plac call,AT4G24060,42,3.983530282974243,3.678340741204455e-21,10.077824592590332
gehring_L3_state,21. CZSC plac call,AT5G65670,43,2.3095500469207764,9.062549196918594e-21,9.986594200134277
gehring_L3_state,21. CZSC plac call,AT2G02130,44,5.149960517883301,3.7783731609790966e-19,9.607462882995605
gehring_L3_state,21. CZSC plac call,AT1G61600,45,7.234900951385498,4.1690568607499475e-19,9.59510612487793
gehring_L3_state,21. CZSC plac call,AT5G40980,46,6.839068412780762,5.947033748260645e-19,9.556228637695312
gehring_L3_state,21. CZSC plac call,AT5G11090,47,2.556027412414551,5.955645931936938e-19,9.553943634033203
gehring_L3_state,21. CZSC plac call,AT2G02230,48,5.282532215118408,9.353945042219786e-19,9.504976272583008
gehring_L3_state,21. CZSC plac call,AT5G62820,49,5.929996967315674,1.861396330136185e-18,9.431015014648438
gehring_L3_state,21. CZSC plac call,AT1G70670,50,5.226894378662109,3.1107594185728492e-18,9.374955177307129
gehring_L3_state,21. ii1 endothel,AT4G15750,1,6.382399559020996,0.0,78.5863037109375
gehring_L3_state,21. ii1 endothel,AT3G08770,2,5.965022087097168,0.0,77.81517028808594
gehring_L3_state,21. ii1 endothel,AT5G47350,3,6.537931442260742,0.0,75.51970672607422
gehring_L3_state,21. ii1 endothel,AT1G56100,4,6.420688629150391,0.0,74.88833618164062
gehring_L3_state,21. ii1 endothel,AT2G38900,5,5.623948574066162,0.0,73.74285125732422
gehring_L3_state,21. ii1 endothel,AT5G13930,6,4.100144386291504,0.0,73.25619506835938
gehring_L3_state,21. ii1 endothel,AT1G02930,7,5.228185653686523,0.0,69.07054901123047
gehring_L3_state,21. ii1 endothel,AT1G61720,8,5.848570823669434,0.0,68.51531219482422
gehring_L3_state,21. ii1 endothel,AT2G47895,9,5.170022487640381,0.0,68.33158874511719
gehring_L3_state,21. ii1 endothel,AT4G22880,10,5.680785655975342,0.0,68.04549407958984
gehring_L3_state,21. ii1 endothel,AT3G49270,11,6.004649639129639,0.0,67.69197082519531
gehring_L3_state,21. ii1 endothel,AT5G51950,12,5.752381324768066,0.0,67.26468658447266
gehring_L3_state,21. ii1 endothel,AT5G42800,13,5.199860095977783,0.0,66.28399658203125
gehring_L3_state,21. ii1 endothel,AT5G48880,14,4.851274490356445,0.0,64.99083709716797
gehring_L3_state,21. ii1 endothel,AT5G17220,15,5.837806701660156,0.0,64.19937896728516
gehring_L3_state,21. ii1 endothel,AT5G05270,16,4.136363506317139,0.0,63.978759765625
gehring_L3_state,21. ii1 endothel,AT1G62333,17,4.32187032699585,0.0,63.583152770996094
gehring_L3_state,21. ii1 endothel,AT2G17710,18,4.938597202301025,0.0,62.604618072509766
gehring_L3_state,21. ii1 endothel,AT2G23910,19,4.664862632751465,0.0,62.34838104248047
gehring_L3_state,21. ii1 endothel,AT2G30490,20,4.336298942565918,0.0,61.42131423950195
gehring_L3_state,21. ii1 endothel,AT3G51240,21,3.693199634552002,0.0,61.31667709350586
gehring_L3_state,21. ii1 endothel,AT3G20470,22,3.8091213703155518,0.0,61.12198257446289
gehring_L3_state,21. ii1 endothel,AT2G31360,23,4.859997749328613,0.0,60.99327850341797
gehring_L3_state,21. ii1 endothel,AT2G14900,24,4.814551830291748,0.0,60.17470169067383
gehring_L3_state,21. ii1 endothel,AT4G00360,25,5.014554500579834,0.0,60.13134002685547
gehring_L3_state,21. ii1 endothel,AT1G29660,26,6.282100200653076,0.0,59.9454231262207
gehring_L3_state,21. ii1 endothel,AT1G61255,27,4.754171371459961,0.0,58.54419708251953
gehring_L3_state,21. ii1 endothel,AT1G06550,28,3.8964622020721436,0.0,57.03022766113281
gehring_L3_state,21. ii1 endothel,AT5G25610,29,4.5586652755737305,0.0,56.8849983215332
gehring_L3_state,21. ii1 endothel,AT1G45130,30,3.7354702949523926,0.0,55.89437484741211
gehring_L3_state,21. ii1 endothel,AT2G26250,31,3.734476327896118,0.0,55.83538818359375
gehring_L3_state,21. ii1 endothel,AT3G16370,32,4.034299850463867,0.0,55.71678924560547
gehring_L3_state,21. ii1 endothel,AT5G39130,33,3.8786938190460205,0.0,55.55337905883789
gehring_L3_state,21. ii1 endothel,AT4G24130,34,3.743828535079956,0.0,55.22036361694336
gehring_L3_state,21. ii1 endothel,AT5G02540,35,5.653605937957764,0.0,53.860042572021484
gehring_L3_state,21. ii1 endothel,AT5G14920,36,5.175787448883057,0.0,53.53569412231445
gehring_L3_state,21. ii1 endothel,AT3G13530,37,4.186580657958984,0.0,52.0704460144043
gehring_L3_state,21. ii1 endothel,AT3G23450,38,3.3120882511138916,0.0,51.74081802368164
gehring_L3_state,21. ii1 endothel,AT1G77520,39,4.522214412689209,0.0,51.67880630493164
gehring_L3_state,21. ii1 endothel,AT5G10180,40,4.92759370803833,0.0,51.275367736816406
gehring_L3_state,21. ii1 endothel,AT1G27950,41,4.336311340332031,0.0,50.90531539916992
gehring_L3_state,21. ii1 endothel,AT1G65060,42,3.8787684440612793,0.0,50.45674514770508
gehring_L3_state,21. ii1 endothel,AT1G07720,43,5.3991875648498535,0.0,49.409236907958984
gehring_L3_state,21. ii1 endothel,AT5G53100,44,5.9345197677612305,0.0,49.26797103881836
gehring_L3_state,21. ii1 endothel,AT3G55120,45,3.076413154602051,0.0,49.22331619262695
gehring_L3_state,21. ii1 endothel,AT4G30470,46,4.001931667327881,0.0,48.14775085449219
gehring_L3_state,21. ii1 endothel,AT2G47240,47,3.2873475551605225,0.0,47.7003288269043
gehring_L3_state,21. ii1 endothel,AT1G32170,48,4.236940383911133,0.0,47.480079650878906
gehring_L3_state,21. ii1 endothel,AT3G49780,49,3.472874164581299,0.0,47.43412780761719
gehring_L3_state,21. ii1 endothel,AT1G24540,50,4.80991792678833,0.0,47.1551513671875
gehring_L3_state,21. ii1'/ii2,AT1G62380,1,7.933618545532227,5.320491347665864e-125,24.199054718017578
gehring_L3_state,21. ii1'/ii2,AT1G76160,2,6.157736301422119,1.2231190845349402e-108,22.561031341552734
gehring_L3_state,21. ii1'/ii2,AT4G13345,3,6.814429759979248,1.6133351178104588e-106,22.32590103149414
gehring_L3_state,21. ii1'/ii2,AT5G48100,4,5.464263916015625,1.0057419648149439e-95,21.172256469726562
gehring_L3_state,21. ii1'/ii2,AT5G13170,5,6.639404296875,1.0154214230036363e-83,19.815872192382812
gehring_L3_state,21. ii1'/ii2,AT1G43640,6,3.6904423236846924,1.4266065145432002e-81,19.556076049804688
gehring_L3_state,21. ii1'/ii2,AT4G16620,7,6.100814342498779,7.848685101611526e-81,19.461021423339844
gehring_L3_state,21. ii1'/ii2,AT4G12290,8,5.101413726806641,2.1080512655546285e-79,19.284740447998047
gehring_L3_state,21. ii1'/ii2,AT3G20210,9,4.2669172286987305,2.9778210062033603e-78,19.141172409057617
gehring_L3_state,21. ii1'/ii2,AT1G09380,10,5.660959720611572,8.278963406647683e-77,18.96160125732422
gehring_L3_state,21. ii1'/ii2,AT5G23660,11,6.91331672668457,3.6483102474622e-75,18.756383895874023
gehring_L3_state,21. ii1'/ii2,AT3G51895,12,5.58986759185791,9.143554625938705e-71,18.205190658569336
gehring_L3_state,21. ii1'/ii2,AT2G47750,13,5.290277004241943,9.987588724922556e-71,18.195968627929688
gehring_L3_state,21. ii1'/ii2,AT2G19110,14,4.22225284576416,7.399497358997805e-64,17.303430557250977
gehring_L3_state,21. ii1'/ii2,AT2G40460,15,7.607301235198975,8.260638344716269e-64,17.29311180114746
gehring_L3_state,21. ii1'/ii2,AT2G23790,16,3.3949995040893555,3.38491074322205e-63,17.207895278930664
gehring_L3_state,21. ii1'/ii2,AT1G71960,17,5.205647945404053,4.199291912545796e-62,17.057884216308594
gehring_L3_state,21. ii1'/ii2,AT5G66170,18,3.8802859783172607,8.509983003632923e-60,16.74130630493164
gehring_L3_state,21. ii1'/ii2,AT5G33290,19,4.436752796173096,8.71722398756396e-58,16.460205078125
gehring_L3_state,21. ii1'/ii2,AT3G57390,20,4.174217224121094,2.8953547941561886e-57,16.384265899658203
gehring_L3_state,21. ii1'/ii2,AT5G59845,21,4.3725080490112305,8.365168021451994e-57,16.3166446685791
gehring_L3_state,21. ii1'/ii2,AT2G29940,22,6.082944393157959,2.0402943511818313e-56,16.259262084960938
gehring_L3_state,21. ii1'/ii2,AT4G26220,23,4.345414638519287,2.6719455945480236e-55,16.098133087158203
gehring_L3_state,21. ii1'/ii2,AT2G33480,24,3.8772976398468018,3.701208058036856e-55,16.075319290161133
gehring_L3_state,21. ii1'/ii2,AT4G20260,25,4.6059770584106445,6.575276155455958e-55,16.037132263183594
gehring_L3_state,21. ii1'/ii2,AT5G41080,26,4.102790832519531,1.7907435272392897e-53,15.828084945678711
gehring_L3_state,21. ii1'/ii2,AT3G25260,27,3.0462868213653564,1.7203917934763143e-51,15.53342056274414
gehring_L3_state,21. ii1'/ii2,AT5G58980,28,4.095169544219971,4.8719275617024566e-51,15.464279174804688
gehring_L3_state,21. ii1'/ii2,AT4G36920,29,3.653534412384033,1.996799174553565e-48,15.067530632019043
gehring_L3_state,21. ii1'/ii2,AT3G25290,30,4.158038139343262,2.2400651701802452e-48,15.057833671569824
gehring_L3_state,21. ii1'/ii2,AT1G17060,31,4.900835990905762,7.539496698443691e-48,14.975326538085938
gehring_L3_state,21. ii1'/ii2,AT5G47150,32,3.294698476791382,5.105219284825327e-47,14.845623970031738
gehring_L3_state,21. ii1'/ii2,AT3G30775,33,2.6791975498199463,2.797848969968892e-46,14.729148864746094
gehring_L3_state,21. ii1'/ii2,AT5G06530,34,5.543603420257568,5.4959733502477226e-45,14.524589538574219
gehring_L3_state,21. ii1'/ii2,AT5G41410,35,3.7460289001464844,4.060446573025085e-44,14.385003089904785
gehring_L3_state,21. ii1'/ii2,AT1G78080,36,2.3985328674316406,1.9073772866306243e-43,14.275714874267578
gehring_L3_state,21. ii1'/ii2,AT4G37310,37,4.060880184173584,9.63377130807417e-43,14.160545349121094
gehring_L3_state,21. ii1'/ii2,AT2G37460,38,4.494812488555908,4.679507594894105e-41,13.88320541381836
gehring_L3_state,21. ii1'/ii2,AT2G45920,39,4.049398422241211,7.653298055292202e-41,13.846134185791016
gehring_L3_state,21. ii1'/ii2,AT1G14970,40,3.646592378616333,1.4487181912467298e-40,13.798470497131348
gehring_L3_state,21. ii1'/ii2,AT4G00220,41,3.8007218837738037,4.411394342624409e-40,13.716251373291016
gehring_L3_state,21. ii1'/ii2,AT4G37520,42,3.2667746543884277,1.34080735161552e-38,13.464683532714844
gehring_L3_state,21. ii1'/ii2,AT4G04620,43,2.9015634059906006,1.9630388041743666e-38,13.434831619262695
gehring_L3_state,21. ii1'/ii2,AT1G04580,44,3.274441957473755,3.650011168324889e-38,13.387206077575684
gehring_L3_state,21. ii1'/ii2,AT5G61430,45,5.446459770202637,1.0281487787172439e-37,13.308445930480957
gehring_L3_state,21. ii1'/ii2,AT3G07390,46,3.337489366531372,1.7771871752652058e-37,13.265911102294922
gehring_L3_state,21. ii1'/ii2,AT1G54570,47,4.089001655578613,1.9036978326266456e-37,13.259209632873535
gehring_L3_state,21. ii1'/ii2,AT2G28650,48,3.4946839809417725,2.961264420050454e-37,13.22451400756836
gehring_L3_state,21. ii1'/ii2,AT1G68380,49,5.373043537139893,9.845187235275377e-36,12.956877708435059
gehring_L3_state,21. ii1'/ii2,AT5G64190,50,7.351901054382324,4.121587892337923e-35,12.845049858093262
gehring_L3_state,22. ii1 basal cont PS,AT1G61720,1,6.731476306915283,0.0,55.89778137207031
gehring_L3_state,22. ii1 basal cont PS,AT1G56100,2,6.446159839630127,0.0,54.36301803588867
gehring_L3_state,22. ii1 basal cont PS,AT2G17710,3,5.315186977386475,0.0,51.05957794189453
gehring_L3_state,22. ii1 basal cont PS,AT5G17220,4,5.806158065795898,0.0,50.11014175415039
gehring_L3_state,22. ii1 basal cont PS,AT3G13530,5,5.474184513092041,0.0,48.50980758666992
gehring_L3_state,22. ii1 basal cont PS,AT5G42800,6,5.104730129241943,0.0,47.88002395629883
gehring_L3_state,22. ii1 basal cont PS,AT1G62333,7,4.616054534912109,0.0,47.39139175415039
gehring_L3_state,22. ii1 basal cont PS,AT4G22880,8,5.32147741317749,0.0,46.87159729003906
gehring_L3_state,22. ii1 basal cont PS,AT5G05270,9,4.092771053314209,0.0,45.5653076171875
gehring_L3_state,22. ii1 basal cont PS,AT2G47895,10,4.32841157913208,0.0,41.510433197021484
gehring_L3_state,22. ii1 basal cont PS,AT2G38900,11,4.090225696563721,0.0,41.194557189941406
gehring_L3_state,22. ii1 basal cont PS,AT1G06550,12,3.6135056018829346,0.0,40.17671585083008
gehring_L3_state,22. ii1 basal cont PS,AT3G27200,13,5.50082540512085,0.0,39.28676986694336
gehring_L3_state,22. ii1 basal cont PS,AT3G59010,14,5.430197715759277,0.0,39.01125717163086
gehring_L3_state,22. ii1 basal cont PS,AT3G23460,15,5.544917583465576,0.0,38.991310119628906
gehring_L3_state,22. ii1 basal cont PS,AT3G49780,16,4.067168235778809,0.0,38.43192672729492
gehring_L3_state,22. ii1 basal cont PS,AT1G21440,17,4.175586223602295,2.360937525160114e-300,37.23704528808594
gehring_L3_state,22. ii1 basal cont PS,AT2G23910,18,3.816492795944214,1.8928358875064894e-273,35.53419876098633
gehring_L3_state,22. ii1 basal cont PS,AT1G43640,19,2.913834810256958,6.394506935650129e-262,34.7781867980957
gehring_L3_state,22. ii1 basal cont PS,AT3G08770,20,3.3463945388793945,3.9758028448010677e-261,34.72417068481445
gehring_L3_state,22. ii1 basal cont PS,AT4G09820,21,4.006875038146973,2.1949391344913157e-257,34.47393798828125
gehring_L3_state,22. ii1 basal cont PS,AT5G48880,22,3.408379554748535,3.859990854110802e-249,33.91786575317383
gehring_L3_state,22. ii1 basal cont PS,AT3G59030,23,5.316395282745361,9.92800714471947e-246,33.68444061279297
gehring_L3_state,22. ii1 basal cont PS,AT4G12460,24,3.219383955001831,1.1468895980165795e-237,33.1279296875
gehring_L3_state,22. ii1 basal cont PS,AT2G14900,25,3.9567017555236816,5.525601366674333e-235,32.93986129760742
gehring_L3_state,22. ii1 basal cont PS,AT5G13930,26,2.5427963733673096,5.52284301937412e-231,32.65813064575195
gehring_L3_state,22. ii1 basal cont PS,AT2G24280,27,3.483844041824341,9.641222763790305e-230,32.56937026977539
gehring_L3_state,22. ii1 basal cont PS,AT5G57630,28,4.4759135246276855,6.295493484228561e-226,32.297672271728516
gehring_L3_state,22. ii1 basal cont PS,AT2G21430,29,4.530444145202637,2.0891866330927172e-224,32.188072204589844
gehring_L3_state,22. ii1 basal cont PS,AT5G07990,30,2.77933669090271,1.419193052449338e-222,32.055816650390625
gehring_L3_state,22. ii1 basal cont PS,AT3G01310,31,4.0818328857421875,8.89059302133732e-222,31.99755859375
gehring_L3_state,22. ii1 basal cont PS,AT1G52400,32,3.7746403217315674,2.1146448216563882e-217,31.68037986755371
gehring_L3_state,22. ii1 basal cont PS,AT3G04280,33,3.3275444507598877,4.978128907210462e-214,31.433624267578125
gehring_L3_state,22. ii1 basal cont PS,AT3G51240,34,2.7372145652770996,1.306886765614891e-212,31.32864761352539
gehring_L3_state,22. ii1 basal cont PS,AT4G20320,35,3.9312331676483154,3.187147415007346e-208,31.003923416137695
gehring_L3_state,22. ii1 basal cont PS,AT3G49050,36,3.325714349746704,1.644766270167594e-207,30.95009422302246
gehring_L3_state,22. ii1 basal cont PS,AT1G21310,37,3.8737664222717285,3.268450888459947e-200,30.401966094970703
gehring_L3_state,22. ii1 basal cont PS,AT4G26420,38,3.4521775245666504,7.77502590779802e-199,30.296777725219727
gehring_L3_state,22. ii1 basal cont PS,AT4G24130,39,2.982879161834717,1.3048317903775818e-198,30.278846740722656
gehring_L3_state,22. ii1 basal cont PS,AT1G25460,40,5.590080738067627,4.323867094417759e-189,29.54596519470215
gehring_L3_state,22. ii1 basal cont PS,AT5G18290,41,2.697432279586792,1.1824327293947571e-181,28.96042823791504
gehring_L3_state,22. ii1 basal cont PS,AT5G39130,42,2.9341042041778564,1.4182124589570763e-172,28.229400634765625
gehring_L3_state,22. ii1 basal cont PS,AT5G39160,43,3.4160289764404297,1.2029931807793267e-169,27.988975524902344
gehring_L3_state,22. ii1 basal cont PS,AT2G47115,44,4.870377063751221,3.5506499014727137e-163,27.45140838623047
gehring_L3_state,22. ii1 basal cont PS,AT1G32170,45,3.630392551422119,2.6629405109574585e-161,27.293066024780273
gehring_L3_state,22. ii1 basal cont PS,AT5G20830,46,3.2256667613983154,1.463250610587057e-150,26.371891021728516
gehring_L3_state,22. ii1 basal cont PS,AT2G18960,47,2.2294328212738037,2.602371592864844e-150,26.349266052246094
gehring_L3_state,22. ii1 basal cont PS,AT3G58780,48,2.2380757331848145,5.200188468789786e-150,26.322219848632812
gehring_L3_state,22. ii1 basal cont PS,AT5G55320,49,4.924851894378662,6.625077469011513e-149,26.22471809387207
gehring_L3_state,22. ii1 basal cont PS,AT5G40760,50,2.5838398933410645,2.3732883107344078e-145,25.91046142578125
gehring_L3_state,22. ii1'/ii2  high sene,AT2G02990,1,8.848406791687012,1.9175497681205868e-19,10.061145782470703
gehring_L3_state,22. ii1'/ii2  high sene,AT5G13170,2,8.471599578857422,2.564763395524283e-19,9.963824272155762
gehring_L3_state,22. ii1'/ii2  high sene,AT1G11170,3,7.602933883666992,2.9137789632653016e-19,9.910710334777832
gehring_L3_state,22. ii1'/ii2  high sene,AT2G23790,4,6.061399936676025,4.45015215409192e-19,9.839410781860352
gehring_L3_state,22. ii1'/ii2  high sene,AT1G70680,5,10.58491039276123,1.8546892561314824e-15,8.920289993286133
gehring_L3_state,22. ii1'/ii2  high sene,AT1G17060,6,7.04638147354126,1.8546892561314824e-15,8.917695999145508
gehring_L3_state,22. ii1'/ii2  high sene,AT5G10650,7,6.513918876647949,8.178247255173013e-15,8.734415054321289
gehring_L3_state,22. ii1'/ii2  high sene,AT3G26440,8,6.639110088348389,9.838647429703282e-15,8.698351860046387
gehring_L3_state,22. ii1'/ii2  high sene,AT1G79520,9,6.902698993682861,4.6605653500269235e-14,8.499341011047363
gehring_L3_state,22. ii1'/ii2  high sene,AT5G26120,10,7.862763404846191,4.6605653500269235e-14,8.494147300720215
gehring_L3_state,22. ii1'/ii2  high sene,AT1G09380,11,6.198197841644287,2.300149665386457e-13,8.295371055603027
gehring_L3_state,22. ii1'/ii2  high sene,AT1G70670,12,8.11207103729248,2.338407036398774e-13,8.277647972106934
gehring_L3_state,22. ii1'/ii2  high sene,AT3G45010,13,6.478995323181152,2.338407036398774e-13,8.267330169677734
gehring_L3_state,22. ii1'/ii2  high sene,AT4G16680,14,7.753328323364258,2.338407036398774e-13,8.264688491821289
gehring_L3_state,22. ii1'/ii2  high sene,AT5G15740,15,6.725119590759277,1.5387264148758746e-12,8.02048397064209
gehring_L3_state,22. ii1'/ii2  high sene,AT2G05910,16,10.044827461242676,1.1102969205560242e-11,7.766393661499023
gehring_L3_state,22. ii1'/ii2  high sene,AT2G37460,17,6.322998046875,1.775240463743731e-11,7.699398040771484
gehring_L3_state,22. ii1'/ii2  high sene,AT5G50260,18,5.404778480529785,5.3198351354432e-11,7.550848007202148
gehring_L3_state,22. ii1'/ii2  high sene,AT5G48100,19,5.296024799346924,6.235351411293416e-11,7.523441314697266
gehring_L3_state,22. ii1'/ii2  high sene,ATCG00020,20,3.1398203372955322,8.789263359960107e-11,7.472032070159912
gehring_L3_state,22. ii1'/ii2  high sene,AT5G16110,21,5.020166397094727,5.286354846278612e-10,7.225963592529297
gehring_L3_state,22. ii1'/ii2  high sene,AT4G37590,22,5.869821548461914,6.062500181717952e-10,7.201268672943115
gehring_L3_state,22. ii1'/ii2  high sene,AT4G16620,23,6.509433746337891,3.1907297455093507e-09,6.96533727645874
gehring_L3_state,22. ii1'/ii2  high sene,AT4G22920,24,5.16025972366333,1.655100923134056e-08,6.723817825317383
gehring_L3_state,22. ii1'/ii2  high sene,AT4G01430,25,5.260617256164551,2.2012047028989723e-08,6.676419734954834
gehring_L3_state,22. ii1'/ii2  high sene,AT4G12910,26,3.7666146755218506,1.7652260543295202e-07,6.35836935043335
gehring_L3_state,22. ii1'/ii2  high sene,AT1G31050,27,11.897625923156738,1.8725274210779035e-07,6.3436994552612305
gehring_L3_state,22. ii1'/ii2  high sene,AT1G08920,28,5.672635555267334,2.0910424714402357e-07,6.321262836456299
gehring_L3_state,22. ii1'/ii2  high sene,AT5G37600,29,6.394230365753174,5.911550125642463e-07,6.1533284187316895
gehring_L3_state,22. ii1'/ii2  high sene,AT4G18910,30,7.518507957458496,9.109836060920064e-06,5.6985650062561035
gehring_L3_state,22. ii1'/ii2  high sene,AT3G52780,31,6.668993949890137,1.1949205409859497e-05,5.646665573120117
gehring_L3_state,22. ii1'/ii2  high sene,AT2G46370,32,5.018150806427002,1.3583299970221783e-05,5.619264125823975
gehring_L3_state,22. ii1'/ii2  high sene,AT2G29940,33,5.800400257110596,2.219653676503378e-05,5.528558731079102
gehring_L3_state,22. ii1'/ii2  high sene,AT1G73220,34,5.694911003112793,2.4669307775282816e-05,5.504891395568848
gehring_L3_state,22. ii1'/ii2  high sene,AT5G20700,35,3.298011302947998,3.2311859446577026e-05,5.452145099639893
gehring_L3_state,22. ii1'/ii2  high sene,AT4G06410,36,7.271329402923584,4.0835542442781724e-05,5.40068244934082
gehring_L3_state,22. ii1'/ii2  high sene,AT1G07590,37,5.229398250579834,4.821495568285352e-05,5.366121768951416
gehring_L3_state,22. ii1'/ii2  high sene,AT1G62060,38,3.8103368282318115,6.431530192883147e-05,5.309273719787598
gehring_L3_state,22. ii1'/ii2  high sene,AT3G15340,39,4.3003644943237305,0.00013678020091789192,5.165400981903076
gehring_L3_state,22. ii1'/ii2  high sene,AT2G46950,40,3.949230432510376,0.0001947686299212294,5.089871406555176
gehring_L3_state,22. ii1'/ii2  high sene,AT3G23430,41,4.445420265197754,0.0003080711943534282,4.991197109222412
gehring_L3_state,22. ii1'/ii2  high sene,AT4G20260,42,4.172336578369141,0.0006136527358028434,4.84593391418457
gehring_L3_state,22. ii1'/ii2  high sene,AT1G01240,43,4.842963695526123,0.0006336437717442243,4.835466384887695
gehring_L3_state,22. ii1'/ii2  high sene,AT1G54570,44,4.3992533683776855,0.0010741927870254796,4.7173171043396
gehring_L3_state,22. ii1'/ii2  high sene,AT1G25530,45,5.487466812133789,0.0012028423809952212,4.690347194671631
gehring_L3_state,22. ii1'/ii2  high sene,AT3G09950,46,5.609842777252197,0.0012566213854315906,4.677557468414307
gehring_L3_state,22. ii1'/ii2  high sene,AT2G40670,47,5.491842746734619,0.0012775647908387505,4.670398235321045
gehring_L3_state,22. ii1'/ii2  high sene,AT5G50750,48,3.2886667251586914,0.0016552971644346658,4.613166809082031
gehring_L3_state,22. ii1'/ii2  high sene,AT5G14940,49,4.944523334503174,0.0019544875689849533,4.57118034362793
gehring_L3_state,22. ii1'/ii2  high sene,AT3G48740,50,4.4513726234436035,0.003949076444556332,4.410650730133057
gehring_L3_state,23. ii1 endothel,AT3G13530,1,6.845040798187256,2.315081009943969e-108,22.542564392089844
gehring_L3_state,23. ii1 endothel,AT5G17220,2,6.909400939941406,2.315081009943969e-108,22.52151870727539
gehring_L3_state,23. ii1 endothel,AT1G61720,3,6.970450401306152,2.315081009943969e-108,22.514822006225586
gehring_L3_state,23. ii1 endothel,AT2G17710,4,6.099670886993408,4.613295405772527e-106,22.2659969329834
gehring_L3_state,23. ii1 endothel,AT4G22880,5,6.3283209800720215,1.1265947461785487e-102,21.90342140197754
gehring_L3_state,23. ii1 endothel,AT5G51950,6,6.208841800689697,5.6353517490997394e-99,21.50341033935547
gehring_L3_state,23. ii1 endothel,AT2G38900,7,5.522256374359131,7.872776494074083e-99,21.480730056762695
gehring_L3_state,23. ii1 endothel,AT2G23910,8,5.777315616607666,1.6097626449669297e-96,21.22587013244629
gehring_L3_state,23. ii1 endothel,AT1G56100,9,6.067140102386475,2.9105460586935896e-94,20.974529266357422
gehring_L3_state,23. ii1 endothel,AT5G42800,10,5.684969902038574,4.781463135740853e-93,20.83591651916504
gehring_L3_state,23. ii1 endothel,AT5G25610,11,5.533736705780029,9.967234649232694e-86,20.00800323486328
gehring_L3_state,23. ii1 endothel,AT1G77520,12,5.86386251449585,4.392159393815685e-84,19.813989639282227
gehring_L3_state,23. ii1 endothel,AT5G53100,13,6.545516490936279,7.582307624338387e-83,19.66600799560547
gehring_L3_state,23. ii1 endothel,AT2G31360,14,5.2404632568359375,1.4054442705822906e-82,19.630918502807617
gehring_L3_state,23. ii1 endothel,AT4G15750,15,4.826834678649902,1.2375257954589076e-80,19.39852523803711
gehring_L3_state,23. ii1 endothel,AT5G05270,16,4.336090087890625,1.2501408011510399e-77,19.036161422729492
gehring_L3_state,23. ii1 endothel,AT4G26420,17,4.928468704223633,3.2601555650745627e-75,18.739212036132812
gehring_L3_state,23. ii1 endothel,AT5G48880,18,4.936922550201416,5.188922798409397e-75,18.71141815185547
gehring_L3_state,23. ii1 endothel,AT4G30470,19,5.241171836853027,1.0929752845212873e-74,18.66878890991211
gehring_L3_state,23. ii1 endothel,AT1G62333,20,4.40925931930542,7.644239501899167e-74,18.561853408813477
gehring_L3_state,23. ii1 endothel,AT3G49780,21,4.664456367492676,1.0850526114740296e-69,18.038307189941406
gehring_L3_state,23. ii1 endothel,AT2G26250,22,4.157749176025391,5.0324551851859646e-64,17.29960060119629
gehring_L3_state,23. ii1 endothel,AT1G34580,23,3.7884409427642822,5.048722686564336e-64,17.29685401916504
gehring_L3_state,23. ii1 endothel,AT5G14700,24,4.9296135902404785,1.847278795703584e-63,17.219482421875
gehring_L3_state,23. ii1 endothel,AT4G09820,25,4.783936023712158,6.827852837075935e-62,17.006877899169922
gehring_L3_state,23. ii1 endothel,AT5G57630,26,5.365697860717773,2.7372966867720993e-61,16.923006057739258
gehring_L3_state,23. ii1 endothel,AT5G02540,27,5.534827709197998,7.233196707658673e-60,16.72684097290039
gehring_L3_state,23. ii1 endothel,AT5G39130,28,4.046961784362793,9.64672153378057e-59,16.569616317749023
gehring_L3_state,23. ii1 endothel,AT4G00360,29,4.869722366333008,2.9971237513289904e-58,16.499189376831055
gehring_L3_state,23. ii1 endothel,AT5G13930,30,3.167994976043701,1.2263379386867438e-57,16.411827087402344
gehring_L3_state,23. ii1 endothel,AT1G65060,31,4.286920070648193,1.9146730451714339e-56,16.240793228149414
gehring_L3_state,23. ii1 endothel,AT5G50750,32,4.859992980957031,1.9146730451714339e-56,16.24018669128418
gehring_L3_state,23. ii1 endothel,AT4G24130,33,3.875199794769287,6.683694676852714e-55,16.018861770629883
gehring_L3_state,23. ii1 endothel,AT1G32170,34,4.652583599090576,1.0383818200289718e-54,15.989581108093262
gehring_L3_state,23. ii1 endothel,AT2G47895,35,4.03422212600708,1.238182321477528e-54,15.976806640625
gehring_L3_state,23. ii1 endothel,AT5G12950,36,4.385398864746094,5.328276709458021e-54,15.883790969848633
gehring_L3_state,23. ii1 endothel,AT1G36160,37,3.7777578830718994,6.588363728472381e-54,15.868754386901855
gehring_L3_state,23. ii1 endothel,AT2G28250,38,7.4806694984436035,9.446554553469455e-51,15.404115676879883
gehring_L3_state,23. ii1 endothel,AT3G51240,39,3.2895357608795166,6.997373921629676e-50,15.272422790527344
gehring_L3_state,23. ii1 endothel,AT1G02930,40,3.926981210708618,5.589581534765392e-49,15.134673118591309
gehring_L3_state,23. ii1 endothel,AT3G23460,41,4.8058319091796875,1.845533500017043e-47,14.901198387145996
gehring_L3_state,23. ii1 endothel,AT2G47240,42,3.543030023574829,1.194088749289725e-46,14.774304389953613
gehring_L3_state,23. ii1 endothel,AT2G25540,43,3.106987714767456,2.6936212545272515e-46,14.717798233032227
gehring_L3_state,23. ii1 endothel,AT2G14900,44,4.013205528259277,4.6265958228675036e-46,14.679608345031738
gehring_L3_state,23. ii1 endothel,AT4G12460,45,3.520498275756836,5.50890182173789e-46,14.666242599487305
gehring_L3_state,23. ii1 endothel,AT3G49050,46,3.865086078643799,4.1286232739716533e-45,14.527395248413086
gehring_L3_state,23. ii1 endothel,AT3G08770,47,3.4362499713897705,9.11451519242052e-45,14.471558570861816
gehring_L3_state,23. ii1 endothel,AT5G53460,48,2.936551332473755,3.887346849585056e-43,14.20964527130127
gehring_L3_state,23. ii1 endothel,AT2G21430,49,4.553823471069336,2.99164863368134e-41,13.900711059570312
gehring_L3_state,23. ii1 endothel,AT1G06550,50,3.241825580596924,1.372448046675607e-40,13.789796829223633
gehring_L3_state,23. ii1 endothel s-phase,AT3G49270,1,6.872530460357666,3.7031133323628165e-27,11.583163261413574
gehring_L3_state,23. ii1 endothel s-phase,AT5G53100,2,7.192895889282227,3.7031133323628165e-27,11.566645622253418
gehring_L3_state,23. ii1 endothel s-phase,AT1G06550,3,5.569723129272461,3.7031133323628165e-27,11.555951118469238
gehring_L3_state,23. ii1 endothel s-phase,AT5G17220,4,7.169624328613281,3.7031133323628165e-27,11.55097770690918
gehring_L3_state,23. ii1 endothel s-phase,AT5G47350,5,6.8432769775390625,3.7031133323628165e-27,11.543937683105469
gehring_L3_state,23. ii1 endothel s-phase,AT5G48880,6,6.017472743988037,1.0478777934876514e-26,11.438339233398438
gehring_L3_state,23. ii1 endothel s-phase,AT1G61720,7,6.945746421813965,1.6765412661273946e-26,11.374739646911621
gehring_L3_state,23. ii1 endothel s-phase,AT2G23910,8,5.77921199798584,1.6765412661273946e-26,11.37240982055664
gehring_L3_state,23. ii1 endothel s-phase,AT4G15750,9,6.280533313751221,2.1161185989149924e-26,11.34177017211914
gehring_L3_state,23. ii1 endothel s-phase,AT2G17710,10,6.053378105163574,2.3020551112173835e-26,11.325169563293457
gehring_L3_state,23. ii1 endothel s-phase,AT5G42800,11,5.818475723266602,1.058694601580052e-25,11.182228088378906
gehring_L3_state,23. ii1 endothel s-phase,AT5G14920,12,5.821643829345703,1.8162442808501834e-25,11.126481056213379
gehring_L3_state,23. ii1 endothel s-phase,AT1G56100,13,6.6355414390563965,1.9307454254329206e-25,11.113885879516602
gehring_L3_state,23. ii1 endothel s-phase,AT4G22880,14,6.39835262298584,2.0356743339566545e-25,11.102540969848633
gehring_L3_state,23. ii1 endothel s-phase,AT2G38900,15,5.661760330200195,3.3692335896218684e-25,11.051236152648926
gehring_L3_state,23. ii1 endothel s-phase,AT4G30470,16,5.541537284851074,4.80039042855677e-25,11.013602256774902
gehring_L3_state,23. ii1 endothel s-phase,AT5G51950,17,5.901957035064697,5.197872390425618e-25,11.000969886779785
gehring_L3_state,23. ii1 endothel s-phase,AT1G29660,18,6.758125305175781,1.2849113961682176e-24,10.913872718811035
gehring_L3_state,23. ii1 endothel s-phase,AT5G57630,19,5.932157516479492,2.2082676092728364e-24,10.859615325927734
gehring_L3_state,23. ii1 endothel s-phase,AT3G13530,20,5.760081768035889,4.584621052456075e-24,10.78798770904541
gehring_L3_state,23. ii1 endothel s-phase,AT5G05270,21,4.802131652832031,1.108121967953351e-23,10.702044486999512
gehring_L3_state,23. ii1 endothel s-phase,AT3G49050,22,5.382944583892822,1.1758290150767288e-23,10.692234992980957
gehring_L3_state,23. ii1 endothel s-phase,AT2G31360,23,5.165585994720459,1.5198317679391005e-23,10.664280891418457
gehring_L3_state,23. ii1 endothel s-phase,AT5G02540,24,6.3687872886657715,3.000532288518497e-23,10.596879005432129
gehring_L3_state,23. ii1 endothel s-phase,AT2G26250,25,4.697603225708008,5.937337600562267e-23,10.529003143310547
gehring_L3_state,23. ii1 endothel s-phase,AT2G47240,26,4.81906270980835,6.540447888103364e-23,10.516195297241211
gehring_L3_state,23. ii1 endothel s-phase,AT2G47895,27,5.089748859405518,9.127863701761246e-23,10.481163024902344
gehring_L3_state,23. ii1 endothel s-phase,AT4G24130,28,4.631316661834717,1.5588606526001888e-22,10.42697525024414
gehring_L3_state,23. ii1 endothel s-phase,AT5G10180,29,5.8168768882751465,2.665336843607463e-22,10.372520446777344
gehring_L3_state,23. ii1 endothel s-phase,AT3G08770,30,5.249139308929443,3.1134087553566035e-22,10.35442066192627
gehring_L3_state,23. ii1 endothel s-phase,AT3G51240,31,4.122288703918457,3.4430818273483966e-22,10.341151237487793
gehring_L3_state,23. ii1 endothel s-phase,AT1G62333,32,4.655396461486816,3.4430818273483966e-22,10.338600158691406
gehring_L3_state,23. ii1 endothel s-phase,AT5G63550,33,5.247768878936768,4.467266549700494e-22,10.310654640197754
gehring_L3_state,23. ii1 endothel s-phase,AT1G77520,34,5.081894874572754,6.952535494272959e-22,10.26276969909668
gehring_L3_state,23. ii1 endothel s-phase,AT4G00360,35,5.088030815124512,6.952535494272959e-22,10.262381553649902
gehring_L3_state,23. ii1 endothel s-phase,AT5G25610,36,5.028634548187256,1.798756135839754e-21,10.167459487915039
gehring_L3_state,23. ii1 endothel s-phase,AT4G09820,37,4.988655090332031,1.923554720656926e-21,10.15825080871582
gehring_L3_state,23. ii1 endothel s-phase,AT1G02930,38,5.1130757331848145,2.913035130406137e-21,10.115089416503906
gehring_L3_state,23. ii1 endothel s-phase,AT2G28625,39,6.015178203582764,4.029892188994616e-21,10.080708503723145
gehring_L3_state,23. ii1 endothel s-phase,AT5G13930,40,3.7643330097198486,5.4099211644483045e-21,10.049238204956055
gehring_L3_state,23. ii1 endothel s-phase,AT1G27950,41,4.812242031097412,5.679829551382946e-21,10.042003631591797
gehring_L3_state,23. ii1 endothel s-phase,AT1G65060,42,4.484153747558594,5.9325116751155805e-21,10.035332679748535
gehring_L3_state,23. ii1 endothel s-phase,AT1G36160,43,4.054586887359619,7.174519000575548e-21,10.014229774475098
gehring_L3_state,23. ii1 endothel s-phase,AT2G14900,44,4.667033672332764,1.5878056626621173e-20,9.933074951171875
gehring_L3_state,23. ii1 endothel s-phase,AT1G07720,45,5.439221382141113,3.613153510233453e-20,9.848519325256348
gehring_L3_state,23. ii1 endothel s-phase,AT2G30490,46,4.282138347625732,7.41064538070654e-20,9.773823738098145
gehring_L3_state,23. ii1 endothel s-phase,AT4G17480,47,4.100325584411621,2.1061927091877713e-19,9.665267944335938
gehring_L3_state,23. ii1 endothel s-phase,AT1G61255,48,4.603532791137695,3.4751840759255296e-19,9.6116943359375
gehring_L3_state,23. ii1 endothel s-phase,AT2G22990,49,5.489828586578369,1.3649219820596687e-18,9.467677116394043
gehring_L3_state,23. ii1 endothel s-phase,AT5G22880,50,4.554470539093018,2.5659920862288985e-18,9.399372100830078
gehring_L3_state,23. oi1 flav synth,AT5G39190,1,7.79410982131958,0.0,67.18436431884766
gehring_L3_state,23. oi1 flav synth,AT4G37520,2,6.653247833251953,0.0,66.4489974975586
gehring_L3_state,23. oi1 flav synth,AT5G50750,3,6.851115703582764,0.0,65.0534896850586
gehring_L3_state,23. oi1 flav synth,AT5G39160,4,7.247598648071289,0.0,64.27210998535156
gehring_L3_state,23. oi1 flav synth,AT5G48100,5,6.647929668426514,0.0,62.89840316772461
gehring_L3_state,23. oi1 flav synth,AT5G39130,6,5.716658115386963,0.0,62.26164627075195
gehring_L3_state,23. oi1 flav synth,AT2G47750,7,7.015598297119141,0.0,58.02000427246094
gehring_L3_state,23. oi1 flav synth,AT3G49780,8,5.422725200653076,0.0,54.331520080566406
gehring_L3_state,23. oi1 flav synth,AT1G73600,9,4.095118522644043,0.0,51.03733444213867
gehring_L3_state,23. oi1 flav synth,AT5G24915,10,5.458469390869141,0.0,50.55445861816406
gehring_L3_state,23. oi1 flav synth,AT1G11170,11,5.361472129821777,0.0,50.537109375
gehring_L3_state,23. oi1 flav synth,AT2G43050,12,6.217260837554932,0.0,47.00901412963867
gehring_L3_state,23. oi1 flav synth,AT2G43150,13,3.942497730255127,0.0,46.403587341308594
gehring_L3_state,23. oi1 flav synth,AT3G02940,14,7.424941539764404,0.0,45.83013153076172
gehring_L3_state,23. oi1 flav synth,AT4G36648,15,1.9314277172088623,0.0,45.686195373535156
gehring_L3_state,23. oi1 flav synth,AT1G21310,16,5.630044460296631,0.0,45.65385437011719
gehring_L3_state,23. oi1 flav synth,AT2G25540,17,3.3838610649108887,0.0,45.305908203125
gehring_L3_state,23. oi1 flav synth,AT1G04580,18,4.347960948944092,0.0,45.05687713623047
gehring_L3_state,23. oi1 flav synth,AT1G23200,19,4.5908050537109375,0.0,44.7530632019043
gehring_L3_state,23. oi1 flav synth,AT1G73290,20,7.3686323165893555,0.0,44.607269287109375
gehring_L3_state,23. oi1 flav synth,AT4G01430,21,5.879181861877441,0.0,44.52150344848633
gehring_L3_state,23. oi1 flav synth,AT4G19420,22,5.308360576629639,0.0,43.91767501831055
gehring_L3_state,23. oi1 flav synth,AT2G25450,23,3.9813919067382812,0.0,42.82612609863281
gehring_L3_state,23. oi1 flav synth,AT1G62060,24,4.5928263664245605,0.0,41.02909851074219
gehring_L3_state,23. oi1 flav synth,AT4G37050,25,3.851372480392456,0.0,40.539180755615234
gehring_L3_state,23. oi1 flav synth,AT2G22620,26,3.00622296333313,0.0,39.375701904296875
gehring_L3_state,23. oi1 flav synth,AT1G34580,27,3.1117703914642334,0.0,39.19337844848633
gehring_L3_state,23. oi1 flav synth,AT1G20500,28,4.466636657714844,0.0,38.95613479614258
gehring_L3_state,23. oi1 flav synth,AT2G33480,29,3.9110450744628906,0.0,38.9411506652832
gehring_L3_state,23. oi1 flav synth,AT1G70830,30,3.843209981918335,0.0,38.89731979370117
gehring_L3_state,23. oi1 flav synth,ATCG00020,31,2.3748974800109863,0.0,37.824764251708984
gehring_L3_state,23. oi1 flav synth,AT4G26220,32,3.9095489978790283,8.141720077276794e-297,37.000728607177734
gehring_L3_state,23. oi1 flav synth,AT2G36950,33,4.55048942565918,5.492916185805777e-295,36.88597869873047
gehring_L3_state,23. oi1 flav synth,AT5G50260,34,4.404351711273193,4.920395003593503e-292,36.7005500793457
gehring_L3_state,23. oi1 flav synth,AT2G19570,35,2.8446884155273438,7.163472680522832e-288,36.43782043457031
gehring_L3_state,23. oi1 flav synth,AT1G28660,36,5.669065475463867,7.194086130155597e-275,35.60658264160156
gehring_L3_state,23. oi1 flav synth,AT3G28360,37,5.706520080566406,1.4200510037359242e-271,35.39223861694336
gehring_L3_state,23. oi1 flav synth,AT1G28590,38,5.399106502532959,7.3653412854833e-271,35.3449821472168
gehring_L3_state,23. oi1 flav synth,AT5G20250,39,3.9036571979522705,4.7728295099125786e-259,34.566097259521484
gehring_L3_state,23. oi1 flav synth,AT2G47240,40,2.9309840202331543,7.430108669898293e-236,32.98423767089844
gehring_L3_state,23. oi1 flav synth,AT4G25700,41,4.622379302978516,8.6092832620764e-236,32.97908020019531
gehring_L3_state,23. oi1 flav synth,AT1G72510,42,3.9630634784698486,3.050201587844037e-233,32.80008316040039
gehring_L3_state,23. oi1 flav synth,AT2G23790,43,2.24098539352417,4.366761520647574e-225,32.22165298461914
gehring_L3_state,23. oi1 flav synth,AT4G36610,44,6.212172985076904,5.562880872121127e-221,31.926576614379883
gehring_L3_state,23. oi1 flav synth,AT5G41040,45,5.6064043045043945,8.793843101581285e-221,31.911598205566406
gehring_L3_state,23. oi1 flav synth,AT1G49580,46,3.2683298587799072,2.3079144706404226e-217,31.663543701171875
gehring_L3_state,23. oi1 flav synth,AT5G15180,47,5.722996234893799,3.129149505217119e-217,31.65331268310547
gehring_L3_state,23. oi1 flav synth,AT4G12290,48,3.656869411468506,5.003678381551378e-215,31.49213218688965
gehring_L3_state,23. oi1 flav synth,AT2G34660,49,3.513521432876587,6.741304786124451e-215,31.482070922851562
gehring_L3_state,23. oi1 flav synth,AT5G63530,50,2.858020544052124,1.8679514650513565e-211,31.228923797607422
gehring_L3_state,24. ii1',AT4G12910,1,6.690000534057617,0.0,60.5919189453125
gehring_L3_state,24. ii1',AT3G45970,2,5.896529674530029,0.0,57.09989547729492
gehring_L3_state,24. ii1',AT3G57240,3,7.303442001342773,0.0,56.41242599487305
gehring_L3_state,24. ii1',AT3G20210,4,6.062134265899658,0.0,55.51585006713867
gehring_L3_state,24. ii1',AT1G21460,5,6.1561503410339355,0.0,53.02982711791992
gehring_L3_state,24. ii1',AT1G76160,6,6.0082926750183105,0.0,52.49068069458008
gehring_L3_state,24. ii1',AT5G33290,7,5.687199115753174,0.0,51.969879150390625
gehring_L3_state,24. ii1',AT5G55250,8,5.197281837463379,0.0,50.86178207397461
gehring_L3_state,24. ii1',AT4G09030,9,4.866265773773193,0.0,50.601898193359375
gehring_L3_state,24. ii1',AT4G20260,10,5.611127853393555,0.0,49.686767578125
gehring_L3_state,24. ii1',AT3G26440,11,5.562525272369385,0.0,48.25648880004883
gehring_L3_state,24. ii1',AT2G46370,12,5.893965721130371,0.0,48.02280807495117
gehring_L3_state,24. ii1',AT3G13750,13,4.9710774421691895,0.0,47.65985107421875
gehring_L3_state,24. ii1',AT5G15740,14,5.127169132232666,0.0,44.62161636352539
gehring_L3_state,24. ii1',AT3G28960,15,5.181264877319336,0.0,43.64677810668945
gehring_L3_state,24. ii1',AT2G37460,16,5.457525253295898,0.0,42.90486526489258
gehring_L3_state,24. ii1',AT4G39350,17,4.17429780960083,0.0,42.315704345703125
gehring_L3_state,24. ii1',AT1G09790,18,4.933295726776123,0.0,41.058685302734375
gehring_L3_state,24. ii1',AT4G16563,19,3.759974479675293,0.0,40.029170989990234
gehring_L3_state,24. ii1',AT3G24840,20,3.9152097702026367,0.0,39.165550231933594
gehring_L3_state,24. ii1',AT1G53100,21,5.0183424949646,0.0,38.97321319580078
gehring_L3_state,24. ii1',AT1G71960,22,4.72761344909668,0.0,38.90079116821289
gehring_L3_state,24. ii1',AT1G68560,23,4.716419219970703,0.0,38.74437713623047
gehring_L3_state,24. ii1',AT1G24010,24,5.532802104949951,0.0,38.71683120727539
gehring_L3_state,24. ii1',AT1G11590,25,5.798665523529053,6.868891448705118e-297,37.011985778808594
gehring_L3_state,24. ii1',AT2G01850,26,2.7087185382843018,3.252705552137575e-280,35.959327697753906
gehring_L3_state,24. ii1',AT2G33860,27,4.932262897491455,1.617976470397669e-279,35.913673400878906
gehring_L3_state,24. ii1',AT5G26120,28,6.522848129272461,3.642326034929958e-266,35.04679489135742
gehring_L3_state,24. ii1',AT2G47240,29,3.15633225440979,4.712849253440127e-266,35.038448333740234
gehring_L3_state,24. ii1',AT5G42250,30,5.970165252685547,3.6350354238282707e-265,34.97917175292969
gehring_L3_state,24. ii1',AT3G15510,31,3.009598731994629,5.602275613177279e-264,34.90001678466797
gehring_L3_state,24. ii1',AT1G17620,32,3.754239559173584,2.7385907360732563e-259,34.588600158691406
gehring_L3_state,24. ii1',AT4G01430,33,4.341411590576172,4.33373423516526e-259,34.57444763183594
gehring_L3_state,24. ii1',AT4G12290,34,3.687208652496338,6.812593401713537e-258,34.49387741088867
gehring_L3_state,24. ii1',AT1G16705,35,2.9906601905822754,1.3966990340081388e-256,34.40542984008789
gehring_L3_state,24. ii1',AT2G39010,36,5.749938488006592,1.6338165979166608e-248,33.86080551147461
gehring_L3_state,24. ii1',AT4G03210,37,4.323199272155762,2.4293855767054777e-246,33.71208190917969
gehring_L3_state,24. ii1',AT4G03930,38,5.2199482917785645,4.381183893147835e-245,33.62546157836914
gehring_L3_state,24. ii1',AT4G00220,39,3.514003038406372,7.202783994095312e-242,33.40393829345703
gehring_L3_state,24. ii1',AT1G56010,40,5.766319274902344,1.0016654002904886e-241,33.39331817626953
gehring_L3_state,24. ii1',AT4G13345,41,4.228926658630371,6.6997211290923756e-223,32.06947326660156
gehring_L3_state,24. ii1',AT2G02990,42,4.568077087402344,2.695235268028643e-221,31.953418731689453
gehring_L3_state,24. ii1',AT2G45840,43,5.554134845733643,4.557424225755657e-214,31.428016662597656
gehring_L3_state,24. ii1',AT5G39220,44,2.7190897464752197,7.460005323842811e-214,31.411617279052734
gehring_L3_state,24. ii1',AT2G28650,45,3.1349563598632812,2.171504585554642e-210,31.156198501586914
gehring_L3_state,24. ii1',AT5G28540,46,2.419980764389038,3.588418265900945e-208,30.991294860839844
gehring_L3_state,24. ii1',AT2G41700,47,3.5544745922088623,4.9772289385836375e-207,30.905717849731445
gehring_L3_state,24. ii1',AT5G03760,48,3.749340772628784,5.343813080158103e-207,30.902740478515625
gehring_L3_state,24. ii1',AT3G06550,49,3.5560355186462402,5.3971982203234465e-205,30.752521514892578
gehring_L3_state,24. ii1',AT5G23210,50,2.861239433288574,2.2948128667842073e-202,30.554624557495117
gehring_L3_state,24. oi1 flav synth polyester,AT1G21310,1,7.87202787399292,8.38412860962446e-247,33.850345611572266
gehring_L3_state,24. oi1 flav synth polyester,AT1G73290,2,8.980537414550781,9.544954892947553e-247,33.8260498046875
gehring_L3_state,24. oi1 flav synth polyester,AT5G39190,3,7.828483581542969,2.1939848684284037e-245,33.721317291259766
gehring_L3_state,24. oi1 flav synth polyester,AT5G48100,4,6.954385280609131,4.755719110505359e-241,33.41559600830078
gehring_L3_state,24. oi1 flav synth polyester,AT5G39160,5,7.252513408660889,9.345113731231035e-236,33.042415618896484
gehring_L3_state,24. oi1 flav synth polyester,AT3G49780,6,6.430188179016113,3.533865063274893e-235,32.99665451049805
gehring_L3_state,24. oi1 flav synth polyester,AT4G36610,7,8.828337669372559,5.232963910681941e-234,32.91027069091797
gehring_L3_state,24. oi1 flav synth polyester,AT5G41040,8,8.257781028747559,2.1702043171285954e-233,32.862998962402344
gehring_L3_state,24. oi1 flav synth polyester,AT4G37520,9,6.471904277801514,1.1370135847177599e-226,32.38560104370117
gehring_L3_state,24. oi1 flav synth polyester,AT3G02940,10,8.20384407043457,1.347653412471911e-223,32.16324996948242
gehring_L3_state,24. oi1 flav synth polyester,AT5G39130,11,5.641501426696777,1.587663366124874e-212,31.35841178894043
gehring_L3_state,24. oi1 flav synth polyester,AT5G50750,12,5.929699420928955,7.786529122195368e-200,30.41044044494629
gehring_L3_state,24. oi1 flav synth polyester,AT4G19420,13,6.257016658782959,1.1690523855036145e-191,29.78291893005371
gehring_L3_state,24. oi1 flav synth polyester,AT1G72510,14,5.727214813232422,2.6228417639600885e-187,29.442489624023438
gehring_L3_state,24. oi1 flav synth polyester,AT4G24130,15,4.8974928855896,1.9829070452653197e-186,29.371435165405273
gehring_L3_state,24. oi1 flav synth polyester,AT5G24915,16,5.7124834060668945,3.1159372796824406e-182,29.038772583007812
gehring_L3_state,24. oi1 flav synth polyester,AT1G12080,17,5.626669406890869,1.1470295183585875e-178,28.752857208251953
gehring_L3_state,24. oi1 flav synth polyester,AT2G47750,18,6.17017126083374,5.94748573318722e-175,28.452177047729492
gehring_L3_state,24. oi1 flav synth polyester,AT4G01430,19,6.334902763366699,4.536748686169224e-173,28.29770851135254
gehring_L3_state,24. oi1 flav synth polyester,AT1G11170,20,5.259809970855713,4.916590479828523e-164,27.551836013793945
gehring_L3_state,24. oi1 flav synth polyester,AT4G36648,21,2.256821870803833,3.5482492051399344e-156,26.88616371154785
gehring_L3_state,24. oi1 flav synth polyester,AT2G33480,22,4.751338958740234,1.8383079603855357e-150,26.391172409057617
gehring_L3_state,24. oi1 flav synth polyester,AT3G57230,23,4.731767177581787,7.759009200774112e-145,25.894731521606445
gehring_L3_state,24. oi1 flav synth polyester,AT2G37460,24,5.687281608581543,1.9935304097479094e-139,25.408201217651367
gehring_L3_state,24. oi1 flav synth polyester,AT1G73600,25,3.9752564430236816,7.725319390971387e-137,25.171297073364258
gehring_L3_state,24. oi1 flav synth polyester,AT4G37050,26,4.451534271240234,2.1446489386905164e-136,25.12920570373535
gehring_L3_state,24. oi1 flav synth polyester,AT3G22600,27,8.750343322753906,6.546863141457169e-135,24.99150276184082
gehring_L3_state,24. oi1 flav synth polyester,AT2G34660,28,4.557438850402832,1.0353144926826453e-133,24.87950325012207
gehring_L3_state,24. oi1 flav synth polyester,AT2G43150,29,3.881765604019165,2.6787811009833066e-129,24.466934204101562
gehring_L3_state,24. oi1 flav synth polyester,AT1G20500,30,4.785788536071777,3.5731668468402254e-121,23.68986701965332
gehring_L3_state,24. oi1 flav synth polyester,AT1G28590,31,5.663963794708252,4.894332996077773e-121,23.67522430419922
gehring_L3_state,24. oi1 flav synth polyester,AT1G04580,32,4.162811279296875,7.103218656279166e-117,23.26632308959961
gehring_L3_state,24. oi1 flav synth polyester,AT3G05890,33,5.440227031707764,4.9103062223206474e-116,23.18190574645996
gehring_L3_state,24. oi1 flav synth polyester,AT2G35585,34,5.4140625,6.947306800724876e-116,23.165674209594727
gehring_L3_state,24. oi1 flav synth polyester,AT1G61810,35,6.594119071960449,1.7563502029806882e-111,22.723407745361328
gehring_L3_state,24. oi1 flav synth polyester,AT3G51860,36,3.5048177242279053,2.864765161907609e-111,22.70067024230957
gehring_L3_state,24. oi1 flav synth polyester,AT3G21230,37,5.814225196838379,1.1571552239072273e-104,22.0205135345459
gehring_L3_state,24. oi1 flav synth polyester,AT3G22620,38,9.269203186035156,1.9640624181157206e-104,21.995315551757812
gehring_L3_state,24. oi1 flav synth polyester,AT1G17060,39,4.637051105499268,1.1625126684393023e-103,21.91330909729004
gehring_L3_state,24. oi1 flav synth polyester,AT2G47240,40,3.552597999572754,3.760016947617921e-102,21.753257751464844
gehring_L3_state,24. oi1 flav synth polyester,AT4G26580,41,7.014115333557129,1.523194349843755e-101,21.687850952148438
gehring_L3_state,24. oi1 flav synth polyester,AT4G25700,42,4.9459991455078125,3.6063642136804235e-101,21.64704704284668
gehring_L3_state,24. oi1 flav synth polyester,AT5G08250,43,7.418727874755859,6.328605952448231e-101,21.62002182006836
gehring_L3_state,24. oi1 flav synth polyester,AT2G25540,44,3.093879222869873,2.5073569504510455e-100,21.555320739746094
gehring_L3_state,24. oi1 flav synth polyester,AT2G19570,45,3.0978357791900635,1.2824954030024313e-99,21.478586196899414
gehring_L3_state,24. oi1 flav synth polyester,AT2G40370,46,8.297036170959473,1.9075301136195734e-97,21.243898391723633
gehring_L3_state,24. oi1 flav synth polyester,AT5G23190,47,7.279752254486084,6.764879215595889e-97,21.1833438873291
gehring_L3_state,24. oi1 flav synth polyester,AT1G23200,48,4.0052666664123535,6.0383290956048584e-96,21.078990936279297
gehring_L3_state,24. oi1 flav synth polyester,AT5G59220,49,3.7831523418426514,1.3225651823893029e-95,21.040868759155273
gehring_L3_state,24. oi1 flav synth polyester,AT2G25450,50,3.704918146133423,2.0786732956006083e-95,21.018457412719727
gehring_L3_state,25. ii2 gen,AT3G20210,1,6.402637004852295,0.0,78.4295883178711
gehring_L3_state,25. ii2 gen,AT4G21640,2,9.099349021911621,0.0,72.84429931640625
gehring_L3_state,25. ii2 gen,AT5G49180,3,4.228609085083008,0.0,68.41963958740234
gehring_L3_state,25. ii2 gen,AT1G14970,4,5.387673377990723,0.0,66.2385025024414
gehring_L3_state,25. ii2 gen,AT2G22620,5,3.8562793731689453,0.0,62.64390563964844
gehring_L3_state,25. ii2 gen,AT4G09030,6,4.543705463409424,0.0,62.27365493774414
gehring_L3_state,25. ii2 gen,AT1G05260,7,5.151066303253174,0.0,59.129730224609375
gehring_L3_state,25. ii2 gen,AT2G27920,8,4.10056209564209,0.0,59.051422119140625
gehring_L3_state,25. ii2 gen,AT5G42235,9,3.2449734210968018,0.0,53.96469497680664
gehring_L3_state,25. ii2 gen,AT3G23560,10,6.677019119262695,0.0,53.741329193115234
gehring_L3_state,25. ii2 gen,AT1G43640,11,2.91963529586792,0.0,51.38096237182617
gehring_L3_state,25. ii2 gen,AT5G56300,12,4.0470051765441895,0.0,50.82865905761719
gehring_L3_state,25. ii2 gen,AT4G37520,13,3.5274910926818848,0.0,50.69893264770508
gehring_L3_state,25. ii2 gen,AT3G60160,14,3.9266726970672607,0.0,49.9292106628418
gehring_L3_state,25. ii2 gen,AT5G67360,15,2.651137113571167,0.0,48.66126251220703
gehring_L3_state,25. ii2 gen,AT1G73680,16,3.5106050968170166,0.0,47.773616790771484
gehring_L3_state,25. ii2 gen,AT3G02470,17,2.0115997791290283,0.0,46.21057891845703
gehring_L3_state,25. ii2 gen,AT4G09960,18,2.7278568744659424,0.0,45.89690399169922
gehring_L3_state,25. ii2 gen,AT1G09790,19,4.733358860015869,0.0,45.30028533935547
gehring_L3_state,25. ii2 gen,AT5G13670,20,2.763913869857788,0.0,45.04658889770508
gehring_L3_state,25. ii2 gen,AT2G02000,21,7.026905059814453,0.0,44.16416549682617
gehring_L3_state,25. ii2 gen,AT2G44670,22,3.103940963745117,0.0,44.08754348754883
gehring_L3_state,25. ii2 gen,AT2G46960,23,3.334322452545166,0.0,43.55016326904297
gehring_L3_state,25. ii2 gen,AT5G42240,24,2.7805027961730957,0.0,43.468727111816406
gehring_L3_state,25. ii2 gen,AT3G10985,25,2.8040835857391357,0.0,42.64675521850586
gehring_L3_state,25. ii2 gen,AT5G12170,26,2.7867236137390137,0.0,42.41791534423828
gehring_L3_state,25. ii2 gen,AT5G27360,27,2.395871877670288,0.0,42.067684173583984
gehring_L3_state,25. ii2 gen,AT5G66170,28,3.065786838531494,0.0,41.58329391479492
gehring_L3_state,25. ii2 gen,AT3G18170,29,5.51556921005249,0.0,40.527957916259766
gehring_L3_state,25. ii2 gen,AT1G35780,30,3.556097984313965,0.0,40.40837097167969
gehring_L3_state,25. ii2 gen,AT1G61890,31,2.4543561935424805,0.0,39.90213394165039
gehring_L3_state,25. ii2 gen,AT3G30775,32,2.176405906677246,0.0,39.245906829833984
gehring_L3_state,25. ii2 gen,AT4G16130,33,3.1777007579803467,0.0,37.97132110595703
gehring_L3_state,25. ii2 gen,AT4G26420,34,2.889336585998535,6.664337452074235e-302,37.31410217285156
gehring_L3_state,25. ii2 gen,AT4G20260,35,3.6659700870513916,1.6535953721158217e-294,36.854515075683594
gehring_L3_state,25. ii2 gen,AT5G08260,36,2.452258825302124,6.599194160961254e-294,36.81620407104492
gehring_L3_state,25. ii2 gen,AT4G24150,37,5.038791656494141,1.6863506935690897e-293,36.78998565673828
gehring_L3_state,25. ii2 gen,AT1G63090,38,3.023483991622925,1.5637215137636822e-291,36.66602325439453
gehring_L3_state,25. ii2 gen,AT2G25540,39,2.171616554260254,6.545761606490907e-291,36.62627410888672
gehring_L3_state,25. ii2 gen,AT1G63690,40,2.332120656967163,7.004434959054143e-285,36.24483108520508
gehring_L3_state,25. ii2 gen,AT2G19570,41,2.189507484436035,6.492313999280502e-273,35.47634506225586
gehring_L3_state,25. ii2 gen,AT2G03810,42,2.4130561351776123,4.181394523750939e-270,35.29302215576172
gehring_L3_state,25. ii2 gen,AT4G39350,43,2.851705551147461,2.232970701963088e-267,35.114097595214844
gehring_L3_state,25. ii2 gen,AT2G01850,44,1.9883311986923218,1.0973590890222889e-266,35.06810760498047
gehring_L3_state,25. ii2 gen,AT1G78080,45,1.831985592842102,2.1272226384213012e-266,35.04859924316406
gehring_L3_state,25. ii2 gen,AT5G03760,46,3.426711082458496,3.4718271506591165e-265,34.9682731628418
gehring_L3_state,25. ii2 gen,AT1G30835,47,3.068796396255493,2.1510110244362388e-263,34.84954833984375
gehring_L3_state,25. ii2 gen,AT1G07750,48,2.825064182281494,2.340240062997182e-257,34.44811248779297
gehring_L3_state,25. ii2 gen,AT3G21070,49,3.366825819015503,2.6481466344936512e-244,33.564395904541016
gehring_L3_state,25. ii2 gen,AT5G03380,50,2.0902392864227295,2.437615518635806e-241,33.360015869140625
gehring_L3_state,25. oi2 gen,AT5G15740,1,8.301872253417969,0.0,40.24614334106445
gehring_L3_state,25. oi2 gen,AT2G25540,2,5.367732524871826,0.0,39.75812530517578
gehring_L3_state,25. oi2 gen,AT2G23550,3,9.005779266357422,0.0,39.46173095703125
gehring_L3_state,25. oi2 gen,AT1G62060,4,7.818708896636963,0.0,39.42826461791992
gehring_L3_state,25. oi2 gen,AT5G01100,5,8.78449535369873,0.0,38.99600601196289
gehring_L3_state,25. oi2 gen,AT1G04580,6,5.951689720153809,3.981626979968803e-303,37.435813903808594
gehring_L3_state,25. oi2 gen,AT2G47750,7,6.850382328033447,4.663615146723949e-291,36.682342529296875
gehring_L3_state,25. oi2 gen,AT1G62080,8,7.56073522567749,2.917295915682902e-288,36.502872467041016
gehring_L3_state,25. oi2 gen,AT1G02720,9,7.82040548324585,2.7501259693060054e-287,36.438175201416016
gehring_L3_state,25. oi2 gen,AT1G13635,10,9.267318725585938,5.939701769556779e-287,36.414161682128906
gehring_L3_state,25. oi2 gen,AT1G62070,11,7.678876876831055,3.1457309896665867e-284,36.239009857177734
gehring_L3_state,25. oi2 gen,AT2G23580,12,8.759145736694336,1.0757997955926775e-279,35.947574615478516
gehring_L3_state,25. oi2 gen,AT3G14720,13,5.828118801116943,2.4924984280342244e-277,35.79365539550781
gehring_L3_state,25. oi2 gen,AT1G62220,14,7.887634754180908,2.0967164232371374e-275,35.667633056640625
gehring_L3_state,25. oi2 gen,AT1G62000,15,7.178684234619141,7.596294254939542e-255,34.313865661621094
gehring_L3_state,25. oi2 gen,AT3G14760,16,7.1393961906433105,1.0551954868939822e-249,33.965415954589844
gehring_L3_state,25. oi2 gen,AT1G63300,17,4.922705173492432,3.515688319722619e-229,32.54386520385742
gehring_L3_state,25. oi2 gen,AT5G59845,18,5.62274694442749,1.4581797054911453e-225,32.28535461425781
gehring_L3_state,25. oi2 gen,AT1G53500,19,5.2351393699646,1.4675352694520996e-207,30.97439193725586
gehring_L3_state,25. oi2 gen,AT5G15650,20,4.935770034790039,7.524933499797046e-193,29.86037254333496
gehring_L3_state,25. oi2 gen,AT1G23200,21,4.88203763961792,3.4332075206343993e-187,29.419591903686523
gehring_L3_state,25. oi2 gen,AT1G65985,22,6.700716495513916,5.258396686306e-178,28.690942764282227
gehring_L3_state,25. oi2 gen,AT4G37050,23,4.368615627288818,5.99077017319445e-177,28.604568481445312
gehring_L3_state,25. oi2 gen,AT5G42930,24,6.911464691162109,5.07005581388144e-175,28.447681427001953
gehring_L3_state,25. oi2 gen,AT4G09820,25,4.857716083526611,1.7256718921002974e-172,28.240812301635742
gehring_L3_state,25. oi2 gen,AT5G42690,26,5.343887805938721,6.503167898643606e-169,27.94668197631836
gehring_L3_state,25. oi2 gen,AT1G62225,27,6.85227632522583,6.042702360912071e-163,27.449831008911133
gehring_L3_state,25. oi2 gen,AT1G14970,28,4.514837265014648,1.0437946318983564e-161,27.344646453857422
gehring_L3_state,25. oi2 gen,AT5G05020,29,7.5704169273376465,4.253977150556059e-158,27.038057327270508
gehring_L3_state,25. oi2 gen,AT5G58930,30,4.529961585998535,1.4208030763522436e-153,26.6492977142334
gehring_L3_state,25. oi2 gen,AT2G23760,31,7.0169997215271,9.504596862844909e-153,26.576753616333008
gehring_L3_state,25. oi2 gen,AT2G33480,32,4.154952049255371,5.725785434107136e-152,26.507997512817383
gehring_L3_state,25. oi2 gen,AT5G56300,33,4.134859085083008,1.871572512689211e-143,25.757707595825195
gehring_L3_state,25. oi2 gen,AT1G77210,34,5.442245960235596,3.382991636770356e-142,25.644092559814453
gehring_L3_state,25. oi2 gen,AT3G12020,35,3.553429365158081,1.347335722087546e-141,25.589096069335938
gehring_L3_state,25. oi2 gen,AT1G05230,36,4.159865379333496,3.2523434852910437e-138,25.282238006591797
gehring_L3_state,25. oi2 gen,AT1G49580,37,3.9306435585021973,4.2333678202757493e-137,25.179603576660156
gehring_L3_state,25. oi2 gen,AT4G12290,38,4.321964740753174,5.375982243505379e-136,25.07756233215332
gehring_L3_state,25. oi2 gen,AT5G11790,39,5.877624988555908,1.697274443758041e-134,24.93869972229004
gehring_L3_state,25. oi2 gen,AT5G66150,40,6.52235221862793,8.77793449679279e-132,24.686264038085938
gehring_L3_state,25. oi2 gen,AT1G11990,41,6.266952037811279,1.5512932817019778e-131,24.66222381591797
gehring_L3_state,25. oi2 gen,AT3G49380,42,7.8857102394104,1.408217657425625e-127,24.28951072692871
gehring_L3_state,25. oi2 gen,AT4G33820,43,6.908721923828125,1.9702627918546076e-125,24.084604263305664
gehring_L3_state,25. oi2 gen,AT3G23820,44,4.286279678344727,1.6616786647081027e-116,23.21614646911621
gehring_L3_state,25. oi2 gen,AT5G15470,45,4.722017288208008,5.318934189104532e-115,23.065677642822266
gehring_L3_state,25. oi2 gen,AT2G37090,46,8.133987426757812,1.696796994571912e-112,22.813875198364258
gehring_L3_state,25. oi2 gen,AT2G21520,47,2.8360137939453125,1.576638273776124e-111,22.715198516845703
gehring_L3_state,25. oi2 gen,AT4G22540,48,4.354204177856445,2.031418638966039e-111,22.703134536743164
gehring_L3_state,25. oi2 gen,AT5G08260,49,3.154010534286499,5.867294955666631e-110,22.553884506225586
gehring_L3_state,25. oi2 gen,AT2G25220,50,6.111988544464111,5.9511424751423135e-106,22.141027450561523
gehring_L3_state,26. oi1 flav synth,AT4G12960,1,4.655903339385986,0.0,100.0430908203125
gehring_L3_state,26. oi1 flav synth,AT5G07990,2,3.6581900119781494,0.0,94.92008972167969
gehring_L3_state,26. oi1 flav synth,AT2G46960,3,3.9673855304718018,0.0,91.31616973876953
gehring_L3_state,26. oi1 flav synth,AT4G25640,4,3.854879856109619,0.0,88.92625427246094
gehring_L3_state,26. oi1 flav synth,AT3G21500,5,4.331875801086426,0.0,87.73143005371094
gehring_L3_state,26. oi1 flav synth,AT3G62610,6,4.2342939376831055,0.0,86.47185516357422
gehring_L3_state,26. oi1 flav synth,AT2G38170,7,3.5552797317504883,0.0,85.67533874511719
gehring_L3_state,26. oi1 flav synth,AT5G27380,8,3.0409398078918457,0.0,82.6669921875
gehring_L3_state,26. oi1 flav synth,AT1G14520,9,2.8668212890625,0.0,77.94009399414062
gehring_L3_state,26. oi1 flav synth,AT4G15210,10,3.170477867126465,0.0,75.67520141601562
gehring_L3_state,26. oi1 flav synth,AT5G21105,11,3.0637803077697754,0.0,75.50147247314453
gehring_L3_state,26. oi1 flav synth,AT5G42235,12,2.8948605060577393,0.0,74.51628112792969
gehring_L3_state,26. oi1 flav synth,AT1G73600,13,3.0592215061187744,0.0,72.9962387084961
gehring_L3_state,26. oi1 flav synth,AT4G36520,14,2.3440794944763184,0.0,69.92708587646484
gehring_L3_state,26. oi1 flav synth,AT5G62210,15,3.274354934692383,0.0,69.71207427978516
gehring_L3_state,26. oi1 flav synth,AT5G42240,16,2.877013921737671,0.0,69.64337921142578
gehring_L3_state,26. oi1 flav synth,AT1G30530,17,2.8885958194732666,0.0,69.54891967773438
gehring_L3_state,26. oi1 flav synth,AT1G65370,18,2.1921350955963135,0.0,68.9415054321289
gehring_L3_state,26. oi1 flav synth,AT4G00870,19,3.3329975605010986,0.0,68.85335540771484
gehring_L3_state,26. oi1 flav synth,AT4G36360,20,3.082420587539673,0.0,68.71829223632812
gehring_L3_state,26. oi1 flav synth,AT1G27080,21,2.653024435043335,0.0,66.39287567138672
gehring_L3_state,26. oi1 flav synth,AT5G39220,22,2.871412515640259,0.0,66.17849731445312
gehring_L3_state,26. oi1 flav synth,AT4G34138,23,2.8459932804107666,0.0,62.762916564941406
gehring_L3_state,26. oi1 flav synth,AT4G12870,24,2.5776169300079346,0.0,62.375267028808594
gehring_L3_state,26. oi1 flav synth,AT2G02080,25,2.613054037094116,0.0,62.02513885498047
gehring_L3_state,26. oi1 flav synth,AT4G26590,26,2.364179849624634,0.0,61.54935836791992
gehring_L3_state,26. oi1 flav synth,AT5G05270,27,2.468214273452759,0.0,61.22370147705078
gehring_L3_state,26. oi1 flav synth,AT1G24070,28,3.8528647422790527,0.0,60.76014709472656
gehring_L3_state,26. oi1 flav synth,AT5G24910,29,3.074657917022705,0.0,60.078250885009766
gehring_L3_state,26. oi1 flav synth,AT2G23790,30,2.221498489379883,0.0,59.72274398803711
gehring_L3_state,26. oi1 flav synth,AT4G30110,31,2.208345651626587,0.0,58.886043548583984
gehring_L3_state,26. oi1 flav synth,AT1G16390,32,3.3639276027679443,0.0,56.96355056762695
gehring_L3_state,26. oi1 flav synth,AT1G16750,33,3.2564945220947266,0.0,56.82844924926758
gehring_L3_state,26. oi1 flav synth,AT1G73390,34,2.588958263397217,0.0,55.89946746826172
gehring_L3_state,26. oi1 flav synth,AT2G40820,35,2.3970229625701904,0.0,55.787784576416016
gehring_L3_state,26. oi1 flav synth,AT2G13810,36,3.654757022857666,0.0,55.57880401611328
gehring_L3_state,26. oi1 flav synth,AT4G16380,37,2.5934247970581055,0.0,54.92705154418945
gehring_L3_state,26. oi1 flav synth,AT1G05490,38,1.942674160003662,0.0,54.552188873291016
gehring_L3_state,26. oi1 flav synth,AT4G24040,39,2.361186981201172,0.0,53.71199417114258
gehring_L3_state,26. oi1 flav synth,AT4G10060,40,2.3577880859375,0.0,52.53010559082031
gehring_L3_state,26. oi1 flav synth,AT5G49180,41,2.012749195098877,0.0,52.279781341552734
gehring_L3_state,26. oi1 flav synth,AT1G20970,42,1.9633402824401855,0.0,51.413516998291016
gehring_L3_state,26. oi1 flav synth,AT4G32500,43,2.8503477573394775,0.0,51.386959075927734
gehring_L3_state,26. oi1 flav synth,AT2G47460,44,3.1195850372314453,0.0,50.703678131103516
gehring_L3_state,26. oi1 flav synth,AT5G45650,45,3.0264031887054443,0.0,50.4194221496582
gehring_L3_state,26. oi1 flav synth,AT4G18570,46,2.5149567127227783,0.0,50.40993118286133
gehring_L3_state,26. oi1 flav synth,AT1G02300,47,2.2771925926208496,0.0,50.096214294433594
gehring_L3_state,26. oi1 flav synth,AT2G02780,48,2.7833051681518555,0.0,49.58621597290039
gehring_L3_state,26. oi1 flav synth,AT3G55120,49,2.248107433319092,0.0,48.84621810913086
gehring_L3_state,26. oi1 flav synth,AT1G78570,50,2.4064433574676514,0.0,48.6550407409668
gehring_L3_state,27. oi1 basal,AT3G62610,1,4.46619176864624,0.0,51.79433822631836
gehring_L3_state,27. oi1 basal,AT4G26590,2,3.432535171508789,0.0,49.83314895629883
gehring_L3_state,27. oi1 basal,AT2G46960,3,3.7878684997558594,0.0,49.5129280090332
gehring_L3_state,27. oi1 basal,AT5G42235,4,3.315809488296509,0.0,47.49625778198242
gehring_L3_state,27. oi1 basal,AT2G38170,5,3.604097366333008,0.0,47.35109329223633
gehring_L3_state,27. oi1 basal,AT3G54140,6,3.976102828979492,0.0,43.37761688232422
gehring_L3_state,27. oi1 basal,AT5G42240,7,3.205444812774658,0.0,42.72304153442383
gehring_L3_state,27. oi1 basal,AT2G23790,8,2.764855146408081,0.0,41.34043502807617
gehring_L3_state,27. oi1 basal,AT2G22620,9,3.025667428970337,0.0,41.19832992553711
gehring_L3_state,27. oi1 basal,AT1G73600,10,3.13486385345459,0.0,40.374183654785156
gehring_L3_state,27. oi1 basal,AT5G49360,11,3.306359052658081,0.0,39.12678909301758
gehring_L3_state,27. oi1 basal,AT4G30110,12,2.6523478031158447,0.0,39.00798416137695
gehring_L3_state,27. oi1 basal,AT5G24910,13,3.405571222305298,0.0,38.531314849853516
gehring_L3_state,27. oi1 basal,AT5G49030,14,3.6906871795654297,0.0,38.402095794677734
gehring_L3_state,27. oi1 basal,AT5G07990,15,2.643975257873535,2.1856087808918757e-294,36.86992263793945
gehring_L3_state,27. oi1 basal,AT1G70830,16,3.5438404083251953,1.1220891327515084e-277,35.81013488769531
gehring_L3_state,27. oi1 basal,AT4G32500,17,3.305694818496704,3.442553543564909e-271,35.38919448852539
gehring_L3_state,27. oi1 basal,AT1G05490,18,2.2840163707733154,3.824250089776982e-269,35.254329681396484
gehring_L3_state,27. oi1 basal,AT1G34580,19,2.658799409866333,4.681096942209819e-264,34.91917037963867
gehring_L3_state,27. oi1 basal,AT5G39220,20,2.762211561203003,1.7428462424911817e-257,34.48203659057617
gehring_L3_state,27. oi1 basal,AT1G14520,21,2.2995212078094482,1.0581448084354052e-247,33.821563720703125
gehring_L3_state,27. oi1 basal,AT4G25640,22,2.7043912410736084,1.2591406569746551e-242,33.4731559753418
gehring_L3_state,27. oi1 basal,AT4G36520,23,2.0075342655181885,2.2361586429073602e-225,32.26453399658203
gehring_L3_state,27. oi1 basal,AT2G25540,24,2.3493802547454834,3.930581373904922e-225,32.24574661254883
gehring_L3_state,27. oi1 basal,AT2G01021,25,3.36655855178833,1.2030202619682399e-218,31.778409957885742
gehring_L3_state,27. oi1 basal,AT1G30530,26,2.39176082611084,3.735228273936996e-202,30.560075759887695
gehring_L3_state,27. oi1 basal,AT4G12960,27,2.655010461807251,9.267208915869312e-196,30.07368278503418
gehring_L3_state,27. oi1 basal,AT1G73390,28,2.5394065380096436,6.88235327283012e-195,30.005800247192383
gehring_L3_state,27. oi1 basal,AT2G02080,29,2.32235050201416,9.014427673789359e-184,29.14000129699707
gehring_L3_state,27. oi1 basal,AT5G45650,30,3.0556435585021973,1.9981474547484777e-183,29.111541748046875
gehring_L3_state,27. oi1 basal,AT5G14500,31,2.3478732109069824,3.281619873624211e-176,28.534677505493164
gehring_L3_state,27. oi1 basal,AT1G23200,32,3.1133532524108887,2.309437330637285e-158,27.056976318359375
gehring_L3_state,27. oi1 basal,AT4G34138,33,2.283320426940918,4.415104567566747e-155,26.77550506591797
gehring_L3_state,27. oi1 basal,AT1G27080,34,2.0423920154571533,1.7783378237919078e-154,26.72237777709961
gehring_L3_state,27. oi1 basal,AT4G10060,35,2.2155730724334717,3.2795188337589956e-151,26.438783645629883
gehring_L3_state,27. oi1 basal,AT2G40820,36,2.0896618366241455,2.3177233707403477e-143,25.746042251586914
gehring_L3_state,27. oi1 basal,AT4G15210,37,2.048060178756714,4.137970250729152e-142,25.632953643798828
gehring_L3_state,27. oi1 basal,AT2G37080,38,1.9619039297103882,8.45307583396801e-140,25.423852920532227
gehring_L3_state,27. oi1 basal,ATMG00020,39,0.8897735476493835,4.7541905735906446e-136,25.081422805786133
gehring_L3_state,27. oi1 basal,AT4G00870,40,2.365252733230591,9.836202843474576e-136,25.051454544067383
gehring_L3_state,27. oi1 basal,AT2G25450,41,2.5186550617218018,1.362231330042772e-132,24.7605037689209
gehring_L3_state,27. oi1 basal,AT1G12200,42,2.375161647796631,7.688756947577895e-132,24.689647674560547
gehring_L3_state,27. oi1 basal,AT1G16750,43,2.647674322128296,8.923426669202271e-132,24.682674407958984
gehring_L3_state,27. oi1 basal,AT1G09540,44,2.4489121437072754,2.649185038034793e-128,24.356172561645508
gehring_L3_state,27. oi1 basal,AT1G65370,45,1.43455171585083,1.986014908996066e-124,23.986751556396484
gehring_L3_state,27. oi1 basal,AT2G19570,46,1.8274261951446533,1.035056729619884e-117,23.33329200744629
gehring_L3_state,27. oi1 basal,AT4G36360,47,2.0596063137054443,1.4254796686852525e-117,23.318675994873047
gehring_L3_state,27. oi1 basal,AT2G28130,48,2.5036675930023193,4.3173931580872486e-117,23.270288467407227
gehring_L3_state,27. oi1 basal,AT1G69520,49,2.818638324737549,5.7724502408229044e-117,23.256942749023438
gehring_L3_state,27. oi1 basal,AT2G13810,50,2.8247854709625244,5.44939081075151e-116,23.15951919555664
gehring_L3_state,27. oi1 flav synth high PCD,AT4G12960,1,5.110066890716553,0.0,60.716548919677734
gehring_L3_state,27. oi1 flav synth high PCD,AT3G21500,2,4.757029056549072,0.0,58.55690383911133
gehring_L3_state,27. oi1 flav synth high PCD,AT2G38170,3,3.611917495727539,0.0,48.33792495727539
gehring_L3_state,27. oi1 flav synth high PCD,AT5G27380,4,3.0557403564453125,0.0,47.90449905395508
gehring_L3_state,27. oi1 flav synth high PCD,AT5G07990,5,3.2003448009490967,0.0,45.950477600097656
gehring_L3_state,27. oi1 flav synth high PCD,AT2G22500,6,3.5720646381378174,0.0,45.34571838378906
gehring_L3_state,27. oi1 flav synth high PCD,AT4G12870,7,3.208850383758545,0.0,44.14633560180664
gehring_L3_state,27. oi1 flav synth high PCD,AT5G62210,8,3.3458633422851562,0.0,43.23033142089844
gehring_L3_state,27. oi1 flav synth high PCD,AT4G25640,9,3.148003578186035,0.0,42.689178466796875
gehring_L3_state,27. oi1 flav synth high PCD,AT2G41430,10,2.776000738143921,0.0,42.48521423339844
gehring_L3_state,27. oi1 flav synth high PCD,AT3G60900,11,2.78647518157959,0.0,42.21689224243164
gehring_L3_state,27. oi1 flav synth high PCD,AT2G46960,12,3.4293203353881836,0.0,41.48462677001953
gehring_L3_state,27. oi1 flav synth high PCD,AT5G64900,13,3.0125510692596436,0.0,41.043949127197266
gehring_L3_state,27. oi1 flav synth high PCD,AT3G61190,14,4.831930637359619,0.0,40.314701080322266
gehring_L3_state,27. oi1 flav synth high PCD,AT2G47730,15,4.184940338134766,0.0,40.16968536376953
gehring_L3_state,27. oi1 flav synth high PCD,AT1G14520,16,2.6337544918060303,0.0,39.36103820800781
gehring_L3_state,27. oi1 flav synth high PCD,AT5G39220,17,2.890216588973999,0.0,39.283931732177734
gehring_L3_state,27. oi1 flav synth high PCD,AT2G23810,18,3.4387400150299072,0.0,39.02777862548828
gehring_L3_state,27. oi1 flav synth high PCD,AT2G22970,19,3.091055154800415,0.0,38.989471435546875
gehring_L3_state,27. oi1 flav synth high PCD,AT5G21105,20,2.6656863689422607,0.0,38.119468688964844
gehring_L3_state,27. oi1 flav synth high PCD,AT4G36360,21,2.8105762004852295,0.0,38.067527770996094
gehring_L3_state,27. oi1 flav synth high PCD,AT2G05940,22,4.025143146514893,0.0,38.05674743652344
gehring_L3_state,27. oi1 flav synth high PCD,AT3G52800,23,2.8691728115081787,0.0,37.91215515136719
gehring_L3_state,27. oi1 flav synth high PCD,AT1G27080,24,2.6040046215057373,0.0,37.702144622802734
gehring_L3_state,27. oi1 flav synth high PCD,AT1G70210,25,3.6423137187957764,1.0818026984547733e-305,37.555240631103516
gehring_L3_state,27. oi1 flav synth high PCD,AT1G32920,26,3.8645553588867188,6.387570224065876e-294,36.82592010498047
gehring_L3_state,27. oi1 flav synth high PCD,AT4G00750,27,3.2673094272613525,8.715341208327565e-290,36.56562423706055
gehring_L3_state,27. oi1 flav synth high PCD,AT4G24040,28,2.6251773834228516,6.480340770878748e-289,36.509761810302734
gehring_L3_state,27. oi1 flav synth high PCD,AT1G16390,29,3.203383445739746,3.206137180083888e-284,36.21174621582031
gehring_L3_state,27. oi1 flav synth high PCD,AT3G46620,30,2.9700188636779785,4.5657991181355196e-278,35.817684173583984
gehring_L3_state,27. oi1 flav synth high PCD,AT4G15210,31,2.7583792209625244,6.5686146977137055e-276,35.677879333496094
gehring_L3_state,27. oi1 flav synth high PCD,AT2G43530,32,2.787318706512451,5.278171348388416e-272,35.42426300048828
gehring_L3_state,27. oi1 flav synth high PCD,AT1G09070,33,2.8302969932556152,2.078622046581428e-270,35.31962966918945
gehring_L3_state,27. oi1 flav synth high PCD,AT4G12890,34,2.698315382003784,9.963586100920031e-267,35.07820129394531
gehring_L3_state,27. oi1 flav synth high PCD,AT5G42050,35,2.682939052581787,9.220956916594354e-258,34.48426818847656
gehring_L3_state,27. oi1 flav synth high PCD,AT5G64870,36,3.7559702396392822,6.02720052937749e-256,34.362125396728516
gehring_L3_state,27. oi1 flav synth high PCD,AT4G05050,37,2.132622003555298,3.974336242029109e-254,34.23931121826172
gehring_L3_state,27. oi1 flav synth high PCD,AT1G52030,38,2.5896778106689453,2.4843864453052384e-241,33.3676643371582
gehring_L3_state,27. oi1 flav synth high PCD,AT4G19200,39,2.9272024631500244,2.263799195298064e-239,33.231502532958984
gehring_L3_state,27. oi1 flav synth high PCD,AT4G32020,40,2.360757827758789,8.660337456086657e-236,32.981788635253906
gehring_L3_state,27. oi1 flav synth high PCD,AT1G76620,41,2.920118570327759,5.425924402499923e-231,32.64473342895508
gehring_L3_state,27. oi1 flav synth high PCD,AT2G34070,42,3.6643190383911133,1.0718276990003488e-226,32.339866638183594
gehring_L3_state,27. oi1 flav synth high PCD,AT1G73540,43,2.580735445022583,1.0556399159572565e-225,32.268402099609375
gehring_L3_state,27. oi1 flav synth high PCD,AT5G01180,44,2.497340679168701,3.2612559529182064e-220,31.87391471862793
gehring_L3_state,27. oi1 flav synth high PCD,AT4G00870,45,2.5212008953094482,6.041490217334049e-220,31.853879928588867
gehring_L3_state,27. oi1 flav synth high PCD,AT1G65370,46,1.9040172100067139,3.966653056060699e-219,31.79411506652832
gehring_L3_state,27. oi1 flav synth high PCD,AT1G12090,47,2.6968348026275635,1.9317724623656793e-218,31.743656158447266
gehring_L3_state,27. oi1 flav synth high PCD,AT5G05270,48,2.218804121017456,4.562540644193755e-213,31.351200103759766
gehring_L3_state,27. oi1 flav synth high PCD,AT5G13930,49,1.967456579208374,1.0633420458382312e-207,30.954221725463867
gehring_L3_state,27. oi1 flav synth high PCD,AT5G11360,50,2.8871800899505615,3.371214882132486e-207,30.916309356689453
gehring_L3_state,28. oi1 flav synth high PCD,AT3G62610,1,4.865881443023682,1.9326622116562467e-256,34.499122619628906
gehring_L3_state,28. oi1 flav synth high PCD,AT2G23790,2,3.5613315105438232,2.2637462129471015e-216,31.693050384521484
gehring_L3_state,28. oi1 flav synth high PCD,AT2G38170,3,3.886451244354248,1.5804023735819492e-200,30.508203506469727
gehring_L3_state,28. oi1 flav synth high PCD,AT1G70830,4,4.6302266120910645,3.6713545093648023e-199,30.395584106445312
gehring_L3_state,28. oi1 flav synth high PCD,AT5G42240,5,3.5523135662078857,4.9625141234911575e-180,28.90406036376953
gehring_L3_state,28. oi1 flav synth high PCD,AT3G54140,6,4.082907199859619,7.539806417411976e-166,27.746219635009766
gehring_L3_state,28. oi1 flav synth high PCD,AT2G46960,7,3.6342318058013916,4.957458067112066e-161,27.338375091552734
gehring_L3_state,28. oi1 flav synth high PCD,AT5G24910,8,3.7651779651641846,1.425591955269874e-160,27.294876098632812
gehring_L3_state,28. oi1 flav synth high PCD,AT4G25640,9,3.5039639472961426,2.559263526484484e-160,27.269145965576172
gehring_L3_state,28. oi1 flav synth high PCD,AT5G42235,10,3.1562414169311523,7.556611842959769e-154,26.71404457092285
gehring_L3_state,28. oi1 flav synth high PCD,AT5G39220,11,3.366426467895508,6.121288763310996e-149,26.2845458984375
gehring_L3_state,28. oi1 flav synth high PCD,AT5G07990,12,3.0862061977386475,1.5354975602323612e-144,25.893497467041016
gehring_L3_state,28. oi1 flav synth high PCD,AT4G30110,13,2.852977991104126,5.166163371192655e-141,25.575294494628906
gehring_L3_state,28. oi1 flav synth high PCD,AT1G34580,14,3.115459442138672,7.556067882950175e-141,25.557552337646484
gehring_L3_state,28. oi1 flav synth high PCD,AT1G14520,15,2.8579049110412598,1.1618658386912721e-139,25.44785499572754
gehring_L3_state,28. oi1 flav synth high PCD,AT1G73600,16,3.2352499961853027,1.9306236417615414e-139,25.42538833618164
gehring_L3_state,28. oi1 flav synth high PCD,AT4G26590,17,2.925293445587158,8.164373843926841e-139,25.366313934326172
gehring_L3_state,28. oi1 flav synth high PCD,AT4G36520,18,2.6131973266601562,2.5139977327779953e-137,25.228790283203125
gehring_L3_state,28. oi1 flav synth high PCD,AT5G49030,19,3.75335431098938,1.4042057421795835e-130,24.60411262512207
gehring_L3_state,28. oi1 flav synth high PCD,AT2G13810,20,4.004385948181152,1.0177732848310481e-129,24.521520614624023
gehring_L3_state,28. oi1 flav synth high PCD,AT4G32500,21,3.540201425552368,1.3228898689498715e-128,24.414884567260742
gehring_L3_state,28. oi1 flav synth high PCD,AT2G25450,22,3.5945827960968018,6.854337256917422e-126,24.15604019165039
gehring_L3_state,28. oi1 flav synth high PCD,AT5G49360,23,3.158095359802246,9.901649784785983e-115,23.067829132080078
gehring_L3_state,28. oi1 flav synth high PCD,AT1G73390,24,2.9810996055603027,1.3584609058359756e-109,22.54831886291504
gehring_L3_state,28. oi1 flav synth high PCD,AT5G64900,25,2.925570249557495,1.9106592455978844e-107,22.32649040222168
gehring_L3_state,28. oi1 flav synth high PCD,AT2G22620,26,2.6887807846069336,9.050413246970099e-106,22.15160369873047
gehring_L3_state,28. oi1 flav synth high PCD,AT5G21105,27,2.6793575286865234,3.5423845208098714e-103,21.879287719726562
gehring_L3_state,28. oi1 flav synth high PCD,AT4G00870,28,3.061572790145874,4.372272544219754e-100,21.55050277709961
gehring_L3_state,28. oi1 flav synth high PCD,AT2G25540,29,2.541337013244629,1.9010642208861807e-99,21.480710983276367
gehring_L3_state,28. oi1 flav synth high PCD,AT4G36648,30,1.4739651679992676,6.146748123292383e-97,21.208988189697266
gehring_L3_state,28. oi1 flav synth high PCD,AT1G30530,31,2.6381113529205322,5.3402810428466445e-93,20.7763614654541
gehring_L3_state,28. oi1 flav synth high PCD,AT1G73540,32,2.8844878673553467,1.2449399961584593e-92,20.734149932861328
gehring_L3_state,28. oi1 flav synth high PCD,AT4G16380,33,2.761871576309204,1.031061893354903e-87,20.18039894104004
gehring_L3_state,28. oi1 flav synth high PCD,AT1G23200,34,3.5972633361816406,1.7331507997731498e-87,20.15323257446289
gehring_L3_state,28. oi1 flav synth high PCD,AT1G12200,35,2.937284469604492,7.567843990692649e-87,20.07870101928711
gehring_L3_state,28. oi1 flav synth high PCD,AT1G05490,36,2.157193422317505,1.467924873888609e-85,19.9294376373291
gehring_L3_state,28. oi1 flav synth high PCD,AT2G28650,37,3.2612173557281494,5.878110881314028e-85,19.85849952697754
gehring_L3_state,28. oi1 flav synth high PCD,AT4G36360,38,2.6589279174804688,8.455752698511241e-85,19.838886260986328
gehring_L3_state,28. oi1 flav synth high PCD,AT4G22110,39,3.3509814739227295,1.3981943744409455e-84,19.81227684020996
gehring_L3_state,28. oi1 flav synth high PCD,AT1G24070,40,3.3597753047943115,1.959316422714271e-84,19.79400634765625
gehring_L3_state,28. oi1 flav synth high PCD,AT4G12960,41,2.9677648544311523,4.0909072804203794e-84,19.75562858581543
gehring_L3_state,28. oi1 flav synth high PCD,AT5G45650,42,3.185070276260376,8.75115018555767e-84,19.715978622436523
gehring_L3_state,28. oi1 flav synth high PCD,AT2G01021,43,3.3145320415496826,4.858225118400641e-80,19.273666381835938
gehring_L3_state,28. oi1 flav synth high PCD,AT2G41430,44,2.2438788414001465,8.530846215457508e-80,19.243318557739258
gehring_L3_state,28. oi1 flav synth high PCD,AT2G37080,45,2.314833879470825,2.1287580212353456e-77,18.95392608642578
gehring_L3_state,28. oi1 flav synth high PCD,AT2G02080,46,2.4038257598876953,1.4429001078693513e-76,18.851808547973633
gehring_L3_state,28. oi1 flav synth high PCD,AT5G24915,47,3.415513753890991,6.492705067812881e-76,18.77094078063965
gehring_L3_state,28. oi1 flav synth high PCD,AT4G15210,48,2.4939916133880615,1.454246821178784e-75,18.726932525634766
gehring_L3_state,28. oi1 flav synth high PCD,AT4G34138,49,2.500746965408325,5.812369880784851e-74,18.528404235839844
gehring_L3_state,28. oi1 flav synth high PCD,AT1G27080,50,2.2583439350128174,5.2021947142662993e-73,18.40898895263672
gehring_L3_state,28. oi1 flav synth s-phase,AT4G26630,1,3.0003345012664795,6.706906827574576e-286,36.41082763671875
gehring_L3_state,28. oi1 flav synth s-phase,AT4G12960,2,4.497935771942139,1.75256090242263e-252,34.21395492553711
gehring_L3_state,28. oi1 flav synth s-phase,AT3G20670,3,4.910241603851318,1.842092356542172e-226,32.404598236083984
gehring_L3_state,28. oi1 flav synth s-phase,AT5G59870,4,4.970647811889648,2.876927069335371e-219,31.88083267211914
gehring_L3_state,28. oi1 flav synth s-phase,AT3G21500,5,3.9332361221313477,4.2752330022691394e-214,31.498367309570312
gehring_L3_state,28. oi1 flav synth s-phase,AT5G63550,6,4.451808929443359,2.4534058115808993e-202,30.621685028076172
gehring_L3_state,28. oi1 flav synth s-phase,AT1G07820,7,4.023243427276611,1.074293863470464e-194,30.037109375
gehring_L3_state,28. oi1 flav synth s-phase,AT5G59910,8,3.3535170555114746,3.6752473504024615e-192,29.837961196899414
gehring_L3_state,28. oi1 flav synth s-phase,AT5G22880,9,4.057145595550537,9.919276027125997e-190,29.645998001098633
gehring_L3_state,28. oi1 flav synth s-phase,AT1G51060,10,3.981022357940674,6.429479513192992e-162,27.399890899658203
gehring_L3_state,28. oi1 flav synth s-phase,AT5G27380,11,2.6353065967559814,2.0562376231110306e-149,26.325956344604492
gehring_L3_state,28. oi1 flav synth s-phase,AT1G06760,12,3.440458059310913,4.4603183597186014e-136,25.13083267211914
gehring_L3_state,28. oi1 flav synth s-phase,AT4G27230,13,3.9867265224456787,7.528400162521744e-132,24.73787498474121
gehring_L3_state,28. oi1 flav synth s-phase,AT5G62210,14,3.0172996520996094,2.6147226644878404e-131,24.68457794189453
gehring_L3_state,28. oi1 flav synth s-phase,AT1G14900,15,4.1123199462890625,4.386266200829582e-130,24.567461013793945
gehring_L3_state,28. oi1 flav synth s-phase,AT5G65360,16,3.6632771492004395,1.433958715719844e-122,23.85130500793457
gehring_L3_state,28. oi1 flav synth s-phase,AT3G60900,17,2.464853525161743,9.747233209332097e-122,23.768409729003906
gehring_L3_state,28. oi1 flav synth s-phase,AT1G09200,18,3.4898881912231445,2.0633963713808502e-103,21.922388076782227
gehring_L3_state,28. oi1 flav synth s-phase,AT5G07990,19,2.4008028507232666,2.6292590692110015e-103,21.908891677856445
gehring_L3_state,28. oi1 flav synth s-phase,AT1G52030,20,2.624168872833252,5.580402853939048e-101,21.66111946105957
gehring_L3_state,28. oi1 flav synth s-phase,AT4G12870,21,2.4676012992858887,8.26729358050009e-101,21.64075469970703
gehring_L3_state,28. oi1 flav synth s-phase,AT1G65370,22,1.93441641330719,4.5460801484958424e-97,21.237751007080078
gehring_L3_state,28. oi1 flav synth s-phase,AT2G22970,23,2.6794824600219727,3.1499530927228476e-96,21.144515991210938
gehring_L3_state,28. oi1 flav synth s-phase,AT2G43530,24,2.6291871070861816,2.642432709574523e-94,20.93242835998535
gehring_L3_state,28. oi1 flav synth s-phase,AT5G27670,25,3.3360841274261475,1.4329423620549482e-92,20.739261627197266
gehring_L3_state,28. oi1 flav synth s-phase,AT3G18035,26,3.068981170654297,2.35664588005187e-90,20.49041748046875
gehring_L3_state,28. oi1 flav synth s-phase,AT5G59690,27,3.1483376026153564,2.657197770958956e-87,20.14348793029785
gehring_L3_state,28. oi1 flav synth s-phase,AT3G53730,28,3.1783318519592285,2.960989886029297e-87,20.136323928833008
gehring_L3_state,28. oi1 flav synth s-phase,AT5G65350,29,5.262562274932861,4.032050934802366e-87,20.11928367614746
gehring_L3_state,28. oi1 flav synth s-phase,AT4G25640,30,2.324559450149536,1.0736165559929198e-84,19.838768005371094
gehring_L3_state,28. oi1 flav synth s-phase,AT5G23420,31,3.6082041263580322,7.525802671532814e-84,19.73896026611328
gehring_L3_state,28. oi1 flav synth s-phase,AT5G10400,32,3.5318784713745117,3.279423428271149e-82,19.54568099975586
gehring_L3_state,28. oi1 flav synth s-phase,AT2G46960,33,2.889648914337158,1.1854462118963483e-81,19.47842025756836
gehring_L3_state,28. oi1 flav synth s-phase,AT1G72260,34,2.3337082862854004,1.5452667044656078e-81,19.46331214904785
gehring_L3_state,28. oi1 flav synth s-phase,AT4G36520,35,1.8408135175704956,4.6765753738351545e-79,19.166847229003906
gehring_L3_state,28. oi1 flav synth s-phase,AT1G14520,36,2.0336945056915283,7.846415024535735e-79,19.1384334564209
gehring_L3_state,28. oi1 flav synth s-phase,AT3G45980,37,2.696096897125244,1.4762636533220206e-78,19.104040145874023
gehring_L3_state,28. oi1 flav synth s-phase,AT1G08880,38,3.260875701904297,9.238749101170451e-77,18.885469436645508
gehring_L3_state,28. oi1 flav synth s-phase,AT1G16390,39,2.7176785469055176,1.195310507808678e-75,18.748416900634766
gehring_L3_state,28. oi1 flav synth s-phase,AT5G49180,40,2.007197618484497,1.9091460252268583e-74,18.599105834960938
gehring_L3_state,28. oi1 flav synth s-phase,AT1G73620,41,2.743666887283325,1.754964089775653e-72,18.353796005249023
gehring_L3_state,28. oi1 flav synth s-phase,AT1G70210,42,2.9211947917938232,3.323584159422907e-72,18.317760467529297
gehring_L3_state,28. oi1 flav synth s-phase,AT5G38690,43,3.5612905025482178,1.675785189067709e-71,18.22820281982422
gehring_L3_state,28. oi1 flav synth s-phase,AT1G12090,44,2.521677255630493,1.6970203980097415e-71,18.22625732421875
gehring_L3_state,28. oi1 flav synth s-phase,AT4G36360,45,2.1969122886657715,2.254814088510165e-71,18.20947265625
gehring_L3_state,28. oi1 flav synth s-phase,AT2G46980,46,3.7684733867645264,1.6080824605153135e-70,18.10038185119629
gehring_L3_state,28. oi1 flav synth s-phase,AT4G40040,47,1.883630394935608,6.935783735752099e-69,17.890653610229492
gehring_L3_state,28. oi1 flav synth s-phase,AT2G38170,48,2.0862739086151123,2.344263640712447e-68,17.82148551940918
gehring_L3_state,28. oi1 flav synth s-phase,AT1G27080,49,1.9551492929458618,1.7969137729578192e-67,17.70603370666504
gehring_L3_state,28. oi1 flav synth s-phase,AT1G75150,50,3.5203704833984375,3.0501087212185163e-66,17.54474449157715
gehring_L3_state,29. oi micr,AT2G46960,1,4.115498065948486,0.0,50.29243850708008
gehring_L3_state,29. oi micr,AT4G26590,2,3.7536511421203613,0.0,48.1910400390625
gehring_L3_state,29. oi micr,AT5G13670,3,3.475306272506714,0.0,42.99136734008789
gehring_L3_state,29. oi micr,AT3G05400,4,3.867342472076416,0.0,38.468421936035156
gehring_L3_state,29. oi micr,AT3G04280,5,3.79660964012146,0.0,38.08323287963867
gehring_L3_state,29. oi micr,AT4G12960,6,3.6734254360198975,4.1078347443960346e-299,37.18830871582031
gehring_L3_state,29. oi micr,AT4G12870,7,3.1750786304473877,3.490744845327469e-284,36.248600006103516
gehring_L3_state,29. oi micr,AT4G12890,8,3.2452027797698975,1.962049272692351e-273,35.55598449707031
gehring_L3_state,29. oi micr,AT1G43640,9,2.5685667991638184,9.04595094015699e-252,34.121978759765625
gehring_L3_state,29. oi micr,AT1G27080,10,2.7226595878601074,4.088585880326068e-243,33.530216217041016
gehring_L3_state,29. oi micr,AT5G01520,11,2.9450066089630127,1.7041456330404398e-230,32.64997482299805
gehring_L3_state,29. oi micr,AT4G15210,12,2.7492499351501465,9.523035103314593e-209,31.07724952697754
gehring_L3_state,29. oi micr,AT5G38970,13,3.424882650375366,5.3196111127405614e-192,29.809314727783203
gehring_L3_state,29. oi micr,AT3G05390,14,5.309264659881592,9.701405381202165e-190,29.631855010986328
gehring_L3_state,29. oi micr,AT5G42235,15,2.4171953201293945,1.5195116816141444e-189,29.614398956298828
gehring_L3_state,29. oi micr,AT5G49180,16,2.2801284790039062,6.54385626498087e-177,28.614154815673828
gehring_L3_state,29. oi micr,AT5G62740,17,2.3355824947357178,5.298455576802769e-172,28.214765548706055
gehring_L3_state,29. oi micr,AT4G30110,18,2.1824488639831543,3.346999412278814e-170,28.065595626831055
gehring_L3_state,29. oi micr,AT3G30775,19,2.099882125854492,4.096920728220328e-170,28.056474685668945
gehring_L3_state,29. oi micr,AT1G05490,20,2.0496883392333984,1.7600642408114395e-169,28.002708435058594
gehring_L3_state,29. oi micr,AT3G21500,21,2.693561315536499,6.002331590242172e-169,27.957176208496094
gehring_L3_state,29. oi micr,AT5G27360,22,2.060556650161743,1.4590463771695455e-155,26.831865310668945
gehring_L3_state,29. oi micr,AT4G10850,23,3.294015407562256,2.040638793077657e-152,26.559253692626953
gehring_L3_state,29. oi micr,AT3G53990,24,2.19260573387146,2.2301145098327825e-151,26.46758270263672
gehring_L3_state,29. oi micr,AT3G02470,25,1.5644164085388184,2.062515989502087e-150,26.381980895996094
gehring_L3_state,29. oi micr,AT1G14380,26,1.947243571281433,1.2490630095700723e-146,26.048765182495117
gehring_L3_state,29. oi micr,AT4G21960,27,1.7291910648345947,2.6246745267752507e-141,25.573198318481445
gehring_L3_state,29. oi micr,AT4G00870,28,2.4388976097106934,6.775373707000797e-137,25.172006607055664
gehring_L3_state,29. oi micr,AT4G20320,29,3.4427969455718994,7.82397238627347e-132,24.703916549682617
gehring_L3_state,29. oi micr,AT1G10760,30,1.8993266820907593,1.502859916291215e-130,24.582815170288086
gehring_L3_state,29. oi micr,AT1G32450,31,3.5743019580841064,3.130218675650804e-127,24.269153594970703
gehring_L3_state,29. oi micr,AT4G10060,32,2.138124465942383,1.4653177843300708e-120,23.627601623535156
gehring_L3_state,29. oi micr,AT3G51860,33,2.071094512939453,1.0941248693303876e-119,23.54120635986328
gehring_L3_state,29. oi micr,AT5G08260,34,2.1348931789398193,3.3908880264415735e-113,22.89739418029785
gehring_L3_state,29. oi micr,AT1G69760,35,2.4198358058929443,2.2232596813637636e-111,22.713050842285156
gehring_L3_state,29. oi micr,AT5G42240,36,1.9494872093200684,1.0106002119292451e-110,22.64517593383789
gehring_L3_state,29. oi micr,AT2G41220,37,2.2585623264312744,2.7075199080673662e-107,22.293359756469727
gehring_L3_state,29. oi micr,AT5G18290,38,2.0112686157226562,9.667807035075358e-104,21.92288589477539
gehring_L3_state,29. oi micr,AT2G38170,39,1.9158867597579956,3.8712179411336605e-102,21.753082275390625
gehring_L3_state,29. oi micr,AT1G73220,40,4.343311786651611,5.448925316195847e-97,21.201122283935547
gehring_L3_state,29. oi micr,AT5G01180,41,2.1423792839050293,1.5923932974083033e-95,21.040515899658203
gehring_L3_state,29. oi micr,AT3G23430,42,3.719069719314575,3.452720185125302e-95,21.002639770507812
gehring_L3_state,29. oi micr,AT5G23660,43,4.612898826599121,1.096510896164827e-93,20.836585998535156
gehring_L3_state,29. oi micr,AT3G18490,44,1.4933971166610718,2.617251304842e-93,20.793785095214844
gehring_L3_state,29. oi micr,AT5G20540,45,2.4881582260131836,1.1249060071668534e-92,20.72262191772461
gehring_L3_state,29. oi micr,AT1G73620,46,2.5142734050750732,3.2318774845146445e-92,20.67068862915039
gehring_L3_state,29. oi micr,AT4G09960,47,1.6671383380889893,7.824671515438366e-89,20.290081024169922
gehring_L3_state,29. oi micr,AT3G52840,48,1.9027776718139648,9.370730336740816e-89,20.28017807006836
gehring_L3_state,29. oi micr,AT4G17670,49,2.250173807144165,9.458590955825359e-85,19.82046127319336
gehring_L3_state,29. oi micr,AT2G22620,50,1.6382319927215576,1.0449264876686957e-83,19.698177337646484
gehring_L3_state,3. EMB inn cotyl,AT5G44120,1,6.590956211090088,0.0,56.52705001831055
gehring_L3_state,3. EMB inn cotyl,AT4G36700,2,5.794925212860107,0.0,55.41141891479492
gehring_L3_state,3. EMB inn cotyl,AT4G25140,3,5.8557658195495605,0.0,54.93955612182617
gehring_L3_state,3. EMB inn cotyl,AT4G27160,4,5.9170732498168945,0.0,53.28046798706055
gehring_L3_state,3. EMB inn cotyl,AT4G28520,5,6.644338130950928,0.0,52.71818923950195
gehring_L3_state,3. EMB inn cotyl,AT5G07190,6,5.752582550048828,0.0,48.88826370239258
gehring_L3_state,3. EMB inn cotyl,AT2G18540,7,5.403739929199219,0.0,43.9556770324707
gehring_L3_state,3. EMB inn cotyl,AT5G51210,8,4.584289073944092,0.0,43.359012603759766
gehring_L3_state,3. EMB inn cotyl,AT3G12203,9,5.688570499420166,0.0,43.13266372680664
gehring_L3_state,3. EMB inn cotyl,AT3G27660,10,4.7276201248168945,0.0,42.80033493041992
gehring_L3_state,3. EMB inn cotyl,AT3G22640,11,5.4743828773498535,0.0,41.98582077026367
gehring_L3_state,3. EMB inn cotyl,AT5G40420,12,4.547318458557129,0.0,40.99528121948242
gehring_L3_state,3. EMB inn cotyl,AT1G03880,13,5.563722133636475,0.0,40.851009368896484
gehring_L3_state,3. EMB inn cotyl,AT4G26740,14,4.953089237213135,0.0,40.5262451171875
gehring_L3_state,3. EMB inn cotyl,AT5G49190,15,4.38060188293457,0.0,40.18750762939453
gehring_L3_state,3. EMB inn cotyl,AT4G27150,16,4.682270050048828,0.0,40.09994125366211
gehring_L3_state,3. EMB inn cotyl,AT3G01570,17,4.202425956726074,0.0,38.8306884765625
gehring_L3_state,3. EMB inn cotyl,AT1G29930,18,3.507110834121704,0.0,37.96533203125
gehring_L3_state,3. EMB inn cotyl,AT1G62500,19,5.895457744598389,6.09816922243811e-306,37.57642364501953
gehring_L3_state,3. EMB inn cotyl,AT4G27170,20,4.774947643280029,9.204888809744083e-299,37.1329231262207
gehring_L3_state,3. EMB inn cotyl,AT5G50770,21,3.8515126705169678,4.621877677058263e-292,36.71410369873047
gehring_L3_state,3. EMB inn cotyl,AT1G65090,22,4.150414943695068,2.772839758769072e-256,34.3964729309082
gehring_L3_state,3. EMB inn cotyl,ATCG00020,23,2.2416200637817383,1.0136707730611715e-249,33.95231246948242
gehring_L3_state,3. EMB inn cotyl,AT2G28490,24,4.511996746063232,4.410629052309078e-248,33.83891296386719
gehring_L3_state,3. EMB inn cotyl,AT4G03050,25,5.055025100708008,1.494549484560614e-244,33.59701919555664
gehring_L3_state,3. EMB inn cotyl,AT1G12805,26,4.2475762367248535,1.56873701958446e-235,32.970550537109375
gehring_L3_state,3. EMB inn cotyl,AT1G54860,27,4.747622013092041,1.3202765133086947e-224,32.19830322265625
gehring_L3_state,3. EMB inn cotyl,AT2G34700,28,3.6579973697662354,9.237598997468401e-220,31.84844398498535
gehring_L3_state,3. EMB inn cotyl,AT5G64570,29,4.865220069885254,4.225664388047501e-217,31.65482521057129
gehring_L3_state,3. EMB inn cotyl,AT2G34420,30,3.3804547786712646,1.8025938139562545e-215,31.53528594970703
gehring_L3_state,3. EMB inn cotyl,AT1G67090,31,2.601752996444702,2.4523094455025134e-214,31.451637268066406
gehring_L3_state,3. EMB inn cotyl,AT1G12810,32,3.9222629070281982,3.474275641525428e-214,31.43974494934082
gehring_L3_state,3. EMB inn cotyl,AT5G63530,33,2.8499557971954346,8.824665585221166e-191,29.67641258239746
gehring_L3_state,3. EMB inn cotyl,AT3G12670,34,3.325528383255005,2.5488612100472583e-187,29.406166076660156
gehring_L3_state,3. EMB inn cotyl,AT4G16160,35,4.827027797698975,6.563475224280878e-187,29.373220443725586
gehring_L3_state,3. EMB inn cotyl,AT1G29910,36,4.034573554992676,4.5732778917266214e-179,28.75176429748535
gehring_L3_state,3. EMB inn cotyl,AT3G44460,37,3.4796578884124756,4.22679348199846e-175,28.43122100830078
gehring_L3_state,3. EMB inn cotyl,AT1G74960,38,2.8775529861450195,1.79391901903215e-171,28.133289337158203
gehring_L3_state,3. EMB inn cotyl,AT5G52920,39,2.726881504058838,7.378498266066806e-159,27.081159591674805
gehring_L3_state,3. EMB inn cotyl,AT3G29030,40,4.691950798034668,9.594092882594784e-153,26.556241989135742
gehring_L3_state,3. EMB inn cotyl,AT1G69530,41,4.3072285652160645,6.0089185092616446e-151,26.399505615234375
gehring_L3_state,3. EMB inn cotyl,AT2G10940,42,5.804642200469971,6.634616105689222e-146,25.954492568969727
gehring_L3_state,3. EMB inn cotyl,AT2G41070,43,3.0895159244537354,5.3665673378808315e-143,25.69426918029785
gehring_L3_state,3. EMB inn cotyl,AT1G04120,44,2.6099846363067627,3.8569169290036794e-140,25.436079025268555
gehring_L3_state,3. EMB inn cotyl,AT3G05020,45,2.7400500774383545,1.6066680606742104e-129,24.454856872558594
gehring_L3_state,3. EMB inn cotyl,AT5G62800,46,3.709542751312256,4.29326643236608e-129,24.41345977783203
gehring_L3_state,3. EMB inn cotyl,AT3G47470,47,2.7875640392303467,5.078162748413569e-126,24.121171951293945
gehring_L3_state,3. EMB inn cotyl,AT4G27450,48,3.3976800441741943,2.219394063105956e-119,23.47864532470703
gehring_L3_state,3. EMB inn cotyl,AT3G54320,49,2.4606730937957764,8.446837384028659e-119,23.420568466186523
gehring_L3_state,3. EMB inn cotyl,AT2G21660,50,1.216469645500183,4.607799060284233e-118,23.34756851196289
gehring_L3_state,3. EMB low proto,AT1G71691,1,6.191510200500488,1.4518691180971256e-34,13.051736831665039
gehring_L3_state,3. EMB low proto,AT2G42840,2,5.935375213623047,1.5110047775944665e-32,12.622612953186035
gehring_L3_state,3. EMB low proto,AT3G21090,3,6.385705947875977,1.5110047775944665e-32,12.606704711914062
gehring_L3_state,3. EMB low proto,AT1G04660,4,5.768508434295654,2.4016623965199969e-32,12.547357559204102
gehring_L3_state,3. EMB low proto,AT3G26932,5,5.695951461791992,4.457424216536093e-22,10.473430633544922
gehring_L3_state,3. EMB low proto,AT5G23940,6,3.956515073776245,1.723997840782718e-21,10.32987117767334
gehring_L3_state,3. EMB low proto,AT1G23000,7,4.762689590454102,3.49188890200584e-20,10.024041175842285
gehring_L3_state,3. EMB low proto,AT5G08460,8,5.140161037445068,1.0285861473959915e-18,9.67212963104248
gehring_L3_state,3. EMB low proto,AT5G22810,9,6.825685977935791,1.952880720227442e-18,9.595453262329102
gehring_L3_state,3. EMB low proto,AT1G72970,10,3.4654815196990967,3.101674092679943e-18,9.537748336791992
gehring_L3_state,3. EMB low proto,AT1G32583,11,6.455676555633545,1.445844755574355e-14,8.5989990234375
gehring_L3_state,3. EMB low proto,AT2G16586,12,2.0775485038757324,1.9693376670054097e-12,7.998074531555176
gehring_L3_state,3. EMB low proto,AT1G06080,13,6.326444149017334,3.060701134875379e-12,7.935581207275391
gehring_L3_state,3. EMB low proto,AT5G57390,14,4.159662246704102,3.982139006355074e-12,7.895298004150391
gehring_L3_state,3. EMB low proto,AT5G62850,15,4.116470813751221,1.3216073238687293e-11,7.73030424118042
gehring_L3_state,3. EMB low proto,AT4G04890,16,3.146507501602173,1.3216073238687293e-11,7.730138778686523
gehring_L3_state,3. EMB low proto,AT3G05600,17,4.000049591064453,3.018417760272361e-11,7.617681980133057
gehring_L3_state,3. EMB low proto,AT1G27950,18,3.0724775791168213,2.1713664606752706e-09,7.031467437744141
gehring_L3_state,3. EMB low proto,AT5G50740,19,3.2083728313446045,3.8090039351091095e-09,6.946369647979736
gehring_L3_state,3. EMB low proto,AT3G41768,20,0.6886724829673767,4.2521195198447576e-09,6.924797534942627
gehring_L3_state,3. EMB low proto,AT5G47210,21,1.9117381572723389,3.8675115010497955e-08,6.587681293487549
gehring_L3_state,3. EMB low proto,AT3G24250,22,5.384188175201416,5.5097773295371194e-08,6.519129276275635
gehring_L3_state,3. EMB low proto,AT2G47230,23,3.1480257511138916,8.273566793702034e-08,6.438892841339111
gehring_L3_state,3. EMB low proto,AT5G13790,24,2.482250928878784,1.0351390657687396e-06,6.021586894989014
gehring_L3_state,3. EMB low proto,AT4G13495,25,3.4220898151397705,1.1678037560035763e-06,5.997931480407715
gehring_L3_state,3. EMB low proto,AT5G41070,26,3.6651620864868164,1.418446889464536e-06,5.9622368812561035
gehring_L3_state,3. EMB low proto,AT2G01008,27,1.2821792364120483,5.872167936275905e-06,5.691927433013916
gehring_L3_state,3. EMB low proto,AT3G06355,28,0.6668750047683716,6.853513285347904e-06,5.662093162536621
gehring_L3_state,3. EMB low proto,AT1G08910,29,2.8338611125946045,1.2644939411140717e-05,5.549357891082764
gehring_L3_state,3. EMB low proto,AT3G63450,30,3.7192513942718506,1.528334248726262e-05,5.512842178344727
gehring_L3_state,3. EMB low proto,AT5G48360,31,4.252300262451172,1.6601213891524446e-05,5.495034694671631
gehring_L3_state,3. EMB low proto,AT1G21920,32,3.3821487426757812,1.6944392022215666e-05,5.4882402420043945
gehring_L3_state,3. EMB low proto,AT1G09420,33,2.541698932647705,2.0118407300267426e-05,5.454680919647217
gehring_L3_state,3. EMB low proto,AT1G01320,34,1.994322657585144,2.7429491432138948e-05,5.396210193634033
gehring_L3_state,3. EMB low proto,AT5G20290,35,1.442298173904419,3.744709571323231e-05,5.3339009284973145
gehring_L3_state,3. EMB low proto,AT3G28345,36,4.164982795715332,4.034291943915954e-05,5.317358493804932
gehring_L3_state,3. EMB low proto,AT5G15200,37,1.5137319564819336,5.3601128307464436e-05,5.259469985961914
gehring_L3_state,3. EMB low proto,AT1G32240,38,4.988797187805176,6.528021732892048e-05,5.217314720153809
gehring_L3_state,3. EMB low proto,AT1G73100,39,2.9280076026916504,6.569171371585595e-05,5.213320255279541
gehring_L3_state,3. EMB low proto,AT5G16560,40,3.8609604835510254,7.455187974302712e-05,5.184248447418213
gehring_L3_state,3. EMB low proto,AT2G34700,41,2.1816892623901367,8.208361885524608e-05,5.163549423217773
gehring_L3_state,3. EMB low proto,AT1G67100,42,3.206083297729492,8.603705193593747e-05,5.149384498596191
gehring_L3_state,3. EMB low proto,AT2G26250,43,1.7487554550170898,9.543391211021989e-05,5.127272605895996
gehring_L3_state,3. EMB low proto,AT3G24650,44,2.906214952468872,0.00010763365141508953,5.101960182189941
gehring_L3_state,3. EMB low proto,AT3G60245,45,1.2899152040481567,0.00011206246511755104,5.091746807098389
gehring_L3_state,3. EMB low proto,AT4G21750,46,2.0808188915252686,0.00012791922209508543,5.06404447555542
gehring_L3_state,3. EMB low proto,AT4G00180,47,4.96712064743042,0.0001301581131570925,5.058211803436279
gehring_L3_state,3. EMB low proto,AT1G48920,48,1.5541995763778687,0.00013412233409615263,5.049989700317383
gehring_L3_state,3. EMB low proto,AT2G34710,49,3.027620315551758,0.00016148257882698264,5.009476661682129
gehring_L3_state,3. EMB low proto,AT2G26330,50,2.744332790374756,0.00019785838598517202,4.967792987823486
gehring_L3_state,3. EMB sus,AT3G24250,1,9.034156799316406,3.9236433646367415e-09,7.3721771240234375
gehring_L3_state,3. EMB sus,AT5G61412,2,8.945831298828125,2.8844147748810625e-07,6.675253391265869
gehring_L3_state,3. EMB sus,AT5G17430,3,6.633288383483887,4.038733221952526e-06,6.213442325592041
gehring_L3_state,3. EMB sus,AT3G48670,4,4.3906097412109375,9.581907633112276e-06,5.995205402374268
gehring_L3_state,3. EMB sus,AT4G04890,5,3.895078659057617,9.581907633112276e-06,5.972491264343262
gehring_L3_state,3. EMB sus,AT4G38680,6,3.9082930088043213,9.581907633112276e-06,5.964115142822266
gehring_L3_state,3. EMB sus,AT3G58430,7,7.083573341369629,1.192014508681936e-05,5.902985095977783
gehring_L3_state,3. EMB sus,AT1G71691,8,6.01288366317749,2.5862154612841014e-05,5.734951496124268
gehring_L3_state,3. EMB sus,AT5G08460,9,5.722283363342285,2.5862154612841014e-05,5.731441974639893
gehring_L3_state,3. EMB sus,AT2G34700,10,3.705253839492798,3.189212117627688e-05,5.677793979644775
gehring_L3_state,3. EMB sus,AT1G62410,11,10.367362022399902,3.220048162037425e-05,5.64682149887085
gehring_L3_state,3. EMB sus,AT4G32205,12,9.204137802124023,3.220048162037425e-05,5.636005878448486
gehring_L3_state,3. EMB sus,AT2G18340,13,8.912030220031738,3.220048162037425e-05,5.63107442855835
gehring_L3_state,3. EMB sus,AT5G04220,14,4.799698352813721,5.571782619750489e-05,5.522754669189453
gehring_L3_state,3. EMB sus,AT3G50240,15,3.9866976737976074,8.213915420718884e-05,5.441911697387695
gehring_L3_state,3. EMB sus,AT4G31000,16,5.627005100250244,0.00012390803158984488,5.351433277130127
gehring_L3_state,3. EMB sus,AT1G15910,17,3.711580753326416,0.00012390803158984488,5.3359599113464355
gehring_L3_state,3. EMB sus,AT2G35060,18,5.157113552093506,0.00012390803158984488,5.326651096343994
gehring_L3_state,3. EMB sus,AT2G39800,19,5.2359299659729,0.00012390803158984488,5.325418472290039
gehring_L3_state,3. EMB sus,AT1G51190,20,8.949045181274414,0.00014264167279391337,5.284817218780518
gehring_L3_state,3. EMB sus,AT1G13710,21,9.047724723815918,0.00014264167279391337,5.279194355010986
gehring_L3_state,3. EMB sus,AT2G30560,22,8.670673370361328,0.00014264167279391337,5.272938251495361
gehring_L3_state,3. EMB sus,AT2G43745,23,7.975567817687988,0.00015304519119037742,5.251828670501709
gehring_L3_state,3. EMB sus,AT1G21740,24,3.9199001789093018,0.00016791396015494533,5.223211288452148
gehring_L3_state,3. EMB sus,AT5G28840,25,3.111391544342041,0.00016791396015494533,5.216726779937744
gehring_L3_state,3. EMB sus,AT5G24275,26,6.9379353523254395,0.00016791396015494533,5.212036609649658
gehring_L3_state,3. EMB sus,AT3G01690,27,4.5323805809021,0.00018389723346075204,5.188122272491455
gehring_L3_state,3. EMB sus,AT2G34870,28,6.390623092651367,0.00023879926348050227,5.132406711578369
gehring_L3_state,3. EMB sus,AT1G49475,29,5.223909378051758,0.0003473674727617183,5.0547404289245605
gehring_L3_state,3. EMB sus,AT3G22790,30,4.0724616050720215,0.00039670420831574123,5.022828102111816
gehring_L3_state,3. EMB sus,AT4G04090,31,10.437370300292969,0.0005840734296267337,4.941652297973633
gehring_L3_state,3. EMB sus,AT3G62320,32,9.141257286071777,0.0005872726993592344,4.932943344116211
gehring_L3_state,3. EMB sus,AT1G04610,33,9.065848350524902,0.0005872726993592344,4.928383827209473
gehring_L3_state,3. EMB sus,AT4G31760,34,7.920753479003906,0.0006401830298042062,4.905643463134766
gehring_L3_state,3. EMB sus,AT5G63700,35,3.156097650527954,0.0006938660322462662,4.879256725311279
gehring_L3_state,3. EMB sus,AT2G15010,36,6.834197044372559,0.0006938660322462662,4.878552436828613
gehring_L3_state,3. EMB sus,AT1G23080,37,6.867064952850342,0.000704254253683102,4.870208740234375
gehring_L3_state,3. EMB sus,AT4G14690,38,3.5736587047576904,0.0009909546712813181,4.796945571899414
gehring_L3_state,3. EMB sus,AT5G53460,39,2.565553903579712,0.0010605085093436085,4.778112888336182
gehring_L3_state,3. EMB sus,AT3G15990,40,3.6429836750030518,0.0011310778938931625,4.75648832321167
gehring_L3_state,3. EMB sus,AT1G23000,41,4.195563793182373,0.0011310778938931625,4.755046367645264
gehring_L3_state,3. EMB sus,AT2G28790,42,3.505552053451538,0.0012184251775936778,4.735111236572266
gehring_L3_state,3. EMB sus,AT3G21090,43,5.77359676361084,0.001220505369843247,4.729990482330322
gehring_L3_state,3. EMB sus,AT5G38565,44,5.149729251861572,0.0013838407999160376,4.699735164642334
gehring_L3_state,3. EMB sus,AT3G50090,45,11.870245933532715,0.0022036550867023798,4.592668533325195
gehring_L3_state,3. EMB sus,AT1G68320,46,10.892416954040527,0.0022036550867023798,4.590632915496826
gehring_L3_state,3. EMB sus,AT5G43240,47,10.714338302612305,0.0022036550867023798,4.5900654792785645
gehring_L3_state,3. EMB sus,AT3G09110,48,8.958907127380371,0.002276912999672974,4.578832626342773
gehring_L3_state,3. EMB sus,AT4G34060,49,8.573341369628906,0.002299253611233416,4.572472095489502
gehring_L3_state,3. EMB sus,AT5G46510,50,3.188918352127075,0.0024640565172932742,4.553704738616943
gehring_L3_state,30. oi1 flav synth g2m-phase,AT3G19050,1,6.368171691894531,1.0339324566464229e-53,16.065908432006836
gehring_L3_state,30. oi1 flav synth g2m-phase,AT4G12960,2,4.597711563110352,1.6724371714349206e-40,14.006072998046875
gehring_L3_state,30. oi1 flav synth g2m-phase,AT1G73620,3,4.198237419128418,7.353209081001801e-37,13.366912841796875
gehring_L3_state,30. oi1 flav synth g2m-phase,AT2G13810,4,4.436605930328369,7.111697863194799e-36,13.175324440002441
gehring_L3_state,30. oi1 flav synth g2m-phase,AT3G21500,5,3.825303792953491,2.792466659222138e-32,12.517708778381348
gehring_L3_state,30. oi1 flav synth g2m-phase,AT3G17360,6,5.825470924377441,5.340293915579443e-31,12.266480445861816
gehring_L3_state,30. oi1 flav synth g2m-phase,AT4G36520,7,2.8020129203796387,7.712778323034181e-31,12.224151611328125
gehring_L3_state,30. oi1 flav synth g2m-phase,AT4G23020,8,3.5498058795928955,4.920852432152527e-29,11.87051773071289
gehring_L3_state,30. oi1 flav synth g2m-phase,AT3G23890,9,4.44851016998291,2.4778384361106685e-26,11.327954292297363
gehring_L3_state,30. oi1 flav synth g2m-phase,AT5G27380,10,2.6391639709472656,1.6450521841713274e-24,10.944791793823242
gehring_L3_state,30. oi1 flav synth g2m-phase,AT1G70210,11,3.561598539352417,4.485842090986016e-23,10.625042915344238
gehring_L3_state,30. oi1 flav synth g2m-phase,AT1G72250,12,4.706670761108398,4.485842090986016e-23,10.624069213867188
gehring_L3_state,30. oi1 flav synth g2m-phase,AT3G47460,13,4.234550952911377,1.77561936309988e-22,10.487354278564453
gehring_L3_state,30. oi1 flav synth g2m-phase,AT5G55820,14,4.187931537628174,7.478911803226342e-22,10.343482971191406
gehring_L3_state,30. oi1 flav synth g2m-phase,AT5G21100,15,5.542240619659424,1.426603139398732e-21,10.274782180786133
gehring_L3_state,30. oi1 flav synth g2m-phase,AT5G39220,16,2.7806754112243652,1.8681240085575995e-21,10.242508888244629
gehring_L3_state,30. oi1 flav synth g2m-phase,AT5G22794,17,4.12401819229126,2.6695368087471094e-21,10.20203685760498
gehring_L3_state,30. oi1 flav synth g2m-phase,AT1G52030,18,2.9243388175964355,5.199146490338671e-21,10.131519317626953
gehring_L3_state,30. oi1 flav synth g2m-phase,AT5G07990,19,2.6490848064422607,8.000294688360059e-20,9.853251457214355
gehring_L3_state,30. oi1 flav synth g2m-phase,AT5G18700,20,4.730531692504883,8.000294688360059e-20,9.850131034851074
gehring_L3_state,30. oi1 flav synth g2m-phase,AT2G45470,21,2.8882651329040527,7.876436174682623e-19,9.612564086914062
gehring_L3_state,30. oi1 flav synth g2m-phase,AT1G27080,22,2.4692537784576416,2.0695653341631356e-18,9.507771492004395
gehring_L3_state,30. oi1 flav synth g2m-phase,AT1G14520,23,2.4537980556488037,5.0987959211161095e-18,9.40882396697998
gehring_L3_state,30. oi1 flav synth g2m-phase,AT3G13690,24,3.0703177452087402,7.829567554255169e-18,9.359134674072266
gehring_L3_state,30. oi1 flav synth g2m-phase,AT3G05830,25,3.8962645530700684,1.0118888635432581e-17,9.327666282653809
gehring_L3_state,30. oi1 flav synth g2m-phase,AT3G60900,26,2.380966901779175,1.1858583636049156e-17,9.306665420532227
gehring_L3_state,30. oi1 flav synth g2m-phase,AT1G65370,27,2.0713164806365967,1.93046983654828e-17,9.250716209411621
gehring_L3_state,30. oi1 flav synth g2m-phase,AT5G62410,28,3.240968704223633,3.103291524719298e-17,9.195935249328613
gehring_L3_state,30. oi1 flav synth g2m-phase,AT5G56530,29,2.548945665359497,3.335912524731884e-17,9.184385299682617
gehring_L3_state,30. oi1 flav synth g2m-phase,AT2G27880,30,2.477304458618164,8.142076070559256e-17,9.084160804748535
gehring_L3_state,30. oi1 flav synth g2m-phase,AT5G18090,31,5.31144905090332,1.3061236964772998e-16,9.029013633728027
gehring_L3_state,30. oi1 flav synth g2m-phase,AT1G58602,32,3.4863436222076416,1.817889288256955e-16,8.986411094665527
gehring_L3_state,30. oi1 flav synth g2m-phase,AT5G40340,33,2.0258350372314453,1.817889288256955e-16,8.98588752746582
gehring_L3_state,30. oi1 flav synth g2m-phase,AT5G60930,34,4.157634735107422,2.4884153203415573e-16,8.948004722595215
gehring_L3_state,30. oi1 flav synth g2m-phase,AT5G21105,35,2.299968957901001,7.424303842990173e-16,8.823264122009277
gehring_L3_state,30. oi1 flav synth g2m-phase,AT4G24040,36,2.3580269813537598,9.799886827574032e-16,8.787605285644531
gehring_L3_state,30. oi1 flav synth g2m-phase,AT4G33200,37,2.8905105590820312,9.799886827574032e-16,8.785892486572266
gehring_L3_state,30. oi1 flav synth g2m-phase,AT3G28160,38,2.815049171447754,1.3841338340239031e-15,8.743988037109375
gehring_L3_state,30. oi1 flav synth g2m-phase,AT2G44450,39,3.254924774169922,1.936909694433346e-15,8.70301628112793
gehring_L3_state,30. oi1 flav synth g2m-phase,AT2G37080,40,2.1467292308807373,6.924112090050647e-15,8.554390907287598
gehring_L3_state,30. oi1 flav synth g2m-phase,AT2G22970,41,2.548586130142212,7.252452344391989e-15,8.546194076538086
gehring_L3_state,30. oi1 flav synth g2m-phase,AT3G06355,42,0.8791536092758179,1.156245559136938e-14,8.48936939239502
gehring_L3_state,30. oi1 flav synth g2m-phase,AT1G76880,43,2.047013759613037,1.2801017797072966e-14,8.4747953414917
gehring_L3_state,30. oi1 flav synth g2m-phase,AT2G23290,44,2.697496175765991,2.2692394384518804e-14,8.405190467834473
gehring_L3_state,30. oi1 flav synth g2m-phase,AT5G23910,45,4.9455389976501465,3.585335420061767e-14,8.348688125610352
gehring_L3_state,30. oi1 flav synth g2m-phase,AT1G72670,46,5.412364482879639,4.4677395564152937e-14,8.320051193237305
gehring_L3_state,30. oi1 flav synth g2m-phase,AT2G43530,47,2.393672466278076,1.40822390201848e-13,8.180289268493652
gehring_L3_state,30. oi1 flav synth g2m-phase,AT5G05180,48,3.7380211353302,1.6944802410793766e-13,8.155418395996094
gehring_L3_state,30. oi1 flav synth g2m-phase,AT4G21760,49,7.699027061462402,2.328867146718465e-13,8.114395141601562
gehring_L3_state,30. oi1 flav synth g2m-phase,AT1G09470,50,3.2837343215942383,3.19627971278022e-13,8.072341918945312
gehring_L3_state,30. oi1 flav synth s-phase,AT4G36520,1,3.4454281330108643,7.487688512178889e-74,18.723196029663086
gehring_L3_state,30. oi1 flav synth s-phase,AT5G63550,2,4.59126615524292,3.575932592726053e-50,15.508062362670898
gehring_L3_state,30. oi1 flav synth s-phase,AT5G23420,3,4.731871604919434,5.0441951402070755e-43,14.384503364562988
gehring_L3_state,30. oi1 flav synth s-phase,AT1G14520,4,2.5839641094207764,1.1924614203183311e-34,12.9608154296875
gehring_L3_state,30. oi1 flav synth s-phase,AT2G01021,5,3.6419806480407715,2.666515478683273e-33,12.702815055847168
gehring_L3_state,30. oi1 flav synth s-phase,AT4G26630,6,2.183851718902588,4.894565203431733e-33,12.640878677368164
gehring_L3_state,30. oi1 flav synth s-phase,AT5G59870,7,4.09417200088501,7.717235214160882e-31,12.224104881286621
gehring_L3_state,30. oi1 flav synth s-phase,AT3G20670,8,4.068991184234619,3.647751730546231e-30,12.08625602722168
gehring_L3_state,30. oi1 flav synth s-phase,AT5G38690,9,4.0628437995910645,2.2669217797045816e-29,11.925378799438477
gehring_L3_state,30. oi1 flav synth s-phase,AT5G42235,10,2.5192222595214844,3.75156377686337e-29,11.874547004699707
gehring_L3_state,30. oi1 flav synth s-phase,AT1G65370,11,2.005377769470215,1.9570178410159907e-28,11.727538108825684
gehring_L3_state,30. oi1 flav synth s-phase,AT1G70830,12,3.2381396293640137,2.0104920765560914e-26,11.321059226989746
gehring_L3_state,30. oi1 flav synth s-phase,AT2G38170,13,2.559922456741333,2.941211154853381e-26,11.280623435974121
gehring_L3_state,30. oi1 flav synth s-phase,AT5G49160,14,3.8423349857330322,5.666273159890641e-26,11.216242790222168
gehring_L3_state,30. oi1 flav synth s-phase,AT3G54670,15,2.6144566535949707,2.534887299184113e-25,11.076748847961426
gehring_L3_state,30. oi1 flav synth s-phase,AT3G62610,16,3.019232988357544,1.7801764881872743e-24,10.894932746887207
gehring_L3_state,30. oi1 flav synth s-phase,AT4G27230,17,3.570791721343994,2.70953881753353e-24,10.85108757019043
gehring_L3_state,30. oi1 flav synth s-phase,AT3G27060,18,4.4531569480896,4.090368746487358e-24,10.80813980102539
gehring_L3_state,30. oi1 flav synth s-phase,AT1G65470,19,3.7547476291656494,7.57476372612001e-24,10.74647045135498
gehring_L3_state,30. oi1 flav synth s-phase,AT3G18035,20,3.2189033031463623,1.0859825285136043e-23,10.707684516906738
gehring_L3_state,30. oi1 flav synth s-phase,AT1G51060,21,3.356581449508667,1.0859825285136043e-23,10.703913688659668
gehring_L3_state,30. oi1 flav synth s-phase,AT3G59100,22,4.0071635246276855,1.3892963179502686e-22,10.46078872680664
gehring_L3_state,30. oi1 flav synth s-phase,AT1G04020,23,4.652753829956055,2.693387825271857e-22,10.393644332885742
gehring_L3_state,30. oi1 flav synth s-phase,AT1G69770,24,3.5702035427093506,3.058835924440946e-22,10.377442359924316
gehring_L3_state,30. oi1 flav synth s-phase,AT2G16586,25,1.9165003299713135,5.6721955696854445e-22,10.314386367797852
gehring_L3_state,30. oi1 flav synth s-phase,AT4G00020,26,4.351151943206787,7.2744278032402945e-22,10.28668212890625
gehring_L3_state,30. oi1 flav synth s-phase,AT3G30720,27,2.5691187381744385,1.986781458163356e-21,10.185785293579102
gehring_L3_state,30. oi1 flav synth s-phase,AT5G49360,28,2.594320774078369,2.826915929756716e-21,10.147879600524902
gehring_L3_state,30. oi1 flav synth s-phase,AT4G26590,29,2.1335487365722656,3.097160791441223e-21,10.13553524017334
gehring_L3_state,30. oi1 flav synth s-phase,AT1G75150,30,3.9194350242614746,3.453490991079216e-21,10.121569633483887
gehring_L3_state,30. oi1 flav synth s-phase,AT5G22880,31,2.9151651859283447,1.0290576920819874e-20,10.010918617248535
gehring_L3_state,30. oi1 flav synth s-phase,AT4G08035,32,1.9628732204437256,5.284413770240227e-20,9.844573020935059
gehring_L3_state,30. oi1 flav synth s-phase,AT1G07820,33,2.924907922744751,5.522084366487388e-20,9.837051391601562
gehring_L3_state,30. oi1 flav synth s-phase,AT5G61000,34,4.39426851272583,4.153493754792626e-19,9.628824234008789
gehring_L3_state,30. oi1 flav synth s-phase,AT5G42240,35,2.1077420711517334,1.1877712910334922e-18,9.517230987548828
gehring_L3_state,30. oi1 flav synth s-phase,AT5G67100,36,2.9563887119293213,2.2923930065403785e-18,9.445691108703613
gehring_L3_state,30. oi1 flav synth s-phase,AT4G15210,37,2.1994290351867676,4.9852483378930834e-18,9.361095428466797
gehring_L3_state,30. oi1 flav synth s-phase,AT3G06740,38,4.0499372482299805,6.362561992082785e-18,9.332463264465332
gehring_L3_state,30. oi1 flav synth s-phase,AT5G07990,39,2.022456645965576,1.1633783664825625e-17,9.26552963256836
gehring_L3_state,30. oi1 flav synth s-phase,AT2G37080,40,2.0238230228424072,2.0253533601378274e-17,9.203461647033691
gehring_L3_state,30. oi1 flav synth s-phase,AT1G08260,41,2.295283079147339,3.103416013667652e-17,9.1548433303833
gehring_L3_state,30. oi1 flav synth s-phase,AT2G23790,42,1.8725740909576416,3.2859013339825497e-17,9.146068572998047
gehring_L3_state,30. oi1 flav synth s-phase,AT2G46960,43,2.620002508163452,8.249396541675658e-17,9.04348087310791
gehring_L3_state,30. oi1 flav synth s-phase,AT1G20720,44,3.2295329570770264,3.938911149699585e-14,8.340228080749512
gehring_L3_state,30. oi1 flav synth s-phase,AT2G21790,45,3.480565309524536,1.588840654268285e-13,8.17098331451416
gehring_L3_state,30. oi1 flav synth s-phase,AT4G30110,46,1.7018288373947144,2.2773950049297123e-13,8.124775886535645
gehring_L3_state,30. oi1 flav synth s-phase,AT2G46980,47,3.475274085998535,1.3887035276527698e-12,7.899850845336914
gehring_L3_state,30. oi1 flav synth s-phase,AT2G25450,48,2.2893576622009277,2.1714836384265607e-12,7.841293811798096
gehring_L3_state,30. oi1 flav synth s-phase,AT5G65350,49,4.378699779510498,2.6276113574552964e-12,7.814723491668701
gehring_L3_state,30. oi1 flav synth s-phase,AT5G39220,50,1.8834806680679321,2.8099294418095912e-12,7.803720951080322
gehring_L3_state,31. oi2 LTP,AT5G59320,1,5.117495536804199,0.0,43.75957489013672
gehring_L3_state,31. oi2 LTP,AT3G08770,2,4.561377048492432,0.0,41.83866500854492
gehring_L3_state,31. oi2 LTP,AT3G20470,3,4.115079879760742,0.0,41.310829162597656
gehring_L3_state,31. oi2 LTP,ATMG00020,4,1.9693752527236938,0.0,40.65863037109375
gehring_L3_state,31. oi2 LTP,AT4G12870,5,4.097241401672363,0.0,39.673728942871094
gehring_L3_state,31. oi2 LTP,AT4G12960,6,4.489032745361328,0.0,38.70049285888672
gehring_L3_state,31. oi2 LTP,AT5G67360,7,3.2583184242248535,0.0,38.578548431396484
gehring_L3_state,31. oi2 LTP,AT1G56100,8,4.306347370147705,1.979275437814017e-299,37.2001953125
gehring_L3_state,31. oi2 LTP,AT5G11740,9,3.0993056297302246,1.189933685423921e-298,37.1488151550293
gehring_L3_state,31. oi2 LTP,AT5G13930,10,3.047586441040039,1.5603316255374856e-287,36.45082473754883
gehring_L3_state,31. oi2 LTP,AT2G38540,11,4.098470211029053,2.5009136171746e-253,34.22102737426758
gehring_L3_state,31. oi2 LTP,AT3G20210,12,3.572648763656616,1.102240940242907e-243,33.56382369995117
gehring_L3_state,31. oi2 LTP,AT1G70830,13,4.0543365478515625,5.717000230099911e-236,33.02838134765625
gehring_L3_state,31. oi2 LTP,AT2G38900,14,3.651102304458618,1.3328129839174378e-234,32.93074035644531
gehring_L3_state,31. oi2 LTP,AT4G15210,15,3.284989595413208,1.119019867433954e-222,32.08481216430664
gehring_L3_state,31. oi2 LTP,AT4G15750,16,3.4304442405700684,1.888644148983176e-220,31.922704696655273
gehring_L3_state,31. oi2 LTP,AT3G18490,17,2.4607326984405518,1.667264329981994e-201,30.523174285888672
gehring_L3_state,31. oi2 LTP,AT1G62333,18,2.9887030124664307,3.074264511206873e-158,27.065656661987305
gehring_L3_state,31. oi2 LTP,AT3G02470,19,1.8258213996887207,4.6050274244611455e-157,26.96370506286621
gehring_L3_state,31. oi2 LTP,AT4G21620,20,3.1384191513061523,4.941823752014696e-157,26.95928382873535
gehring_L3_state,31. oi2 LTP,AT1G11840,21,2.4370291233062744,6.594783765063248e-157,26.946868896484375
gehring_L3_state,31. oi2 LTP,AT5G59845,22,3.769717216491699,1.8670985354062008e-153,26.649017333984375
gehring_L3_state,31. oi2 LTP,ATMG01390,23,2.6609110832214355,1.8654721684893832e-150,26.387325286865234
gehring_L3_state,31. oi2 LTP,AT3G23450,24,2.71708607673645,4.28737827382845e-146,26.002952575683594
gehring_L3_state,31. oi2 LTP,AT4G12910,25,2.6495165824890137,2.6681790368050796e-144,25.842323303222656
gehring_L3_state,31. oi2 LTP,AT3G09390,26,3.281233310699463,1.5827169039247104e-142,25.682615280151367
gehring_L3_state,31. oi2 LTP,AT3G13520,27,2.838514804840088,1.153860608822823e-140,25.51389503479004
gehring_L3_state,31. oi2 LTP,AT4G21960,28,1.9218348264694214,3.0858505895994e-137,25.201791763305664
gehring_L3_state,31. oi2 LTP,AT5G49180,29,2.3245749473571777,4.377871478981237e-132,24.72467803955078
gehring_L3_state,31. oi2 LTP,AT2G01520,30,3.2273149490356445,1.0171527251503075e-126,24.21932029724121
gehring_L3_state,31. oi2 LTP,AT1G56580,31,3.5779433250427246,1.1067280969746268e-124,24.02396583557129
gehring_L3_state,31. oi2 LTP,AT1G14520,32,2.174560785293579,6.32149396482133e-124,23.95020294189453
gehring_L3_state,31. oi2 LTP,AT5G39130,33,2.5880322456359863,1.6602613398900394e-122,23.8123779296875
gehring_L3_state,31. oi2 LTP,AT2G47895,34,2.902752637863159,2.1896633917018285e-118,23.410099029541016
gehring_L3_state,31. oi2 LTP,AT4G25830,35,2.6009750366210938,7.572558585633323e-114,22.958974838256836
gehring_L3_state,31. oi2 LTP,AT5G54770,36,1.8461384773254395,2.0905416708915504e-112,22.8131046295166
gehring_L3_state,31. oi2 LTP,AT1G05850,37,1.997609257698059,1.9091721431909605e-99,21.4655704498291
gehring_L3_state,31. oi2 LTP,AT1G78570,38,2.3832454681396484,2.1986288702722435e-97,21.241500854492188
gehring_L3_state,31. oi2 LTP,AT4G12890,39,2.3083457946777344,2.3048425635478367e-97,21.238178253173828
gehring_L3_state,31. oi2 LTP,AT2G19570,40,2.0539169311523438,2.5641586167098544e-96,21.12360382080078
gehring_L3_state,31. oi2 LTP,AT1G62480,41,2.222583532333374,9.195162046190253e-96,21.062131881713867
gehring_L3_state,31. oi2 LTP,AT5G42235,42,2.0054051876068115,6.3695822341113675e-93,20.74892807006836
gehring_L3_state,31. oi2 LTP,AT5G62210,43,2.2147364616394043,5.898460903587802e-88,20.189481735229492
gehring_L3_state,31. oi2 LTP,AT1G75750,44,2.2248213291168213,2.188663612968353e-87,20.12356948852539
gehring_L3_state,31. oi2 LTP,AT2G17710,45,2.161787986755371,6.813369485615713e-86,19.951400756835938
gehring_L3_state,31. oi2 LTP,AT5G49360,46,2.1807281970977783,3.6955936477619395e-84,19.749738693237305
gehring_L3_state,31. oi2 LTP,AT2G01021,47,2.7928998470306396,1.272914429829206e-83,19.686193466186523
gehring_L3_state,31. oi2 LTP,AT1G08830,48,2.225865125656128,3.474803388329905e-81,19.39893341064453
gehring_L3_state,31. oi2 LTP,AT5G02500,49,2.1049435138702393,1.182666839877379e-80,19.33489418029785
gehring_L3_state,31. oi2 LTP,AT5G42800,50,2.361950159072876,4.16671589592562e-79,19.14838981628418
gehring_L3_state,31. oi2 gen I,AT5G45670,1,5.817202091217041,0.0,65.7964096069336
gehring_L3_state,31. oi2 gen I,AT4G33220,2,5.267190456390381,0.0,61.335418701171875
gehring_L3_state,31. oi2 gen I,AT3G58780,3,4.227566719055176,0.0,61.213661193847656
gehring_L3_state,31. oi2 gen I,AT2G38540,4,4.791731357574463,0.0,59.986473083496094
gehring_L3_state,31. oi2 gen I,AT1G72970,5,4.991860866546631,0.0,58.5134391784668
gehring_L3_state,31. oi2 gen I,AT1G52030,6,4.552270412445068,0.0,58.01030731201172
gehring_L3_state,31. oi2 gen I,AT4G13840,7,4.768685817718506,0.0,57.56182098388672
gehring_L3_state,31. oi2 gen I,AT1G55260,8,5.139590740203857,0.0,57.434364318847656
gehring_L3_state,31. oi2 gen I,AT4G19380,9,5.881825923919678,0.0,57.189109802246094
gehring_L3_state,31. oi2 gen I,AT3G13530,10,4.913678169250488,0.0,57.140689849853516
gehring_L3_state,31. oi2 gen I,AT3G50660,11,4.812109470367432,0.0,57.09233093261719
gehring_L3_state,31. oi2 gen I,AT1G75900,12,5.283478736877441,0.0,57.037872314453125
gehring_L3_state,31. oi2 gen I,AT4G15210,13,4.321648120880127,0.0,56.86003112792969
gehring_L3_state,31. oi2 gen I,AT5G59320,14,4.606817245483398,0.0,56.603153228759766
gehring_L3_state,31. oi2 gen I,AT1G72260,15,4.558637619018555,0.0,56.51732635498047
gehring_L3_state,31. oi2 gen I,AT4G25830,16,4.331910610198975,0.0,56.25258255004883
gehring_L3_state,31. oi2 gen I,AT1G51460,17,5.485596179962158,0.0,55.961246490478516
gehring_L3_state,31. oi2 gen I,AT3G54340,18,4.228937149047852,0.0,55.33457946777344
gehring_L3_state,31. oi2 gen I,AT5G24420,19,4.882055759429932,0.0,55.17826461791992
gehring_L3_state,31. oi2 gen I,AT3G20470,20,3.8570899963378906,0.0,54.300209045410156
gehring_L3_state,31. oi2 gen I,AT1G17200,21,4.407050132751465,0.0,53.11277389526367
gehring_L3_state,31. oi2 gen I,AT1G52400,22,4.618566989898682,0.0,52.921607971191406
gehring_L3_state,31. oi2 gen I,AT3G23450,23,3.914537191390991,0.0,52.2547721862793
gehring_L3_state,31. oi2 gen I,AT1G05230,24,4.398386001586914,0.0,51.27694320678711
gehring_L3_state,31. oi2 gen I,AT2G01520,25,4.655462265014648,0.0,50.7724494934082
gehring_L3_state,31. oi2 gen I,AT3G08770,26,3.976888418197632,0.0,50.48274230957031
gehring_L3_state,31. oi2 gen I,AT5G51750,27,4.601339817047119,0.0,49.265899658203125
gehring_L3_state,31. oi2 gen I,AT5G44063,28,4.906332492828369,0.0,48.875892639160156
gehring_L3_state,31. oi2 gen I,AT2G34150,29,4.0272698402404785,0.0,48.663631439208984
gehring_L3_state,31. oi2 gen I,AT2G43530,30,3.886884927749634,0.0,48.530643463134766
gehring_L3_state,31. oi2 gen I,AT4G39330,31,4.1898369789123535,0.0,48.25457763671875
gehring_L3_state,31. oi2 gen I,AT1G75750,32,3.7337796688079834,0.0,47.574798583984375
gehring_L3_state,31. oi2 gen I,AT5G23940,33,4.496118545532227,0.0,47.41842269897461
gehring_L3_state,31. oi2 gen I,AT4G21750,34,3.829634666442871,0.0,47.221832275390625
gehring_L3_state,31. oi2 gen I,AT2G01850,35,2.9625449180603027,0.0,46.5633430480957
gehring_L3_state,31. oi2 gen I,AT2G26250,36,3.4911201000213623,0.0,46.50282287597656
gehring_L3_state,31. oi2 gen I,AT1G79110,37,3.779413938522339,0.0,46.27764892578125
gehring_L3_state,31. oi2 gen I,AT5G67620,38,4.322910308837891,0.0,46.012916564941406
gehring_L3_state,31. oi2 gen I,AT1G76880,39,2.8611578941345215,0.0,45.43202590942383
gehring_L3_state,31. oi2 gen I,AT5G01180,40,3.464123487472534,0.0,45.18080139160156
gehring_L3_state,31. oi2 gen I,AT4G15200,41,3.821959972381592,0.0,45.124263763427734
gehring_L3_state,31. oi2 gen I,AT1G17840,42,3.7941343784332275,0.0,45.04743576049805
gehring_L3_state,31. oi2 gen I,AT1G20550,43,3.9079134464263916,0.0,44.962318420410156
gehring_L3_state,31. oi2 gen I,AT5G44060,44,4.0243449211120605,0.0,44.77500915527344
gehring_L3_state,31. oi2 gen I,AT1G14520,45,2.9863898754119873,0.0,44.419761657714844
gehring_L3_state,31. oi2 gen I,AT2G28900,46,2.8441426753997803,0.0,42.880680084228516
gehring_L3_state,31. oi2 gen I,AT1G02190,47,5.813953876495361,0.0,42.46856689453125
gehring_L3_state,31. oi2 gen I,AT1G78680,48,3.763230085372925,0.0,42.06529235839844
gehring_L3_state,31. oi2 gen I,AT1G14350,49,4.2646050453186035,0.0,41.715606689453125
gehring_L3_state,31. oi2 gen I,AT3G16370,50,3.4860758781433105,0.0,41.66962814331055
gehring_L3_state,32. oi2 VLCFA synth,AT5G59320,1,5.250097751617432,0.0,43.9183349609375
gehring_L3_state,32. oi2 VLCFA synth,AT5G45670,2,4.7892045974731445,0.0,39.349212646484375
gehring_L3_state,32. oi2 VLCFA synth,AT2G38540,3,4.133972644805908,5.614446874358254e-292,36.763004302978516
gehring_L3_state,32. oi2 VLCFA synth,AT3G23450,4,3.732985019683838,4.8852394648315065e-262,34.830650329589844
gehring_L3_state,32. oi2 VLCFA synth,AT3G08770,5,3.6320016384124756,5.7860114840735316e-238,33.19580078125
gehring_L3_state,32. oi2 VLCFA synth,AT3G58780,6,3.1572744846343994,2.991023429245339e-227,32.43925857543945
gehring_L3_state,32. oi2 VLCFA synth,AT1G55260,7,4.084969997406006,2.55397317640953e-190,29.700132369995117
gehring_L3_state,32. oi2 VLCFA synth,AT4G20320,8,4.756710052490234,2.48196323882361e-162,27.442684173583984
gehring_L3_state,32. oi2 VLCFA synth,AT4G15210,9,2.903510570526123,4.797468967693773e-157,26.991748809814453
gehring_L3_state,32. oi2 VLCFA synth,AT3G20470,10,2.5820181369781494,5.93653801735776e-141,25.580110549926758
gehring_L3_state,32. oi2 VLCFA synth,AT2G26250,11,2.7975690364837646,2.2556309913691954e-138,25.34343910217285
gehring_L3_state,32. oi2 VLCFA synth,AT5G01180,12,2.8968164920806885,3.558648418499064e-137,25.2310848236084
gehring_L3_state,32. oi2 VLCFA synth,AT1G75900,13,3.521967887878418,2.115261441765395e-129,24.509273529052734
gehring_L3_state,32. oi2 VLCFA synth,AT5G57685,14,3.3622817993164062,8.618075280402106e-129,24.448963165283203
gehring_L3_state,32. oi2 VLCFA synth,AT4G33220,15,3.026862859725952,1.3960308414087038e-127,24.332149505615234
gehring_L3_state,32. oi2 VLCFA synth,AT3G16370,16,3.0904476642608643,1.3443603906823558e-126,24.236387252807617
gehring_L3_state,32. oi2 VLCFA synth,AT4G09960,17,2.3076422214508057,1.1880591242877202e-119,23.565826416015625
gehring_L3_state,32. oi2 VLCFA synth,AT4G21960,18,1.9234248399734497,1.2116295075398757e-116,23.268098831176758
gehring_L3_state,32. oi2 VLCFA synth,AT1G17200,19,3.02390193939209,3.4608467379517383e-115,23.121517181396484
gehring_L3_state,32. oi2 VLCFA synth,AT1G62480,20,2.560337781906128,7.074746720503457e-113,22.888463973999023
gehring_L3_state,32. oi2 VLCFA synth,AT4G39330,21,3.1459901332855225,2.4245088360260936e-112,22.83255958557129
gehring_L3_state,32. oi2 VLCFA synth,AT4G26590,22,2.2241158485412598,3.119679826630444e-111,22.71856689453125
gehring_L3_state,32. oi2 VLCFA synth,AT3G18490,23,1.9412899017333984,3.025711186643149e-110,22.616573333740234
gehring_L3_state,32. oi2 VLCFA synth,AT3G54340,24,2.6083083152770996,1.7972067164543713e-103,21.915578842163086
gehring_L3_state,32. oi2 VLCFA synth,AT4G13840,25,2.700925827026367,2.5595341288495463e-102,21.79242515563965
gehring_L3_state,32. oi2 VLCFA synth,AT1G06520,26,3.2790091037750244,2.6449291427892404e-95,21.038053512573242
gehring_L3_state,32. oi2 VLCFA synth,AT1G17840,27,2.8042404651641846,4.59218944550126e-93,20.790239334106445
gehring_L3_state,32. oi2 VLCFA synth,AT5G23940,28,3.2036917209625244,7.112077018438061e-92,20.65657615661621
gehring_L3_state,32. oi2 VLCFA synth,AT4G15200,29,2.755129814147949,7.253261737491454e-92,20.6539306640625
gehring_L3_state,32. oi2 VLCFA synth,AT4G21750,30,2.6153957843780518,9.918493258897735e-91,20.525554656982422
gehring_L3_state,32. oi2 VLCFA synth,AT4G25830,31,2.3597846031188965,8.683501561463763e-84,19.731727600097656
gehring_L3_state,32. oi2 VLCFA synth,AT4G12870,32,2.0689971446990967,2.74648571650398e-82,19.55472755432129
gehring_L3_state,32. oi2 VLCFA synth,AT2G01520,33,2.967003583908081,3.847434331438448e-82,19.53595542907715
gehring_L3_state,32. oi2 VLCFA synth,AT1G51460,34,3.1891160011291504,1.0852241099453448e-80,19.36317253112793
gehring_L3_state,32. oi2 VLCFA synth,AT2G01850,35,1.7757666110992432,1.9522906260963735e-77,18.97169303894043
gehring_L3_state,32. oi2 VLCFA synth,AT1G76890,36,2.3961145877838135,1.6710527872379157e-76,18.857009887695312
gehring_L3_state,32. oi2 VLCFA synth,AT3G52840,37,2.179100275039673,4.5156173491624904e-76,18.802913665771484
gehring_L3_state,32. oi2 VLCFA synth,AT1G04220,38,3.374185800552368,1.7533120223170691e-74,18.60641860961914
gehring_L3_state,32. oi2 VLCFA synth,AT1G52030,39,2.078023672103882,6.11336163051287e-69,17.9080753326416
gehring_L3_state,32. oi2 VLCFA synth,AT5G65670,40,1.577459692955017,6.482104357384991e-69,17.903404235839844
gehring_L3_state,32. oi2 VLCFA synth,AT3G08860,41,3.518404960632324,9.85275690253847e-69,17.878698348999023
gehring_L3_state,32. oi2 VLCFA synth,AT1G35180,42,3.662692070007324,2.9721686799116003e-68,17.8156795501709
gehring_L3_state,32. oi2 VLCFA synth,AT2G32690,43,3.009021282196045,6.65445408324107e-67,17.639556884765625
gehring_L3_state,32. oi2 VLCFA synth,AT1G35612,44,2.9660301208496094,1.0575776292457653e-66,17.6120548248291
gehring_L3_state,32. oi2 VLCFA synth,AT1G14520,45,1.7073293924331665,2.045503635621558e-64,17.31023597717285
gehring_L3_state,32. oi2 VLCFA synth,AT3G05165,46,2.239471673965454,6.507118487552396e-64,17.242204666137695
gehring_L3_state,32. oi2 VLCFA synth,AT1G45010,47,3.6873958110809326,1.3528716073115762e-62,17.064645767211914
gehring_L3_state,32. oi2 VLCFA synth,AT1G68530,48,3.4866628646850586,1.7781183434741966e-62,17.04744529724121
gehring_L3_state,32. oi2 VLCFA synth,AT3G43720,49,2.3623950481414795,3.028311141343089e-62,17.01508140563965
gehring_L3_state,32. oi2 VLCFA synth,AT2G46960,50,2.263817310333252,8.661346813704643e-61,16.816333770751953
gehring_L3_state,32. oi2 gen,AT4G15210,1,4.776546001434326,0.0,45.67814254760742
gehring_L3_state,32. oi2 gen,AT1G14520,2,3.776289939880371,0.0,42.53410720825195
gehring_L3_state,32. oi2 gen,AT5G59320,3,4.46139669418335,0.0,40.0498046875
gehring_L3_state,32. oi2 gen,AT1G05230,4,4.711182117462158,0.0,39.77439880371094
gehring_L3_state,32. oi2 gen,AT1G17200,5,4.38773775100708,0.0,37.865543365478516
gehring_L3_state,32. oi2 gen,AT5G45670,6,4.443212509155273,3.2510542712075886e-305,37.563934326171875
gehring_L3_state,32. oi2 gen,AT1G60940,7,3.841632843017578,2.8943669972469595e-301,37.31709671020508
gehring_L3_state,32. oi2 gen,AT4G21750,8,4.198025226593018,4.606624496399818e-295,36.929107666015625
gehring_L3_state,32. oi2 gen,AT4G36520,9,3.0463433265686035,2.846651481902074e-289,36.56330108642578
gehring_L3_state,32. oi2 gen,AT2G26250,10,3.683290481567383,1.4966864202618368e-265,35.035858154296875
gehring_L3_state,32. oi2 gen,AT2G01850,11,3.044203758239746,4.8449956854548156e-265,34.99961853027344
gehring_L3_state,32. oi2 gen,AT1G51500,12,3.8807373046875,1.0791865323402744e-251,34.10838317871094
gehring_L3_state,32. oi2 gen,AT4G15200,13,3.919610023498535,3.3469039056340605e-242,33.45967483520508
gehring_L3_state,32. oi2 gen,AT1G79840,14,4.518747806549072,1.3373716279870095e-241,33.416072845458984
gehring_L3_state,32. oi2 gen,AT3G51860,15,3.342958927154541,1.3507399502125825e-238,33.206520080566406
gehring_L3_state,32. oi2 gen,AT1G55260,16,4.201642036437988,8.730824596853942e-237,33.07890701293945
gehring_L3_state,32. oi2 gen,AT5G49360,17,4.143431186676025,3.134528312111147e-236,33.03844451904297
gehring_L3_state,32. oi2 gen,AT4G05120,18,5.763147830963135,8.18930561880546e-231,32.65732955932617
gehring_L3_state,32. oi2 gen,AT1G76890,19,3.6138973236083984,4.3138348043110103e-221,31.963512420654297
gehring_L3_state,32. oi2 gen,AT1G35612,20,4.297878265380859,2.3377650005625345e-208,31.03192901611328
gehring_L3_state,32. oi2 gen,AT4G39210,21,3.3615128993988037,3.151837206414138e-208,31.02073860168457
gehring_L3_state,32. oi2 gen,AT4G25830,22,3.311330795288086,3.4388663462720854e-208,31.01643180847168
gehring_L3_state,32. oi2 gen,AT4G26590,23,2.8855788707733154,1.9040345656060723e-203,30.66120719909668
gehring_L3_state,32. oi2 gen,AT3G58780,24,2.8417446613311768,3.0100196879951427e-195,30.03844451904297
gehring_L3_state,32. oi2 gen,AT3G13530,25,3.337207317352295,6.112258267062338e-194,29.936790466308594
gehring_L3_state,32. oi2 gen,AT2G01520,26,3.8199551105499268,2.292394082912153e-188,29.504108428955078
gehring_L3_state,32. oi2 gen,AT4G12870,27,2.94755220413208,2.9683534796247095e-185,29.25920867919922
gehring_L3_state,32. oi2 gen,AT1G73860,28,4.265713691711426,1.4976599873710744e-183,29.123798370361328
gehring_L3_state,32. oi2 gen,AT4G38620,29,3.450146198272705,7.556048595627756e-183,29.067033767700195
gehring_L3_state,32. oi2 gen,AT3G52840,30,3.0609891414642334,1.892694200177247e-182,29.034297943115234
gehring_L3_state,32. oi2 gen,AT4G28760,31,2.973085403442383,1.5236246197228584e-181,28.961328506469727
gehring_L3_state,32. oi2 gen,AT4G33180,32,3.483590841293335,3.89106872504355e-180,28.8482666015625
gehring_L3_state,32. oi2 gen,AT4G33220,33,3.4523444175720215,1.076159817097507e-173,28.32898712158203
gehring_L3_state,32. oi2 gen,AT3G50620,34,3.1030123233795166,8.810989881484818e-169,27.926233291625977
gehring_L3_state,32. oi2 gen,AT5G67620,35,3.6626927852630615,1.48874580092437e-165,27.658113479614258
gehring_L3_state,32. oi2 gen,AT2G37300,36,4.123946189880371,5.007958308207948e-160,27.193687438964844
gehring_L3_state,32. oi2 gen,AT1G12880,37,3.273571491241455,1.019425476655213e-151,26.480783462524414
gehring_L3_state,32. oi2 gen,AT1G04220,38,4.180654048919678,1.9758915203992235e-147,26.104843139648438
gehring_L3_state,32. oi2 gen,AT1G35630,39,6.346590042114258,3.0147667522844337e-145,25.910816192626953
gehring_L3_state,32. oi2 gen,AT3G20470,40,2.4354360103607178,3.7648851974753e-136,25.08970069885254
gehring_L3_state,32. oi2 gen,AT1G17420,41,3.6435344219207764,6.139043987596216e-135,24.977380752563477
gehring_L3_state,32. oi2 gen,AT2G42830,42,2.517402410507202,1.3697557831243415e-132,24.759309768676758
gehring_L3_state,32. oi2 gen,AT4G09820,43,3.253382444381714,2.6184587028874266e-130,24.545618057250977
gehring_L3_state,32. oi2 gen,AT1G71030,44,4.237834930419922,4.938311711214185e-130,24.518863677978516
gehring_L3_state,32. oi2 gen,AT2G21300,45,2.950800895690918,2.0181344976285791e-125,24.081724166870117
gehring_L3_state,32. oi2 gen,AT3G54340,46,2.6030080318450928,3.042622237953233e-123,23.871980667114258
gehring_L3_state,32. oi2 gen,AT5G47330,47,3.3721280097961426,3.48633313329178e-122,23.76888084411621
gehring_L3_state,32. oi2 gen,AT2G23550,48,3.8457324504852295,5.883964334497638e-122,23.746004104614258
gehring_L3_state,32. oi2 gen,AT3G11720,49,3.262892484664917,1.6569048768142157e-118,23.40797996520996
gehring_L3_state,32. oi2 gen,AT2G38540,50,2.583277940750122,1.2607971649274375e-116,23.221668243408203
gehring_L3_state,33. oi2 VLCFA synth,AT4G20320,1,6.882761001586914,2.211892595110059e-93,20.982574462890625
gehring_L3_state,33. oi2 VLCFA synth,AT5G59320,2,5.2115068435668945,9.892062281852061e-92,20.767803192138672
gehring_L3_state,33. oi2 VLCFA synth,AT5G49360,3,5.397701263427734,2.1423423030584682e-89,20.48809051513672
gehring_L3_state,33. oi2 VLCFA synth,AT1G62480,4,4.599027633666992,5.319595670924189e-66,17.656286239624023
gehring_L3_state,33. oi2 VLCFA synth,AT4G26590,5,3.086559772491455,2.8782793468465646e-47,15.011677742004395
gehring_L3_state,33. oi2 VLCFA synth,AT2G46960,6,3.331540822982788,1.1382962437372386e-41,14.118487358093262
gehring_L3_state,33. oi2 VLCFA synth,AT1G76180,7,3.091930627822876,2.7104013220213563e-37,13.37812328338623
gehring_L3_state,33. oi2 VLCFA synth,AT5G45670,8,3.5593395233154297,1.1509321506995648e-36,13.260186195373535
gehring_L3_state,33. oi2 VLCFA synth,AT4G21750,9,3.596803665161133,3.702398557098865e-36,13.163382530212402
gehring_L3_state,33. oi2 VLCFA synth,AT1G68530,10,4.986469268798828,1.1944152279349594e-33,12.711417198181152
gehring_L3_state,33. oi2 VLCFA synth,AT1G27080,11,2.5249311923980713,2.465379883846464e-28,11.700590133666992
gehring_L3_state,33. oi2 VLCFA synth,AT5G59310,12,4.632012844085693,7.231563530769359e-28,11.602076530456543
gehring_L3_state,33. oi2 VLCFA synth,AT4G21960,13,1.9969851970672607,1.1882608834620427e-27,11.553139686584473
gehring_L3_state,33. oi2 VLCFA synth,AT1G79700,14,5.5310282707214355,4.582220938670023e-27,11.43060302734375
gehring_L3_state,33. oi2 VLCFA synth,AT2G26250,15,2.8738839626312256,9.525344042537068e-27,11.361252784729004
gehring_L3_state,33. oi2 VLCFA synth,AT1G55260,16,3.476969003677368,1.592526126271266e-26,11.310953140258789
gehring_L3_state,33. oi2 VLCFA synth,AT1G35612,17,3.896502733230591,3.1235837375298564e-26,11.246654510498047
gehring_L3_state,33. oi2 VLCFA synth,AT2G01021,18,3.3761603832244873,2.5453560426590503e-25,11.055187225341797
gehring_L3_state,33. oi2 VLCFA synth,AT3G53420,19,5.475754737854004,3.497785601283588e-25,11.022013664245605
gehring_L3_state,33. oi2 VLCFA synth,AT5G56870,20,4.481268882751465,3.7234762456894284e-24,10.802617073059082
gehring_L3_state,33. oi2 VLCFA synth,AT3G62070,21,4.2941975593566895,9.634010346449853e-24,10.71069622039795
gehring_L3_state,33. oi2 VLCFA synth,AT1G51500,22,2.927184581756592,3.522977576717287e-22,10.368012428283691
gehring_L3_state,33. oi2 VLCFA synth,AT4G16670,23,3.7847650051116943,4.576838175737372e-22,10.338891983032227
gehring_L3_state,33. oi2 VLCFA synth,AT1G04220,24,4.095311641693115,9.821159787950837e-22,10.261516571044922
gehring_L3_state,33. oi2 VLCFA synth,AT1G14520,25,2.035681962966919,2.27956660735433e-20,9.949455261230469
gehring_L3_state,33. oi2 VLCFA synth,AT4G26420,26,2.767193078994751,8.232493322736991e-20,9.817038536071777
gehring_L3_state,33. oi2 VLCFA synth,AT4G05631,27,1.876833438873291,1.0028644885740998e-19,9.793442726135254
gehring_L3_state,33. oi2 VLCFA synth,AT5G57685,28,3.0677402019500732,3.835156092794203e-19,9.653334617614746
gehring_L3_state,33. oi2 VLCFA synth,AT2G35760,29,3.3675572872161865,9.68031864034e-19,9.554448127746582
gehring_L3_state,33. oi2 VLCFA synth,AT5G45920,30,4.307575225830078,1.593495979059052e-17,9.256451606750488
gehring_L3_state,33. oi2 VLCFA synth,AT1G45010,31,4.17083215713501,7.367173062277548e-17,9.088019371032715
gehring_L3_state,33. oi2 VLCFA synth,AT3G23820,32,3.277355194091797,1.2434704578459024e-16,9.02755069732666
gehring_L3_state,33. oi2 VLCFA synth,ATMG00020,33,0.9678619503974915,2.6629758411488416e-16,8.940515518188477
gehring_L3_state,33. oi2 VLCFA synth,AT4G39330,34,2.8894073963165283,3.181852268131806e-16,8.91761302947998
gehring_L3_state,33. oi2 VLCFA synth,AT2G32240,35,2.978512763977051,3.4147575246119993e-16,8.906660079956055
gehring_L3_state,33. oi2 VLCFA synth,AT2G37180,36,3.7902252674102783,3.101906972649213e-15,8.652397155761719
gehring_L3_state,33. oi2 VLCFA synth,AT1G05230,37,2.8066790103912354,5.2479032069240934e-15,8.589219093322754
gehring_L3_state,33. oi2 VLCFA synth,AT2G01850,38,1.731396198272705,1.3783736316271714e-14,8.474603652954102
gehring_L3_state,33. oi2 VLCFA synth,AT2G37300,39,3.4146218299865723,2.502378018197043e-14,8.401999473571777
gehring_L3_state,33. oi2 VLCFA synth,AT1G17840,40,2.514448881149292,2.0757407777402755e-13,8.147026062011719
gehring_L3_state,33. oi2 VLCFA synth,AT5G12170,41,2.109577178955078,3.2156692288945074e-13,8.09104061126709
gehring_L3_state,33. oi2 VLCFA synth,AT2G39400,42,3.2706475257873535,1.944080930842496e-12,7.866068363189697
gehring_L3_state,33. oi2 VLCFA synth,AT3G23450,43,1.95926034450531,2.6305639435194013e-12,7.825301647186279
gehring_L3_state,33. oi2 VLCFA synth,AT2G38540,44,1.951191782951355,2.7297154684882484e-11,7.522543430328369
gehring_L3_state,33. oi2 VLCFA synth,AT2G41220,45,2.1409904956817627,3.4815076611302606e-11,7.487860202789307
gehring_L3_state,33. oi2 VLCFA synth,AT2G01520,46,2.7196669578552246,3.925282656314042e-11,7.468507766723633
gehring_L3_state,33. oi2 VLCFA synth,AT1G51440,47,6.43604850769043,3.925282656314042e-11,7.466609477996826
gehring_L3_state,33. oi2 VLCFA synth,AT1G76990,48,2.7080764770507812,1.0095506845492523e-10,7.338527679443359
gehring_L3_state,33. oi2 VLCFA synth,AT4G27830,49,3.6998043060302734,1.7329033278985485e-10,7.263176441192627
gehring_L3_state,33. oi2 VLCFA synth,AT1G20450,50,3.9020540714263916,2.2708894993365744e-10,7.2238922119140625
gehring_L3_state,33. oi2 gen II,AT5G45670,1,5.798399925231934,0.0,39.22921371459961
gehring_L3_state,33. oi2 gen II,AT4G33220,2,5.131349563598633,4.212530959468638e-285,36.34130859375
gehring_L3_state,33. oi2 gen II,AT1G72970,3,5.019046783447266,4.4841554334690723e-281,36.074214935302734
gehring_L3_state,33. oi2 gen II,AT4G25830,4,4.565992832183838,9.53227695894749e-277,35.78911209106445
gehring_L3_state,33. oi2 gen II,AT3G50660,5,4.849298000335693,1.0023151864482496e-268,35.26332473754883
gehring_L3_state,33. oi2 gen II,AT5G67620,6,5.223431587219238,1.5139451500237178e-264,34.98439407348633
gehring_L3_state,33. oi2 gen II,AT3G58780,7,3.966132879257202,2.1491349168434764e-259,34.63946533203125
gehring_L3_state,33. oi2 gen II,AT2G38540,8,4.43489933013916,2.3035019816136986e-249,33.96284103393555
gehring_L3_state,33. oi2 gen II,AT4G19380,9,5.365278244018555,2.310084877822292e-244,33.618858337402344
gehring_L3_state,33. oi2 gen II,AT5G59320,10,4.495461940765381,1.3548935712855538e-240,33.35684585571289
gehring_L3_state,33. oi2 gen II,AT1G55260,11,4.8083882331848145,3.797775417543785e-239,33.25399398803711
gehring_L3_state,33. oi2 gen II,AT1G52030,12,4.290061950683594,9.572142020401517e-235,32.945457458496094
gehring_L3_state,33. oi2 gen II,AT5G24420,13,4.8545026779174805,1.0422457745121073e-233,32.87053680419922
gehring_L3_state,33. oi2 gen II,AT4G13840,14,4.326242446899414,1.8376624819659774e-225,32.28597640991211
gehring_L3_state,33. oi2 gen II,AT3G13530,15,4.600069999694824,1.2385000174075133e-224,32.2247428894043
gehring_L3_state,33. oi2 gen II,AT3G45970,16,4.289305210113525,1.9868620116901594e-224,32.20808410644531
gehring_L3_state,33. oi2 gen II,AT1G51460,17,4.948493957519531,7.496791878812338e-224,32.16498565673828
gehring_L3_state,33. oi2 gen II,AT1G72260,18,4.287410736083984,1.0887773015866344e-222,32.07999038696289
gehring_L3_state,33. oi2 gen II,AT5G64870,19,4.847470760345459,5.0364651763175435e-217,31.669450759887695
gehring_L3_state,33. oi2 gen II,AT3G54340,20,3.879422426223755,7.065275493798041e-206,30.847530364990234
gehring_L3_state,33. oi2 gen II,AT5G51750,21,4.502627849578857,4.8584271337189244e-204,30.708633422851562
gehring_L3_state,33. oi2 gen II,AT3G20470,22,3.565711498260498,3.978873547238976e-201,30.488121032714844
gehring_L3_state,33. oi2 gen II,AT3G23450,23,3.7320942878723145,4.3622090637603015e-201,30.48365020751953
gehring_L3_state,33. oi2 gen II,AT1G73010,24,5.501919269561768,7.208035533304048e-198,30.23845100402832
gehring_L3_state,33. oi2 gen II,AT1G52400,25,4.320845127105713,3.263067350011321e-196,30.110885620117188
gehring_L3_state,33. oi2 gen II,AT4G15210,26,3.854104995727539,1.687151019164053e-195,30.055028915405273
gehring_L3_state,33. oi2 gen II,AT1G05230,27,4.085618495941162,9.058187436197598e-193,29.844125747680664
gehring_L3_state,33. oi2 gen II,AT1G75900,28,4.4364166259765625,2.0829227054437225e-192,29.81502342224121
gehring_L3_state,33. oi2 gen II,AT4G11280,29,4.890423774719238,2.7959430945217612e-191,29.72671127319336
gehring_L3_state,33. oi2 gen II,AT5G44063,30,4.62772798538208,2.596513016695996e-190,29.650590896606445
gehring_L3_state,33. oi2 gen II,AT3G08770,31,3.9140450954437256,3.850361794127443e-190,29.63620948791504
gehring_L3_state,33. oi2 gen II,AT1G11670,32,4.078699588775635,2.093975427441183e-185,29.26531982421875
gehring_L3_state,33. oi2 gen II,AT1G17420,33,4.569107532501221,3.888859438460705e-185,29.243131637573242
gehring_L3_state,33. oi2 gen II,AT1G14520,34,3.2398741245269775,3.6336134720441e-184,29.165681838989258
gehring_L3_state,33. oi2 gen II,AT2G34150,35,3.8477094173431396,3.709309931260501e-182,29.005834579467773
gehring_L3_state,33. oi2 gen II,AT3G25780,36,5.736370086669922,1.1658467952560933e-176,28.565649032592773
gehring_L3_state,33. oi2 gen II,AT2G22500,37,3.6279656887054443,8.978788851732255e-175,28.412397384643555
gehring_L3_state,33. oi2 gen II,AT4G21750,38,3.669832229614258,4.689319564766964e-173,28.272064208984375
gehring_L3_state,33. oi2 gen II,AT1G17200,39,3.7599503993988037,2.568441387480696e-167,27.80043601989746
gehring_L3_state,33. oi2 gen II,AT5G64900,40,3.3402297496795654,3.661879540343118e-167,27.786781311035156
gehring_L3_state,33. oi2 gen II,AT1G72520,41,6.29288911819458,1.0341864615843076e-166,27.748550415039062
gehring_L3_state,33. oi2 gen II,AT1G75750,42,3.5893824100494385,2.74238047169658e-166,27.712560653686523
gehring_L3_state,33. oi2 gen II,AT2G41430,43,3.0410990715026855,1.2703997913095008e-165,27.656408309936523
gehring_L3_state,33. oi2 gen II,AT3G52800,44,3.329786539077759,4.36194755256441e-164,27.527584075927734
gehring_L3_state,33. oi2 gen II,AT1G06520,45,4.102161884307861,1.4535951419862486e-158,27.061479568481445
gehring_L3_state,33. oi2 gen II,AT2G01850,46,2.859713554382324,3.0864607143491696e-157,26.94767189025879
gehring_L3_state,33. oi2 gen II,AT4G39330,47,3.7384490966796875,3.3983382278651293e-156,26.85782814025879
gehring_L3_state,33. oi2 gen II,AT1G76880,48,2.7985448837280273,3.9936623213310195e-156,26.851043701171875
gehring_L3_state,33. oi2 gen II,AT5G23940,49,4.130756378173828,2.2916459472945435e-155,26.78521728515625
gehring_L3_state,33. oi2 gen II,AT1G54020,50,4.77866792678833,1.810991632794574e-154,26.70728302001953
gehring_L3_state,34. oi2 s-phase,AT5G45670,1,5.473226070404053,3.972010870709618e-213,31.478710174560547
gehring_L3_state,34. oi2 s-phase,AT2G38540,2,4.565682411193848,4.765422905830659e-181,29.016475677490234
gehring_L3_state,34. oi2 s-phase,AT4G33220,3,4.795585632324219,1.6920160097595732e-179,28.879316329956055
gehring_L3_state,34. oi2 s-phase,AT1G72970,4,4.75954008102417,1.2413298482225517e-175,28.559772491455078
gehring_L3_state,34. oi2 s-phase,AT3G58780,5,3.921677589416504,2.239712836229033e-174,28.45059585571289
gehring_L3_state,34. oi2 s-phase,AT4G19380,6,5.389381408691406,8.55410886652349e-174,28.39710235595703
gehring_L3_state,34. oi2 s-phase,AT1G75900,7,4.931159019470215,3.109893279965993e-172,28.264991760253906
gehring_L3_state,34. oi2 s-phase,AT4G25830,8,4.1330647468566895,1.325692006341742e-158,27.128536224365234
gehring_L3_state,34. oi2 s-phase,AT1G52030,9,4.198805332183838,6.435992126091562e-157,26.98087501525879
gehring_L3_state,34. oi2 s-phase,AT1G55260,10,4.546703815460205,2.75163804028751e-153,26.665691375732422
gehring_L3_state,34. oi2 s-phase,AT5G24420,11,4.493981838226318,2.1350736023043702e-148,26.237041473388672
gehring_L3_state,34. oi2 s-phase,AT5G59320,12,4.225886344909668,3.081796511119746e-147,26.13191795349121
gehring_L3_state,34. oi2 s-phase,AT1G51460,13,4.845065116882324,9.419446487416115e-147,26.08612632751465
gehring_L3_state,34. oi2 s-phase,AT3G50660,14,4.264514446258545,3.9807728589055745e-145,25.9395694732666
gehring_L3_state,34. oi2 s-phase,AT1G72260,15,4.088055610656738,1.3525329008800162e-144,25.88978385925293
gehring_L3_state,34. oi2 s-phase,AT1G17200,16,4.134261131286621,1.4715533816715764e-143,25.79506492614746
gehring_L3_state,34. oi2 s-phase,AT4G13840,17,4.082174301147461,8.048385544555256e-143,25.72685432434082
gehring_L3_state,34. oi2 s-phase,AT3G20470,18,3.6590464115142822,1.0256350462356888e-142,25.715225219726562
gehring_L3_state,34. oi2 s-phase,AT2G34150,19,4.0795793533325195,2.410673642982563e-142,25.67991828918457
gehring_L3_state,34. oi2 s-phase,AT1G52400,20,4.2537713050842285,2.9123884423289117e-141,25.580852508544922
gehring_L3_state,34. oi2 s-phase,AT3G54340,21,3.772871732711792,2.372579296921602e-139,25.40660858154297
gehring_L3_state,34. oi2 s-phase,AT4G39330,22,4.084157466888428,1.7689886089945247e-132,24.77506446838379
gehring_L3_state,34. oi2 s-phase,AT5G51750,23,4.290106296539307,4.086533866342113e-129,24.459157943725586
gehring_L3_state,34. oi2 s-phase,AT1G05230,24,3.9800329208374023,1.2394101022166249e-126,24.223031997680664
gehring_L3_state,34. oi2 s-phase,AT2G01520,25,4.236750602722168,1.051906201347744e-125,24.133045196533203
gehring_L3_state,34. oi2 s-phase,AT3G23450,26,3.53367280960083,7.924765910326497e-124,23.951963424682617
gehring_L3_state,34. oi2 s-phase,AT4G21750,27,3.703754186630249,1.7961982669826166e-123,23.916259765625
gehring_L3_state,34. oi2 s-phase,AT1G14350,28,4.446101665496826,1.7113354153365155e-121,23.723772048950195
gehring_L3_state,34. oi2 s-phase,AT1G02190,29,5.622437000274658,2.7479978884907427e-121,23.702356338500977
gehring_L3_state,34. oi2 s-phase,AT1G75750,30,3.6977458000183105,1.6954784611032703e-120,23.624164581298828
gehring_L3_state,34. oi2 s-phase,AT3G08770,31,3.71099853515625,8.380367544038612e-117,23.260591506958008
gehring_L3_state,34. oi2 s-phase,AT1G65470,32,4.459043502807617,4.9872031228871894e-114,22.983428955078125
gehring_L3_state,34. oi2 s-phase,AT5G23940,33,4.018092155456543,4.22041546683572e-109,22.483957290649414
gehring_L3_state,34. oi2 s-phase,AT4G15210,34,3.4825122356414795,3.7569644782022785e-107,22.28247833251953
gehring_L3_state,34. oi2 s-phase,AT1G17840,35,3.6026837825775146,4.268658254704057e-107,22.27545928955078
gehring_L3_state,34. oi2 s-phase,AT2G26250,36,3.28244948387146,6.229151313739872e-105,22.049802780151367
gehring_L3_state,34. oi2 s-phase,AT2G43530,37,3.380171775817871,6.825382642805259e-105,22.04442596435547
gehring_L3_state,34. oi2 s-phase,AT1G79110,38,3.4808120727539062,1.8452225405408582e-103,21.893442153930664
gehring_L3_state,34. oi2 s-phase,AT3G13530,39,3.5154831409454346,4.71719729808669e-100,21.531635284423828
gehring_L3_state,34. oi2 s-phase,AT1G76880,40,2.696646213531494,3.113169325230026e-99,21.442827224731445
gehring_L3_state,34. oi2 s-phase,AT3G26450,41,4.321165084838867,7.863854709553791e-98,21.290870666503906
gehring_L3_state,34. oi2 s-phase,AT5G67100,42,3.754443407058716,2.771510521230383e-97,21.230621337890625
gehring_L3_state,34. oi2 s-phase,AT1G65370,43,2.468278646469116,3.4705202539142794e-96,21.110387802124023
gehring_L3_state,34. oi2 s-phase,AT4G32170,44,4.722532272338867,4.216798242705315e-96,21.100093841552734
gehring_L3_state,34. oi2 s-phase,AT5G23420,45,4.317408561706543,1.4993758082478826e-95,21.038955688476562
gehring_L3_state,34. oi2 s-phase,AT1G49430,46,3.7454261779785156,2.118620396262834e-95,21.02151107788086
gehring_L3_state,34. oi2 s-phase,AT5G67620,47,3.8308372497558594,3.6439747941171136e-95,20.994733810424805
gehring_L3_state,34. oi2 s-phase,AT3G13600,48,4.400285243988037,4.281568131739987e-95,20.986068725585938
gehring_L3_state,34. oi2 s-phase,AT3G16370,49,3.3452179431915283,2.863608118739773e-93,20.7843017578125
gehring_L3_state,34. oi2 s-phase,AT5G01180,50,3.0958406925201416,5.06369403061716e-92,20.644975662231445
gehring_L3_state,4. EMB cort init,AT2G16586,1,2.843357563018799,1.771041559762067e-14,8.788522720336914
gehring_L3_state,4. EMB cort init,AT2G24700,2,6.894672393798828,4.517249062841368e-14,8.636467933654785
gehring_L3_state,4. EMB cort init,AT3G06355,3,1.0948468446731567,2.8054725173801423e-11,7.83201789855957
gehring_L3_state,4. EMB cort init,ATCG00030,4,2.320333242416382,8.017292108556491e-11,7.670370578765869
gehring_L3_state,4. EMB cort init,AT3G41768,5,0.9000988006591797,5.189993418113318e-09,7.09091854095459
gehring_L3_state,4. EMB cort init,AT5G64570,6,4.420877456665039,1.1099538157442696e-08,6.944466590881348
gehring_L3_state,4. EMB cort init,AT1G23000,7,4.116125106811523,1.9684179117070823e-07,6.508722305297852
gehring_L3_state,4. EMB cort init,AT1G56110,8,2.8308475017547607,8.346340864584993e-07,6.243278503417969
gehring_L3_state,4. EMB cort init,AT1G02780,9,2.0179460048675537,9.67138324334939e-07,6.207629680633545
gehring_L3_state,4. EMB cort init,ATCG01130,10,2.1368439197540283,1.0428330956000956e-06,6.184091567993164
gehring_L3_state,4. EMB cort init,AT1G73100,11,3.6815619468688965,1.1259916941974756e-06,6.161060810089111
gehring_L3_state,4. EMB cort init,AT5G62230,12,4.099637508392334,1.1362850264433518e-06,6.149390697479248
gehring_L3_state,4. EMB cort init,AT1G29418,13,2.3487331867218018,1.4426304171549779e-06,6.1017351150512695
gehring_L3_state,4. EMB cort init,AT1G63260,14,3.8503339290618896,1.9127919606694976e-06,6.047291278839111
gehring_L3_state,4. EMB cort init,AT5G28640,15,3.3336007595062256,2.660179883644776e-06,5.985114574432373
gehring_L3_state,4. EMB cort init,AT3G49010,16,2.194896697998047,3.882762604173218e-06,5.914824485778809
gehring_L3_state,4. EMB cort init,AT4G30990,17,2.341935634613037,4.954213488479447e-06,5.866495132446289
gehring_L3_state,4. EMB cort init,AT1G48920,18,2.0078132152557373,4.954766003854408e-06,5.858754634857178
gehring_L3_state,4. EMB cort init,AT3G04840,19,2.323471784591675,5.389113567420205e-06,5.837377548217773
gehring_L3_state,4. EMB cort init,AT1G68560,20,3.1826171875,6.4157356118429654e-06,5.801114559173584
gehring_L3_state,4. EMB cort init,AT2G34700,21,2.8202497959136963,7.295682303661393e-06,5.772655010223389
gehring_L3_state,4. EMB cort init,AT1G01320,22,2.607179641723633,9.312840426087697e-06,5.7247419357299805
gehring_L3_state,4. EMB cort init,AT1G70710,23,4.216878414154053,1.226851081413089e-05,5.671300888061523
gehring_L3_state,4. EMB cort init,AT1G28290,24,4.589712142944336,1.708571482714702e-05,5.607819557189941
gehring_L3_state,4. EMB cort init,AT5G20290,25,1.8817245960235596,2.639722068436146e-05,5.520102500915527
gehring_L3_state,4. EMB cort init,AT3G60245,26,1.7695579528808594,3.053227342071518e-05,5.48868465423584
gehring_L3_state,4. EMB cort init,ATCG00040,27,2.023254632949829,3.0926226593808185e-05,5.48080587387085
gehring_L3_state,4. EMB cort init,AT5G13000,28,2.101600408554077,4.343511570175115e-05,5.4095563888549805
gehring_L3_state,4. EMB cort init,AT1G57820,29,4.549320697784424,4.5358554456333095e-05,5.396589756011963
gehring_L3_state,4. EMB cort init,AT5G07180,30,5.561567306518555,0.0001367426868670773,5.179645538330078
gehring_L3_state,4. EMB cort init,AT1G18540,31,2.0988190174102783,0.00014458526707584912,5.164375305175781
gehring_L3_state,4. EMB cort init,AT3G05590,32,1.9866751432418823,0.00016748703235199144,5.122671604156494
gehring_L3_state,4. EMB cort init,AT5G47210,33,1.922140121459961,0.00016807000952216326,5.111425876617432
gehring_L3_state,4. EMB cort init,AT4G35100,34,3.7996814250946045,0.00016807000952216326,5.10917329788208
gehring_L3_state,4. EMB cort init,AT4G34670,35,1.9525034427642822,0.0001683071932365027,5.104752063751221
gehring_L3_state,4. EMB cort init,AT4G26190,36,1.9487985372543335,0.00022964714775450894,5.041552543640137
gehring_L3_state,4. EMB cort init,AT3G24650,37,3.2105605602264404,0.000250564848485689,5.016844272613525
gehring_L3_state,4. EMB cort init,AT5G02500,38,2.0969953536987305,0.0002908034385355141,4.982817649841309
gehring_L3_state,4. EMB cort init,AT2G45190,39,5.632282733917236,0.0002908034385355141,4.980406761169434
gehring_L3_state,4. EMB cort init,AT1G02800,40,5.28188943862915,0.00036130462375434457,4.93072509765625
gehring_L3_state,4. EMB cort init,AT1G72370,41,1.7683188915252686,0.00045751635822162114,4.8807220458984375
gehring_L3_state,4. EMB cort init,AT2G34710,42,3.2057244777679443,0.0005345996275247572,4.846286773681641
gehring_L3_state,4. EMB cort init,AT5G57390,43,3.4645700454711914,0.0005553815451929229,4.835128307342529
gehring_L3_state,4. EMB cort init,AT1G20100,44,1.7605583667755127,0.0006625988864683215,4.789027214050293
gehring_L3_state,4. EMB cort init,AT2G01250,45,1.6982179880142212,0.0006625988864683215,4.7860612869262695
gehring_L3_state,4. EMB cort init,AT5G48360,46,4.267686367034912,0.0007561032229164489,4.7561469078063965
gehring_L3_state,4. EMB cort init,AT2G23350,47,2.12518048286438,0.00078147704717863,4.746185779571533
gehring_L3_state,4. EMB cort init,AT4G22010,48,5.082305431365967,0.0008746006065222305,4.720097541809082
gehring_L3_state,4. EMB cort init,AT1G67120,49,2.2234601974487305,0.0009227353832706037,4.705976963043213
gehring_L3_state,4. EMB cort init,AT3G13960,50,4.621758937835693,0.0011725767096504311,4.653670310974121
gehring_L3_state,4. EMB unknown I,AT5G47500,1,6.5203657150268555,1.4312988223164022e-12,8.362823486328125
gehring_L3_state,4. EMB unknown I,AT4G33270,2,5.416694641113281,3.288842624391968e-12,8.181037902832031
gehring_L3_state,4. EMB unknown I,AT4G12960,3,3.9123594760894775,1.3183602304227354e-11,7.962052345275879
gehring_L3_state,4. EMB unknown I,AT5G13840,4,5.839976787567139,4.501421665739847e-09,7.1663336753845215
gehring_L3_state,4. EMB unknown I,AT3G21500,5,3.3764078617095947,4.705540386118603e-09,7.129604816436768
gehring_L3_state,4. EMB unknown I,AT4G33260,6,3.588841199874878,1.6621949594199335e-08,6.928050994873047
gehring_L3_state,4. EMB unknown I,AT3G51740,7,4.087342262268066,8.527720187115959e-06,5.957972526550293
gehring_L3_state,4. EMB unknown I,AT3G60900,8,2.1028785705566406,0.0001970719944440322,5.3726348876953125
gehring_L3_state,4. EMB unknown I,AT1G24260,9,2.5183796882629395,0.0001970719944440322,5.368359088897705
gehring_L3_state,4. EMB unknown I,AT4G12870,10,2.284693479537964,0.0001970719944440322,5.35764741897583
gehring_L3_state,4. EMB unknown I,AT1G72260,11,2.3709707260131836,0.0006955647509524625,5.106985569000244
gehring_L3_state,4. EMB unknown I,AT1G73620,12,2.923149347305298,0.0007866059174880268,5.067140579223633
gehring_L3_state,4. EMB unknown I,AT3G03270,13,2.4107465744018555,0.0009692822790418371,5.0118513107299805
gehring_L3_state,4. EMB unknown I,AT1G52030,14,2.374722719192505,0.0014375454682312504,4.921000957489014
gehring_L3_state,4. EMB unknown I,AT2G38170,15,2.1427972316741943,0.003116372225725425,4.753434658050537
gehring_L3_state,4. EMB unknown I,AT1G63100,16,3.4174437522888184,0.0032102824405967666,4.734356880187988
gehring_L3_state,4. EMB unknown I,AT3G41768,17,0.5898517370223999,0.022565835918066157,4.297275066375732
gehring_L3_state,4. EMB unknown I,AT2G22970,18,2.3377883434295654,0.022565835918066157,4.296167373657227
gehring_L3_state,4. EMB unknown I,AT5G27380,19,1.672988772392273,0.04360741743779057,4.123518943786621
gehring_L3_state,4. EMB unknown I,AT2G28790,20,2.915041923522949,0.04840501728595891,4.088118076324463
gehring_L3_state,4. EMB unknown I,AT1G76880,21,1.6677109003067017,0.04955498888622743,4.071846008300781
gehring_L3_state,4. EMB unknown I,AT5G28300,22,2.6699533462524414,0.09749975512754396,3.900637626647949
gehring_L3_state,4. EMB unknown I,AT1G76620,23,2.39127516746521,0.11618040752692328,3.84757661819458
gehring_L3_state,4. EMB unknown I,AT2G27710,24,1.537980079650879,0.1903260705062451,3.7145495414733887
gehring_L3_state,4. EMB unknown I,AT2G43530,25,1.9189225435256958,0.23872756975576825,3.637065887451172
gehring_L3_state,4. EMB unknown I,AT2G30810,26,1.8839631080627441,0.25262122228136186,3.613048553466797
gehring_L3_state,4. EMB unknown I,AT4G17000,27,3.738211154937744,0.358373723912823,3.5120689868927
gehring_L3_state,4. EMB unknown I,AT2G05790,28,2.1695234775543213,0.5275479176121537,3.3897101879119873
gehring_L3_state,4. EMB unknown I,AT3G50660,29,1.9072208404541016,0.6323746157776271,3.306196451187134
gehring_L3_state,4. EMB unknown I,AT3G43720,30,1.9731199741363525,0.6323746157776271,3.305842876434326
gehring_L3_state,4. EMB unknown I,AT3G06355,31,0.6365228295326233,0.6581435794305369,3.2867090702056885
gehring_L3_state,4. EMB unknown I,AT1G70710,32,3.6905243396759033,0.7181244523530971,3.2542905807495117
gehring_L3_state,4. EMB unknown I,AT3G08770,33,1.3756200075149536,0.784756883304166,3.214083433151245
gehring_L3_state,4. EMB unknown I,AT1G30530,34,1.485117793083191,0.784756883304166,3.2139153480529785
gehring_L3_state,4. EMB unknown I,AT4G15750,35,1.299380898475647,0.8264334883956103,3.191721200942993
gehring_L3_state,4. EMB unknown I,AT1G69840,36,1.8924163579940796,0.869705221868689,3.16978120803833
gehring_L3_state,4. EMB unknown I,AT1G10640,37,2.3386218547821045,0.9999636796214134,3.0938148498535156
gehring_L3_state,4. EMB unknown I,AT1G18540,38,1.6121833324432373,0.9999636796214134,3.0743579864501953
gehring_L3_state,4. EMB unknown I,AT1G73660,39,1.4985401630401611,0.9999636796214134,3.030581474304199
gehring_L3_state,4. EMB unknown I,AT3G43960,40,2.1223692893981934,0.9999636796214134,3.018460750579834
gehring_L3_state,4. EMB unknown I,AT1G18650,41,2.226445436477661,0.9999636796214134,3.005749464035034
gehring_L3_state,4. EMB unknown I,AT4G21910,42,1.7530616521835327,0.9999636796214134,2.9979519844055176
gehring_L3_state,4. EMB unknown I,AT2G45470,43,1.6687910556793213,0.9999636796214134,2.882394790649414
gehring_L3_state,4. EMB unknown I,AT5G46330,44,2.6013593673706055,0.9999636796214134,2.870136022567749
gehring_L3_state,4. EMB unknown I,AT1G70600,45,1.4305088520050049,0.9999636796214134,2.831010580062866
gehring_L3_state,4. EMB unknown I,AT5G15410,46,2.744068145751953,0.9999636796214134,2.822601079940796
gehring_L3_state,4. EMB unknown I,AT4G16860,47,3.9717323780059814,0.9999636796214134,2.7541003227233887
gehring_L3_state,4. EMB unknown I,AT2G13810,48,1.756700873374939,0.9999636796214134,2.74299693107605
gehring_L3_state,4. EMB unknown I,AT1G01620,49,3.0858516693115234,0.9999636796214134,2.7375614643096924
gehring_L3_state,4. EMB unknown I,AT3G06130,50,1.678218126296997,0.9999636796214134,2.732863187789917
gehring_L3_state,4. EMB vasc prim,AT4G25140,1,5.384185791015625,4.444932731755919e-229,32.6235466003418
gehring_L3_state,4. EMB vasc prim,AT3G01570,2,4.4994635581970215,1.6968179135754967e-158,27.170448303222656
gehring_L3_state,4. EMB vasc prim,AT2G34700,3,4.433334827423096,8.733253821103769e-148,26.232879638671875
gehring_L3_state,4. EMB vasc prim,AT5G40420,4,4.184976100921631,3.3816087522307777e-125,24.160531997680664
gehring_L3_state,4. EMB vasc prim,AT3G51950,5,3.3669910430908203,2.2451468854713754e-123,23.97726058959961
gehring_L3_state,4. EMB vasc prim,ATCG00020,6,2.3933358192443848,1.863237613177719e-115,23.19788360595703
gehring_L3_state,4. EMB vasc prim,AT5G51210,7,3.8189361095428467,2.310255635637869e-114,23.082637786865234
gehring_L3_state,4. EMB vasc prim,AT2G18540,8,4.502373218536377,3.9240298794632655e-113,22.954030990600586
gehring_L3_state,4. EMB vasc prim,AT4G26740,9,4.300398349761963,5.430044808858468e-107,22.320758819580078
gehring_L3_state,4. EMB vasc prim,AT5G44120,10,3.64131236076355,1.5104103439324658e-94,20.984712600708008
gehring_L3_state,4. EMB vasc prim,AT1G65090,11,3.845932960510254,1.5931743946021604e-93,20.86910057067871
gehring_L3_state,4. EMB vasc prim,AT3G54940,12,4.9748125076293945,4.670443268383838e-89,20.362512588500977
gehring_L3_state,4. EMB vasc prim,AT1G54860,13,4.534318447113037,2.3963469711031974e-87,20.16599464416504
gehring_L3_state,4. EMB vasc prim,AT5G13790,14,3.491319417953491,3.856024511905945e-83,19.67361831665039
gehring_L3_state,4. EMB vasc prim,AT1G23000,15,4.643685340881348,7.072956075435838e-83,19.640581130981445
gehring_L3_state,4. EMB vasc prim,AT5G49190,16,3.4718925952911377,7.679797165269046e-76,18.79553985595703
gehring_L3_state,4. EMB vasc prim,AT2G28490,17,3.857332468032837,9.885290942191872e-68,17.773107528686523
gehring_L3_state,4. EMB vasc prim,AT2G27040,18,2.2423837184906006,7.357791344183471e-66,17.525651931762695
gehring_L3_state,4. EMB vasc prim,AT4G27160,19,3.0648136138916016,1.9048572140423352e-65,17.469533920288086
gehring_L3_state,4. EMB vasc prim,AT3G12203,20,3.969740629196167,1.1675954308896884e-62,17.095670700073242
gehring_L3_state,4. EMB vasc prim,AT4G16160,21,4.201117515563965,2.1533083859565584e-58,16.511348724365234
gehring_L3_state,4. EMB vasc prim,AT5G43810,22,3.7819252014160156,2.5161682094438147e-55,16.07765007019043
gehring_L3_state,4. EMB vasc prim,AT5G62800,23,3.6597766876220703,2.5669308538399975e-53,15.78488826751709
gehring_L3_state,4. EMB vasc prim,AT2G41070,24,2.9955663681030273,3.6301370076164084e-53,15.761273384094238
gehring_L3_state,4. EMB vasc prim,AT1G48130,25,3.794997453689575,3.2005553749567337e-52,15.616576194763184
gehring_L3_state,4. EMB vasc prim,AT3G24650,26,3.7813920974731445,6.058387457445101e-52,15.574286460876465
gehring_L3_state,4. EMB vasc prim,AT5G50770,27,2.7819902896881104,7.02536306390653e-52,15.563308715820312
gehring_L3_state,4. EMB vasc prim,AT5G09640,28,3.636787176132202,2.128872961496546e-51,15.490724563598633
gehring_L3_state,4. EMB vasc prim,AT2G07680,29,5.060060501098633,6.400930917078046e-48,14.957258224487305
gehring_L3_state,4. EMB vasc prim,AT1G62290,30,3.3385345935821533,1.4456817592591853e-47,14.901633262634277
gehring_L3_state,4. EMB vasc prim,AT1G75500,31,7.48264217376709,2.2095641338624573e-47,14.871990203857422
gehring_L3_state,4. EMB vasc prim,AT4G28520,32,3.110992670059204,3.7639048137325674e-47,14.835037231445312
gehring_L3_state,4. EMB vasc prim,AT3G28860,33,2.368253231048584,1.3960688397175202e-44,14.43012523651123
gehring_L3_state,4. EMB vasc prim,AT3G27660,34,2.8394062519073486,1.1009161110935536e-43,14.284546852111816
gehring_L3_state,4. EMB vasc prim,AT1G29930,35,2.1680541038513184,3.733172008479458e-43,14.19802474975586
gehring_L3_state,4. EMB vasc prim,AT3G44460,36,2.9505503177642822,1.4671707443082637e-42,14.10058879852295
gehring_L3_state,4. EMB vasc prim,AT4G27150,37,2.7317233085632324,7.085800105109071e-39,13.479628562927246
gehring_L3_state,4. EMB vasc prim,AT4G17790,38,3.680187225341797,2.4524698957396403e-37,13.21231746673584
gehring_L3_state,4. EMB vasc prim,AT1G27660,39,5.836034297943115,2.1803804617873365e-36,13.042672157287598
gehring_L3_state,4. EMB vasc prim,AT2G34420,40,2.3272740840911865,3.432031744836708e-36,13.00703239440918
gehring_L3_state,4. EMB vasc prim,AT2G29980,41,3.2893717288970947,8.391424156507192e-36,12.937512397766113
gehring_L3_state,4. EMB vasc prim,AT5G57390,42,3.746901750564575,2.122163165494748e-34,12.682918548583984
gehring_L3_state,4. EMB vasc prim,AT5G03795,43,2.966041326522827,8.324319428279788e-32,12.199328422546387
gehring_L3_state,4. EMB vasc prim,AT3G63040,44,3.555588960647583,1.068725954217398e-31,12.1780424118042
gehring_L3_state,4. EMB vasc prim,AT1G28110,45,4.607213973999023,1.6064149615539753e-30,11.950413703918457
gehring_L3_state,4. EMB vasc prim,AT4G36700,46,2.1627275943756104,2.6050277276159802e-30,11.908158302307129
gehring_L3_state,4. EMB vasc prim,AT5G63530,47,1.875792384147644,1.5767502105003137e-28,11.556889533996582
gehring_L3_state,4. EMB vasc prim,AT5G22470,48,3.6776819229125977,6.091637215701169e-28,11.435210227966309
gehring_L3_state,4. EMB vasc prim,AT1G52150,49,4.572736740112305,5.879475243493335e-27,11.231918334960938
gehring_L3_state,4. EMB vasc prim,AT1G09420,50,2.62912917137146,6.409751704200755e-27,11.22350788116455
gehring_L3_state,5. EMB gro tiss init,AT4G25140,1,5.736144065856934,4.405343358320355e-191,29.82442283630371
gehring_L3_state,5. EMB gro tiss init,AT4G36700,2,5.38002872467041,4.7214567486394476e-181,29.016794204711914
gehring_L3_state,5. EMB gro tiss init,AT5G44120,3,5.4053568840026855,3.5356247888369437e-153,26.701366424560547
gehring_L3_state,5. EMB gro tiss init,AT2G18540,4,5.433327674865723,4.391538057945571e-134,24.99175453186035
gehring_L3_state,5. EMB gro tiss init,AT4G27160,5,4.81680154800415,6.228767195668052e-130,24.59783363342285
gehring_L3_state,5. EMB gro tiss init,AT5G49190,6,4.644503593444824,1.1739257895690686e-126,24.282329559326172
gehring_L3_state,5. EMB gro tiss init,AT4G26740,7,5.1423163414001465,1.2643188639176778e-126,24.272939682006836
gehring_L3_state,5. EMB gro tiss init,AT3G27660,8,4.66571569442749,1.6848989454297136e-119,23.582948684692383
gehring_L3_state,5. EMB gro tiss init,AT4G28520,9,5.133329391479492,3.842461161268204e-117,23.346965789794922
gehring_L3_state,5. EMB gro tiss init,AT5G51210,10,4.340364933013916,1.1153197214985544e-112,22.89883804321289
gehring_L3_state,5. EMB gro tiss init,AT3G01570,11,4.244645118713379,2.193433946496583e-106,22.25397491455078
gehring_L3_state,5. EMB gro tiss init,AT5G40420,12,4.334836959838867,1.158246017935974e-105,22.175310134887695
gehring_L3_state,5. EMB gro tiss init,AT5G50770,13,4.116084575653076,1.9654223231676862e-104,22.04389762878418
gehring_L3_state,5. EMB gro tiss init,AT1G23000,14,5.60777473449707,7.788646502022579e-104,21.978107452392578
gehring_L3_state,5. EMB gro tiss init,AT2G21660,15,2.0138163566589355,8.575598679974103e-103,21.865766525268555
gehring_L3_state,5. EMB gro tiss init,AT3G12203,16,4.996164798736572,8.712568329071762e-92,20.67379379272461
gehring_L3_state,5. EMB gro tiss init,AT1G03880,17,4.905228137969971,1.028817825023384e-90,20.551366806030273
gehring_L3_state,5. EMB gro tiss init,AT4G27150,18,4.138002872467041,1.006742080499743e-83,19.75172233581543
gehring_L3_state,5. EMB gro tiss init,ATCG00020,19,2.343649387359619,4.283720419426186e-80,19.319732666015625
gehring_L3_state,5. EMB gro tiss init,AT3G22640,20,4.535396099090576,3.9581346739583834e-78,19.082109451293945
gehring_L3_state,5. EMB gro tiss init,AT5G10278,21,9.229479789733887,5.24838027133864e-78,19.062599182128906
gehring_L3_state,5. EMB gro tiss init,AT3G44460,22,3.9216530323028564,8.657855357371532e-76,18.791345596313477
gehring_L3_state,5. EMB gro tiss init,AT5G13790,23,3.747018575668335,6.009668452726089e-75,18.68606948852539
gehring_L3_state,5. EMB gro tiss init,AT5G07190,24,4.125233173370361,3.0621015586613556e-69,17.96491813659668
gehring_L3_state,5. EMB gro tiss init,AT2G34700,25,3.614412307739258,2.1563894311378025e-68,17.85431480407715
gehring_L3_state,5. EMB gro tiss init,AT3G05470,26,5.389717102050781,5.96459275198715e-66,17.531991958618164
gehring_L3_state,5. EMB gro tiss init,AT4G03050,27,4.568576812744141,4.392061195731136e-65,17.414642333984375
gehring_L3_state,5. EMB gro tiss init,AT2G01770,28,8.143354415893555,9.778002808492447e-62,16.964412689208984
gehring_L3_state,5. EMB gro tiss init,AT1G54860,29,4.395618915557861,3.651563931764954e-61,16.885217666625977
gehring_L3_state,5. EMB gro tiss init,AT5G10280,30,9.018343925476074,2.501030974296238e-60,16.76969337463379
gehring_L3_state,5. EMB gro tiss init,AT1G47860,31,8.407039642333984,6.065108517979575e-59,16.577594757080078
gehring_L3_state,5. EMB gro tiss init,AT2G41070,32,3.47011137008667,2.366504796664689e-58,16.494033813476562
gehring_L3_state,5. EMB gro tiss init,AT2G28490,33,4.00685453414917,4.381059456715929e-58,16.455293655395508
gehring_L3_state,5. EMB gro tiss init,AT2G44470,34,2.489973783493042,1.2282011861583939e-57,16.391294479370117
gehring_L3_state,5. EMB gro tiss init,AT2G05310,35,3.3258895874023438,3.1218651881794587e-57,16.333059310913086
gehring_L3_state,5. EMB gro tiss init,AT3G54320,36,2.8863372802734375,3.589288718248302e-53,15.749613761901855
gehring_L3_state,5. EMB gro tiss init,AT5G62800,37,4.0044169425964355,4.1453887069866663e-53,15.73911190032959
gehring_L3_state,5. EMB gro tiss init,AT1G65090,38,3.4893553256988525,7.281671150909111e-53,15.702055931091309
gehring_L3_state,5. EMB gro tiss init,AT1G12805,39,3.6115078926086426,5.130609733667441e-49,15.128314018249512
gehring_L3_state,5. EMB gro tiss init,AT5G63530,40,2.6561319828033447,8.655358800125197e-49,15.092495918273926
gehring_L3_state,5. EMB gro tiss init,AT4G16160,41,4.366858959197998,1.1659980166524774e-48,15.071490287780762
gehring_L3_state,5. EMB gro tiss init,AT3G51950,42,2.5439603328704834,1.5291814950679086e-48,15.05225658416748
gehring_L3_state,5. EMB gro tiss init,AT1G29930,43,2.5305986404418945,1.1776261994204967e-47,14.915328025817871
gehring_L3_state,5. EMB gro tiss init,AT1G67090,44,2.249009132385254,2.0165105383340406e-46,14.721973419189453
gehring_L3_state,5. EMB gro tiss init,AT1G12810,45,3.4059460163116455,1.543151350456518e-45,14.581245422363281
gehring_L3_state,5. EMB gro tiss init,AT4G27170,46,3.6292572021484375,7.645127798991659e-44,14.309929847717285
gehring_L3_state,5. EMB gro tiss init,AT2G34420,47,2.666301965713501,2.0730610508070927e-39,13.57561206817627
gehring_L3_state,5. EMB gro tiss init,AT2G29980,48,3.728626251220703,3.677336477478162e-39,13.532395362854004
gehring_L3_state,5. EMB gro tiss init,AT1G22590,49,3.077704906463623,8.073225556314637e-39,13.4733304977417
gehring_L3_state,5. EMB gro tiss init,AT3G24650,50,3.7675955295562744,6.207727568177098e-37,13.14550495147705
gehring_L3_state,5. EMB unknown II,AT5G47500,1,7.93361234664917,2.8759410321292995e-09,7.413466453552246
gehring_L3_state,5. EMB unknown II,AT5G15510,2,7.9615478515625,1.2883630744878432e-08,7.1170783042907715
gehring_L3_state,5. EMB unknown II,AT5G25090,3,8.140028953552246,9.981052596281682e-08,6.743827819824219
gehring_L3_state,5. EMB unknown II,AT3G51740,4,6.737425327301025,9.981052596281682e-08,6.729022979736328
gehring_L3_state,5. EMB unknown II,AT1G30690,5,5.399101734161377,1.117917401044016e-07,6.679880619049072
gehring_L3_state,5. EMB unknown II,AT3G52110,6,5.844180107116699,2.9819547003469557e-07,6.507237434387207
gehring_L3_state,5. EMB unknown II,AT5G64310,7,5.667201519012451,4.330070403818456e-07,6.427550792694092
gehring_L3_state,5. EMB unknown II,AT4G33260,8,5.2522196769714355,6.067797832338369e-07,6.353659629821777
gehring_L3_state,5. EMB unknown II,AT4G02800,9,7.662672519683838,6.067797832338369e-07,6.337425231933594
gehring_L3_state,5. EMB unknown II,AT5G16250,10,6.741271495819092,9.048590116753027e-07,6.259133815765381
gehring_L3_state,5. EMB unknown II,AT1G67230,11,3.5105130672454834,1.2910657422659934e-06,6.188450336456299
gehring_L3_state,5. EMB unknown II,AT4G12420,12,5.266643524169922,2.6315259644698008e-06,6.061211585998535
gehring_L3_state,5. EMB unknown II,AT4G33270,13,6.383209705352783,2.838748863144523e-06,6.036099910736084
gehring_L3_state,5. EMB unknown II,AT1G63100,14,6.013476848602295,3.237305119182905e-06,6.002836227416992
gehring_L3_state,5. EMB unknown II,AT4G31840,15,5.462427616119385,3.5661927723875674e-06,5.975876331329346
gehring_L3_state,5. EMB unknown II,AT4G35620,16,7.126859188079834,4.179666940640444e-06,5.939377307891846
gehring_L3_state,5. EMB unknown II,AT3G51720,17,7.024856090545654,4.240537388811669e-06,5.9270548820495605
gehring_L3_state,5. EMB unknown II,AT3G07320,18,6.265208721160889,4.696454972487009e-06,5.900834560394287
gehring_L3_state,5. EMB unknown II,AT5G13840,19,6.7919511795043945,5.17703316529819e-06,5.875792503356934
gehring_L3_state,5. EMB unknown II,AT1G50490,20,7.262485504150391,2.71637016916716e-05,5.58251428604126
gehring_L3_state,5. EMB unknown II,AT5G66230,21,7.368435382843018,2.71637016916716e-05,5.577465534210205
gehring_L3_state,5. EMB unknown II,AT1G18370,22,6.11948299407959,4.5154138941955246e-05,5.480136394500732
gehring_L3_state,5. EMB unknown II,AT2G33400,23,5.679973125457764,6.476543013193168e-05,5.408009052276611
gehring_L3_state,5. EMB unknown II,AT4G12960,24,4.206101417541504,8.148251141783513e-05,5.359041213989258
gehring_L3_state,5. EMB unknown II,AT5G55180,25,5.259031295776367,8.535869062985756e-05,5.343245983123779
gehring_L3_state,5. EMB unknown II,AT4G35730,26,4.906064510345459,0.00014273356589531027,5.242088317871094
gehring_L3_state,5. EMB unknown II,AT3G05330,27,6.623783111572266,0.0001941847705408326,5.177973747253418
gehring_L3_state,5. EMB unknown II,AT5G05080,28,4.52031946182251,0.00021541853261330382,5.151760578155518
gehring_L3_state,5. EMB unknown II,AT4G17000,29,5.622830390930176,0.0003010964129376189,5.081955432891846
gehring_L3_state,5. EMB unknown II,AT2G28620,30,5.534327507019043,0.00039035813708018666,5.025923252105713
gehring_L3_state,5. EMB unknown II,AT5G44560,31,5.3233866691589355,0.0004372318916835962,4.997799396514893
gehring_L3_state,5. EMB unknown II,AT1G14720,32,4.564512729644775,0.0008892008060540981,4.852791786193848
gehring_L3_state,5. EMB unknown II,AT1G76310,33,7.212892532348633,0.0009297642048307297,4.837826728820801
gehring_L3_state,5. EMB unknown II,AT2G43290,34,4.41214656829834,0.0010534506301165798,4.806969165802002
gehring_L3_state,5. EMB unknown II,AT5G06150,35,6.456748008728027,0.0010906163181352724,4.7942214012146
gehring_L3_state,5. EMB unknown II,AT3G03680,36,6.258659839630127,0.0010920049202621256,4.7883148193359375
gehring_L3_state,5. EMB unknown II,AT3G59760,37,4.859958648681641,0.0027094723548651122,4.596864223480225
gehring_L3_state,5. EMB unknown II,AT3G05260,38,8.639723777770996,0.0038298691644367226,4.514841556549072
gehring_L3_state,5. EMB unknown II,AT3G05400,39,3.519916534423828,0.0038298691644367226,4.513049125671387
gehring_L3_state,5. EMB unknown II,AT2G40095,40,4.403989315032959,0.0044593769002227845,4.475273609161377
gehring_L3_state,5. EMB unknown II,AT2G20590,41,6.430064678192139,0.005181095230938151,4.43780517578125
gehring_L3_state,5. EMB unknown II,AT5G65685,42,4.5282182693481445,0.005441897571918964,4.4220170974731445
gehring_L3_state,5. EMB unknown II,AT5G48310,43,6.077198028564453,0.0059260127459366775,4.398467540740967
gehring_L3_state,5. EMB unknown II,AT5G02490,44,3.034618854522705,0.006356983587081998,4.378195285797119
gehring_L3_state,5. EMB unknown II,AT1G73660,45,2.9370954036712646,0.006865681304754465,4.356465816497803
gehring_L3_state,5. EMB unknown II,AT4G12870,46,2.9947423934936523,0.007458770114722641,4.332561016082764
gehring_L3_state,5. EMB unknown II,AT4G35750,47,2.8166067600250244,0.007458770114722641,4.328718185424805
gehring_L3_state,5. EMB unknown II,AT3G53380,48,5.028947830200195,0.00870959926476493,4.289771556854248
gehring_L3_state,5. EMB unknown II,AT5G20010,49,3.1456031799316406,0.012117872164066132,4.21118688583374
gehring_L3_state,5. EMB unknown II,AT2G44450,50,3.680082321166992,0.012798581516507498,4.194248199462891
gehring_L3_state,5. EMB vasc hypoph,AT5G20540,1,4.799483776092529,0.0014625757952149853,5.3727288246154785
gehring_L3_state,5. EMB vasc hypoph,AT1G28290,2,6.687344551086426,0.0014625757952149853,5.285816192626953
gehring_L3_state,5. EMB vasc hypoph,AT5G43810,3,5.05620002746582,0.003799022827832467,5.031130313873291
gehring_L3_state,5. EMB vasc hypoph,AT1G73590,4,7.213619232177734,0.004195341274281202,4.956444263458252
gehring_L3_state,5. EMB vasc hypoph,AT5G62230,5,5.343445301055908,0.008550105937495545,4.771457195281982
gehring_L3_state,5. EMB vasc hypoph,AT2G16586,6,2.5232722759246826,0.03666962670743571,4.430237770080566
gehring_L3_state,5. EMB vasc hypoph,AT5G28640,7,4.035166263580322,0.04724499599957307,4.341538429260254
gehring_L3_state,5. EMB vasc hypoph,AT3G41768,8,0.8341225385665894,0.11326100841878158,4.114721298217773
gehring_L3_state,5. EMB vasc hypoph,AT1G52300,9,2.6736764907836914,0.1291193602994416,4.056955814361572
gehring_L3_state,5. EMB vasc hypoph,AT2G34710,10,4.293522357940674,0.22331983279099057,3.8572914600372314
gehring_L3_state,5. EMB vasc hypoph,AT5G13250,11,6.0271220207214355,0.26325072482697764,3.7653770446777344
gehring_L3_state,5. EMB vasc hypoph,AT1G63100,12,4.273224353790283,0.26325072482697764,3.761439561843872
gehring_L3_state,5. EMB vasc hypoph,AT1G19850,13,3.5047388076782227,0.39679930109154365,3.62532901763916
gehring_L3_state,5. EMB vasc hypoph,AT4G37590,14,4.210340976715088,0.6859914352756097,3.4659953117370605
gehring_L3_state,5. EMB vasc hypoph,AT1G75500,15,7.029909610748291,0.7193465541442904,3.4246861934661865
gehring_L3_state,5. EMB vasc hypoph,AT5G60450,16,5.920579433441162,0.7628940354211594,3.384298801422119
gehring_L3_state,5. EMB vasc hypoph,AT3G49380,17,5.806957244873047,0.7628940354211594,3.3774890899658203
gehring_L3_state,5. EMB vasc hypoph,AT5G07180,18,5.639072895050049,0.7628940354211594,3.3703649044036865
gehring_L3_state,5. EMB vasc hypoph,AT3G53190,19,5.355859756469727,0.8062149249840825,3.343325614929199
gehring_L3_state,5. EMB vasc hypoph,AT1G67120,20,2.6377272605895996,0.9920987491132184,3.272705078125
gehring_L3_state,5. EMB vasc hypoph,AT3G16857,21,4.647972583770752,0.9920987491132184,3.2627012729644775
gehring_L3_state,5. EMB vasc hypoph,AT1G29950,22,4.458012580871582,0.99992875129617,3.229588270187378
gehring_L3_state,5. EMB vasc hypoph,AT2G38810,23,3.7905845642089844,0.99992875129617,3.1037745475769043
gehring_L3_state,5. EMB vasc hypoph,AT4G35100,24,3.759385108947754,0.99992875129617,3.0755491256713867
gehring_L3_state,5. EMB vasc hypoph,AT2G21050,25,6.591544151306152,0.99992875129617,3.0459446907043457
gehring_L3_state,5. EMB vasc hypoph,AT2G27040,26,1.9383137226104736,0.99992875129617,3.0361695289611816
gehring_L3_state,5. EMB vasc hypoph,AT4G02290,27,6.29302453994751,0.99992875129617,3.034104347229004
gehring_L3_state,5. EMB vasc hypoph,AT1G08260,28,2.437978744506836,0.99992875129617,3.0324251651763916
gehring_L3_state,5. EMB vasc hypoph,AT1G43170,29,1.8706001043319702,0.99992875129617,2.9940099716186523
gehring_L3_state,5. EMB vasc hypoph,AT5G16000,30,5.694540500640869,0.99992875129617,2.9872074127197266
gehring_L3_state,5. EMB vasc hypoph,AT2G26180,31,5.265616416931152,0.99992875129617,2.9709081649780273
gehring_L3_state,5. EMB vasc hypoph,AT1G05470,32,5.437577247619629,0.99992875129617,2.9687860012054443
gehring_L3_state,5. EMB vasc hypoph,AT4G37080,33,3.3233532905578613,0.99992875129617,2.929863452911377
gehring_L3_state,5. EMB vasc hypoph,AT2G01910,34,2.7088708877563477,0.99992875129617,2.924675703048706
gehring_L3_state,5. EMB vasc hypoph,AT2G33510,35,4.804254531860352,0.99992875129617,2.9216601848602295
gehring_L3_state,5. EMB vasc hypoph,AT1G28110,36,4.8236236572265625,0.99992875129617,2.900094747543335
gehring_L3_state,5. EMB vasc hypoph,ATMG00090,37,1.8718172311782837,0.99992875129617,2.8919200897216797
gehring_L3_state,5. EMB vasc hypoph,AT5G18620,38,2.5698413848876953,0.99992875129617,2.8802082538604736
gehring_L3_state,5. EMB vasc hypoph,ATMG00020,39,1.0141816139221191,0.99992875129617,2.858792781829834
gehring_L3_state,5. EMB vasc hypoph,AT2G03090,40,4.147078037261963,0.99992875129617,2.8312034606933594
gehring_L3_state,5. EMB vasc hypoph,AT3G48670,41,3.0531487464904785,0.99992875129617,2.8239219188690186
gehring_L3_state,5. EMB vasc hypoph,AT5G13790,42,2.6050355434417725,0.99992875129617,2.817476511001587
gehring_L3_state,5. EMB vasc hypoph,AT5G60210,43,4.021645545959473,0.99992875129617,2.8032066822052
gehring_L3_state,5. EMB vasc hypoph,AT2G46780,44,4.109424114227295,0.99992875129617,2.8014559745788574
gehring_L3_state,5. EMB vasc hypoph,ATCG00030,45,1.5745937824249268,0.99992875129617,2.7452340126037598
gehring_L3_state,5. EMB vasc hypoph,AT5G57390,46,3.6502468585968018,0.99992875129617,2.7140932083129883
gehring_L3_state,5. EMB vasc hypoph,AT3G06355,47,0.7122989296913147,0.99992875129617,2.699730396270752
gehring_L3_state,5. EMB vasc hypoph,AT1G23000,48,3.6318976879119873,0.99992875129617,2.6924989223480225
gehring_L3_state,5. EMB vasc hypoph,AT5G38560,49,3.550697088241577,0.99992875129617,2.6895334720611572
gehring_L3_state,5. EMB vasc hypoph,AT1G48920,50,1.7307679653167725,0.99992875129617,2.6822664737701416
gehring_L3_state,6. CZE nodule,AT2G36724,1,6.77225399017334,1.5341658258381585e-93,20.999963760375977
gehring_L3_state,6. CZE nodule,AT5G51105,2,5.4441819190979,4.003942869598876e-92,20.811208724975586
gehring_L3_state,6. CZE nodule,AT5G44973,3,5.9206719398498535,1.0209150984519594e-90,20.635772705078125
gehring_L3_state,6. CZE nodule,AT5G46877,4,8.535079002380371,3.3954964130605253e-90,20.56363868713379
gehring_L3_state,6. CZE nodule,AT5G09370,5,5.175097465515137,2.9621510750815885e-87,20.221471786499023
gehring_L3_state,6. CZE nodule,AT5G10230,6,6.865241050720215,2.2352493799043013e-86,20.112483978271484
gehring_L3_state,6. CZE nodule,AT5G20710,7,7.972196578979492,1.0871012949000387e-84,19.911178588867188
gehring_L3_state,6. CZE nodule,AT3G49307,8,6.982370376586914,1.7619905300036516e-82,19.647857666015625
gehring_L3_state,6. CZE nodule,AT3G48231,9,6.056672096252441,2.0487814386991286e-82,19.634218215942383
gehring_L3_state,6. CZE nodule,AT5G10220,10,5.804476737976074,3.3989891245081844e-81,19.48561668395996
gehring_L3_state,6. CZE nodule,AT2G02147,11,6.841179847717285,9.909718980368088e-81,19.42587661743164
gehring_L3_state,6. CZE nodule,AT5G48945,12,7.576443672180176,5.85607964603355e-79,19.210792541503906
gehring_L3_state,6. CZE nodule,AT1G02980,13,7.024092674255371,1.0726049779900437e-78,19.175186157226562
gehring_L3_state,6. CZE nodule,AT5G22980,14,7.280459403991699,2.2249102472997428e-77,19.012943267822266
gehring_L3_state,6. CZE nodule,AT1G42980,15,7.989957809448242,4.0297165581779695e-76,18.85675621032715
gehring_L3_state,6. CZE nodule,AT1G19950,16,6.865882873535156,1.0288662045312925e-74,18.68119239807129
gehring_L3_state,6. CZE nodule,AT3G15960,17,9.439919471740723,9.061886727939542e-73,18.43733787536621
gehring_L3_state,6. CZE nodule,AT3G03260,18,7.8474955558776855,2.0349455075243134e-72,18.390438079833984
gehring_L3_state,6. CZE nodule,AT1G73560,19,7.50356388092041,7.622935310195878e-72,18.315752029418945
gehring_L3_state,6. CZE nodule,AT5G65020,20,5.0714569091796875,1.0881539328001065e-69,18.04084587097168
gehring_L3_state,6. CZE nodule,AT1G54410,21,3.6570496559143066,3.3182630340746546e-69,17.976421356201172
gehring_L3_state,6. CZE nodule,AT4G36590,22,7.4334516525268555,7.141357601435146e-69,17.931278228759766
gehring_L3_state,6. CZE nodule,AT2G27700,23,7.647708892822266,5.211144473592754e-67,17.688663482666016
gehring_L3_state,6. CZE nodule,AT4G39917,24,6.163272857666016,2.9033282731268627e-63,17.19329261779785
gehring_L3_state,6. CZE nodule,AT5G46540,25,5.117937088012695,8.634767240456407e-63,17.127620697021484
gehring_L3_state,6. CZE nodule,AT3G07270,26,7.656758785247803,2.6969102822591515e-61,16.92388153076172
gehring_L3_state,6. CZE nodule,AT2G27120,27,5.299376964569092,6.933567939403525e-61,16.86595916748047
gehring_L3_state,6. CZE nodule,AT5G56010,28,3.283336877822876,3.3391357871924336e-60,16.770666122436523
gehring_L3_state,6. CZE nodule,AT2G30810,29,3.8308210372924805,1.9495732213245766e-59,16.66339874267578
gehring_L3_state,6. CZE nodule,AT3G30842,30,6.69539213180542,3.037615780120424e-59,16.634828567504883
gehring_L3_state,6. CZE nodule,AT1G31250,31,4.528997898101807,3.2155406047240888e-59,16.629453659057617
gehring_L3_state,6. CZE nodule,AT5G27330,32,5.472649574279785,5.018043002169787e-59,16.600860595703125
gehring_L3_state,6. CZE nodule,AT1G22120,33,7.096468925476074,9.195163933616222e-57,16.281408309936523
gehring_L3_state,6. CZE nodule,AT2G42490,34,4.5952935218811035,1.1830102153713074e-56,16.26420783996582
gehring_L3_state,6. CZE nodule,AT4G14780,35,4.5347208976745605,1.2576873807245643e-56,16.258731842041016
gehring_L3_state,6. CZE nodule,AT5G63087,36,4.249616622924805,1.074810742742917e-55,16.125043869018555
gehring_L3_state,6. CZE nodule,AT2G23990,37,7.653447151184082,6.026991516541594e-55,16.01651954650879
gehring_L3_state,6. CZE nodule,AT1G13605,38,4.546245098114014,2.0912396766231735e-54,15.937334060668945
gehring_L3_state,6. CZE nodule,AT5G40730,39,5.379904747009277,2.9414521849512594e-54,15.914412498474121
gehring_L3_state,6. CZE nodule,AT3G03910,40,9.71798038482666,9.979328177888247e-53,15.69072437286377
gehring_L3_state,6. CZE nodule,AT5G56150,41,4.067873477935791,1.4086225710883041e-52,15.667298316955566
gehring_L3_state,6. CZE nodule,AT2G25700,42,6.734859466552734,1.4999721253591165e-52,15.6618070602417
gehring_L3_state,6. CZE nodule,AT5G02490,43,3.2367146015167236,6.056183978053238e-52,15.571334838867188
gehring_L3_state,6. CZE nodule,AT2G23970,44,5.735029697418213,1.951370292368671e-51,15.494876861572266
gehring_L3_state,6. CZE nodule,AT1G16980,45,5.471179008483887,8.768268235270715e-51,15.39657974243164
gehring_L3_state,6. CZE nodule,AT3G05460,46,4.608398914337158,1.093527542988179e-50,15.380895614624023
gehring_L3_state,6. CZE nodule,AT1G61330,47,7.83692741394043,1.2486507923477236e-50,15.370941162109375
gehring_L3_state,6. CZE nodule,AT4G15562,48,8.439315795898438,4.0287166084015826e-50,15.293522834777832
gehring_L3_state,6. CZE nodule,AT1G12670,49,4.627480506896973,4.357108012693668e-49,15.136380195617676
gehring_L3_state,6. CZE nodule,AT1G73610,50,6.9879889488220215,8.24435452449637e-47,14.786177635192871
gehring_L3_state,6. EMB cort init,AT4G27160,1,5.876413822174072,3.914256213483676e-143,25.864425659179688
gehring_L3_state,6. EMB cort init,AT5G07190,2,6.254054069519043,1.2623730201611502e-139,25.523544311523438
gehring_L3_state,6. EMB cort init,AT4G36700,3,5.377248287200928,1.6581522222144486e-129,24.578821182250977
gehring_L3_state,6. EMB cort init,AT4G03050,4,6.533873558044434,5.971788715301203e-127,24.326745986938477
gehring_L3_state,6. EMB cort init,AT4G25140,5,5.411925792694092,4.343821851890327e-126,24.23598861694336
gehring_L3_state,6. EMB cort init,AT5G44120,6,5.671604633331299,9.859748791565232e-124,24.003915786743164
gehring_L3_state,6. EMB cort init,AT3G27660,7,5.137402534484863,1.0815640921120006e-113,23.015790939331055
gehring_L3_state,6. EMB cort init,AT3G22640,8,5.763474941253662,6.891834566613274e-113,22.929527282714844
gehring_L3_state,6. EMB cort init,AT1G62500,9,6.304246425628662,8.616194666840494e-109,22.50993537902832
gehring_L3_state,6. EMB cort init,AT4G30880,10,6.549537181854248,1.4459015556291283e-103,21.96529197692871
gehring_L3_state,6. EMB cort init,AT4G26740,11,5.299509525299072,9.1064401105813e-101,21.666099548339844
gehring_L3_state,6. EMB cort init,AT4G27150,12,4.940138339996338,1.0136851762082629e-95,21.12004852294922
gehring_L3_state,6. EMB cort init,AT4G28520,13,5.466090679168701,4.016946084601031e-95,21.051105499267578
gehring_L3_state,6. EMB cort init,AT2G18540,14,5.043046474456787,6.427262501200882e-90,20.471698760986328
gehring_L3_state,6. EMB cort init,AT1G03880,15,5.355421543121338,3.800173499394877e-89,20.38153839111328
gehring_L3_state,6. EMB cort init,AT1G47540,16,4.693173408508301,2.3182807067844416e-85,19.947145462036133
gehring_L3_state,6. EMB cort init,AT5G51210,17,4.340186595916748,2.64720763426005e-85,19.937477111816406
gehring_L3_state,6. EMB cort init,AT5G40420,18,4.433178424835205,2.839850576503679e-84,19.81553077697754
gehring_L3_state,6. EMB cort init,AT3G29030,19,5.6044511795043945,1.0369296696625207e-81,19.513511657714844
gehring_L3_state,6. EMB cort init,AT4G27170,20,4.8112382888793945,3.547273075701524e-80,19.329469680786133
gehring_L3_state,6. EMB cort init,AT5G50770,21,4.057314395904541,8.495722803000055e-80,19.281829833984375
gehring_L3_state,6. EMB cort init,AT5G64570,22,5.3133320808410645,1.3090867689594151e-73,18.527803421020508
gehring_L3_state,6. EMB cort init,AT3G01570,23,4.024738788604736,9.171609833004622e-73,18.420331954956055
gehring_L3_state,6. EMB cort init,AT1G65090,24,4.145195007324219,9.548554823146218e-68,17.781654357910156
gehring_L3_state,6. EMB cort init,AT2G22660,25,3.1363134384155273,1.0982040506510209e-67,17.771522521972656
gehring_L3_state,6. EMB cort init,AT5G49190,26,3.9781107902526855,4.557016468785209e-67,17.689311981201172
gehring_L3_state,6. EMB cort init,AT2G28490,27,4.348532676696777,4.619091141073994e-62,17.021074295043945
gehring_L3_state,6. EMB cort init,AT2G44470,28,2.9420230388641357,8.140855295354949e-60,16.713518142700195
gehring_L3_state,6. EMB cort init,AT3G12203,29,4.6487202644348145,4.540271062766837e-59,16.6087703704834
gehring_L3_state,6. EMB cort init,AT2G21660,30,1.82931387424469,3.1771466538600993e-58,16.48971939086914
gehring_L3_state,6. EMB cort init,AT3G23470,31,7.596142292022705,9.682753921120283e-57,16.280073165893555
gehring_L3_state,6. EMB cort init,AT1G12805,32,4.045320987701416,4.993765188431506e-55,16.035123825073242
gehring_L3_state,6. EMB cort init,AT3G54320,33,3.3220889568328857,8.43442553972873e-55,16.00072479248047
gehring_L3_state,6. EMB cort init,AT1G78500,34,5.493185520172119,1.6556478045069854e-54,15.95692253112793
gehring_L3_state,6. EMB cort init,AT1G18100,35,3.8403525352478027,1.3097042629242868e-52,15.678285598754883
gehring_L3_state,6. EMB cort init,AT4G16160,36,4.621857643127441,8.857901231521129e-51,15.406595230102539
gehring_L3_state,6. EMB cort init,AT4G27140,37,5.601907253265381,2.582149072225082e-50,15.335641860961914
gehring_L3_state,6. EMB cort init,AT1G12810,38,3.6729977130889893,4.850773434983172e-50,15.293037414550781
gehring_L3_state,6. EMB cort init,AT5G17810,39,6.593472480773926,7.516644312482607e-50,15.262921333312988
gehring_L3_state,6. EMB cort init,AT3G19820,40,2.5049028396606445,4.5776743332675565e-49,15.143052101135254
gehring_L3_state,6. EMB cort init,AT3G03770,41,4.726122856140137,3.020021517668765e-45,14.548803329467773
gehring_L3_state,6. EMB cort init,AT4G39900,42,3.3974688053131104,5.482676135804995e-43,14.184097290039062
gehring_L3_state,6. EMB cort init,AT2G34700,43,3.276900053024292,6.970781848890244e-43,14.165821075439453
gehring_L3_state,6. EMB cort init,AT1G62290,44,3.6991126537323,8.602850344245734e-43,14.149643898010254
gehring_L3_state,6. EMB cort init,AT1G54100,45,2.6357879638671875,1.5094903236257217e-42,14.108677864074707
gehring_L3_state,6. EMB cort init,AT1G22590,46,3.4006330966949463,1.950647484030992e-42,14.089238166809082
gehring_L3_state,6. EMB cort init,AT2G05310,47,3.133333683013916,4.230183473290921e-40,13.702766418457031
gehring_L3_state,6. EMB cort init,AT1G29930,48,2.609018325805664,7.688191484786759e-40,13.657990455627441
gehring_L3_state,6. EMB cort init,AT5G62800,49,3.809316873550415,8.816837857471173e-39,13.477827072143555
gehring_L3_state,6. EMB cort init,AT1G69530,50,4.201448917388916,3.675541322433956e-38,13.36945629119873
gehring_L3_state,6. EMB unknown,ATMG00020,1,1.3476781845092773,3.164851530636374e-06,6.251626014709473
gehring_L3_state,6. EMB unknown,ATCG01130,2,2.3435096740722656,4.953654517287894e-06,6.1357245445251465
gehring_L3_state,6. EMB unknown,AT5G60390,3,2.214771032333374,1.7550185466749478e-05,5.894674301147461
gehring_L3_state,6. EMB unknown,AT5G15200,4,2.1923611164093018,0.0014347303407600473,5.007144927978516
gehring_L3_state,6. EMB unknown,AT1G04660,5,4.012479782104492,0.0027420068755563197,4.82390832901001
gehring_L3_state,6. EMB unknown,AT1G02780,6,1.9081223011016846,0.004154076089632094,4.709101676940918
gehring_L3_state,6. EMB unknown,AT2G27710,7,2.2181878089904785,0.004657283127049386,4.671590805053711
gehring_L3_state,6. EMB unknown,AT4G39200,8,2.3649868965148926,0.005652817833952295,4.6056742668151855
gehring_L3_state,6. EMB unknown,AT3G41768,9,0.6221420764923096,0.009186385800757587,4.448520660400391
gehring_L3_state,6. EMB unknown,AT2G27720,10,1.9858241081237793,0.03450297262536814,4.108316421508789
gehring_L3_state,6. EMB unknown,AT3G49910,11,1.9575591087341309,0.03506308738647034,4.096179008483887
gehring_L3_state,6. EMB unknown,AT5G02870,12,2.03446626663208,0.04133702725133219,4.042302131652832
gehring_L3_state,6. EMB unknown,AT5G20290,13,1.6857913732528687,0.04133702725133219,4.030054092407227
gehring_L3_state,6. EMB unknown,AT2G01008,14,1.2821828126907349,0.06037412799848549,3.921989917755127
gehring_L3_state,6. EMB unknown,AT2G34480,15,1.8481727838516235,0.09150237426089908,3.7742295265197754
gehring_L3_state,6. EMB unknown,AT1G56110,16,2.193612575531006,0.09517873177459805,3.7524774074554443
gehring_L3_state,6. EMB unknown,AT2G16586,17,1.5539768934249878,0.10634800483551034,3.7130913734436035
gehring_L3_state,6. EMB unknown,AT1G43170,18,1.6355762481689453,0.12620104252822084,3.6368463039398193
gehring_L3_state,6. EMB unknown,AT1G48920,19,1.8082927465438843,0.12620104252822084,3.6329586505889893
gehring_L3_state,6. EMB unknown,AT1G70600,20,2.0608692169189453,0.13274722460269237,3.5989718437194824
gehring_L3_state,6. EMB unknown,AT2G18020,21,1.665475845336914,0.13966460945380413,3.577751874923706
gehring_L3_state,6. EMB unknown,AT1G63100,22,3.1210591793060303,0.1443538571063134,3.546912431716919
gehring_L3_state,6. EMB unknown,AT4G27090,23,1.7221635580062866,0.145066546202696,3.5344738960266113
gehring_L3_state,6. EMB unknown,AT4G09320,24,1.9064977169036865,0.17376005892218913,3.4558658599853516
gehring_L3_state,6. EMB unknown,AT5G07090,25,2.095393657684326,0.17376005892218913,3.455090045928955
gehring_L3_state,6. EMB unknown,ATCG00040,26,1.7539222240447998,0.2016496217566292,3.393455743789673
gehring_L3_state,6. EMB unknown,AT3G09500,27,1.8656615018844604,0.2364665768168183,3.332751989364624
gehring_L3_state,6. EMB unknown,AT2G34700,28,2.235743999481201,0.2407024335793605,3.3130171298980713
gehring_L3_state,6. EMB unknown,AT4G25630,29,3.546208620071411,0.2407024335793605,3.3118512630462646
gehring_L3_state,6. EMB unknown,AT5G48360,30,4.018966197967529,0.25937506369745134,3.2725627422332764
gehring_L3_state,6. EMB unknown,AT3G62870,31,1.8530926704406738,0.31185118187217425,3.2056620121002197
gehring_L3_state,6. EMB unknown,AT3G60245,32,1.3410028219223022,0.317388117432886,3.194938898086548
gehring_L3_state,6. EMB unknown,AT3G24250,33,4.867859840393066,0.3353332651589643,3.1707000732421875
gehring_L3_state,6. EMB unknown,AT3G09630,34,2.0086543560028076,0.3644879057979798,3.135551929473877
gehring_L3_state,6. EMB unknown,AT1G72370,35,1.6342703104019165,0.37800086819184525,3.1221957206726074
gehring_L3_state,6. EMB unknown,AT4G35100,36,3.271160125732422,0.4526975449805448,3.0428519248962402
gehring_L3_state,6. EMB unknown,AT3G53870,37,1.8409276008605957,0.4716292855475149,3.02801513671875
gehring_L3_state,6. EMB unknown,AT3G57150,38,2.6693496704101562,0.48684690781706413,3.0159311294555664
gehring_L3_state,6. EMB unknown,AT1G67430,39,1.4914437532424927,0.4966266861466299,2.99272084236145
gehring_L3_state,6. EMB unknown,AT3G06700,40,1.6234318017959595,0.5369067426993023,2.9575459957122803
gehring_L3_state,6. EMB unknown,AT3G52590,41,1.4456331729888916,0.5651647231139779,2.9352710247039795
gehring_L3_state,6. EMB unknown,AT5G02500,42,1.6957783699035645,0.5651647231139779,2.9326422214508057
gehring_L3_state,6. EMB unknown,AT4G03210,43,2.7681283950805664,0.5651946739992865,2.930399179458618
gehring_L3_state,6. EMB unknown,AT3G04920,44,1.7096374034881592,0.5730956437106535,2.919481039047241
gehring_L3_state,6. EMB unknown,AT1G52300,45,1.7101954221725464,0.5805013020047006,2.913301706314087
gehring_L3_state,6. EMB unknown,AT2G27530,46,1.3963351249694824,0.6163164486127987,2.8817174434661865
gehring_L3_state,6. EMB unknown,AT4G17520,47,2.099539041519165,0.635632337998781,2.8575053215026855
gehring_L3_state,6. EMB unknown,AT2G37600,48,2.2639012336730957,0.6978810512313096,2.817702531814575
gehring_L3_state,6. EMB unknown,AT4G37750,49,5.871145248413086,0.7055941464471391,2.812192678451538
gehring_L3_state,6. EMB unknown,AT1G28290,50,3.9400429725646973,0.7057196950092456,2.8074848651885986
gehring_L3_state,7. CZE apical cyst,AT2G20290,1,6.968434810638428,5.948733078220427e-122,23.907732009887695
gehring_L3_state,7. CZE apical cyst,AT2G27700,2,10.177667617797852,3.670230240237078e-120,23.70581817626953
gehring_L3_state,7. CZE apical cyst,AT1G52696,3,12.143327713012695,1.75706158058737e-118,23.525156021118164
gehring_L3_state,7. CZE apical cyst,AT3G60700,4,9.834809303283691,5.9120547172925894e-118,23.461380004882812
gehring_L3_state,7. CZE apical cyst,AT1G52695,5,11.251707077026367,4.81292636439448e-116,23.26374053955078
gehring_L3_state,7. CZE apical cyst,AT5G10230,6,7.717123031616211,4.81292636439448e-116,23.256052017211914
gehring_L3_state,7. CZE apical cyst,AT1G19950,7,8.513010025024414,3.033157482510625e-115,23.17026710510254
gehring_L3_state,7. CZE apical cyst,AT1G02980,8,8.125177383422852,6.351109442320501e-113,22.933082580566406
gehring_L3_state,7. CZE apical cyst,AT2G44240,9,10.675915718078613,1.671325745512268e-112,22.88579750061035
gehring_L3_state,7. CZE apical cyst,AT1G76720,10,6.66417121887207,2.7491954619551606e-112,22.859481811523438
gehring_L3_state,7. CZE apical cyst,AT2G44250,11,10.621416091918945,4.252936768636986e-110,22.634090423583984
gehring_L3_state,7. CZE apical cyst,AT4G17160,12,10.559053421020508,4.452358224332668e-109,22.526445388793945
gehring_L3_state,7. CZE apical cyst,AT1G59670,13,9.92068099975586,3.0055295644062524e-104,22.024660110473633
gehring_L3_state,7. CZE apical cyst,AT3G54550,14,9.79610824584961,3.0063193595743664e-104,22.021289825439453
gehring_L3_state,7. CZE apical cyst,AT2G27120,15,6.804547309875488,3.508066846656671e-104,22.011165618896484
gehring_L3_state,7. CZE apical cyst,AT4G26470,16,7.243500232696533,5.936676203331003e-104,21.984373092651367
gehring_L3_state,7. CZE apical cyst,AT2G31360,17,5.928079605102539,4.464888547650454e-102,21.784605026245117
gehring_L3_state,7. CZE apical cyst,AT3G54560,18,6.721957206726074,2.095235854598496e-101,21.711044311523438
gehring_L3_state,7. CZE apical cyst,AT4G13380,19,11.82910442352295,2.469819018811823e-101,21.70099639892578
gehring_L3_state,7. CZE apical cyst,AT3G24690,20,10.432844161987305,4.7395480713570586e-101,21.668642044067383
gehring_L3_state,7. CZE apical cyst,AT1G23950,21,6.504390716552734,1.5767625566986253e-98,21.39727020263672
gehring_L3_state,7. CZE apical cyst,AT4G32850,22,3.5302977561950684,1.0280527068603215e-97,21.30748176574707
gehring_L3_state,7. CZE apical cyst,AT5G65370,23,11.954595565795898,6.321248504420132e-97,21.220169067382812
gehring_L3_state,7. CZE apical cyst,AT2G26320,24,11.842360496520996,8.235449524435683e-96,21.097103118896484
gehring_L3_state,7. CZE apical cyst,AT3G17155,25,9.097578048706055,7.284043305255598e-94,20.881345748901367
gehring_L3_state,7. CZE apical cyst,AT5G52655,26,8.934113502502441,7.284043305255598e-94,20.880216598510742
gehring_L3_state,7. CZE apical cyst,AT1G53285,27,9.220260620117188,7.595777092553415e-93,20.766075134277344
gehring_L3_state,7. CZE apical cyst,AT2G29890,28,5.114219665527344,1.9694127397011413e-91,20.607324600219727
gehring_L3_state,7. CZE apical cyst,AT1G17780,29,8.39337158203125,3.0941523220045323e-90,20.471834182739258
gehring_L3_state,7. CZE apical cyst,AT5G05030,30,10.042049407958984,5.231288395353651e-90,20.4445743560791
gehring_L3_state,7. CZE apical cyst,AT1G22120,31,8.2618989944458,4.586982786625673e-88,20.223480224609375
gehring_L3_state,7. CZE apical cyst,AT1G27250,32,10.192081451416016,6.162590016979818e-87,20.093353271484375
gehring_L3_state,7. CZE apical cyst,AT5G40730,33,6.247500896453857,1.0532012361064825e-84,19.83493995666504
gehring_L3_state,7. CZE apical cyst,AT4G39860,34,5.2356767654418945,1.6448123023587486e-84,19.811006546020508
gehring_L3_state,7. CZE apical cyst,AT1G53282,35,8.523069381713867,4.987164338028175e-84,19.75361442565918
gehring_L3_state,7. CZE apical cyst,AT5G65020,36,5.231797218322754,1.497871401391451e-83,19.696577072143555
gehring_L3_state,7. CZE apical cyst,AT2G04750,37,9.091146469116211,1.6365669064301417e-83,19.690704345703125
gehring_L3_state,7. CZE apical cyst,AT1G59800,38,11.270734786987305,5.32287657218813e-80,19.27399253845215
gehring_L3_state,7. CZE apical cyst,AT4G21040,39,9.950925827026367,9.612047729693513e-79,19.122360229492188
gehring_L3_state,7. CZE apical cyst,AT5G66150,40,6.432614803314209,1.1414500744711985e-78,19.112106323242188
gehring_L3_state,7. CZE apical cyst,AT1G13607,41,8.55845832824707,4.467938550020913e-78,19.039505004882812
gehring_L3_state,7. CZE apical cyst,AT3G11910,42,3.376106023788452,4.1893716096501036e-76,18.798919677734375
gehring_L3_state,7. CZE apical cyst,AT4G29380,43,5.776118755340576,3.117413144211568e-75,18.690927505493164
gehring_L3_state,7. CZE apical cyst,AT3G30842,44,7.419745445251465,1.0330907038300162e-74,18.625696182250977
gehring_L3_state,7. CZE apical cyst,AT3G49307,45,7.001314163208008,2.738475589049894e-74,18.572254180908203
gehring_L3_state,7. CZE apical cyst,AT1G07690,46,9.331502914428711,1.1986897009710148e-73,18.491657257080078
gehring_L3_state,7. CZE apical cyst,AT1G19320,47,8.859601974487305,2.0923848914350106e-73,18.46045684814453
gehring_L3_state,7. CZE apical cyst,AT3G18550,48,8.416085243225098,3.931584725917708e-73,18.425243377685547
gehring_L3_state,7. CZE apical cyst,AT2G30115,49,10.939560890197754,4.380422607997263e-73,18.418298721313477
gehring_L3_state,7. CZE apical cyst,AT5G57740,50,5.5053558349609375,2.0540150469548301e-72,18.3333797454834
gehring_L3_state,7. CZE basal cyst,AT4G15750,1,6.64389705657959,1.930283592721147e-16,9.258535385131836
gehring_L3_state,7. CZE basal cyst,AT2G38900,2,6.225959300994873,1.930283592721147e-16,9.243358612060547
gehring_L3_state,7. CZE basal cyst,AT5G51950,3,6.254002094268799,1.930283592721147e-16,9.203912734985352
gehring_L3_state,7. CZE basal cyst,AT1G56100,4,6.955371856689453,1.930283592721147e-16,9.17671012878418
gehring_L3_state,7. CZE basal cyst,AT4G22880,5,6.5384345054626465,1.930283592721147e-16,9.168731689453125
gehring_L3_state,7. CZE basal cyst,AT2G17710,6,6.154572486877441,1.930283592721147e-16,9.164994239807129
gehring_L3_state,7. CZE basal cyst,AT1G61720,7,6.944115161895752,2.0629747269909896e-16,9.137579917907715
gehring_L3_state,7. CZE basal cyst,AT5G48880,8,5.779358863830566,2.0629747269909896e-16,9.117874145507812
gehring_L3_state,7. CZE basal cyst,AT3G08770,9,6.256079196929932,2.0629747269909896e-16,9.113953590393066
gehring_L3_state,7. CZE basal cyst,AT1G02930,10,5.38045597076416,4.90797172155159e-16,9.007933616638184
gehring_L3_state,7. CZE basal cyst,AT5G13930,11,4.319235324859619,7.546414363404763e-16,8.945417404174805
gehring_L3_state,7. CZE basal cyst,AT2G23910,12,5.474758148193359,7.546414363404763e-16,8.935430526733398
gehring_L3_state,7. CZE basal cyst,AT5G05270,13,4.934856414794922,7.546414363404763e-16,8.931647300720215
gehring_L3_state,7. CZE basal cyst,AT1G29660,14,6.362768650054932,8.793467946922974e-16,8.906499862670898
gehring_L3_state,7. CZE basal cyst,AT5G53100,15,6.689111232757568,1.0060732171164446e-15,8.877564430236816
gehring_L3_state,7. CZE basal cyst,AT5G47350,16,6.516726970672607,1.0060732171164446e-15,8.876708984375
gehring_L3_state,7. CZE basal cyst,AT5G17220,17,6.540325164794922,2.4094206011378533e-15,8.772181510925293
gehring_L3_state,7. CZE basal cyst,AT2G47895,18,5.517168045043945,5.167855396427197e-15,8.67936897277832
gehring_L3_state,7. CZE basal cyst,AT1G61255,19,5.205384731292725,6.671776997118212e-15,8.644096374511719
gehring_L3_state,7. CZE basal cyst,AT5G42800,20,5.597577095031738,7.615580164096296e-15,8.6231050491333
gehring_L3_state,7. CZE basal cyst,AT1G62333,21,5.063115119934082,1.69032935792697e-14,8.525717735290527
gehring_L3_state,7. CZE basal cyst,AT2G14900,22,5.088006496429443,2.370653157273992e-14,8.481071472167969
gehring_L3_state,7. CZE basal cyst,AT3G49270,23,6.027397155761719,3.054557196022353e-14,8.446343421936035
gehring_L3_state,7. CZE basal cyst,AT1G65060,24,4.574333190917969,8.465166809777413e-14,8.321415901184082
gehring_L3_state,7. CZE basal cyst,AT2G02147,25,7.008204460144043,2.379766280350417e-13,8.193123817443848
gehring_L3_state,7. CZE basal cyst,AT2G31360,26,5.041233539581299,3.1387233041667676e-13,8.15501594543457
gehring_L3_state,7. CZE basal cyst,AT5G25610,27,5.008334159851074,4.0502736131781414e-13,8.1195650100708
gehring_L3_state,7. CZE basal cyst,AT1G32170,28,4.955543518066406,4.567093460834695e-13,8.100553512573242
gehring_L3_state,7. CZE basal cyst,AT3G13530,29,5.042352676391602,5.078713682422328e-13,8.08335018157959
gehring_L3_state,7. CZE basal cyst,AT2G26250,30,4.407662868499756,8.182398848900682e-13,8.020846366882324
gehring_L3_state,7. CZE basal cyst,AT3G49780,31,4.791779041290283,8.726652636222536e-13,8.00890064239502
gehring_L3_state,7. CZE basal cyst,AT3G16370,32,4.465170383453369,1.8182586663402498e-12,7.914160251617432
gehring_L3_state,7. CZE basal cyst,AT1G06550,33,4.167059898376465,6.6642209372072865e-12,7.747002601623535
gehring_L3_state,7. CZE basal cyst,AT4G00360,34,5.031584739685059,7.1837859645109614e-12,7.7336626052856445
gehring_L3_state,7. CZE basal cyst,AT4G09820,35,4.5326457023620605,1.6022341492148112e-11,7.627194881439209
gehring_L3_state,7. CZE basal cyst,AT4G24130,36,4.263490676879883,2.459280922948105e-11,7.5680832862854
gehring_L3_state,7. CZE basal cyst,AT5G02540,37,5.453805923461914,2.6640660073549314e-11,7.554117202758789
gehring_L3_state,7. CZE basal cyst,AT5G39130,38,4.4250383377075195,3.0576929736048383e-11,7.532678127288818
gehring_L3_state,7. CZE basal cyst,AT2G30490,39,4.274170875549316,3.061484613775532e-11,7.529124736785889
gehring_L3_state,7. CZE basal cyst,AT1G77520,40,5.092358589172363,4.2037389681469396e-11,7.484282970428467
gehring_L3_state,7. CZE basal cyst,AT2G47240,41,4.074260711669922,5.02272784008566e-11,7.457614421844482
gehring_L3_state,7. CZE basal cyst,AT5G57630,42,5.107311725616455,6.591329655720031e-11,7.418518543243408
gehring_L3_state,7. CZE basal cyst,AT1G45130,43,3.9402201175689697,1.0206922122953229e-10,7.3572258949279785
gehring_L3_state,7. CZE basal cyst,AT1G36160,44,3.722234010696411,1.0281334376504741e-10,7.353184700012207
gehring_L3_state,7. CZE basal cyst,AT3G49050,45,4.196902275085449,1.4123933358488986e-10,7.307619571685791
gehring_L3_state,7. CZE basal cyst,AT5G10180,46,4.769294261932373,1.6153647153538725e-10,7.286587715148926
gehring_L3_state,7. CZE basal cyst,AT3G51240,47,3.616305351257324,1.844047076252882e-10,7.265814304351807
gehring_L3_state,7. CZE basal cyst,AT3G59030,48,5.206982612609863,2.0467728088998928e-10,7.248852252960205
gehring_L3_state,7. CZE basal cyst,AT1G27950,49,4.622040748596191,2.3753229423855847e-10,7.225857257843018
gehring_L3_state,7. CZE basal cyst,AT1G24540,50,5.011530876159668,2.74983522092141e-10,7.203184127807617
gehring_L3_state,7. EMB hypoph,AT4G25140,1,4.852893829345703,5.6724881456890075e-47,15.073299407958984
gehring_L3_state,7. EMB hypoph,AT1G26680,2,6.473663806915283,2.653579155455618e-46,14.924877166748047
gehring_L3_state,7. EMB hypoph,AT1G47540,3,5.0060715675354,8.403819398151297e-38,13.527337074279785
gehring_L3_state,7. EMB hypoph,AT4G26740,4,4.442755699157715,1.553660421387913e-29,12.023971557617188
gehring_L3_state,7. EMB hypoph,AT5G51210,5,3.8626513481140137,4.704851779771524e-29,11.913515090942383
gehring_L3_state,7. EMB hypoph,AT1G33750,6,9.529349327087402,1.8424690692285564e-28,11.770831108093262
gehring_L3_state,7. EMB hypoph,AT5G40420,7,3.882154941558838,5.176031789862077e-28,11.662002563476562
gehring_L3_state,7. EMB hypoph,AT1G65090,8,3.9211201667785645,6.738237638384977e-26,11.230671882629395
gehring_L3_state,7. EMB hypoph,AT2G18540,9,4.285592555999756,3.6013029851715615e-25,11.073076248168945
gehring_L3_state,7. EMB hypoph,AT5G07190,10,4.05127477645874,4.7449313293362636e-24,10.811247825622559
gehring_L3_state,7. EMB hypoph,AT3G01570,11,3.48539137840271,5.404885993973549e-23,10.579741477966309
gehring_L3_state,7. EMB hypoph,AT5G10510,12,3.9893546104431152,6.685900544825704e-22,10.320025444030762
gehring_L3_state,7. EMB hypoph,ATCG00020,13,2.0813655853271484,1.3292383856196114e-21,10.244624137878418
gehring_L3_state,7. EMB hypoph,AT1G54860,14,4.252009868621826,3.1388206947344032e-21,10.156861305236816
gehring_L3_state,7. EMB hypoph,AT1G29930,15,2.7207653522491455,2.3287312041268546e-20,9.955296516418457
gehring_L3_state,7. EMB hypoph,AT3G54940,16,4.531606197357178,3.116562128939874e-20,9.922197341918945
gehring_L3_state,7. EMB hypoph,AT3G63040,17,4.488314151763916,1.321609411992097e-19,9.773015975952148
gehring_L3_state,7. EMB hypoph,AT2G34700,18,3.4751029014587402,2.671536329026123e-19,9.697625160217285
gehring_L3_state,7. EMB hypoph,AT3G30350,19,8.633905410766602,4.503150815243057e-18,9.39750862121582
gehring_L3_state,7. EMB hypoph,AT4G27160,20,3.1658146381378174,4.770264967270735e-18,9.387870788574219
gehring_L3_state,7. EMB hypoph,AT1G48130,21,3.9297666549682617,4.2975106524425207e-17,9.149881362915039
gehring_L3_state,7. EMB hypoph,AT1G23000,22,4.200181484222412,5.840644179617396e-17,9.113235473632812
gehring_L3_state,7. EMB hypoph,AT5G62800,23,3.8686678409576416,7.023743623935119e-17,9.089863777160645
gehring_L3_state,7. EMB hypoph,AT4G27150,24,3.421306610107422,1.5791293836270945e-16,8.998079299926758
gehring_L3_state,7. EMB hypoph,AT5G14690,25,6.445718288421631,1.8148733346032261e-16,8.979598045349121
gehring_L3_state,7. EMB hypoph,AT3G27660,26,3.13325834274292,1.9812122347177488e-16,8.966840744018555
gehring_L3_state,7. EMB hypoph,AT5G49190,27,3.0099527835845947,3.2429357622542542e-15,8.647322654724121
gehring_L3_state,7. EMB hypoph,AT1G62290,28,3.6147215366363525,3.362116091466978e-15,8.64023494720459
gehring_L3_state,7. EMB hypoph,AT1G11670,29,3.0337109565734863,4.051618749273307e-15,8.615997314453125
gehring_L3_state,7. EMB hypoph,AT4G30880,30,4.814792633056641,2.2755893582039723e-14,8.410320281982422
gehring_L3_state,7. EMB hypoph,AT2G28490,31,3.5155417919158936,2.3447443712516058e-14,8.404047012329102
gehring_L3_state,7. EMB hypoph,AT5G09640,32,3.684765100479126,3.0915792986838186e-14,8.362322807312012
gehring_L3_state,7. EMB hypoph,AT4G28520,33,3.2570855617523193,3.0915792986838186e-14,8.361045837402344
gehring_L3_state,7. EMB hypoph,AT3G01516,34,6.701293468475342,4.107931998209054e-14,8.324957847595215
gehring_L3_state,7. EMB hypoph,AT1G03880,35,3.534240961074829,8.391215637293642e-13,7.94293737411499
gehring_L3_state,7. EMB hypoph,AT4G27140,36,4.783629417419434,3.1577482033424245e-12,7.774653434753418
gehring_L3_state,7. EMB hypoph,AT2G41070,37,2.7118079662323,1.2087014856155134e-11,7.596138954162598
gehring_L3_state,7. EMB hypoph,AT5G50770,38,2.5860185623168945,2.1362061783866804e-11,7.517697334289551
gehring_L3_state,7. EMB hypoph,AT3G48670,39,3.020629644393921,6.90798773427442e-11,7.360490322113037
gehring_L3_state,7. EMB hypoph,AT1G79580,40,11.307537078857422,6.95372515452582e-11,7.357473373413086
gehring_L3_state,7. EMB hypoph,AT5G13790,41,2.5953855514526367,2.34932892699591e-10,7.189906597137451
gehring_L3_state,7. EMB hypoph,AT2G27040,42,1.8550971746444702,3.290717349523135e-10,7.140608787536621
gehring_L3_state,7. EMB hypoph,AT5G48940,43,6.8886895179748535,3.601224944663984e-10,7.126134872436523
gehring_L3_state,7. EMB hypoph,AT3G24650,44,3.3900413513183594,1.1058268628208046e-09,6.963818550109863
gehring_L3_state,7. EMB hypoph,AT3G20840,45,8.48151683807373,1.553091735964511e-09,6.911840438842773
gehring_L3_state,7. EMB hypoph,AT5G44120,46,2.388061046600342,1.5834771761865982e-09,6.907134532928467
gehring_L3_state,7. EMB hypoph,AT1G68170,47,3.9217333793640137,1.8426698269729e-09,6.881740570068359
gehring_L3_state,7. EMB hypoph,AT2G23510,48,5.540513515472412,2.5898349528465624e-09,6.8311991691589355
gehring_L3_state,7. EMB hypoph,AT4G21960,49,1.379529356956482,2.9200306747127257e-09,6.810230255126953
gehring_L3_state,7. EMB hypoph,AT4G39800,50,2.2671680450439453,7.2335854492947126e-09,6.669394493103027
gehring_L3_state,8. CZE basal cyst,AT2G19802,1,7.9933953285217285,1.0714827245556948e-32,12.7199068069458
gehring_L3_state,8. CZE basal cyst,ATMG00020,2,1.863898754119873,7.58684082880056e-21,10.307881355285645
gehring_L3_state,8. CZE basal cyst,AT3G48231,3,6.056495666503906,4.231391165159887e-20,10.101670265197754
gehring_L3_state,8. CZE basal cyst,AT2G02147,4,6.478114604949951,6.589732318148981e-18,9.56447696685791
gehring_L3_state,8. CZE basal cyst,AT1G77525,5,4.558899402618408,5.5326555911224074e-17,9.318181991577148
gehring_L3_state,8. CZE basal cyst,AT2G19796,6,7.974017143249512,1.1145515523551904e-15,8.973937034606934
gehring_L3_state,8. CZE basal cyst,AT2G14365,7,6.34877347946167,4.811156872270807e-15,8.794190406799316
gehring_L3_state,8. CZE basal cyst,AT5G38195,8,6.183125019073486,3.050865381972301e-14,8.568964958190918
gehring_L3_state,8. CZE basal cyst,AT5G59320,9,3.6019999980926514,4.2021105184374247e-14,8.518381118774414
gehring_L3_state,8. CZE basal cyst,AT5G19175,10,6.323363304138184,9.562214478921168e-14,8.410262107849121
gehring_L3_state,8. CZE basal cyst,AT5G40730,11,5.868724822998047,1.9018540158369473e-13,8.316612243652344
gehring_L3_state,8. CZE basal cyst,AT5G44973,12,4.681648254394531,1.9018540158369473e-13,8.307621002197266
gehring_L3_state,8. CZE basal cyst,AT1G56100,13,3.3731558322906494,8.032907922135275e-13,8.125161170959473
gehring_L3_state,8. CZE basal cyst,AT3G16895,14,6.893259525299072,9.67462539737539e-13,8.093558311462402
gehring_L3_state,8. CZE basal cyst,AT1G21395,15,6.2765302658081055,1.5381176088347307e-12,8.02845573425293
gehring_L3_state,8. CZE basal cyst,AT1G13607,16,7.432839393615723,2.5588102313366512e-12,7.951115131378174
gehring_L3_state,8. CZE basal cyst,AT1G53285,17,7.513821125030518,2.5588102313366512e-12,7.9502716064453125
gehring_L3_state,8. CZE basal cyst,AT3G49307,18,6.186426639556885,7.240215922009005e-12,7.813195705413818
gehring_L3_state,8. CZE basal cyst,AT5G38170,19,3.2118942737579346,1.3854196740343772e-10,7.418399810791016
gehring_L3_state,8. CZE basal cyst,ATMG01390,20,2.7179675102233887,1.7963617706132929e-10,7.377415657043457
gehring_L3_state,8. CZE basal cyst,AT3G08770,21,2.893249273300171,2.9384406531629846e-10,7.305337905883789
gehring_L3_state,8. CZE basal cyst,AT1G53282,22,7.369595050811768,9.230793741795013e-10,7.137881755828857
gehring_L3_state,8. CZE basal cyst,AT2G15325,23,6.563556671142578,4.649157360729848e-09,6.906357288360596
gehring_L3_state,8. CZE basal cyst,AT4G15750,24,2.6508476734161377,4.905041951176665e-09,6.893174171447754
gehring_L3_state,8. CZE basal cyst,AT5G60390,25,1.9932646751403809,1.2312326743977958e-08,6.755622386932373
gehring_L3_state,8. CZE basal cyst,AT1G43667,26,7.134045124053955,1.2577801108403066e-08,6.747252464294434
gehring_L3_state,8. CZE basal cyst,AT2G38900,27,2.7216103076934814,2.7308603236424977e-08,6.6286301612854
gehring_L3_state,8. CZE basal cyst,AT5G38160,28,2.795269727706909,7.058401445420092e-08,6.476921558380127
gehring_L3_state,8. CZE basal cyst,AT5G38180,29,4.308320999145508,1.0972705014031321e-07,6.400454044342041
gehring_L3_state,8. CZE basal cyst,AT3G54560,30,3.8862411975860596,1.4789403163831145e-07,6.350133895874023
gehring_L3_state,8. CZE basal cyst,AT4G12960,31,2.6930813789367676,1.494871935480356e-07,6.344023704528809
gehring_L3_state,8. CZE basal cyst,AT3G17155,32,6.730196952819824,1.7126003254533183e-07,6.31870174407959
gehring_L3_state,8. CZE basal cyst,AT3G20210,33,2.3670923709869385,2.2709912048301318e-07,6.270674228668213
gehring_L3_state,8. CZE basal cyst,AT5G63230,34,5.7495903968811035,3.0227876154407884e-07,6.221818447113037
gehring_L3_state,8. CZE basal cyst,AT5G10230,35,4.535488128662109,5.772963259777913e-07,6.115386962890625
gehring_L3_state,8. CZE basal cyst,AT5G11740,36,1.9210740327835083,7.209017839096391e-07,6.075803756713867
gehring_L3_state,8. CZE basal cyst,AT2G02100,37,2.6149134635925293,9.334674238149924e-07,6.030218601226807
gehring_L3_state,8. CZE basal cyst,AT5G40155,38,6.814053535461426,5.012964487709448e-06,5.744448661804199
gehring_L3_state,8. CZE basal cyst,AT2G12475,39,6.584798336029053,5.570888040898474e-06,5.722661018371582
gehring_L3_state,8. CZE basal cyst,AT1G62333,40,2.361189365386963,6.571375686768504e-06,5.690708637237549
gehring_L3_state,8. CZE basal cyst,AT1G26797,41,7.59440803527832,1.152716507767561e-05,5.586429119110107
gehring_L3_state,8. CZE basal cyst,AT3G27835,42,6.978575229644775,1.3215769347360453e-05,5.558955192565918
gehring_L3_state,8. CZE basal cyst,AT1G19320,43,6.977564334869385,1.3955132533690194e-05,5.545838832855225
gehring_L3_state,8. CZE basal cyst,AT3G60700,44,5.821621894836426,2.1014492357595154e-05,5.470200538635254
gehring_L3_state,8. CZE basal cyst,AT2G01667,45,7.935665130615234,3.121907109747153e-05,5.392580509185791
gehring_L3_state,8. CZE basal cyst,AT4G12825,46,7.649099826812744,3.157685346401016e-05,5.383437633514404
gehring_L3_state,8. CZE basal cyst,AT1G43666,47,7.581390380859375,3.157685346401016e-05,5.38218879699707
gehring_L3_state,8. CZE basal cyst,AT5G13930,48,1.723009705543518,3.1715331198976987e-05,5.376412868499756
gehring_L3_state,8. CZE basal cyst,AT5G67360,49,1.770249843597412,3.4757268842976824e-05,5.356692314147949
gehring_L3_state,8. CZE basal cyst,AT1G75950,50,2.567789077758789,3.901610090264176e-05,5.33260440826416
gehring_L3_state,8. CZE nod-like,AT1G42980,1,8.809524536132812,1.78407897967184e-89,20.550403594970703
gehring_L3_state,8. CZE nod-like,AT5G44973,2,6.400244235992432,7.885529539621011e-81,19.51079559326172
gehring_L3_state,8. CZE nod-like,AT1G73610,3,8.791934967041016,7.885529539621011e-81,19.493038177490234
gehring_L3_state,8. CZE nod-like,AT5G09370,4,6.141582489013672,7.885529539621011e-81,19.48944091796875
gehring_L3_state,8. CZE nod-like,AT5G51105,5,6.148031711578369,2.1126894751327547e-80,19.427490234375
gehring_L3_state,8. CZE nod-like,AT1G73550,6,7.0501322746276855,4.689348497406708e-72,18.404733657836914
gehring_L3_state,8. CZE nod-like,AT1G31250,7,5.815189361572266,1.129867850423684e-71,18.348657608032227
gehring_L3_state,8. CZE nod-like,AT2G36724,8,6.440335273742676,2.681900525529534e-66,17.655820846557617
gehring_L3_state,8. CZE nod-like,AT3G02670,9,7.034880638122559,1.0135753231429327e-65,17.573917388916016
gehring_L3_state,8. CZE nod-like,AT3G05460,10,5.740085601806641,5.284951513845849e-64,17.342153549194336
gehring_L3_state,8. CZE nod-like,AT3G06355,11,1.7841639518737793,1.733280955373497e-61,17.000394821166992
gehring_L3_state,8. CZE nod-like,AT2G23970,12,6.6132612228393555,5.488280969436995e-60,16.791473388671875
gehring_L3_state,8. CZE nod-like,AT5G10220,13,5.381541728973389,7.999988522895019e-60,16.764339447021484
gehring_L3_state,8. CZE nod-like,AT1G12670,14,5.627541542053223,1.851082885935236e-59,16.709980010986328
gehring_L3_state,8. CZE nod-like,AT4G14140,15,5.1941633224487305,7.804218873282085e-59,16.61981964111328
gehring_L3_state,8. CZE nod-like,AT1G13605,16,5.334584712982178,2.5069396991404214e-58,16.545822143554688
gehring_L3_state,8. CZE nod-like,AT5G46540,17,5.290899276733398,1.198243142875329e-57,16.447675704956055
gehring_L3_state,8. CZE nod-like,AT3G03240,18,5.64873743057251,2.8083870047086907e-56,16.251977920532227
gehring_L3_state,8. CZE nod-like,AT2G37540,19,5.9533772468566895,5.638908574349469e-55,16.06369972229004
gehring_L3_state,8. CZE nod-like,AT5G11530,20,3.8923964500427246,5.4692231385107e-54,15.918975830078125
gehring_L3_state,8. CZE nod-like,AT2G30810,21,4.293190002441406,7.467531174108049e-53,15.751482009887695
gehring_L3_state,8. CZE nod-like,AT3G30842,22,6.971272945404053,5.374674317787105e-52,15.623217582702637
gehring_L3_state,8. CZE nod-like,AT5G28000,23,5.820505619049072,1.3054689741328925e-48,15.112459182739258
gehring_L3_state,8. CZE nod-like,AT5G40450,24,6.342148303985596,1.3114531718872203e-48,15.109467506408691
gehring_L3_state,8. CZE nod-like,AT5G63087,25,4.503673076629639,1.4693881422887607e-48,15.099386215209961
gehring_L3_state,8. CZE nod-like,AT5G46877,26,6.805595874786377,4.0507302580853685e-48,15.029871940612793
gehring_L3_state,8. CZE nod-like,AT2G42490,27,4.607333660125732,4.071663434879166e-48,15.027120590209961
gehring_L3_state,8. CZE nod-like,AT3G03260,28,6.6482062339782715,4.897420239429747e-48,15.012554168701172
gehring_L3_state,8. CZE nod-like,AT4G08990,29,4.832371711730957,4.0694922247991874e-47,14.869203567504883
gehring_L3_state,8. CZE nod-like,AT1G58055,30,4.483936309814453,5.1536741635679754e-46,14.696029663085938
gehring_L3_state,8. CZE nod-like,AT4G36590,31,6.559589385986328,1.504799133435776e-45,14.621109962463379
gehring_L3_state,8. CZE nod-like,AT5G22980,32,5.966468334197998,1.619299112179556e-44,14.456345558166504
gehring_L3_state,8. CZE nod-like,AT3G24790,33,6.838330268859863,2.876139271943373e-44,14.414681434631348
gehring_L3_state,8. CZE nod-like,AT5G09730,34,4.43952751159668,1.041093919865227e-43,14.323575019836426
gehring_L3_state,8. CZE nod-like,AT3G48280,35,5.275974750518799,9.854316685979066e-43,14.164579391479492
gehring_L3_state,8. CZE nod-like,AT4G25530,36,5.009224891662598,4.043727888461623e-42,14.063109397888184
gehring_L3_state,8. CZE nod-like,AT1G54410,37,3.330170154571533,4.249031199447072e-42,14.057718276977539
gehring_L3_state,8. CZE nod-like,AT4G35725,38,4.7930803298950195,4.425723583785097e-42,14.052994728088379
gehring_L3_state,8. CZE nod-like,AT2G39640,39,6.692977428436279,1.2414713983940108e-41,13.977972984313965
gehring_L3_state,8. CZE nod-like,AT5G20710,40,6.088581085205078,1.575953679071309e-40,13.794137954711914
gehring_L3_state,8. CZE nod-like,AT4G26190,41,2.9605259895324707,6.549921094196997e-40,13.689265251159668
gehring_L3_state,8. CZE nod-like,AT1G67775,42,6.042258262634277,6.834036887907278e-40,13.684469223022461
gehring_L3_state,8. CZE nod-like,AT3G05860,43,7.152955055236816,1.06777202380592e-39,13.650317192077637
gehring_L3_state,8. CZE nod-like,AT5G55132,44,4.073451519012451,3.099256507308415e-39,13.570799827575684
gehring_L3_state,8. CZE nod-like,AT2G27120,45,4.65951681137085,3.159284774738201e-39,13.567782402038574
gehring_L3_state,8. CZE nod-like,AT1G77525,46,3.9316372871398926,9.367293375909032e-39,13.486284255981445
gehring_L3_state,8. CZE nod-like,AT1G19950,47,5.148746967315674,3.1403402180962176e-38,13.395215034484863
gehring_L3_state,8. CZE nod-like,AT1G69190,48,6.77347993850708,7.894929361707769e-38,13.325057983398438
gehring_L3_state,8. CZE nod-like,AT2G32550,49,5.041775703430176,1.0803333115393574e-37,13.30012035369873
gehring_L3_state,8. CZE nod-like,AT1G02980,50,5.619223117828369,1.88443544674755e-37,13.25697135925293
gehring_L3_state,8. EMB  s-phase,AT4G25140,1,3.7050881385803223,2.945518856532224e-50,15.49447250366211
gehring_L3_state,8. EMB  s-phase,AT2G34700,2,3.844926118850708,8.632513567982307e-50,15.406624794006348
gehring_L3_state,8. EMB  s-phase,AT1G29930,3,3.1359426975250244,3.7362787209949294e-47,14.994364738464355
gehring_L3_state,8. EMB  s-phase,AT5G40420,4,3.571683883666992,8.62785886153486e-42,14.127151489257812
gehring_L3_state,8. EMB  s-phase,ATCG00020,5,2.1124863624572754,1.1085450937163595e-39,13.748260498046875
gehring_L3_state,8. EMB  s-phase,AT5G51210,6,3.3866448402404785,1.6905950120581317e-39,13.71137809753418
gehring_L3_state,8. EMB  s-phase,AT3G01570,7,3.197909116744995,1.1414193461045615e-33,12.68863582611084
gehring_L3_state,8. EMB  s-phase,AT4G36700,8,3.102051258087158,1.3236557871628502e-33,12.67161750793457
gehring_L3_state,8. EMB  s-phase,AT4G27160,9,3.238957405090332,6.283930906365183e-33,12.543749809265137
gehring_L3_state,8. EMB  s-phase,AT1G65090,10,3.3736324310302734,8.141834149477049e-33,12.513863563537598
gehring_L3_state,8. EMB  s-phase,AT2G34420,11,2.918977737426758,2.71678492151526e-31,12.227800369262695
gehring_L3_state,8. EMB  s-phase,AT5G63550,12,3.5244174003601074,2.643538640632477e-30,12.03731632232666
gehring_L3_state,8. EMB  s-phase,AT5G44120,13,3.1328933238983154,3.1176268163208317e-29,11.823982238769531
gehring_L3_state,8. EMB  s-phase,AT5G59870,14,3.694847822189331,2.2277190496952953e-28,11.653894424438477
gehring_L3_state,8. EMB  s-phase,AT5G22880,15,3.1184208393096924,2.7619430469169247e-27,11.430206298828125
gehring_L3_state,8. EMB  s-phase,AT2G27040,16,2.0262317657470703,2.511131654740025e-24,10.812365531921387
gehring_L3_state,8. EMB  s-phase,AT5G43810,17,3.5514166355133057,9.118692639534577e-22,10.247903823852539
gehring_L3_state,8. EMB  s-phase,AT4G14770,18,4.112942218780518,1.0743128972713742e-21,10.228968620300293
gehring_L3_state,8. EMB  s-phase,AT1G67090,19,1.9106636047363281,3.770678306568466e-19,9.62466049194336
gehring_L3_state,8. EMB  s-phase,AT3G20670,20,3.2215633392333984,3.1618794275931662e-18,9.397205352783203
gehring_L3_state,8. EMB  s-phase,AT3G12203,21,3.1763768196105957,6.96961791464917e-18,9.304851531982422
gehring_L3_state,8. EMB  s-phase,AT4G27150,22,2.6271896362304688,1.841080648903446e-17,9.196383476257324
gehring_L3_state,8. EMB  s-phase,AT1G29910,23,3.045952081680298,1.9772796576056917e-17,9.182048797607422
gehring_L3_state,8. EMB  s-phase,AT3G54560,24,3.29597806930542,3.7871433242102735e-17,9.109670639038086
gehring_L3_state,8. EMB  s-phase,AT5G59690,25,2.7643516063690186,3.8771711657658534e-17,9.105013847351074
gehring_L3_state,8. EMB  s-phase,AT5G57390,26,3.623403310775757,6.422557805530085e-17,9.047986030578613
gehring_L3_state,8. EMB  s-phase,AT2G18540,27,2.794771671295166,8.37085740739568e-17,9.014945030212402
gehring_L3_state,8. EMB  s-phase,AT5G49190,28,2.4523441791534424,9.45454477944426e-17,8.999612808227539
gehring_L3_state,8. EMB  s-phase,AT5G49160,29,3.066573143005371,1.938972856980217e-16,8.918455123901367
gehring_L3_state,8. EMB  s-phase,AT1G07820,30,2.5267398357391357,3.9791891950229347e-16,8.832737922668457
gehring_L3_state,8. EMB  s-phase,AT1G51060,31,2.6269750595092773,5.340880416766536e-16,8.797913551330566
gehring_L3_state,8. EMB  s-phase,AT5G13790,32,2.3425965309143066,7.571704851133095e-16,8.756816864013672
gehring_L3_state,8. EMB  s-phase,AT2G05990,33,2.0212597846984863,1.1789144853180124e-15,8.703149795532227
gehring_L3_state,8. EMB  s-phase,AT3G27660,34,2.45611310005188,1.243502427522254e-15,8.695337295532227
gehring_L3_state,8. EMB  s-phase,AT5G04290,35,1.690629243850708,1.4514986483006824e-15,8.67602252960205
gehring_L3_state,8. EMB  s-phase,AT5G38690,36,3.176156997680664,1.640139217975604e-15,8.660394668579102
gehring_L3_state,8. EMB  s-phase,AT3G15680,37,7.276753902435303,4.9905067316894416e-15,8.529233932495117
gehring_L3_state,8. EMB  s-phase,AT4G28520,38,2.648907423019409,6.247538566571299e-15,8.49988842010498
gehring_L3_state,8. EMB  s-phase,AT3G50240,39,2.6861491203308105,8.554361788998561e-15,8.46009349822998
gehring_L3_state,8. EMB  s-phase,AT1G09420,40,2.520902633666992,1.2305776459216469e-14,8.414416313171387
gehring_L3_state,8. EMB  s-phase,AT4G02110,41,3.4793686866760254,2.938758115664131e-14,8.310185432434082
gehring_L3_state,8. EMB  s-phase,AT2G01910,42,2.3189210891723633,9.039969955233166e-14,8.169604301452637
gehring_L3_state,8. EMB  s-phase,ATCG00340,43,1.596216082572937,1.1937821225785506e-13,8.1329984664917
gehring_L3_state,8. EMB  s-phase,AT1G74960,44,1.933633804321289,1.3851541375324754e-13,8.113490104675293
gehring_L3_state,8. EMB  s-phase,AT3G54890,45,2.4512176513671875,2.431216576030332e-13,8.041961669921875
gehring_L3_state,8. EMB  s-phase,AT4G10340,46,2.2099387645721436,2.874468523463867e-13,8.01998233795166
gehring_L3_state,8. EMB  s-phase,AT5G23420,47,3.0602920055389404,4.453882953163129e-13,7.963172912597656
gehring_L3_state,8. EMB  s-phase,AT1G05470,48,5.104575157165527,6.736559167675427e-13,7.9063005447387695
gehring_L3_state,8. EMB  s-phase,AT1G06760,49,2.315054416656494,8.513175231959941e-13,7.874406814575195
gehring_L3_state,8. EMB  s-phase,AT4G26740,50,2.4559905529022217,1.1317704928223353e-12,7.836079120635986
gehring_L3_state,9. CZE nod-like,AT2G16586,1,3.892979145050049,5.274451924245323e-93,20.94120979309082
gehring_L3_state,9. CZE nod-like,AT3G06355,2,1.5398807525634766,1.6262973546462918e-71,18.39687728881836
gehring_L3_state,9. CZE nod-like,AT2G32370,3,5.328574180603027,1.6750837402941852e-66,17.721405029296875
gehring_L3_state,9. CZE nod-like,AT1G11070,4,4.375910758972168,5.2801248542468816e-61,16.981304168701172
gehring_L3_state,9. CZE nod-like,AT2G27120,5,5.425178527832031,5.4921907604233925e-61,16.96828842163086
gehring_L3_state,9. CZE nod-like,AT5G27330,6,5.137927055358887,1.3269565741295515e-51,15.638595581054688
gehring_L3_state,9. CZE nod-like,AT5G11530,7,3.5588483810424805,1.2301884788600995e-50,15.487547874450684
gehring_L3_state,9. CZE nod-like,AT5G09370,8,3.7557566165924072,1.965282182302248e-50,15.44980525970459
gehring_L3_state,9. CZE nod-like,AT2G01021,9,4.06300163269043,2.754121780236873e-49,15.271824836730957
gehring_L3_state,9. CZE nod-like,AT5G10220,10,4.7748236656188965,6.885726796217858e-49,15.205719947814941
gehring_L3_state,9. CZE nod-like,AT1G56110,11,3.1871228218078613,1.8447711376603395e-45,14.673921585083008
gehring_L3_state,9. CZE nod-like,AT4G26190,12,2.7611587047576904,7.489212218120576e-43,14.255128860473633
gehring_L3_state,9. CZE nod-like,AT5G25950,13,7.452445983886719,6.788457387211448e-39,13.589112281799316
gehring_L3_state,9. CZE nod-like,AT1G55550,14,5.515379905700684,2.693601414595724e-38,13.483386039733887
gehring_L3_state,9. CZE nod-like,AT3G59790,15,7.086925506591797,6.369031619480861e-38,13.415521621704102
gehring_L3_state,9. CZE nod-like,AT1G19950,16,5.236993789672852,1.625825091123679e-36,13.169102668762207
gehring_L3_state,9. CZE nod-like,AT1G22590,17,3.4485673904418945,7.151169431196256e-35,12.876313209533691
gehring_L3_state,9. CZE nod-like,AT1G48920,18,2.3990514278411865,1.4857260847274393e-34,12.815956115722656
gehring_L3_state,9. CZE nod-like,AT1G08260,19,2.7294766902923584,1.8310646933154896e-34,12.796123504638672
gehring_L3_state,9. CZE nod-like,AT1G76820,20,3.2478339672088623,2.730920047820451e-32,12.397762298583984
gehring_L3_state,9. CZE nod-like,AT2G32550,21,4.832791328430176,2.7293792042644014e-31,12.208429336547852
gehring_L3_state,9. CZE nod-like,AT3G42850,22,4.2078633308410645,3.167836900327042e-30,12.000683784484863
gehring_L3_state,9. CZE nod-like,AT4G25340,23,3.1606597900390625,8.734569751041744e-30,11.91330623626709
gehring_L3_state,9. CZE nod-like,AT1G67120,24,2.7544894218444824,9.717063457273731e-30,11.901383399963379
gehring_L3_state,9. CZE nod-like,AT1G79950,25,2.5937087535858154,2.825755202852572e-29,11.809028625488281
gehring_L3_state,9. CZE nod-like,AT3G54500,26,2.570697546005249,3.731515492921137e-29,11.782769203186035
gehring_L3_state,9. CZE nod-like,AT1G42980,27,6.033015251159668,4.6222752164127424e-29,11.761332511901855
gehring_L3_state,9. CZE nod-like,AT3G14205,28,2.6355364322662354,4.6222752164127424e-29,11.759267807006836
gehring_L3_state,9. CZE nod-like,AT1G35320,29,3.6435329914093018,7.850784242320165e-28,11.515015602111816
gehring_L3_state,9. CZE nod-like,AT4G25530,30,4.2274250984191895,1.2119529188816458e-27,11.474944114685059
gehring_L3_state,9. CZE nod-like,AT3G42806,31,3.9932100772857666,3.2493262942459184e-27,11.386795997619629
gehring_L3_state,9. CZE nod-like,AT5G52330,32,3.195749521255493,1.8656245191507878e-26,11.23095989227295
gehring_L3_state,9. CZE nod-like,AT1G14580,33,4.227107048034668,6.940056158538723e-26,11.111851692199707
gehring_L3_state,9. CZE nod-like,AT4G08990,34,3.760942220687866,7.215659229776312e-26,11.103671073913574
gehring_L3_state,9. CZE nod-like,AT4G14140,35,3.364330768585205,8.095551433211234e-26,11.091121673583984
gehring_L3_state,9. CZE nod-like,AT1G06720,36,2.8597519397735596,5.333801165896965e-25,10.917959213256836
gehring_L3_state,9. CZE nod-like,AT3G05310,37,5.518224716186523,5.333801165896965e-25,10.916772842407227
gehring_L3_state,9. CZE nod-like,AT4G14780,38,2.891845226287842,5.484290874000521e-25,10.912105560302734
gehring_L3_state,9. CZE nod-like,AT2G18880,39,5.136317253112793,6.214845525025279e-25,10.898641586303711
gehring_L3_state,9. CZE nod-like,AT2G42270,40,2.2198097705841064,3.2260724159099555e-24,10.745670318603516
gehring_L3_state,9. CZE nod-like,AT2G01008,41,1.8555487394332886,7.411604475802802e-24,10.666604042053223
gehring_L3_state,9. CZE nod-like,AT5G65890,42,4.672621726989746,9.32291482715626e-24,10.643255233764648
gehring_L3_state,9. CZE nod-like,AT5G51105,43,2.5561652183532715,2.194930375705479e-23,10.561224937438965
gehring_L3_state,9. CZE nod-like,AT5G41260,44,2.6890947818756104,2.9563874037246165e-23,10.531294822692871
gehring_L3_state,9. CZE nod-like,AT4G00930,45,2.512707471847534,5.0480109214787826e-23,10.478907585144043
gehring_L3_state,9. CZE nod-like,AT2G19540,46,2.500514268875122,1.0783264395089415e-22,10.404990196228027
gehring_L3_state,9. CZE nod-like,AT5G61460,47,2.7177212238311768,1.7470679530089006e-22,10.35525131225586
gehring_L3_state,9. CZE nod-like,AT5G27120,48,3.040971517562866,2.347237265835265e-22,10.325161933898926
gehring_L3_state,9. CZE nod-like,AT1G28630,49,7.004271984100342,2.619977414880017e-22,10.312844276428223
gehring_L3_state,9. CZE nod-like,AT5G24630,50,2.9297962188720703,6.674995786974843e-22,10.220856666564941
gehring_L3_state,9. EMB g2/m-phase,AT4G23800,1,5.983791351318359,3.527137815566639e-95,21.178455352783203
gehring_L3_state,9. EMB g2/m-phase,AT4G36700,2,3.585529088973999,5.418792965710204e-72,18.434429168701172
gehring_L3_state,9. EMB g2/m-phase,AT4G35100,3,5.019449710845947,1.7123165772367136e-67,17.836767196655273
gehring_L3_state,9. EMB g2/m-phase,AT3G19050,4,5.211147308349609,3.7707374429067546e-67,17.782373428344727
gehring_L3_state,9. EMB g2/m-phase,AT1G63100,5,5.143383026123047,6.162445899069834e-64,17.35382080078125
gehring_L3_state,9. EMB g2/m-phase,AT5G51210,6,3.406641960144043,1.2206645776171133e-61,17.02093505859375
gehring_L3_state,9. EMB g2/m-phase,AT2G25060,7,4.907483100891113,2.746723936583835e-60,16.832502365112305
gehring_L3_state,9. EMB g2/m-phase,AT5G60930,8,4.935655117034912,2.8304441706567483e-59,16.68463706970215
gehring_L3_state,9. EMB g2/m-phase,AT3G23890,9,4.494133472442627,4.392916832467327e-58,16.51590347290039
gehring_L3_state,9. EMB g2/m-phase,AT4G25140,10,3.3006980419158936,1.989788166213044e-57,16.420602798461914
gehring_L3_state,9. EMB g2/m-phase,AT1G30690,11,3.7072036266326904,2.508961386747546e-54,15.974234580993652
gehring_L3_state,9. EMB g2/m-phase,AT2G28620,12,4.975221157073975,1.9310307857469342e-52,15.69764232635498
gehring_L3_state,9. EMB g2/m-phase,AT1G08560,13,4.297920227050781,5.453058335999472e-51,15.480941772460938
gehring_L3_state,9. EMB g2/m-phase,AT3G44050,14,4.910523414611816,5.380581996319965e-50,15.327859878540039
gehring_L3_state,9. EMB g2/m-phase,AT4G05190,15,5.276307582855225,5.380581996319965e-50,15.32518196105957
gehring_L3_state,9. EMB g2/m-phase,AT1G29930,16,2.705235481262207,8.836842504555527e-50,15.28885269165039
gehring_L3_state,9. EMB g2/m-phase,AT4G27160,17,3.2250845432281494,1.7902306032049886e-48,15.088946342468262
gehring_L3_state,9. EMB g2/m-phase,AT4G14330,18,4.98658561706543,2.28085549912923e-47,14.91495132446289
gehring_L3_state,9. EMB g2/m-phase,AT2G34700,19,3.1571767330169678,6.908527297598141e-47,14.838356971740723
gehring_L3_state,9. EMB g2/m-phase,AT5G55520,20,5.709556579589844,8.898353425157338e-45,14.506376266479492
gehring_L3_state,9. EMB g2/m-phase,AT1G72250,21,4.665179252624512,2.799351514299834e-44,14.422924995422363
gehring_L3_state,9. EMB g2/m-phase,AT3G25980,22,4.542828559875488,1.4380562020603132e-43,14.30734920501709
gehring_L3_state,9. EMB g2/m-phase,AT4G11080,23,5.054830074310303,1.590577532395325e-42,14.137030601501465
gehring_L3_state,9. EMB g2/m-phase,AT4G33270,24,4.248063087463379,6.171669238459664e-41,13.875015258789062
gehring_L3_state,9. EMB g2/m-phase,AT3G01570,25,2.896965980529785,1.0776603470611395e-40,13.832905769348145
gehring_L3_state,9. EMB g2/m-phase,AT3G20150,26,5.026440620422363,1.0560400747379507e-38,13.49508285522461
gehring_L3_state,9. EMB g2/m-phase,AT1G50490,27,5.685154438018799,1.412237414849619e-38,13.47167682647705
gehring_L3_state,9. EMB g2/m-phase,AT3G51740,28,3.8734703063964844,1.4735760310848193e-38,13.464749336242676
gehring_L3_state,9. EMB g2/m-phase,AT5G17160,29,4.470812797546387,2.1365475937924044e-37,13.263922691345215
gehring_L3_state,9. EMB g2/m-phase,AT5G51600,30,4.394828796386719,3.5933846945728562e-37,13.223075866699219
gehring_L3_state,9. EMB g2/m-phase,AT2G34420,31,2.655392646789551,9.0207518671162e-37,13.151900291442871
gehring_L3_state,9. EMB g2/m-phase,AT4G31840,32,3.7428250312805176,9.682557863699132e-37,13.143108367919922
gehring_L3_state,9. EMB g2/m-phase,AT5G01910,33,6.139132022857666,8.847562543628946e-36,12.972983360290527
gehring_L3_state,9. EMB g2/m-phase,ATCG00020,34,1.671047568321228,2.988326209935061e-35,12.877714157104492
gehring_L3_state,9. EMB g2/m-phase,AT5G40420,35,2.7862095832824707,3.953867860996095e-35,12.854455947875977
gehring_L3_state,9. EMB g2/m-phase,AT5G13840,36,5.162738800048828,4.8010863932122773e-35,12.837837219238281
gehring_L3_state,9. EMB g2/m-phase,AT5G44120,37,2.809133529663086,6.658840278807792e-35,12.810916900634766
gehring_L3_state,9. EMB g2/m-phase,AT1G01620,38,4.351960182189941,4.462212844533516e-34,12.657892227172852
gehring_L3_state,9. EMB g2/m-phase,AT1G67090,39,2.0312883853912354,1.2116248114954113e-33,12.577741622924805
gehring_L3_state,9. EMB g2/m-phase,AT1G17140,40,3.595003128051758,1.4690119422893833e-33,12.561060905456543
gehring_L3_state,9. EMB g2/m-phase,AT5G23910,41,5.025430202484131,1.331948997469153e-32,12.383980751037598
gehring_L3_state,9. EMB g2/m-phase,AT1G20610,42,5.267828464508057,4.514818749373756e-32,12.284222602844238
gehring_L3_state,9. EMB g2/m-phase,AT1G03780,43,5.624056339263916,8.76923274109819e-31,12.039102554321289
gehring_L3_state,9. EMB g2/m-phase,AT5G44560,44,3.736567497253418,1.6152575881061134e-29,11.792152404785156
gehring_L3_state,9. EMB g2/m-phase,AT4G35620,45,5.818889141082764,2.033544383571233e-29,11.771395683288574
gehring_L3_state,9. EMB g2/m-phase,AT1G23000,46,3.7344954013824463,3.061864000463791e-29,11.73418140411377
gehring_L3_state,9. EMB g2/m-phase,AT3G17360,47,4.798568248748779,5.734429050666764e-29,11.679671287536621
gehring_L3_state,9. EMB g2/m-phase,AT5G62550,48,4.808409214019775,1.1995113712205684e-28,11.615485191345215
gehring_L3_state,9. EMB g2/m-phase,AT4G32830,49,5.036382675170898,6.5385946466300525e-28,11.46585464477539
gehring_L3_state,9. EMB g2/m-phase,AT5G48310,50,5.196498870849609,2.5611294876930387e-27,11.345817565917969
gehring_L3_state,9. MCE,AT2G30810,1,6.731123447418213,0.0,38.282676696777344
gehring_L3_state,9. MCE,AT5G39280,2,7.232083320617676,1.5349322413286014e-299,37.244239807128906
gehring_L3_state,9. MCE,AT5G55132,3,6.877810955047607,3.0201773378904847e-294,36.90475845336914
gehring_L3_state,9. MCE,AT4G15735,4,6.89729118347168,2.800761551705519e-284,36.27009201049805
gehring_L3_state,9. MCE,AT5G46960,5,6.660466194152832,7.783939658060683e-259,34.612037658691406
gehring_L3_state,9. MCE,AT5G39260,6,6.813299179077148,1.4575056016192056e-257,34.52207946777344
gehring_L3_state,9. MCE,AT2G21465,7,6.956453800201416,1.3507223554029584e-254,34.319297790527344
gehring_L3_state,9. MCE,AT1G56233,8,7.092493057250977,1.053498144537178e-251,34.12096405029297
gehring_L3_state,9. MCE,AT2G02498,9,6.97705602645874,2.5283810502169856e-248,33.888816833496094
gehring_L3_state,9. MCE,AT5G39300,10,6.458216190338135,9.005238337844015e-248,33.848236083984375
gehring_L3_state,9. MCE,AT5G09730,11,6.093620300292969,1.189922843853291e-243,33.56413650512695
gehring_L3_state,9. MCE,AT1G54445,12,7.629549980163574,2.383560314154083e-236,33.057254791259766
gehring_L3_state,9. MCE,AT5G63087,13,5.5888872146606445,4.346286285945318e-228,32.474830627441406
gehring_L3_state,9. MCE,AT4G39650,14,7.240318298339844,2.8636922869139213e-225,32.27224349975586
gehring_L3_state,9. MCE,AT5G54220,15,6.365174293518066,7.2444019826659405e-224,32.16993713378906
gehring_L3_state,9. MCE,AT4G15050,16,7.671300411224365,5.257657305408157e-215,31.527931213378906
gehring_L3_state,9. MCE,AT3G24510,17,5.967353343963623,1.2870175165975933e-212,31.35123062133789
gehring_L3_state,9. MCE,AT1G77525,18,5.167318344116211,1.4660526343755693e-211,31.271787643432617
gehring_L3_state,9. MCE,AT2G24693,19,6.227867126464844,1.7240263788139518e-208,31.043380737304688
gehring_L3_state,9. MCE,AT4G19905,20,6.567751884460449,6.311108536991697e-205,30.776538848876953
gehring_L3_state,9. MCE,AT5G46810,21,9.34315013885498,5.727626520971369e-202,30.553081512451172
gehring_L3_state,9. MCE,AT2G44540,22,6.565727710723877,4.5348196123156224e-200,30.408287048339844
gehring_L3_state,9. MCE,AT2G22121,23,6.912553310394287,1.9441437795088063e-197,30.207063674926758
gehring_L3_state,9. MCE,AT1G56415,24,6.297257423400879,2.651986333128235e-196,30.119117736816406
gehring_L3_state,9. MCE,AT2G02515,25,5.775941848754883,5.507962901871603e-194,29.940263748168945
gehring_L3_state,9. MCE,AT4G22115,26,6.710954666137695,1.0018210899190994e-189,29.60989761352539
gehring_L3_state,9. MCE,AT2G20465,27,6.646543502807617,2.4043590278666273e-187,29.423152923583984
gehring_L3_state,9. MCE,AT3G17150,28,7.149041652679443,2.9255508866187064e-186,29.336963653564453
gehring_L3_state,9. MCE,AT1G77510,29,4.4017415046691895,7.855011400400695e-179,28.747455596923828
gehring_L3_state,9. MCE,AT1G29600,30,13.215048789978027,3.6679224030334316e-175,28.45121192932129
gehring_L3_state,9. MCE,AT2G02490,31,6.625645637512207,1.4299255547924004e-163,27.4971981048584
gehring_L3_state,9. MCE,AT5G51105,32,4.183995723724365,2.531658292419516e-163,27.47528839111328
gehring_L3_state,9. MCE,AT1G22015,33,9.10682201385498,9.112817062688022e-163,27.427574157714844
gehring_L3_state,9. MCE,AT4G33840,34,7.991855621337891,3.9735448812058645e-157,26.949512481689453
gehring_L3_state,9. MCE,AT4G29283,35,6.356632709503174,4.2319704314717524e-156,26.860633850097656
gehring_L3_state,9. MCE,AT3G01325,36,6.164607048034668,1.9736815216417725e-155,26.802274703979492
gehring_L3_state,9. MCE,AT2G38255,37,8.161955833435059,2.0321937149464324e-155,26.8001651763916
gehring_L3_state,9. MCE,AT1G13605,38,4.912844181060791,2.277779216733754e-154,26.708969116210938
gehring_L3_state,9. MCE,AT5G46950,39,5.587583541870117,1.243985845158371e-153,26.644445419311523
gehring_L3_state,9. MCE,AT4G24130,40,3.6335697174072266,1.8654628972611808e-148,26.193008422851562
gehring_L3_state,9. MCE,AT1G66870,41,6.221385478973389,3.427994346016938e-140,25.4562931060791
gehring_L3_state,9. MCE,AT1G10190,42,7.9976043701171875,3.5771437251839725e-140,25.453678131103516
gehring_L3_state,9. MCE,AT2G32550,43,5.829658508300781,8.441536505117835e-139,25.328445434570312
gehring_L3_state,9. MCE,AT4G29285,44,6.07574987411499,4.159062846363227e-138,25.26459503173828
gehring_L3_state,9. MCE,AT2G19500,45,6.549746513366699,1.2833021713752545e-136,25.1278133392334
gehring_L3_state,9. MCE,AT3G11920,46,8.276163101196289,7.231667303163615e-136,25.058143615722656
gehring_L3_state,9. MCE,AT1G10745,47,5.99650239944458,5.426561616682122e-134,24.884641647338867
gehring_L3_state,9. MCE,AT2G20208,48,5.81540060043335,1.3363505039196936e-131,24.661046981811523
gehring_L3_state,9. MCE,AT4G16165,49,6.107672691345215,3.731145734255013e-129,24.43115997314453
gehring_L3_state,9. MCE,AT3G57270,50,7.410013675689697,3.2126356813633358e-127,24.247596740722656
