panel_source,panel_group,gene,rank,logfoldchanges,pvals_adj,score
gehring_L1_tissue,Embryo,AT4G25140,1,6.041990280151367,0.0,91.59371948242188
gehring_L1_tissue,Embryo,AT5G44120,2,6.008079051971436,0.0,82.80309295654297
gehring_L1_tissue,Embryo,AT4G27160,3,5.518226623535156,0.0,79.17341613769531
gehring_L1_tissue,Embryo,AT4G36700,4,4.877379417419434,0.0,75.71725463867188
gehring_L1_tissue,Embryo,AT5G40420,5,5.116033554077148,0.0,73.2047348022461
gehring_L1_tissue,Embryo,AT5G51210,6,4.780557155609131,0.0,72.71723937988281
gehring_L1_tissue,Embryo,AT4G28520,7,6.435227870941162,0.0,72.54772186279297
gehring_L1_tissue,Embryo,AT2G18540,8,6.0722856521606445,0.0,70.60569763183594
gehring_L1_tissue,Embryo,AT4G26740,9,5.942886829376221,0.0,69.14625549316406
gehring_L1_tissue,Embryo,AT3G01570,10,4.579303741455078,0.0,68.24681854248047
gehring_L1_tissue,Embryo,AT3G27660,11,4.82211446762085,0.0,67.36164855957031
gehring_L1_tissue,Embryo,AT2G34700,12,4.521321773529053,0.0,65.94795227050781
gehring_L1_tissue,Embryo,AT3G12203,13,7.508239269256592,0.0,64.47417449951172
gehring_L1_tissue,Embryo,AT4G27150,14,4.818687915802002,0.0,63.98983383178711
gehring_L1_tissue,Embryo,AT5G07190,15,5.085000991821289,0.0,62.66225051879883
gehring_L1_tissue,Embryo,AT5G49190,16,4.266435146331787,0.0,61.92502212524414
gehring_L1_tissue,Embryo,AT1G29930,17,3.217111110687256,0.0,60.59416198730469
gehring_L1_tissue,Embryo,ATCG00020,18,2.185490369796753,0.0,60.16647720336914
gehring_L1_tissue,Embryo,AT5G50770,19,3.860648393630981,0.0,59.72072219848633
gehring_L1_tissue,Embryo,AT1G65090,20,4.614686012268066,0.0,59.702598571777344
gehring_L1_tissue,Embryo,AT1G03880,21,6.213993072509766,0.0,59.38146209716797
gehring_L1_tissue,Embryo,AT2G28490,22,5.260103702545166,0.0,56.48974609375
gehring_L1_tissue,Embryo,AT3G22640,23,5.156851291656494,0.0,51.672157287597656
gehring_L1_tissue,Embryo,AT1G04660,24,5.91998815536499,0.0,50.08793640136719
gehring_L1_tissue,Embryo,AT2G34420,25,3.157705783843994,0.0,49.442832946777344
gehring_L1_tissue,Embryo,AT1G67090,26,2.320213556289673,0.0,49.26595687866211
gehring_L1_tissue,Embryo,AT5G13790,27,3.421405553817749,0.0,49.13790512084961
gehring_L1_tissue,Embryo,AT1G47540,28,4.191269397735596,0.0,49.06766891479492
gehring_L1_tissue,Embryo,AT4G27170,29,4.341363906860352,0.0,47.98094177246094
gehring_L1_tissue,Embryo,AT1G23000,30,6.224375247955322,0.0,47.35556411743164
gehring_L1_tissue,Embryo,AT5G62800,31,4.626829147338867,0.0,46.4051513671875
gehring_L1_tissue,Embryo,AT1G12805,32,4.028017997741699,0.0,46.39180755615234
gehring_L1_tissue,Embryo,AT5G57390,33,6.668246746063232,0.0,45.47068786621094
gehring_L1_tissue,Embryo,AT1G54860,34,5.0920891761779785,0.0,45.34215545654297
gehring_L1_tissue,Embryo,AT5G63530,35,2.5232949256896973,0.0,45.20001983642578
gehring_L1_tissue,Embryo,AT4G16160,36,5.849929332733154,0.0,44.03974914550781
gehring_L1_tissue,Embryo,AT2G41070,37,3.215195894241333,0.0,43.85536193847656
gehring_L1_tissue,Embryo,AT3G44460,38,3.3999476432800293,0.0,43.67021560668945
gehring_L1_tissue,Embryo,AT3G24650,39,4.662032604217529,0.0,43.11434173583984
gehring_L1_tissue,Embryo,AT1G62290,40,3.984074592590332,0.0,42.95267868041992
gehring_L1_tissue,Embryo,AT3G54320,41,2.4989476203918457,0.0,41.79204940795898
gehring_L1_tissue,Embryo,AT5G52920,42,2.4119322299957275,0.0,41.08306884765625
gehring_L1_tissue,Embryo,AT3G29030,43,5.906705856323242,0.0,40.33251190185547
gehring_L1_tissue,Embryo,AT5G09640,44,4.225856781005859,0.0,40.25416564941406
gehring_L1_tissue,Embryo,AT4G03050,45,4.807127952575684,0.0,40.17056274414063
gehring_L1_tissue,Embryo,AT1G12810,46,3.345643758773804,0.0,39.90026473999024
gehring_L1_tissue,Embryo,AT1G62500,47,5.704954624176025,0.0,39.54044342041016
gehring_L1_tissue,Embryo,AT3G05020,48,2.6002347469329834,0.0,39.428810119628906
gehring_L1_tissue,Embryo,AT1G48470,49,4.769162654876709,0.0,38.41443634033203
gehring_L1_tissue,Embryo,AT1G29910,50,3.703110694885254,0.0,38.07112503051758
gehring_L1_tissue,Endosperm,AT1G55810,1,4.330929756164551,0.0,95.62073516845705
gehring_L1_tissue,Endosperm,AT1G56170,2,4.109282970428467,0.0,92.13284301757812
gehring_L1_tissue,Endosperm,AT2G02100,3,4.000950813293457,0.0,89.6898422241211
gehring_L1_tissue,Endosperm,AT5G07200,4,5.228565692901611,0.0,87.85393524169922
gehring_L1_tissue,Endosperm,AT2G22660,5,3.110793113708496,0.0,86.57551574707031
gehring_L1_tissue,Endosperm,AT1G11070,6,5.850697040557861,0.0,79.25143432617188
gehring_L1_tissue,Endosperm,AT3G16770,7,3.1641221046447754,0.0,79.24156951904297
gehring_L1_tissue,Endosperm,AT5G38160,8,3.567124128341675,0.0,78.70416259765625
gehring_L1_tissue,Endosperm,AT3G26790,9,4.492798805236816,0.0,75.3903579711914
gehring_L1_tissue,Endosperm,AT1G04380,10,5.533187389373779,0.0,74.88524627685547
gehring_L1_tissue,Endosperm,AT4G28365,11,4.328428268432617,0.0,74.07398986816406
gehring_L1_tissue,Endosperm,AT3G48300,12,5.805100440979004,0.0,73.45793914794922
gehring_L1_tissue,Endosperm,AT1G78760,13,5.309441566467285,0.0,70.85443878173828
gehring_L1_tissue,Endosperm,AT3G26744,14,3.192822933197021,0.0,70.56456756591797
gehring_L1_tissue,Endosperm,AT1G67090,15,2.3129212856292725,0.0,69.1624526977539
gehring_L1_tissue,Endosperm,AT5G07260,16,5.175012588500977,0.0,68.15174865722656
gehring_L1_tissue,Endosperm,AT3G23090,17,4.973935604095459,0.0,67.24830627441406
gehring_L1_tissue,Endosperm,AT3G27785,18,5.818353176116943,0.0,67.00375366210938
gehring_L1_tissue,Endosperm,AT4G14140,19,6.746718406677246,0.0,66.98616790771484
gehring_L1_tissue,Endosperm,AT5G38170,20,3.1443932056427,0.0,66.63897705078125
gehring_L1_tissue,Endosperm,AT4G18020,21,3.4691011905670166,0.0,66.4365234375
gehring_L1_tissue,Endosperm,AT2G37025,22,5.7286696434021,0.0,64.24047088623047
gehring_L1_tissue,Endosperm,AT5G63700,23,2.9899256229400635,0.0,61.22740173339844
gehring_L1_tissue,Endosperm,AT1G33055,24,5.2621893882751465,0.0,59.790863037109375
gehring_L1_tissue,Endosperm,AT3G54320,25,2.681818962097168,0.0,59.09823989868164
gehring_L1_tissue,Endosperm,AT5G66570,26,2.4535934925079346,0.0,58.94123077392578
gehring_L1_tissue,Endosperm,AT5G63530,27,2.4625566005706787,0.0,58.76268005371094
gehring_L1_tissue,Endosperm,AT3G14205,28,2.4716126918792725,0.0,58.14828109741211
gehring_L1_tissue,Endosperm,AT3G43690,29,2.458069324493408,0.0,57.90987396240234
gehring_L1_tissue,Endosperm,AT1G34460,30,2.381481647491455,0.0,57.71795272827149
gehring_L1_tissue,Endosperm,AT1G15290,31,2.420650720596313,0.0,56.48869323730469
gehring_L1_tissue,Endosperm,AT5G50090,32,4.865118026733398,0.0,56.13994216918945
gehring_L1_tissue,Endosperm,AT5G52330,33,4.160633087158203,0.0,55.94889831542969
gehring_L1_tissue,Endosperm,AT4G33270,34,4.462302207946777,0.0,55.19329833984375
gehring_L1_tissue,Endosperm,AT1G77580,35,3.5004265308380127,0.0,55.04695510864258
gehring_L1_tissue,Endosperm,AT2G35880,36,3.3510448932647705,0.0,54.40620040893555
gehring_L1_tissue,Endosperm,AT3G11180,37,5.574482440948486,0.0,54.06423568725586
gehring_L1_tissue,Endosperm,AT1G15150,38,4.588047027587891,0.0,53.75486755371094
gehring_L1_tissue,Endosperm,AT5G25900,39,2.707803249359131,0.0,53.372825622558594
gehring_L1_tissue,Endosperm,AT1G68510,40,3.8458681106567374,0.0,52.47521209716797
gehring_L1_tissue,Endosperm,AT1G78520,41,5.198018550872803,0.0,52.08975982666016
gehring_L1_tissue,Endosperm,AT2G44470,42,1.9670761823654173,0.0,51.7838134765625
gehring_L1_tissue,Endosperm,AT3G47470,43,2.46205472946167,0.0,51.75556945800781
gehring_L1_tissue,Endosperm,AT5G50770,44,2.520263433456421,0.0,51.54489517211914
gehring_L1_tissue,Endosperm,AT1G33050,45,3.0403313636779785,0.0,51.30577850341797
gehring_L1_tissue,Endosperm,AT3G51740,46,5.396628379821777,0.0,50.80830001831055
gehring_L1_tissue,Endosperm,AT1G62310,47,1.6957117319107056,0.0,50.79952239990234
gehring_L1_tissue,Endosperm,AT4G35730,48,5.256601333618164,0.0,50.78085708618164
gehring_L1_tissue,Endosperm,AT1G79245,49,1.56456196308136,0.0,50.747440338134766
gehring_L1_tissue,Endosperm,AT2G34315,50,6.005023956298828,0.0,50.58715057373047
gehring_L1_tissue,Funiculus,AT3G04280,1,3.665228366851807,1.8251120635152822e-126,24.337787628173828
gehring_L1_tissue,Funiculus,AT5G59320,2,3.067991256713867,2.833898147264552e-115,23.22709274291992
gehring_L1_tissue,Funiculus,ATMG00020,3,1.3022340536117554,9.576584110681916e-114,23.05777359008789
gehring_L1_tissue,Funiculus,AT5G59310,4,4.691609859466553,3.922183624524396e-102,21.85670280456543
gehring_L1_tissue,Funiculus,AT3G60160,5,3.5677876472473145,4.664136258374855e-97,21.306047439575195
gehring_L1_tissue,Funiculus,AT5G47370,6,4.2266693115234375,4.6424640640745305e-83,19.729999542236328
gehring_L1_tissue,Funiculus,AT5G43700,7,5.366733074188232,9.95173812195696e-83,19.6836051940918
gehring_L1_tissue,Funiculus,AT5G65670,8,1.848473310470581,3.481817697357478e-80,19.377649307250977
gehring_L1_tissue,Funiculus,AT1G71050,9,7.441043853759766,8.858612715005901e-76,18.84210968017578
gehring_L1_tissue,Funiculus,AT5G02380,10,3.069476366043091,1.6503174539362818e-75,18.803565979003903
gehring_L1_tissue,Funiculus,AT3G48230,11,3.414077043533325,1.0871506692008665e-63,17.290143966674805
gehring_L1_tissue,Funiculus,AT4G40010,12,3.48951268196106,2.8495404134827797e-61,16.961414337158203
gehring_L1_tissue,Funiculus,AT2G22990,13,4.808860301971436,7.580496029114818e-60,16.759033203125
gehring_L1_tissue,Funiculus,AT1G04580,14,2.5525636672973637,3.679328169162818e-54,15.957695960998535
gehring_L1_tissue,Funiculus,AT4G18010,15,5.7093825340271,1.0320819070569173e-44,14.532821655273438
gehring_L1_tissue,Funiculus,AT4G22570,16,2.9238204956054688,4.824726440069441e-43,14.263105392456056
gehring_L1_tissue,Funiculus,AT3G15353,17,4.249731063842773,1.0822561342846398e-42,14.202839851379396
gehring_L1_tissue,Funiculus,ATMG01390,18,1.8079688549041748,2.5396998084734287e-42,14.139341354370115
gehring_L1_tissue,Funiculus,AT5G02230,19,3.537550449371338,4.693341601592917e-38,13.4232759475708
gehring_L1_tissue,Funiculus,AT5G19140,20,2.4974522590637207,2.141155652992869e-36,13.13384246826172
gehring_L1_tissue,Funiculus,AT1G03170,21,6.144002437591553,3.044489579073998e-36,13.103939056396484
gehring_L1_tissue,Funiculus,AT5G53460,22,1.462261199951172,1.6526509837209128e-35,12.97182846069336
gehring_L1_tissue,Funiculus,AT1G68800,23,5.856963634490967,8.419973264537505e-35,12.84340763092041
gehring_L1_tissue,Funiculus,AT5G09440,24,5.627236366271973,9.076406724700799e-35,12.834672927856444
gehring_L1_tissue,Funiculus,AT4G37050,25,2.02151870727539,1.5753534398545278e-32,12.423251152038574
gehring_L1_tissue,Funiculus,AT4G02940,26,2.4196784496307373,2.823256386339536e-32,12.37114715576172
gehring_L1_tissue,Funiculus,AT5G25280,27,1.859797716140747,3.6124867835686695e-32,12.34877872467041
gehring_L1_tissue,Funiculus,AT2G16990,28,2.2083566188812256,7.69929157937067e-32,12.285255432128906
gehring_L1_tissue,Funiculus,AT3G04300,29,4.034921646118164,1.294234164239682e-31,12.238408088684082
gehring_L1_tissue,Funiculus,AT3G41768,30,0.4372574090957641,1.7405055161312472e-31,12.212044715881348
gehring_L1_tissue,Funiculus,AT3G04730,31,2.85007905960083,1.1826684878022208e-30,12.04648780822754
gehring_L1_tissue,Funiculus,AT3G08770,32,1.382399082183838,1.613197091147356e-30,12.018824577331545
gehring_L1_tissue,Funiculus,AT5G25220,33,1.6539589166641235,4.0782237089392236e-30,11.939934730529783
gehring_L1_tissue,Funiculus,AT1G80050,34,3.638413667678833,2.588805833833556e-29,11.780620574951172
gehring_L1_tissue,Funiculus,AT4G39090,35,1.3650988340377808,4.7674764949100297e-29,11.725966453552246
gehring_L1_tissue,Funiculus,AT2G38800,36,3.521405935287476,7.442293777060723e-29,11.686368942260742
gehring_L1_tissue,Funiculus,ATMG00090,37,1.3027610778808594,1.0266708355828567e-28,11.657212257385254
gehring_L1_tissue,Funiculus,AT2G41430,38,1.2284237146377563,1.6110044688583354e-28,11.617016792297363
gehring_L1_tissue,Funiculus,AT4G30270,39,2.9050581455230717,2.9942657366053886e-28,11.562193870544434
gehring_L1_tissue,Funiculus,AT2G46590,40,4.180404186248779,3.907989604036327e-28,11.537602424621582
gehring_L1_tissue,Funiculus,AT1G68710,41,2.202353000640869,1.1984148045217156e-27,11.437456130981444
gehring_L1_tissue,Funiculus,AT3G21420,42,3.552811622619629,1.266881597763492e-26,11.227710723876951
gehring_L1_tissue,Funiculus,AT2G18960,43,1.3061085939407349,8.700429838722498e-26,11.054520606994627
gehring_L1_tissue,Funiculus,AT3G20470,44,1.3137221336364746,9.012899489026512e-26,11.049764633178713
gehring_L1_tissue,Funiculus,AT4G17670,45,1.9118592739105225,9.31756226048167e-26,11.045218467712402
gehring_L1_tissue,Funiculus,AT3G59010,46,2.370569229125977,2.214549515294361e-25,10.96564769744873
gehring_L1_tissue,Funiculus,AT5G57800,47,5.075486660003662,2.8634799052965814e-22,10.288226127624512
gehring_L1_tissue,Funiculus,AT5G54940,48,2.2805070877075195,6.256489037644985e-22,10.20974349975586
gehring_L1_tissue,Funiculus,AT5G49360,49,1.3500043153762815,9.574947761766336e-22,10.1669282913208
gehring_L1_tissue,Funiculus,AT1G66200,50,2.4767119884490967,2.202343086475846e-21,10.08401584625244
gehring_L1_tissue,Ovule,AT4G14930,1,5.729313850402832,7.525534335056729e-66,17.714872360229492
gehring_L1_tissue,Ovule,AT3G26740,2,7.7753167152404785,3.0149577549733807e-60,16.932764053344727
gehring_L1_tissue,Ovule,AT2G33380,3,6.885162353515625,1.8863737117890944e-54,16.103233337402344
gehring_L1_tissue,Ovule,AT2G36080,4,8.357613563537598,7.026711332279867e-51,15.567923545837402
gehring_L1_tissue,Ovule,AT1G47128,5,5.640828609466553,5.439363840930002e-45,14.659952163696287
gehring_L1_tissue,Ovule,AT5G10770,6,7.276017189025879,1.585382330977271e-42,14.256752014160156
gehring_L1_tissue,Ovule,AT4G14270,7,3.570674180984497,3.513590996278913e-32,12.472681999206545
gehring_L1_tissue,Ovule,AT3G09390,8,3.622572898864746,1.3045954124106431e-27,11.593130111694336
gehring_L1_tissue,Ovule,AT2G22970,9,3.318647623062134,3.4726239151194827e-26,11.298347473144531
gehring_L1_tissue,Ovule,AT4G39090,10,2.726416110992432,1.4484291148170838e-25,11.162857055664062
gehring_L1_tissue,Ovule,AT2G18550,11,6.25999116897583,1.6926328762951918e-25,11.140515327453612
gehring_L1_tissue,Ovule,AT2G25450,12,3.331441164016724,3.5247863097099326e-25,11.067203521728516
gehring_L1_tissue,Ovule,AT4G33150,13,3.833158016204834,8.323547560479531e-25,10.982688903808594
gehring_L1_tissue,Ovule,AT5G25280,14,3.145907163619995,3.7433919853308653e-23,10.626567840576172
gehring_L1_tissue,Ovule,AT5G02230,15,4.709568500518799,1.3038010242937287e-20,10.05920696258545
gehring_L1_tissue,Ovule,AT5G49360,16,3.049832820892334,1.1287750642176052e-19,9.837952613830566
gehring_L1_tissue,Ovule,AT1G12010,17,5.298497200012207,3.046623725725464e-19,9.731372833251951
gehring_L1_tissue,Ovule,AT4G00870,18,2.829650402069092,5.034993291696804e-19,9.674299240112305
gehring_L1_tissue,Ovule,AT1G54410,19,2.589010238647461,2.3341757643766145e-17,9.267961502075195
gehring_L1_tissue,Ovule,AT3G51860,20,2.3042635917663574,2.660317488402909e-17,9.248516082763672
gehring_L1_tissue,Ovule,AT4G05320,21,1.919945240020752,2.4145592385370684e-16,9.00435733795166
gehring_L1_tissue,Ovule,AT4G34230,22,2.85292649269104,1.9663886382956272e-15,8.76602840423584
gehring_L1_tissue,Ovule,AT5G09440,23,6.293365001678467,2.1173096456351677e-15,8.752680778503418
gehring_L1_tissue,Ovule,AT1G28330,24,5.271780490875244,3.0878947604719506e-14,8.440102577209473
gehring_L1_tissue,Ovule,AT4G35690,25,9.949800491333008,3.400367350651646e-14,8.424049377441406
gehring_L1_tissue,Ovule,AT5G63370,26,1.8955411911010744,1.7209365621087168e-13,8.227333068847656
gehring_L1_tissue,Ovule,AT4G36740,27,8.205352783203125,3.6778888139018253e-13,8.126852989196777
gehring_L1_tissue,Ovule,AT4G15610,28,8.132505416870117,3.8054421375108717e-13,8.118459701538086
gehring_L1_tissue,Ovule,AT5G50260,29,3.631461381912232,1.986135491630105e-12,7.9112019538879395
gehring_L1_tissue,Ovule,AT1G58360,30,2.4047529697418213,3.2449739172341617e-12,7.845751762390137
gehring_L1_tissue,Ovule,AT4G20260,31,3.2389416694641118,5.338846074461905e-12,7.775121212005615
gehring_L1_tissue,Ovule,AT4G30960,32,2.368682146072388,1.991390754617609e-11,7.602854251861572
gehring_L1_tissue,Ovule,AT3G53990,33,1.854360580444336,5.653073359356665e-11,7.462884426116943
gehring_L1_tissue,Ovule,AT4G13250,34,3.062151432037353,7.32647239001359e-11,7.424929141998291
gehring_L1_tissue,Ovule,AT4G27260,35,6.806021213531494,8.83193591677498e-11,7.396514415740967
gehring_L1_tissue,Ovule,AT3G26100,36,1.9882454872131348,1.0769893435453112e-10,7.366557598114014
gehring_L1_tissue,Ovule,AT2G38800,37,4.218009471893311,1.1029512235180591e-10,7.359913349151611
gehring_L1_tissue,Ovule,AT4G32480,38,4.296926021575928,1.9864783522591303e-10,7.277546405792236
gehring_L1_tissue,Ovule,AT3G14067,39,3.1198277473449707,2.6887666873583105e-10,7.233232021331787
gehring_L1_tissue,Ovule,AT2G18050,40,5.363562107086182,4.4089043225135786e-10,7.16249418258667
gehring_L1_tissue,Ovule,AT2G33480,41,2.4778494834899902,4.5447208236661046e-10,7.155107975006104
gehring_L1_tissue,Ovule,AT1G72510,42,2.665816307067871,5.72444075721065e-10,7.120214939117432
gehring_L1_tissue,Ovule,AT2G31560,43,4.801412582397461,6.297312377929046e-10,7.103954315185547
gehring_L1_tissue,Ovule,AT2G22470,44,7.032209873199463,1.12742941580723e-09,7.019993782043457
gehring_L1_tissue,Ovule,AT5G66880,45,3.9444875717163086,1.31670421155189e-09,6.995263576507568
gehring_L1_tissue,Ovule,AT1G72260,46,1.9002323150634768,2.364974976458677e-09,6.90970516204834
gehring_L1_tissue,Ovule,AT4G05631,47,1.525988221168518,3.334057655660741e-09,6.85787296295166
gehring_L1_tissue,Ovule,AT2G33150,48,2.4611074924468994,9.982078167608962e-09,6.696459770202637
gehring_L1_tissue,Ovule,AT5G47370,49,3.714517593383789,1.3657092020820001e-08,6.647562980651856
gehring_L1_tissue,Ovule,AT1G26560,50,2.318126916885376,1.3836297930129886e-08,6.642782688140869
gehring_L1_tissue,Seed coat,AT2G46960,1,6.831975936889648,0.0,152.9605712890625
gehring_L1_tissue,Seed coat,AT1G14520,2,5.815508842468262,0.0,136.66920471191406
gehring_L1_tissue,Seed coat,AT1G65370,3,4.256671905517578,0.0,133.70565795898438
gehring_L1_tissue,Seed coat,AT5G42235,4,5.707551002502441,0.0,122.00621795654295
gehring_L1_tissue,Seed coat,AT4G15210,5,4.75312614440918,0.0,121.12313079833984
gehring_L1_tissue,Seed coat,AT4G26590,6,5.907074928283691,0.0,113.3999481201172
gehring_L1_tissue,Seed coat,AT4G12960,7,4.810479640960693,0.0,112.1598129272461
gehring_L1_tissue,Seed coat,AT1G43640,8,4.7362823486328125,0.0,107.0868682861328
gehring_L1_tissue,Seed coat,AT1G05490,9,4.068798542022705,0.0,104.31112670898438
gehring_L1_tissue,Seed coat,AT5G07990,10,4.242712497711182,0.0,104.05399322509766
gehring_L1_tissue,Seed coat,AT2G01850,11,4.150455474853516,0.0,101.44859313964844
gehring_L1_tissue,Seed coat,AT3G58780,12,5.1837992668151855,0.0,101.046875
gehring_L1_tissue,Seed coat,AT2G38170,13,4.483491897583008,0.0,98.24777221679688
gehring_L1_tissue,Seed coat,AT3G08770,14,3.736628293991089,0.0,96.83304595947266
gehring_L1_tissue,Seed coat,AT5G13930,15,3.033231496810913,0.0,96.04935455322266
gehring_L1_tissue,Seed coat,AT4G12870,16,4.119570255279541,0.0,89.00897979736328
gehring_L1_tissue,Seed coat,AT4G09960,17,4.296072006225586,0.0,87.26798248291016
gehring_L1_tissue,Seed coat,AT1G73600,18,4.2822699546813965,0.0,86.6817398071289
gehring_L1_tissue,Seed coat,AT3G20520,19,4.635744094848633,0.0,84.91211700439453
gehring_L1_tissue,Seed coat,AT5G67360,20,2.9841983318328857,0.0,84.6150894165039
gehring_L1_tissue,Seed coat,AT3G02470,21,1.961064696311951,0.0,83.84043884277344
gehring_L1_tissue,Seed coat,AT2G41430,22,3.094765901565552,0.0,83.19879913330078
gehring_L1_tissue,Seed coat,AT5G42240,23,4.131414890289307,0.0,82.48612213134766
gehring_L1_tissue,Seed coat,AT2G25540,24,3.956925868988037,0.0,81.65192413330078
gehring_L1_tissue,Seed coat,AT5G03380,25,4.059322834014893,0.0,81.38916778564453
gehring_L1_tissue,Seed coat,AT4G36520,26,2.3861379623413086,0.0,81.35774230957031
gehring_L1_tissue,Seed coat,AT5G49180,27,3.3914358615875244,0.0,81.07112121582031
gehring_L1_tissue,Seed coat,AT5G05270,28,3.721983432769776,0.0,79.01251983642578
gehring_L1_tissue,Seed coat,AT3G60900,29,3.39951491355896,0.0,78.78565216064453
gehring_L1_tissue,Seed coat,AT5G27380,30,2.910031080245972,0.0,76.27841186523438
gehring_L1_tissue,Seed coat,AT2G28900,31,2.7921812534332275,0.0,75.22137451171875
gehring_L1_tissue,Seed coat,AT1G34580,32,4.306306838989258,0.0,75.11869049072266
gehring_L1_tissue,Seed coat,AT3G18490,33,2.3288302421569824,0.0,75.07270050048828
gehring_L1_tissue,Seed coat,AT2G23790,34,2.39078950881958,0.0,74.31775665283203
gehring_L1_tissue,Seed coat,AT4G23100,35,2.412913084030152,0.0,73.77534484863281
gehring_L1_tissue,Seed coat,AT1G27080,36,3.180928945541382,0.0,71.94145965576172
gehring_L1_tissue,Seed coat,AT2G22620,37,3.016446828842163,0.0,71.52143096923828
gehring_L1_tissue,Seed coat,AT1G73080,38,3.1159112453460693,0.0,71.25863647460938
gehring_L1_tissue,Seed coat,AT5G21150,39,2.4406278133392334,0.0,69.44951629638672
gehring_L1_tissue,Seed coat,AT5G64900,40,3.973254442214966,0.0,69.42620086669922
gehring_L1_tissue,Seed coat,AT5G21105,41,3.33716368675232,0.0,69.26445770263672
gehring_L1_tissue,Seed coat,AT5G39220,42,4.183745384216309,0.0,69.17195892333984
gehring_L1_tissue,Seed coat,AT5G48880,43,3.1158668994903564,0.0,69.15377807617188
gehring_L1_tissue,Seed coat,AT1G52030,44,4.71320104598999,0.0,69.0794677734375
gehring_L1_tissue,Seed coat,AT5G15800,45,4.049119472503662,0.0,68.89291381835938
gehring_L1_tissue,Seed coat,AT1G62480,46,3.5398547649383545,0.0,68.77368927001953
gehring_L1_tissue,Seed coat,AT3G20470,47,2.842612266540528,0.0,68.19763946533203
gehring_L1_tissue,Seed coat,AT1G75750,48,3.765655755996704,0.0,68.12317657470703
gehring_L1_tissue,Seed coat,AT5G11740,49,2.1613543033599854,0.0,68.0786361694336
gehring_L1_tissue,Seed coat,AT4G25640,50,3.808049917221069,0.0,67.74324798583984
gehring_L2_celltype,CPT,AT1G56100,1,4.301633358001709,2.9398157087309146e-200,30.523849487304688
gehring_L2_celltype,CPT,AT1G62333,2,3.4028689861297607,2.5997691281619206e-154,26.813907623291016
gehring_L2_celltype,CPT,AT2G38900,3,3.2996671199798584,3.548417787286669e-147,26.17946052551269
gehring_L2_celltype,CPT,AT1G61720,4,3.612132787704468,2.351932914126624e-146,26.096216201782227
gehring_L2_celltype,CPT,AT3G08770,5,3.2202773094177246,3.095168197957611e-146,26.07716178894043
gehring_L2_celltype,CPT,AT2G17710,6,3.3220107555389404,8.223344216884717e-131,24.672502517700195
gehring_L2_celltype,CPT,AT2G47895,7,3.1611831188201904,1.5869152935337644e-126,24.263591766357425
gehring_L2_celltype,CPT,AT5G42800,8,3.3252289295196533,3.8396895923760807e-125,24.126619338989254
gehring_L2_celltype,CPT,AT4G22880,9,3.280311346054077,3.5534171275311738e-124,24.029481887817383
gehring_L2_celltype,CPT,AT5G48480,10,2.9831221103668213,3.536858935514486e-105,22.133235931396484
gehring_L2_celltype,CPT,AT5G17220,11,3.331831216812134,9.67134996883074e-97,21.23484992980957
gehring_L2_celltype,CPT,AT1G31290,12,6.070810794830322,5.248677960399118e-94,20.93275451660156
gehring_L2_celltype,CPT,AT5G13930,13,2.02233624458313,2.8733558355058607e-90,20.514497756958008
gehring_L2_celltype,CPT,ATMG00020,14,1.1973168849945068,1.5846092654493505e-83,19.74150276184082
gehring_L2_celltype,CPT,AT3G49780,15,2.867115259170532,5.573644956864826e-83,19.67435646057129
gehring_L2_celltype,CPT,AT4G20320,16,3.0495104789733887,5.269277746325414e-82,19.556848526000977
gehring_L2_celltype,CPT,AT3G53990,17,2.023219347000122,2.6150828389966834e-76,18.872997283935547
gehring_L2_celltype,CPT,AT3G20210,18,2.455922842025757,1.3286838957339348e-74,18.661245346069336
gehring_L2_celltype,CPT,AT5G39130,19,2.1844332218170166,1.0169868200267466e-66,17.66172981262207
gehring_L2_celltype,CPT,AT4G22050,20,7.114651679992676,5.087982988876793e-65,17.433792114257812
gehring_L2_celltype,CPT,AT5G39190,21,2.4668006896972656,3.381396411081682e-64,17.322494506835938
gehring_L2_celltype,CPT,AT4G21480,22,3.082192659378052,6.62819662030139e-63,17.147850036621094
gehring_L2_celltype,CPT,AT1G51035,23,6.025953769683838,1.3420242695812041e-62,17.10432243347168
gehring_L2_celltype,CPT,AT3G54390,24,2.4679572582244877,1.5080794413621791e-62,17.095144271850586
gehring_L2_celltype,CPT,AT1G20680,25,6.177786827087402,2.7128871731496056e-62,17.05858612060547
gehring_L2_celltype,CPT,AT3G10985,26,1.9753224849700928,1.4955432805084349e-58,16.543230056762695
gehring_L2_celltype,CPT,AT1G20730,27,6.697060585021973,1.9247014567488498e-58,16.52591323852539
gehring_L2_celltype,CPT,AT5G39160,28,2.501180648803711,6.294741734067474e-55,16.028514862060547
gehring_L2_celltype,CPT,ATMG00090,29,1.7578251361846924,3.1809454958055446e-54,15.925463676452637
gehring_L2_celltype,CPT,AT2G27880,30,1.9157261848449707,5.782520867261826e-54,15.886046409606934
gehring_L2_celltype,CPT,AT1G12180,31,5.640589237213135,1.6650991181245723e-53,15.817656517028809
gehring_L2_celltype,CPT,AT3G23600,32,2.044502258300781,5.9298575626284455e-53,15.73558521270752
gehring_L2_celltype,CPT,AT3G22240,33,4.846550941467285,2.128300784910841e-50,15.356849670410156
gehring_L2_celltype,CPT,AT5G05270,34,1.7853188514709473,1.5912415501497392e-49,15.223999977111816
gehring_L2_celltype,CPT,AT3G28007,35,5.040631294250488,2.6262953599198707e-49,15.189395904541016
gehring_L2_celltype,CPT,AT5G11740,36,1.4891794919967651,1.09895168032219e-48,15.09351634979248
gehring_L2_celltype,CPT,AT5G18090,37,4.834970951080322,1.393792731818555e-47,14.923279762268066
gehring_L2_celltype,CPT,AT1G51300,38,7.666667461395264,2.3346578968171807e-47,14.887134552001951
gehring_L2_celltype,CPT,AT2G21430,39,2.941486120223999,2.6169687015944527e-47,14.877846717834473
gehring_L2_celltype,CPT,AT1G64060,40,2.9657297134399414,2.7341240057108488e-47,14.873302459716797
gehring_L2_celltype,CPT,AT1G61095,41,6.74946403503418,2.7797343295891337e-45,14.55908489227295
gehring_L2_celltype,CPT,AT5G02490,42,1.7805821895599363,3.974129696349874e-44,14.37449836730957
gehring_L2_celltype,CPT,AT2G14900,43,2.355520486831665,4.758838200492498e-44,14.360459327697754
gehring_L2_celltype,CPT,AT4G40040,44,1.5297585725784302,5.367740955857405e-44,14.35058879852295
gehring_L2_celltype,CPT,AT4G12890,45,1.909864902496338,2.426386131677245e-43,14.244085311889648
gehring_L2_celltype,CPT,AT3G13530,46,2.010154962539673,3.1022126094971837e-43,14.225436210632324
gehring_L2_celltype,CPT,AT5G43060,47,1.646692991256714,1.3067947668539026e-42,14.121607780456545
gehring_L2_celltype,CPT,AT3G04280,48,1.87725830078125,1.4794217117401456e-42,14.11146640777588
gehring_L2_celltype,CPT,AT4G15750,49,1.6746275424957275,1.831977278382055e-42,14.094982147216797
gehring_L2_celltype,CPT,AT5G02380,50,2.296405553817749,1.831977278382055e-42,14.093670845031738
gehring_L2_celltype,CZE,AT2G34315,1,6.1863203048706055,0.0,55.99584579467773
gehring_L2_celltype,CZE,AT4G18020,2,3.863157033920288,0.0,52.75583267211914
gehring_L2_celltype,CZE,AT1G36060,3,5.063626289367676,0.0,51.88812255859375
gehring_L2_celltype,CZE,AT2G38870,4,5.155028343200684,0.0,49.77215194702149
gehring_L2_celltype,CZE,AT4G14780,5,3.6738548278808594,0.0,46.40453720092773
gehring_L2_celltype,CZE,AT5G49190,6,3.906337022781372,0.0,45.372188568115234
gehring_L2_celltype,CZE,AT5G07190,7,4.4854512214660645,0.0,44.89181900024414
gehring_L2_celltype,CZE,AT4G25140,8,3.641829013824463,0.0,43.65342712402344
gehring_L2_celltype,CZE,AT5G59170,9,5.075534820556641,0.0,43.22500228881836
gehring_L2_celltype,CZE,AT1G27040,10,5.79356861114502,0.0,43.1817741394043
gehring_L2_celltype,CZE,AT1G48130,11,4.793816566467285,0.0,42.39888381958008
gehring_L2_celltype,CZE,AT5G38160,12,3.0511879920959477,0.0,41.46512222290039
gehring_L2_celltype,CZE,AT5G50770,13,3.250739812850952,0.0,41.44295883178711
gehring_L2_celltype,CZE,AT5G44120,14,3.658977270126343,0.0,41.01128387451172
gehring_L2_celltype,CZE,AT1G67090,15,2.3414032459259038,0.0,40.78646469116211
gehring_L2_celltype,CZE,AT3G27660,16,3.532454252243042,0.0,39.75678634643555
gehring_L2_celltype,CZE,AT3G26790,17,3.1983425617218018,0.0,39.23455429077149
gehring_L2_celltype,CZE,AT2G27380,18,4.363651275634766,0.0,38.92537307739258
gehring_L2_celltype,CZE,AT2G44470,19,2.5210084915161133,0.0,38.33855819702149
gehring_L2_celltype,CZE,AT2G37025,20,3.722286939620972,0.0,38.28132629394531
gehring_L2_celltype,CZE,AT1G62710,21,3.7052080631256095,6.279547809109596e-295,36.8858528137207
gehring_L2_celltype,CZE,AT3G01570,22,3.073955774307251,8.62256853722752e-291,36.62501907348633
gehring_L2_celltype,CZE,AT5G40420,23,3.1721785068511963,1.417744166168659e-288,36.48467254638672
gehring_L2_celltype,CZE,AT5G46110,24,2.99985146522522,9.78610076226982e-288,36.43087768554688
gehring_L2_celltype,CZE,AT5G46880,25,4.089995861053467,1.7262326596618087e-286,36.35124969482422
gehring_L2_celltype,CZE,AT4G36700,26,2.939019203186035,6.5043130593591695e-286,36.31396865844727
gehring_L2_celltype,CZE,AT3G01390,27,2.566068649291992,2.021040740802179e-279,35.898712158203125
gehring_L2_celltype,CZE,AT1G18100,28,3.4474780559539795,3.721528373026882e-276,35.68735885620117
gehring_L2_celltype,CZE,AT4G25100,29,2.721956968307495,4.4669621248737327e-274,35.55234146118164
gehring_L2_celltype,CZE,AT2G18540,30,3.5916762351989746,2.5431443321199567e-264,34.91325759887695
gehring_L2_celltype,CZE,AT4G27160,31,2.9815421104431152,6.500178042181932e-259,34.554412841796875
gehring_L2_celltype,CZE,AT1G47540,32,3.323854446411133,5.425414454428376e-252,34.088531494140625
gehring_L2_celltype,CZE,AT4G27150,33,3.105652332305908,3.2455035758451763e-249,33.899986267089844
gehring_L2_celltype,CZE,AT5G66570,34,2.313551425933838,5.911000901664142e-249,33.8817024230957
gehring_L2_celltype,CZE,AT3G47470,35,2.6013286113739014,1.0949566113138434e-248,33.86292266845703
gehring_L2_celltype,CZE,AT5G09640,36,3.766390562057495,5.244720489693899e-240,33.26680374145508
gehring_L2_celltype,CZE,AT1G62290,37,3.4172091484069824,1.2135695514062545e-233,32.82316207885742
gehring_L2_celltype,CZE,AT1G30400,38,4.594472885131836,1.4476367502198856e-231,32.676727294921875
gehring_L2_celltype,CZE,AT2G05310,39,2.648796558380127,1.6862557928213616e-231,32.67150115966797
gehring_L2_celltype,CZE,AT5G57260,40,4.44896936416626,4.6048807495396337e-228,32.42809295654297
gehring_L2_celltype,CZE,AT4G10490,41,3.7398252487182617,2.698804654561688e-227,32.37302017211914
gehring_L2_celltype,CZE,AT4G00730,42,2.3699169158935547,2.037272241933441e-225,32.238765716552734
gehring_L2_celltype,CZE,AT1G65090,43,2.9919021129608154,5.053715722235031e-224,32.138572692871094
gehring_L2_celltype,CZE,AT5G62850,44,4.2245025634765625,1.0382196767096158e-220,31.90005874633789
gehring_L2_celltype,CZE,AT1G22430,45,3.970858573913574,2.0023609612830885e-210,31.148521423339844
gehring_L2_celltype,CZE,AT3G44460,46,2.829875230789185,9.708010956131506e-206,30.799537658691406
gehring_L2_celltype,CZE,AT1G79040,47,2.204267263412476,1.2006159352543789e-198,30.26373672485352
gehring_L2_celltype,CZE,AT5G38170,48,2.306443929672241,1.5165697146051708e-197,30.179418563842773
gehring_L2_celltype,CZE,AT1G02850,49,4.984224796295166,1.4064039622960483e-193,29.87504768371582
gehring_L2_celltype,CZE,AT2G41070,50,2.6342289447784424,1.1291387563298515e-192,29.804838180541992
gehring_L2_celltype,CZSC,AT3G04280,1,6.456186771392822,0.0,81.32839965820312
gehring_L2_celltype,CZSC,AT1G75390,2,2.886277437210083,0.0,57.6963005065918
gehring_L2_celltype,CZSC,AT5G21150,3,3.1182680130004883,0.0,56.76655960083008
gehring_L2_celltype,CZSC,AT4G09960,4,3.0817806720733643,0.0,55.31052017211914
gehring_L2_celltype,CZSC,AT4G10120,5,6.697488784790039,0.0,54.762237548828125
gehring_L2_celltype,CZSC,AT5G24580,6,6.929231643676758,0.0,52.342872619628906
gehring_L2_celltype,CZSC,AT1G74840,7,5.1430511474609375,0.0,51.587772369384766
gehring_L2_celltype,CZSC,AT5G65670,8,2.451577425003052,0.0,49.562347412109375
gehring_L2_celltype,CZSC,AT4G37520,9,3.45112419128418,0.0,49.48052978515625
gehring_L2_celltype,CZSC,AT2G32240,10,3.369722604751587,0.0,48.617095947265625
gehring_L2_celltype,CZSC,AT5G47370,11,5.664007663726807,0.0,47.31071472167969
gehring_L2_celltype,CZSC,AT5G20700,12,2.9907796382904053,0.0,46.67328643798828
gehring_L2_celltype,CZSC,AT1G62480,13,3.26355528831482,0.0,46.66340637207031
gehring_L2_celltype,CZSC,AT3G48230,14,4.610437870025635,0.0,46.50034332275391
gehring_L2_celltype,CZSC,AT5G54660,15,5.678421974182129,0.0,46.46508026123047
gehring_L2_celltype,CZSC,AT4G24060,16,4.649313449859619,0.0,46.29672622680664
gehring_L2_celltype,CZSC,AT1G32450,17,4.560635089874268,0.0,45.13850021362305
gehring_L2_celltype,CZSC,AT1G69850,18,3.7522788047790527,0.0,45.12145233154297
gehring_L2_celltype,CZSC,AT2G46960,19,2.9030535221099854,0.0,44.35127639770508
gehring_L2_celltype,CZSC,AT2G18960,20,2.5143439769744877,0.0,44.23915863037109
gehring_L2_celltype,CZSC,AT1G32700,21,3.188173770904541,0.0,44.17285919189453
gehring_L2_celltype,CZSC,AT5G02380,22,3.767603874206543,0.0,44.113094329833984
gehring_L2_celltype,CZSC,AT3G59010,23,4.7818474769592285,0.0,43.19791412353516
gehring_L2_celltype,CZSC,AT4G40010,24,4.201344013214111,0.0,43.12764358520508
gehring_L2_celltype,CZSC,AT2G16990,25,3.467271566390991,0.0,42.28030014038086
gehring_L2_celltype,CZSC,AT5G20830,26,3.4836018085479736,0.0,41.09396743774414
gehring_L2_celltype,CZSC,AT5G24800,27,7.151096343994141,0.0,39.85847473144531
gehring_L2_celltype,CZSC,AT4G02940,28,3.597031354904175,0.0,39.6545524597168
gehring_L2_celltype,CZSC,AT3G10985,29,2.511388301849365,0.0,39.13157653808594
gehring_L2_celltype,CZSC,AT2G39510,30,6.958245277404785,0.0,38.968875885009766
gehring_L2_celltype,CZSC,AT4G34000,31,2.606701135635376,0.0,38.81414031982422
gehring_L2_celltype,CZSC,AT4G17670,32,2.9510669708251958,0.0,37.79341125488281
gehring_L2_celltype,CZSC,AT3G57390,33,3.020864248275757,5.34787542088034e-299,37.1353759765625
gehring_L2_celltype,CZSC,AT3G57230,34,3.0306966304779053,1.7783500396991256e-298,37.10222244262695
gehring_L2_celltype,CZSC,AT5G27950,35,2.6717514991760254,4.313910360775167e-295,36.89093017578125
gehring_L2_celltype,CZSC,AT1G63420,36,2.404264450073242,5.5950505940172465e-295,36.88312149047852
gehring_L2_celltype,CZSC,AT1G03040,37,2.250971555709839,5.134731282359655e-294,36.82226943969727
gehring_L2_celltype,CZSC,AT1G10820,38,2.652607679367065,3.2906080799694766e-287,36.39372634887695
gehring_L2_celltype,CZSC,AT1G75750,39,2.500155448913574,1.41195417465816e-278,35.84309768676758
gehring_L2_celltype,CZSC,AT4G29100,40,5.042471885681152,1.0680539102715567e-271,35.39807891845703
gehring_L2_celltype,CZSC,AT5G25770,41,2.4142751693725586,5.58516022546118e-269,35.220245361328125
gehring_L2_celltype,CZSC,AT3G54390,42,2.906046867370605,1.0282692318422575e-265,35.00562286376953
gehring_L2_celltype,CZSC,AT5G41790,43,2.538163185119629,5.313949292113978e-262,34.76003646850586
gehring_L2_celltype,CZSC,AT1G76990,44,2.963857889175415,2.9768846011824313e-247,33.76845169067383
gehring_L2_celltype,CZSC,AT3G04300,45,5.89707088470459,1.1910435925354431e-244,33.590049743652344
gehring_L2_celltype,CZSC,AT1G77660,46,2.9124443531036377,5.505560648899096e-233,32.780765533447266
gehring_L2_celltype,CZSC,AT3G26510,47,3.007802963256836,5.2069568897802375e-232,32.711570739746094
gehring_L2_celltype,CZSC,AT3G21420,48,5.09791374206543,6.805963924388617e-231,32.63234329223633
gehring_L2_celltype,CZSC,AT5G25220,49,2.1749398708343506,2.979217626322074e-223,32.088531494140625
gehring_L2_celltype,CZSC,AT1G13390,50,2.34089994430542,1.495452001402462e-217,31.676607131958008
gehring_L2_celltype,EMB,AT4G25140,1,6.041990280151367,0.0,91.59371948242188
gehring_L2_celltype,EMB,AT5G44120,2,6.008079051971436,0.0,82.80309295654297
gehring_L2_celltype,EMB,AT4G27160,3,5.518226623535156,0.0,79.17341613769531
gehring_L2_celltype,EMB,AT4G36700,4,4.877379417419434,0.0,75.71725463867188
gehring_L2_celltype,EMB,AT5G40420,5,5.116033554077148,0.0,73.2047348022461
gehring_L2_celltype,EMB,AT5G51210,6,4.780557155609131,0.0,72.71723937988281
gehring_L2_celltype,EMB,AT4G28520,7,6.435227870941162,0.0,72.54772186279297
gehring_L2_celltype,EMB,AT2G18540,8,6.0722856521606445,0.0,70.60569763183594
gehring_L2_celltype,EMB,AT4G26740,9,5.942886829376221,0.0,69.14625549316406
gehring_L2_celltype,EMB,AT3G01570,10,4.579303741455078,0.0,68.24681854248047
gehring_L2_celltype,EMB,AT3G27660,11,4.82211446762085,0.0,67.36164855957031
gehring_L2_celltype,EMB,AT2G34700,12,4.521321773529053,0.0,65.94795227050781
gehring_L2_celltype,EMB,AT3G12203,13,7.508239269256592,0.0,64.47417449951172
gehring_L2_celltype,EMB,AT4G27150,14,4.818687915802002,0.0,63.98983383178711
gehring_L2_celltype,EMB,AT5G07190,15,5.085000991821289,0.0,62.66225051879883
gehring_L2_celltype,EMB,AT5G49190,16,4.266435146331787,0.0,61.92502212524414
gehring_L2_celltype,EMB,AT1G29930,17,3.217111110687256,0.0,60.59416198730469
gehring_L2_celltype,EMB,ATCG00020,18,2.185490369796753,0.0,60.16647720336914
gehring_L2_celltype,EMB,AT5G50770,19,3.860648393630981,0.0,59.72072219848633
gehring_L2_celltype,EMB,AT1G65090,20,4.614686012268066,0.0,59.702598571777344
gehring_L2_celltype,EMB,AT1G03880,21,6.213993072509766,0.0,59.38146209716797
gehring_L2_celltype,EMB,AT2G28490,22,5.260103702545166,0.0,56.48974609375
gehring_L2_celltype,EMB,AT3G22640,23,5.156851291656494,0.0,51.672157287597656
gehring_L2_celltype,EMB,AT1G04660,24,5.91998815536499,0.0,50.08793640136719
gehring_L2_celltype,EMB,AT2G34420,25,3.157705783843994,0.0,49.442832946777344
gehring_L2_celltype,EMB,AT1G67090,26,2.320213556289673,0.0,49.26595687866211
gehring_L2_celltype,EMB,AT5G13790,27,3.421405553817749,0.0,49.13790512084961
gehring_L2_celltype,EMB,AT1G47540,28,4.191269397735596,0.0,49.06766891479492
gehring_L2_celltype,EMB,AT4G27170,29,4.341363906860352,0.0,47.98094177246094
gehring_L2_celltype,EMB,AT1G23000,30,6.224375247955322,0.0,47.35556411743164
gehring_L2_celltype,EMB,AT5G62800,31,4.626829147338867,0.0,46.4051513671875
gehring_L2_celltype,EMB,AT1G12805,32,4.028017997741699,0.0,46.39180755615234
gehring_L2_celltype,EMB,AT5G57390,33,6.668246746063232,0.0,45.47068786621094
gehring_L2_celltype,EMB,AT1G54860,34,5.0920891761779785,0.0,45.34215545654297
gehring_L2_celltype,EMB,AT5G63530,35,2.5232949256896973,0.0,45.20001983642578
gehring_L2_celltype,EMB,AT4G16160,36,5.849929332733154,0.0,44.03974914550781
gehring_L2_celltype,EMB,AT2G41070,37,3.215195894241333,0.0,43.85536193847656
gehring_L2_celltype,EMB,AT3G44460,38,3.3999476432800293,0.0,43.67021560668945
gehring_L2_celltype,EMB,AT3G24650,39,4.662032604217529,0.0,43.11434173583984
gehring_L2_celltype,EMB,AT1G62290,40,3.984074592590332,0.0,42.95267868041992
gehring_L2_celltype,EMB,AT3G54320,41,2.4989476203918457,0.0,41.79204940795898
gehring_L2_celltype,EMB,AT5G52920,42,2.4119322299957275,0.0,41.08306884765625
gehring_L2_celltype,EMB,AT3G29030,43,5.906705856323242,0.0,40.33251190185547
gehring_L2_celltype,EMB,AT5G09640,44,4.225856781005859,0.0,40.25416564941406
gehring_L2_celltype,EMB,AT4G03050,45,4.807127952575684,0.0,40.17056274414063
gehring_L2_celltype,EMB,AT1G12810,46,3.345643758773804,0.0,39.90026473999024
gehring_L2_celltype,EMB,AT1G62500,47,5.704954624176025,0.0,39.54044342041016
gehring_L2_celltype,EMB,AT3G05020,48,2.6002347469329834,0.0,39.428810119628906
gehring_L2_celltype,EMB,AT1G48470,49,4.769162654876709,0.0,38.41443634033203
gehring_L2_celltype,EMB,AT1G29910,50,3.703110694885254,0.0,38.07112503051758
gehring_L2_celltype,FUN,AT3G04280,1,3.665228366851807,1.8251120635152822e-126,24.337787628173828
gehring_L2_celltype,FUN,AT5G59320,2,3.067991256713867,2.833898147264552e-115,23.22709274291992
gehring_L2_celltype,FUN,ATMG00020,3,1.3022340536117554,9.576584110681916e-114,23.05777359008789
gehring_L2_celltype,FUN,AT5G59310,4,4.691609859466553,3.922183624524396e-102,21.85670280456543
gehring_L2_celltype,FUN,AT3G60160,5,3.5677876472473145,4.664136258374855e-97,21.306047439575195
gehring_L2_celltype,FUN,AT5G47370,6,4.2266693115234375,4.6424640640745305e-83,19.729999542236328
gehring_L2_celltype,FUN,AT5G43700,7,5.366733074188232,9.95173812195696e-83,19.6836051940918
gehring_L2_celltype,FUN,AT5G65670,8,1.848473310470581,3.481817697357478e-80,19.377649307250977
gehring_L2_celltype,FUN,AT1G71050,9,7.441043853759766,8.858612715005901e-76,18.84210968017578
gehring_L2_celltype,FUN,AT5G02380,10,3.069476366043091,1.6503174539362818e-75,18.803565979003903
gehring_L2_celltype,FUN,AT3G48230,11,3.414077043533325,1.0871506692008665e-63,17.290143966674805
gehring_L2_celltype,FUN,AT4G40010,12,3.48951268196106,2.8495404134827797e-61,16.961414337158203
gehring_L2_celltype,FUN,AT2G22990,13,4.808860301971436,7.580496029114818e-60,16.759033203125
gehring_L2_celltype,FUN,AT1G04580,14,2.5525636672973637,3.679328169162818e-54,15.957695960998535
gehring_L2_celltype,FUN,AT4G18010,15,5.7093825340271,1.0320819070569173e-44,14.532821655273438
gehring_L2_celltype,FUN,AT4G22570,16,2.9238204956054688,4.824726440069441e-43,14.263105392456056
gehring_L2_celltype,FUN,AT3G15353,17,4.249731063842773,1.0822561342846398e-42,14.202839851379396
gehring_L2_celltype,FUN,ATMG01390,18,1.8079688549041748,2.5396998084734287e-42,14.139341354370115
gehring_L2_celltype,FUN,AT5G02230,19,3.537550449371338,4.693341601592917e-38,13.4232759475708
gehring_L2_celltype,FUN,AT5G19140,20,2.4974522590637207,2.141155652992869e-36,13.13384246826172
gehring_L2_celltype,FUN,AT1G03170,21,6.144002437591553,3.044489579073998e-36,13.103939056396484
gehring_L2_celltype,FUN,AT5G53460,22,1.462261199951172,1.6526509837209128e-35,12.97182846069336
gehring_L2_celltype,FUN,AT1G68800,23,5.856963634490967,8.419973264537505e-35,12.84340763092041
gehring_L2_celltype,FUN,AT5G09440,24,5.627236366271973,9.076406724700799e-35,12.834672927856444
gehring_L2_celltype,FUN,AT4G37050,25,2.02151870727539,1.5753534398545278e-32,12.423251152038574
gehring_L2_celltype,FUN,AT4G02940,26,2.4196784496307373,2.823256386339536e-32,12.37114715576172
gehring_L2_celltype,FUN,AT5G25280,27,1.859797716140747,3.6124867835686695e-32,12.34877872467041
gehring_L2_celltype,FUN,AT2G16990,28,2.2083566188812256,7.69929157937067e-32,12.285255432128906
gehring_L2_celltype,FUN,AT3G04300,29,4.034921646118164,1.294234164239682e-31,12.238408088684082
gehring_L2_celltype,FUN,AT3G41768,30,0.4372574090957641,1.7405055161312472e-31,12.212044715881348
gehring_L2_celltype,FUN,AT3G04730,31,2.85007905960083,1.1826684878022208e-30,12.04648780822754
gehring_L2_celltype,FUN,AT3G08770,32,1.382399082183838,1.613197091147356e-30,12.018824577331545
gehring_L2_celltype,FUN,AT5G25220,33,1.6539589166641235,4.0782237089392236e-30,11.939934730529783
gehring_L2_celltype,FUN,AT1G80050,34,3.638413667678833,2.588805833833556e-29,11.780620574951172
gehring_L2_celltype,FUN,AT4G39090,35,1.3650988340377808,4.7674764949100297e-29,11.725966453552246
gehring_L2_celltype,FUN,AT2G38800,36,3.521405935287476,7.442293777060723e-29,11.686368942260742
gehring_L2_celltype,FUN,ATMG00090,37,1.3027610778808594,1.0266708355828567e-28,11.657212257385254
gehring_L2_celltype,FUN,AT2G41430,38,1.2284237146377563,1.6110044688583354e-28,11.617016792297363
gehring_L2_celltype,FUN,AT4G30270,39,2.9050581455230717,2.9942657366053886e-28,11.562193870544434
gehring_L2_celltype,FUN,AT2G46590,40,4.180404186248779,3.907989604036327e-28,11.537602424621582
gehring_L2_celltype,FUN,AT1G68710,41,2.202353000640869,1.1984148045217156e-27,11.437456130981444
gehring_L2_celltype,FUN,AT3G21420,42,3.552811622619629,1.266881597763492e-26,11.227710723876951
gehring_L2_celltype,FUN,AT2G18960,43,1.3061085939407349,8.700429838722498e-26,11.054520606994627
gehring_L2_celltype,FUN,AT3G20470,44,1.3137221336364746,9.012899489026512e-26,11.049764633178713
gehring_L2_celltype,FUN,AT4G17670,45,1.9118592739105225,9.31756226048167e-26,11.045218467712402
gehring_L2_celltype,FUN,AT3G59010,46,2.370569229125977,2.214549515294361e-25,10.96564769744873
gehring_L2_celltype,FUN,AT5G57800,47,5.075486660003662,2.8634799052965814e-22,10.288226127624512
gehring_L2_celltype,FUN,AT5G54940,48,2.2805070877075195,6.256489037644985e-22,10.20974349975586
gehring_L2_celltype,FUN,AT5G49360,49,1.3500043153762815,9.574947761766336e-22,10.1669282913208
gehring_L2_celltype,FUN,AT1G66200,50,2.4767119884490967,2.202343086475846e-21,10.08401584625244
gehring_L2_celltype,MCE,AT4G04460,1,7.603391170501709,0.0,67.41055297851562
gehring_L2_celltype,MCE,AT1G09380,2,6.412820816040039,0.0,63.37504577636719
gehring_L2_celltype,MCE,AT4G37050,3,5.55103063583374,0.0,63.10259628295898
gehring_L2_celltype,MCE,AT3G58740,4,8.491479873657227,0.0,62.75688552856445
gehring_L2_celltype,MCE,AT1G23560,5,7.9398956298828125,0.0,58.52671813964844
gehring_L2_celltype,MCE,AT3G45130,6,8.549727439880371,0.0,57.53984451293945
gehring_L2_celltype,MCE,AT1G33055,7,5.560030460357666,0.0,56.3213005065918
gehring_L2_celltype,MCE,AT1G33050,8,4.820887565612793,0.0,56.084354400634766
gehring_L2_celltype,MCE,AT2G16990,9,5.543398857116699,0.0,55.61494445800781
gehring_L2_celltype,MCE,AT2G19110,10,5.047576904296875,0.0,55.44560623168945
gehring_L2_celltype,MCE,AT3G26790,11,4.6934990882873535,0.0,54.87615585327149
gehring_L2_celltype,MCE,AT3G48740,12,7.819483280181885,0.0,53.9715461730957
gehring_L2_celltype,MCE,AT3G45010,13,5.713405132293701,0.0,53.71657180786133
gehring_L2_celltype,MCE,AT1G01900,14,7.394795894622803,0.0,53.22437286376953
gehring_L2_celltype,MCE,AT1G71120,15,9.03532886505127,0.0,53.02256393432617
gehring_L2_celltype,MCE,AT5G27600,16,5.363802433013916,0.0,52.948463439941406
gehring_L2_celltype,MCE,AT5G50260,17,6.022427558898926,0.0,52.890098571777344
gehring_L2_celltype,MCE,AT1G62340,18,7.741847991943359,0.0,52.08016204833984
gehring_L2_celltype,MCE,AT1G71250,19,6.109927654266357,0.0,51.88913345336914
gehring_L2_celltype,MCE,AT5G03820,20,6.055125236511231,0.0,51.86329650878906
gehring_L2_celltype,MCE,AT1G55810,21,3.65615177154541,0.0,51.13517379760742
gehring_L2_celltype,MCE,AT3G52970,22,7.735330104827881,0.0,50.94990158081055
gehring_L2_celltype,MCE,AT3G08900,23,7.422676086425781,0.0,50.52571487426758
gehring_L2_celltype,MCE,AT1G56170,24,3.700151443481445,0.0,50.49797058105469
gehring_L2_celltype,MCE,AT3G18080,25,5.041165351867676,0.0,50.46526336669922
gehring_L2_celltype,MCE,AT3G11930,26,6.261531829833984,0.0,50.15083694458008
gehring_L2_celltype,MCE,AT4G35750,27,3.19952392578125,0.0,48.796417236328125
gehring_L2_celltype,MCE,AT2G25940,28,6.3433356285095215,0.0,47.92568588256836
gehring_L2_celltype,MCE,AT4G36648,29,1.6644335985183716,0.0,47.90534591674805
gehring_L2_celltype,MCE,AT5G07200,30,3.9627842903137207,0.0,47.80022811889648
gehring_L2_celltype,MCE,AT3G49050,31,4.68043851852417,0.0,47.58787155151367
gehring_L2_celltype,MCE,AT1G55970,32,4.624767780303955,0.0,47.56068801879883
gehring_L2_celltype,MCE,AT2G23410,33,6.3738789558410645,0.0,47.1231689453125
gehring_L2_celltype,MCE,AT3G62860,34,5.406341552734375,0.0,46.805477142333984
gehring_L2_celltype,MCE,AT2G47650,35,4.454379558563232,0.0,46.68266296386719
gehring_L2_celltype,MCE,AT5G55410,36,5.444772243499756,0.0,46.65481948852539
gehring_L2_celltype,MCE,AT4G19645,37,4.517821311950684,0.0,46.51555633544922
gehring_L2_celltype,MCE,AT3G48300,38,4.110630512237549,0.0,46.31459426879883
gehring_L2_celltype,MCE,AT3G16770,39,3.063638925552368,0.0,45.45228958129883
gehring_L2_celltype,MCE,AT5G13170,40,5.196750164031982,0.0,44.56745910644531
gehring_L2_celltype,MCE,AT1G11190,41,8.65935230255127,0.0,44.45001220703125
gehring_L2_celltype,MCE,AT5G38160,42,3.348970413208008,0.0,44.44173431396485
gehring_L2_celltype,MCE,AT1G48930,43,5.462479591369629,0.0,44.07126235961914
gehring_L2_celltype,MCE,AT3G11180,44,4.612081527709961,0.0,43.40404891967773
gehring_L2_celltype,MCE,AT1G23520,45,10.56906032562256,0.0,42.80208206176758
gehring_L2_celltype,MCE,AT2G41040,46,5.910907745361328,0.0,41.85737228393555
gehring_L2_celltype,MCE,AT1G62310,47,2.452718496322632,0.0,41.792388916015625
gehring_L2_celltype,MCE,AT4G23010,48,3.991490840911865,0.0,41.78997421264648
gehring_L2_celltype,MCE,AT4G35560,49,4.344943046569824,0.0,41.77610397338867
gehring_L2_celltype,MCE,AT2G43680,50,2.859248399734497,0.0,41.53686141967773
gehring_L2_celltype,OVL,AT4G14930,1,5.729313850402832,7.525534335056729e-66,17.714872360229492
gehring_L2_celltype,OVL,AT3G26740,2,7.7753167152404785,3.0149577549733807e-60,16.932764053344727
gehring_L2_celltype,OVL,AT2G33380,3,6.885162353515625,1.8863737117890944e-54,16.103233337402344
gehring_L2_celltype,OVL,AT2G36080,4,8.357613563537598,7.026711332279867e-51,15.567923545837402
gehring_L2_celltype,OVL,AT1G47128,5,5.640828609466553,5.439363840930002e-45,14.659952163696287
gehring_L2_celltype,OVL,AT5G10770,6,7.276017189025879,1.585382330977271e-42,14.256752014160156
gehring_L2_celltype,OVL,AT4G14270,7,3.570674180984497,3.513590996278913e-32,12.472681999206545
gehring_L2_celltype,OVL,AT3G09390,8,3.622572898864746,1.3045954124106431e-27,11.593130111694336
gehring_L2_celltype,OVL,AT2G22970,9,3.318647623062134,3.4726239151194827e-26,11.298347473144531
gehring_L2_celltype,OVL,AT4G39090,10,2.726416110992432,1.4484291148170838e-25,11.162857055664062
gehring_L2_celltype,OVL,AT2G18550,11,6.25999116897583,1.6926328762951918e-25,11.140515327453612
gehring_L2_celltype,OVL,AT2G25450,12,3.331441164016724,3.5247863097099326e-25,11.067203521728516
gehring_L2_celltype,OVL,AT4G33150,13,3.833158016204834,8.323547560479531e-25,10.982688903808594
gehring_L2_celltype,OVL,AT5G25280,14,3.145907163619995,3.7433919853308653e-23,10.626567840576172
gehring_L2_celltype,OVL,AT5G02230,15,4.709568500518799,1.3038010242937287e-20,10.05920696258545
gehring_L2_celltype,OVL,AT5G49360,16,3.049832820892334,1.1287750642176052e-19,9.837952613830566
gehring_L2_celltype,OVL,AT1G12010,17,5.298497200012207,3.046623725725464e-19,9.731372833251951
gehring_L2_celltype,OVL,AT4G00870,18,2.829650402069092,5.034993291696804e-19,9.674299240112305
gehring_L2_celltype,OVL,AT1G54410,19,2.589010238647461,2.3341757643766145e-17,9.267961502075195
gehring_L2_celltype,OVL,AT3G51860,20,2.3042635917663574,2.660317488402909e-17,9.248516082763672
gehring_L2_celltype,OVL,AT4G05320,21,1.919945240020752,2.4145592385370684e-16,9.00435733795166
gehring_L2_celltype,OVL,AT4G34230,22,2.85292649269104,1.9663886382956272e-15,8.76602840423584
gehring_L2_celltype,OVL,AT5G09440,23,6.293365001678467,2.1173096456351677e-15,8.752680778503418
gehring_L2_celltype,OVL,AT1G28330,24,5.271780490875244,3.0878947604719506e-14,8.440102577209473
gehring_L2_celltype,OVL,AT4G35690,25,9.949800491333008,3.400367350651646e-14,8.424049377441406
gehring_L2_celltype,OVL,AT5G63370,26,1.8955411911010744,1.7209365621087168e-13,8.227333068847656
gehring_L2_celltype,OVL,AT4G36740,27,8.205352783203125,3.6778888139018253e-13,8.126852989196777
gehring_L2_celltype,OVL,AT4G15610,28,8.132505416870117,3.8054421375108717e-13,8.118459701538086
gehring_L2_celltype,OVL,AT5G50260,29,3.631461381912232,1.986135491630105e-12,7.9112019538879395
gehring_L2_celltype,OVL,AT1G58360,30,2.4047529697418213,3.2449739172341617e-12,7.845751762390137
gehring_L2_celltype,OVL,AT4G20260,31,3.2389416694641118,5.338846074461905e-12,7.775121212005615
gehring_L2_celltype,OVL,AT4G30960,32,2.368682146072388,1.991390754617609e-11,7.602854251861572
gehring_L2_celltype,OVL,AT3G53990,33,1.854360580444336,5.653073359356665e-11,7.462884426116943
gehring_L2_celltype,OVL,AT4G13250,34,3.062151432037353,7.32647239001359e-11,7.424929141998291
gehring_L2_celltype,OVL,AT4G27260,35,6.806021213531494,8.83193591677498e-11,7.396514415740967
gehring_L2_celltype,OVL,AT3G26100,36,1.9882454872131348,1.0769893435453112e-10,7.366557598114014
gehring_L2_celltype,OVL,AT2G38800,37,4.218009471893311,1.1029512235180591e-10,7.359913349151611
gehring_L2_celltype,OVL,AT4G32480,38,4.296926021575928,1.9864783522591303e-10,7.277546405792236
gehring_L2_celltype,OVL,AT3G14067,39,3.1198277473449707,2.6887666873583105e-10,7.233232021331787
gehring_L2_celltype,OVL,AT2G18050,40,5.363562107086182,4.4089043225135786e-10,7.16249418258667
gehring_L2_celltype,OVL,AT2G33480,41,2.4778494834899902,4.5447208236661046e-10,7.155107975006104
gehring_L2_celltype,OVL,AT1G72510,42,2.665816307067871,5.72444075721065e-10,7.120214939117432
gehring_L2_celltype,OVL,AT2G31560,43,4.801412582397461,6.297312377929046e-10,7.103954315185547
gehring_L2_celltype,OVL,AT2G22470,44,7.032209873199463,1.12742941580723e-09,7.019993782043457
gehring_L2_celltype,OVL,AT5G66880,45,3.9444875717163086,1.31670421155189e-09,6.995263576507568
gehring_L2_celltype,OVL,AT1G72260,46,1.9002323150634768,2.364974976458677e-09,6.90970516204834
gehring_L2_celltype,OVL,AT4G05631,47,1.525988221168518,3.334057655660741e-09,6.85787296295166
gehring_L2_celltype,OVL,AT2G33150,48,2.4611074924468994,9.982078167608962e-09,6.696459770202637
gehring_L2_celltype,OVL,AT5G47370,49,3.714517593383789,1.3657092020820001e-08,6.647562980651856
gehring_L2_celltype,OVL,AT1G26560,50,2.318126916885376,1.3836297930129886e-08,6.642782688140869
gehring_L2_celltype,PEN,AT1G11070,1,5.579934120178223,0.0,88.5425033569336
gehring_L2_celltype,PEN,AT2G22660,2,3.3456039428710938,0.0,79.30594635009766
gehring_L2_celltype,PEN,AT3G54320,3,3.662890672683716,0.0,74.14997100830078
gehring_L2_celltype,PEN,AT1G55810,4,3.507200241088867,0.0,74.12540435791016
gehring_L2_celltype,PEN,AT4G28365,5,4.288523674011231,0.0,73.14363861083984
gehring_L2_celltype,PEN,AT1G78760,6,4.607685089111328,0.0,70.98281860351562
gehring_L2_celltype,PEN,AT5G63700,7,3.415085792541504,0.0,67.4594955444336
gehring_L2_celltype,PEN,AT2G02100,8,3.263587474822998,0.0,67.01058959960938
gehring_L2_celltype,PEN,AT5G50090,9,4.918162822723389,0.0,65.70635223388672
gehring_L2_celltype,PEN,AT3G51740,10,6.031569480895996,0.0,65.06269073486328
gehring_L2_celltype,PEN,AT1G56170,11,3.0470058917999268,0.0,64.58139038085938
gehring_L2_celltype,PEN,AT3G14205,12,3.0463790893554688,0.0,63.47169494628906
gehring_L2_celltype,PEN,AT5G07260,13,4.192061901092529,0.0,62.3739013671875
gehring_L2_celltype,PEN,AT1G15290,14,2.8890113830566406,0.0,61.600399017333984
gehring_L2_celltype,PEN,AT5G07200,15,3.3565118312835693,0.0,59.58175659179688
gehring_L2_celltype,PEN,AT2G35880,16,3.55881667137146,0.0,58.7912483215332
gehring_L2_celltype,PEN,AT2G32370,17,5.023444175720215,0.0,58.40280151367188
gehring_L2_celltype,PEN,AT1G78520,18,4.814628601074219,0.0,58.090816497802734
gehring_L2_celltype,PEN,AT1G77580,19,3.614726305007935,0.0,57.55146408081055
gehring_L2_celltype,PEN,AT4G33270,20,4.419457912445068,0.0,56.46406173706055
gehring_L2_celltype,PEN,AT1G67090,21,2.2132105827331543,0.0,56.03078079223633
gehring_L2_celltype,PEN,AT1G04380,22,3.588686227798462,0.0,55.95059585571289
gehring_L2_celltype,PEN,AT4G33330,23,4.593932628631592,0.0,55.6519775390625
gehring_L2_celltype,PEN,AT4G14140,24,3.9118845462799072,0.0,55.5124626159668
gehring_L2_celltype,PEN,AT3G48300,25,3.454240083694458,0.0,55.13888549804688
gehring_L2_celltype,PEN,AT3G26744,26,2.717475652694702,0.0,55.069244384765625
gehring_L2_celltype,PEN,AT4G35730,27,4.6843581199646,0.0,55.02418518066406
gehring_L2_celltype,PEN,AT1G01320,28,2.7207720279693604,0.0,54.65420150756836
gehring_L2_celltype,PEN,AT2G32440,29,4.53983211517334,0.0,54.61482620239258
gehring_L2_celltype,PEN,AT5G63530,30,2.585019826889038,0.0,54.083274841308594
gehring_L2_celltype,PEN,AT5G52330,31,3.6567864418029785,0.0,53.42697525024414
gehring_L2_celltype,PEN,AT2G16586,32,1.8948493003845213,0.0,52.739688873291016
gehring_L2_celltype,PEN,AT3G27785,33,3.732885599136353,0.0,52.69933319091797
gehring_L2_celltype,PEN,AT4G02020,34,2.427083969116211,0.0,52.54148864746094
gehring_L2_celltype,PEN,AT4G18020,35,2.74429988861084,0.0,51.93666076660156
gehring_L2_celltype,PEN,AT1G15150,36,3.835294008255005,0.0,51.38668441772461
gehring_L2_celltype,PEN,AT3G06355,37,0.814954936504364,0.0,51.13318634033203
gehring_L2_celltype,PEN,AT3G23090,38,3.3448143005371094,0.0,51.024375915527344
gehring_L2_celltype,PEN,AT5G17800,39,4.506617546081543,0.0,50.862396240234375
gehring_L2_celltype,PEN,AT5G66570,40,2.3348922729492188,0.0,50.11398315429688
gehring_L2_celltype,PEN,AT3G16770,41,2.2685368061065674,0.0,49.96932601928711
gehring_L2_celltype,PEN,AT4G21430,42,2.612449884414673,0.0,49.68831253051758
gehring_L2_celltype,PEN,AT4G31840,43,4.431238174438477,0.0,49.04940414428711
gehring_L2_celltype,PEN,AT1G12080,44,3.205673694610596,0.0,48.97079086303711
gehring_L2_celltype,PEN,AT1G77590,45,2.293064594268799,0.0,48.89188003540039
gehring_L2_celltype,PEN,AT5G11530,46,2.43757963180542,0.0,48.10506057739258
gehring_L2_celltype,PEN,AT1G03470,47,4.524680137634277,0.0,47.8875732421875
gehring_L2_celltype,PEN,AT4G28080,48,2.58423924446106,0.0,47.333831787109375
gehring_L2_celltype,PEN,AT1G30690,49,3.2564101219177246,0.0,47.31201934814453
gehring_L2_celltype,PEN,AT3G56320,50,3.187130689620972,0.0,47.16962432861328
gehring_L2_celltype,ii1,AT1G61720,1,6.560014247894287,0.0,93.85002136230467
gehring_L2_celltype,ii1,AT1G56100,2,6.336569309234619,0.0,92.84371948242188
gehring_L2_celltype,ii1,AT1G62333,3,4.8113861083984375,0.0,87.2578125
gehring_L2_celltype,ii1,AT2G17710,4,5.410717964172363,0.0,86.6512451171875
gehring_L2_celltype,ii1,AT2G38900,5,5.166920185089111,0.0,85.8271484375
gehring_L2_celltype,ii1,AT5G17220,6,6.3755879402160645,0.0,84.72127532958984
gehring_L2_celltype,ii1,AT4G22880,7,5.824972152709961,0.0,84.58311462402344
gehring_L2_celltype,ii1,AT5G42800,8,5.435919284820557,0.0,84.2511978149414
gehring_L2_celltype,ii1,AT3G08770,9,4.729060649871826,0.0,80.7947998046875
gehring_L2_celltype,ii1,AT2G47895,10,4.932140827178955,0.0,79.07967376708984
gehring_L2_celltype,ii1,AT3G13530,11,5.082723140716553,0.0,78.611328125
gehring_L2_celltype,ii1,AT5G05270,12,4.028625965118408,0.0,77.92105865478516
gehring_L2_celltype,ii1,AT5G13930,13,3.327699661254883,0.0,75.68262481689453
gehring_L2_celltype,ii1,AT5G48880,14,4.361830234527588,0.0,73.52320098876953
gehring_L2_celltype,ii1,AT2G23910,15,4.530040740966797,0.0,72.8763656616211
gehring_L2_celltype,ii1,AT2G14900,16,4.86896562576294,0.0,69.75747680664062
gehring_L2_celltype,ii1,AT3G49780,17,4.235188484191895,0.0,69.22223663330078
gehring_L2_celltype,ii1,AT1G06550,18,3.743402004241944,0.0,68.98170471191406
gehring_L2_celltype,ii1,AT4G15750,19,4.437196731567383,0.0,67.44059753417969
gehring_L2_celltype,ii1,AT3G51240,20,3.2990529537200928,0.0,67.41419982910156
gehring_L2_celltype,ii1,AT5G39130,21,3.740987539291382,0.0,65.75032043457031
gehring_L2_celltype,ii1,AT4G24130,22,3.5886332988739014,0.0,64.22978210449219
gehring_L2_celltype,ii1,AT1G02930,23,4.144033908843994,0.0,63.31951904296875
gehring_L2_celltype,ii1,AT3G49270,24,4.872015476226807,0.0,62.324989318847656
gehring_L2_celltype,ii1,AT5G47350,25,4.592493057250977,0.0,61.23759460449219
gehring_L2_celltype,ii1,AT5G51950,26,4.668741703033447,0.0,60.322547912597656
gehring_L2_celltype,ii1,AT4G30470,27,4.181914806365967,0.0,60.18017578125
gehring_L2_celltype,ii1,AT4G09820,28,4.234106540679932,0.0,59.62486267089844
gehring_L2_celltype,ii1,AT1G32170,29,4.495506286621094,0.0,57.995059967041016
gehring_L2_celltype,ii1,AT5G57630,30,5.265081882476807,0.0,57.40650177001953
gehring_L2_celltype,ii1,AT2G21430,31,5.060179710388184,0.0,57.22370147705078
gehring_L2_celltype,ii1,AT2G30490,32,3.470376968383789,0.0,57.17507553100586
gehring_L2_celltype,ii1,AT1G65060,33,3.591644287109375,0.0,55.672061920166016
gehring_L2_celltype,ii1,AT3G23460,34,5.297196388244629,0.0,55.465118408203125
gehring_L2_celltype,ii1,AT3G49050,35,3.557512760162353,0.0,53.53947067260742
gehring_L2_celltype,ii1,AT3G59030,36,6.088255882263184,0.0,53.477386474609375
gehring_L2_celltype,ii1,AT1G45130,37,3.044926404953003,0.0,53.1949462890625
gehring_L2_celltype,ii1,AT2G31360,38,3.8392527103424072,0.0,53.0217399597168
gehring_L2_celltype,ii1,AT4G26420,39,3.4225857257843018,0.0,52.27792739868164
gehring_L2_celltype,ii1,AT2G26250,40,2.872884511947632,0.0,50.678985595703125
gehring_L2_celltype,ii1,AT4G00360,41,3.937335968017578,0.0,49.83732223510742
gehring_L2_celltype,ii1,AT5G07990,42,2.412070751190185,0.0,49.27077865600586
gehring_L2_celltype,ii1,AT1G29660,43,5.125439643859863,0.0,49.05144119262695
gehring_L2_celltype,ii1,AT5G10180,44,4.348214149475098,0.0,48.65456008911133
gehring_L2_celltype,ii1,AT3G55120,45,2.5311717987060547,0.0,48.59775924682617
gehring_L2_celltype,ii1,AT1G21440,46,3.248994827270508,0.0,48.36663055419922
gehring_L2_celltype,ii1,AT3G58780,47,2.2665486335754395,0.0,48.06455993652344
gehring_L2_celltype,ii1,AT3G23600,48,2.771355390548706,0.0,47.819854736328125
gehring_L2_celltype,ii1,AT5G25610,49,3.562730073928833,0.0,47.81753158569336
gehring_L2_celltype,ii1,AT4G12460,50,2.753563642501831,0.0,47.767723083496094
gehring_L2_celltype,ii1',AT3G20210,1,5.757571220397949,0.0,58.64041519165039
gehring_L2_celltype,ii1',AT1G76160,2,6.12662410736084,0.0,56.77481842041016
gehring_L2_celltype,ii1',AT3G45970,3,5.379140377044678,0.0,56.22799301147461
gehring_L2_celltype,ii1',AT4G12910,4,5.756653308868408,0.0,55.58969497680664
gehring_L2_celltype,ii1',AT5G33290,5,5.526959896087647,0.0,53.73517608642578
gehring_L2_celltype,ii1',AT4G20260,6,5.579017162322998,0.0,52.332763671875
gehring_L2_celltype,ii1',AT3G57240,7,6.487032890319824,0.0,51.73981857299805
gehring_L2_celltype,ii1',AT4G09030,8,4.491275787353516,0.0,49.88401412963867
gehring_L2_celltype,ii1',AT3G26440,9,5.412578105926514,0.0,48.88735961914063
gehring_L2_celltype,ii1',AT1G21460,10,5.495565891265869,0.0,48.62469100952149
gehring_L2_celltype,ii1',AT2G37460,11,5.498234272003174,0.0,45.746070861816406
gehring_L2_celltype,ii1',AT5G55250,12,4.478927135467529,0.0,45.20912170410156
gehring_L2_celltype,ii1',AT2G46370,13,5.447822093963623,0.0,45.1615104675293
gehring_L2_celltype,ii1',AT5G15740,14,4.874643325805664,0.0,43.80050277709961
gehring_L2_celltype,ii1',AT3G13750,15,4.407328128814697,0.0,43.47919845581055
gehring_L2_celltype,ii1',AT1G71960,16,4.937584400177002,0.0,42.7308349609375
gehring_L2_celltype,ii1',AT1G53100,17,4.946530342102051,0.0,40.31684494018555
gehring_L2_celltype,ii1',AT4G12290,18,3.9617574214935294,0.0,39.06781768798828
gehring_L2_celltype,ii1',AT1G09790,19,4.578724384307861,0.0,38.9598388671875
gehring_L2_celltype,ii1',AT3G28960,20,4.5619215965271,0.0,38.78650665283203
gehring_L2_celltype,ii1',AT3G24840,21,3.6453802585601807,0.0,38.03499221801758
gehring_L2_celltype,ii1',AT4G13345,22,4.787677764892578,0.0,38.00876235961914
gehring_L2_celltype,ii1',AT4G39350,23,3.607892274856568,3.1353605473220214e-307,37.65155792236328
gehring_L2_celltype,ii1',AT4G00220,24,3.6100997924804688,2.659016437011256e-284,36.222129821777344
gehring_L2_celltype,ii1',AT4G01430,25,4.322598457336426,1.755323755870923e-281,36.04145050048828
gehring_L2_celltype,ii1',AT1G24010,26,5.027377605438232,2.989098519975902e-262,34.79102325439453
gehring_L2_celltype,ii1',AT2G02990,27,4.803636074066162,4.895461024012953e-259,34.57672500610352
gehring_L2_celltype,ii1',AT1G68560,28,4.161407470703125,2.383236078725443e-256,34.396392822265625
gehring_L2_celltype,ii1',AT4G16563,29,3.1553359031677246,3.700775639183397e-255,34.315608978271484
gehring_L2_celltype,ii1',AT5G26120,30,6.288256645202637,9.00704358781042e-253,34.154258728027344
gehring_L2_celltype,ii1',AT3G15510,31,2.7405972480773926,9.949004561590351e-249,33.87984848022461
gehring_L2_celltype,ii1',AT2G33860,32,4.566628932952881,5.3401843185171815e-242,33.41880416870117
gehring_L2_celltype,ii1',AT2G28650,33,3.1822962760925293,7.68405373631749e-242,33.40700149536133
gehring_L2_celltype,ii1',AT1G11590,34,5.2857441902160645,6.651657830296757e-239,33.20321273803711
gehring_L2_celltype,ii1',AT1G14970,35,3.112327814102173,4.265903740978468e-234,32.867584228515625
gehring_L2_celltype,ii1',AT5G42250,36,5.607523918151856,4.7141192024718596e-229,32.511810302734375
gehring_L2_celltype,ii1',AT1G16705,37,2.671760082244873,5.760351941686224e-225,32.220481872558594
gehring_L2_celltype,ii1',AT4G37310,38,3.572759866714477,4.545369911602587e-218,31.723411560058597
gehring_L2_celltype,ii1',AT2G01850,39,2.231363296508789,1.9010813291378873e-216,31.604799270629883
gehring_L2_celltype,ii1',AT1G56010,40,5.3957061767578125,3.1335987713770256e-207,30.925878524780277
gehring_L2_celltype,ii1',AT5G20700,41,2.488298892974853,3.248613105161648e-203,30.62494659423828
gehring_L2_celltype,ii1',AT2G39010,42,5.284764289855957,2.117570815731069e-201,30.48760032653809
gehring_L2_celltype,ii1',AT2G47240,43,2.636107444763184,3.188406763251921e-201,30.47341537475586
gehring_L2_celltype,ii1',AT2G41700,44,3.356630325317383,4.9344842087138475e-200,30.382732391357425
gehring_L2_celltype,ii1',AT1G17620,45,3.270615339279175,7.867250928345044e-199,30.290815353393555
gehring_L2_celltype,ii1',AT4G03930,46,4.71544361114502,1.2375484522056306e-196,30.122817993164062
gehring_L2_celltype,ii1',AT5G39220,47,2.4342994689941406,1.6890637205764793e-196,30.11178970336914
gehring_L2_celltype,ii1',AT2G29940,48,5.232991218566895,6.716223609791359e-196,30.065263748168945
gehring_L2_celltype,ii1',AT4G03210,49,3.823937177658081,3.919165278805433e-193,29.85221672058105
gehring_L2_celltype,ii1',AT5G06530,50,4.66959285736084,1.609332312598202e-184,29.180360794067383
gehring_L2_celltype,ii2,AT3G20210,1,6.402637004852295,0.0,78.4295883178711
gehring_L2_celltype,ii2,AT4G21640,2,9.09934902191162,0.0,72.84429931640625
gehring_L2_celltype,ii2,AT5G49180,3,4.228609085083008,0.0,68.41963958740234
gehring_L2_celltype,ii2,AT1G14970,4,5.387673377990723,0.0,66.2385025024414
gehring_L2_celltype,ii2,AT2G22620,5,3.856279373168945,0.0,62.64390563964844
gehring_L2_celltype,ii2,AT4G09030,6,4.543705463409424,0.0,62.27365493774414
gehring_L2_celltype,ii2,AT1G05260,7,5.151066303253174,0.0,59.129730224609375
gehring_L2_celltype,ii2,AT2G27920,8,4.10056209564209,0.0,59.05142211914063
gehring_L2_celltype,ii2,AT5G42235,9,3.2449734210968018,0.0,53.96469497680664
gehring_L2_celltype,ii2,AT3G23560,10,6.677019119262695,0.0,53.741329193115234
gehring_L2_celltype,ii2,AT1G43640,11,2.91963529586792,0.0,51.38096237182617
gehring_L2_celltype,ii2,AT5G56300,12,4.0470051765441895,0.0,50.82865905761719
gehring_L2_celltype,ii2,AT4G37520,13,3.5274910926818848,0.0,50.69893264770508
gehring_L2_celltype,ii2,AT3G60160,14,3.9266726970672607,0.0,49.9292106628418
gehring_L2_celltype,ii2,AT5G67360,15,2.651137113571167,0.0,48.66126251220703
gehring_L2_celltype,ii2,AT1G73680,16,3.5106050968170166,0.0,47.77361679077149
gehring_L2_celltype,ii2,AT3G02470,17,2.0115997791290283,0.0,46.21057891845703
gehring_L2_celltype,ii2,AT4G09960,18,2.7278568744659424,0.0,45.89690399169922
gehring_L2_celltype,ii2,AT1G09790,19,4.733358860015869,0.0,45.30028533935547
gehring_L2_celltype,ii2,AT5G13670,20,2.763913869857788,0.0,45.04658889770508
gehring_L2_celltype,ii2,AT2G02000,21,7.026905059814453,0.0,44.16416549682617
gehring_L2_celltype,ii2,AT2G44670,22,3.103940963745117,0.0,44.08754348754883
gehring_L2_celltype,ii2,AT2G46960,23,3.334322452545166,0.0,43.55016326904297
gehring_L2_celltype,ii2,AT5G42240,24,2.780502796173096,0.0,43.468727111816406
gehring_L2_celltype,ii2,AT3G10985,25,2.804083585739136,0.0,42.64675521850586
gehring_L2_celltype,ii2,AT5G12170,26,2.7867236137390137,0.0,42.41791534423828
gehring_L2_celltype,ii2,AT5G27360,27,2.395871877670288,0.0,42.067684173583984
gehring_L2_celltype,ii2,AT5G66170,28,3.065786838531494,0.0,41.58329391479492
gehring_L2_celltype,ii2,AT3G18170,29,5.51556921005249,0.0,40.527957916259766
gehring_L2_celltype,ii2,AT1G35780,30,3.556097984313965,0.0,40.40837097167969
gehring_L2_celltype,ii2,AT1G61890,31,2.4543561935424805,0.0,39.90213394165039
gehring_L2_celltype,ii2,AT3G30775,32,2.176405906677246,0.0,39.245906829833984
gehring_L2_celltype,ii2,AT4G16130,33,3.1777007579803467,0.0,37.97132110595703
gehring_L2_celltype,ii2,AT4G26420,34,2.889336585998535,6.664337452074235e-302,37.31410217285156
gehring_L2_celltype,ii2,AT4G20260,35,3.665970087051392,1.6535953721158214e-294,36.8545150756836
gehring_L2_celltype,ii2,AT5G08260,36,2.452258825302124,6.599194160961254e-294,36.81620407104492
gehring_L2_celltype,ii2,AT4G24150,37,5.038791656494141,1.6863506935690894e-293,36.78998565673828
gehring_L2_celltype,ii2,AT1G63090,38,3.023483991622925,1.5637215137636822e-291,36.66602325439453
gehring_L2_celltype,ii2,AT2G25540,39,2.171616554260254,6.545761606490907e-291,36.62627410888672
gehring_L2_celltype,ii2,AT1G63690,40,2.332120656967163,7.004434959054143e-285,36.24483108520508
gehring_L2_celltype,ii2,AT2G19570,41,2.189507484436035,6.492313999280502e-273,35.47634506225586
gehring_L2_celltype,ii2,AT2G03810,42,2.4130561351776123,4.181394523750939e-270,35.29302215576172
gehring_L2_celltype,ii2,AT4G39350,43,2.851705551147461,2.232970701963088e-267,35.114097595214844
gehring_L2_celltype,ii2,AT2G01850,44,1.9883311986923216,1.0973590890222887e-266,35.06810760498047
gehring_L2_celltype,ii2,AT1G78080,45,1.831985592842102,2.127222638421301e-266,35.04859924316406
gehring_L2_celltype,ii2,AT5G03760,46,3.426711082458496,3.4718271506591165e-265,34.9682731628418
gehring_L2_celltype,ii2,AT1G30835,47,3.068796396255493,2.1510110244362388e-263,34.84954833984375
gehring_L2_celltype,ii2,AT1G07750,48,2.825064182281494,2.340240062997182e-257,34.44811248779297
gehring_L2_celltype,ii2,AT3G21070,49,3.366825819015503,2.6481466344936512e-244,33.564395904541016
gehring_L2_celltype,ii2,AT5G03380,50,2.090239286422729,2.437615518635806e-241,33.360015869140625
gehring_L2_celltype,oi1,AT2G46960,1,4.670461177825928,0.0,137.58486938476562
gehring_L2_celltype,oi1,AT2G38170,2,4.714727878570557,0.0,136.252685546875
gehring_L2_celltype,oi1,AT4G12960,3,4.5226922035217285,0.0,123.45540618896484
gehring_L2_celltype,oi1,AT1G73600,4,4.317999362945557,0.0,120.13690948486328
gehring_L2_celltype,oi1,AT3G62610,5,6.030419826507568,0.0,115.8825912475586
gehring_L2_celltype,oi1,AT4G25640,6,4.649507999420166,0.0,115.13478088378906
gehring_L2_celltype,oi1,AT5G07990,7,3.5458455085754395,0.0,113.0176239013672
gehring_L2_celltype,oi1,AT3G21500,8,5.3483757972717285,0.0,107.96527862548828
gehring_L2_celltype,oi1,AT1G27080,9,3.681084156036377,0.0,107.9651107788086
gehring_L2_celltype,oi1,AT4G26590,10,3.2701575756073,0.0,105.11244201660156
gehring_L2_celltype,oi1,AT5G42235,11,3.250883102416992,0.0,104.88548278808594
gehring_L2_celltype,oi1,AT5G27380,12,3.172473430633545,0.0,102.76509857177734
gehring_L2_celltype,oi1,AT1G14520,13,2.8201494216918945,0.0,97.16695404052734
gehring_L2_celltype,oi1,AT2G23790,14,2.7871460914611816,0.0,95.73348999023438
gehring_L2_celltype,oi1,AT5G39220,15,3.738413572311402,0.0,95.6269989013672
gehring_L2_celltype,oi1,AT4G34138,16,3.9233593940734863,0.0,95.27587890625
gehring_L2_celltype,oi1,AT1G30530,17,3.2750608921051025,0.0,91.35165405273438
gehring_L2_celltype,oi1,AT2G02080,18,3.3870866298675537,0.0,90.5667953491211
gehring_L2_celltype,oi1,AT5G42240,19,3.115518808364868,0.0,89.76654052734375
gehring_L2_celltype,oi1,AT4G36520,20,2.3479933738708496,0.0,88.99703216552734
gehring_L2_celltype,oi1,AT5G21105,21,3.052819967269897,0.0,86.21286010742188
gehring_L2_celltype,oi1,AT1G65370,22,2.1360151767730717,0.0,85.33181762695312
gehring_L2_celltype,oi1,AT4G15210,23,2.769097328186035,0.0,84.6586685180664
gehring_L2_celltype,oi1,AT4G00870,24,3.973565578460693,0.0,84.5279769897461
gehring_L2_celltype,oi1,AT4G36360,25,3.5398972034454346,0.0,84.49397277832031
gehring_L2_celltype,oi1,AT1G05490,26,2.317058563232422,0.0,81.65899658203125
gehring_L2_celltype,oi1,AT4G10060,27,3.1990389823913574,0.0,80.8420181274414
gehring_L2_celltype,oi1,AT5G24910,28,3.9425556659698486,0.0,79.13493347167969
gehring_L2_celltype,oi1,AT4G30110,29,2.4055604934692383,0.0,78.49534606933594
gehring_L2_celltype,oi1,AT1G73390,30,3.243000268936157,0.0,77.16757202148438
gehring_L2_celltype,oi1,AT5G62210,31,3.3325562477111816,0.0,77.02933502197266
gehring_L2_celltype,oi1,AT4G16380,32,3.208159923553467,0.0,76.3055419921875
gehring_L2_celltype,oi1,AT3G54140,33,4.347919464111328,0.0,75.95628356933594
gehring_L2_celltype,oi1,AT4G12870,34,2.571246862411499,0.0,75.90168762207031
gehring_L2_celltype,oi1,AT2G40820,35,2.812506437301636,0.0,75.6308364868164
gehring_L2_celltype,oi1,AT1G34580,36,2.747222423553467,0.0,75.17143249511719
gehring_L2_celltype,oi1,AT1G16750,37,4.66603946685791,0.0,72.8152847290039
gehring_L2_celltype,oi1,AT2G22620,38,2.41895055770874,0.0,72.78825378417969
gehring_L2_celltype,oi1,AT5G49180,39,2.232300281524658,0.0,72.24845886230469
gehring_L2_celltype,oi1,AT2G37080,40,2.442164659500122,0.0,71.06690216064453
gehring_L2_celltype,oi1,AT4G18570,41,3.282101392745972,0.0,70.74736022949219
gehring_L2_celltype,oi1,AT4G32500,42,3.775968313217163,0.0,68.65157318115234
gehring_L2_celltype,oi1,AT5G64900,43,2.6143252849578857,0.0,68.51611328125
gehring_L2_celltype,oi1,AT5G22020,44,2.855300188064575,0.0,67.52567291259766
gehring_L2_celltype,oi1,AT4G24040,45,2.543146133422852,0.0,67.01832580566406
gehring_L2_celltype,oi1,AT1G02300,46,2.6257448196411133,0.0,66.55732727050781
gehring_L2_celltype,oi1,AT1G16390,47,4.056697845458984,0.0,64.90809631347656
gehring_L2_celltype,oi1,AT5G45650,48,4.137491703033447,0.0,64.72057342529297
gehring_L2_celltype,oi1,AT1G12330,49,2.4984242916107178,0.0,64.44454193115234
gehring_L2_celltype,oi1,AT5G05270,50,2.106969356536865,0.0,63.8680305480957
gehring_L2_celltype,oi2,AT5G59320,1,5.125385761260986,0.0,102.09425354003906
gehring_L2_celltype,oi2,AT5G45670,2,5.425867557525635,0.0,93.99193572998048
gehring_L2_celltype,oi2,AT2G38540,3,4.382971286773682,0.0,87.8780288696289
gehring_L2_celltype,oi2,AT4G15210,4,3.604903936386109,0.0,83.62548828125
gehring_L2_celltype,oi2,AT1G55260,5,5.464661121368408,0.0,83.32984924316406
gehring_L2_celltype,oi2,AT3G20470,6,3.396078586578369,0.0,80.04104614257812
gehring_L2_celltype,oi2,AT4G33220,7,4.472799777984619,0.0,77.94169616699219
gehring_L2_celltype,oi2,AT1G05230,8,4.771724700927734,0.0,77.91738891601562
gehring_L2_celltype,oi2,AT4G25830,9,3.8321750164031982,0.0,77.25707244873047
gehring_L2_celltype,oi2,AT1G17200,10,4.358674049377441,0.0,76.4317626953125
gehring_L2_celltype,oi2,AT3G23450,11,3.460189819335937,0.0,74.43310546875
gehring_L2_celltype,oi2,AT3G08770,12,3.293520927429199,0.0,73.42807006835938
gehring_L2_celltype,oi2,AT4G21750,13,3.9240920543670654,0.0,72.71475219726562
gehring_L2_celltype,oi2,AT1G14520,14,2.7654073238372803,0.0,72.67269134521484
gehring_L2_celltype,oi2,AT3G58780,15,2.9826481342315674,0.0,72.26351928710938
gehring_L2_celltype,oi2,AT2G01520,16,4.63289737701416,0.0,72.14959716796875
gehring_L2_celltype,oi2,AT4G13840,17,3.833911418914795,0.0,70.08535766601562
gehring_L2_celltype,oi2,AT2G26250,18,3.211999654769897,0.0,69.43331909179688
gehring_L2_celltype,oi2,AT3G54340,19,3.377654552459717,0.0,68.0393295288086
gehring_L2_celltype,oi2,AT3G13530,20,3.404308795928955,0.0,65.84471130371094
gehring_L2_celltype,oi2,AT5G67620,21,4.475147247314453,0.0,65.40174865722656
gehring_L2_celltype,oi2,AT2G01850,22,2.4178857803344727,0.0,64.78492736816406
gehring_L2_celltype,oi2,AT4G39330,23,3.7894885540008554,0.0,62.215728759765625
gehring_L2_celltype,oi2,AT1G17840,24,3.508930921554565,0.0,61.28823852539063
gehring_L2_celltype,oi2,AT1G79840,25,4.252091407775879,0.0,61.24898147583008
gehring_L2_celltype,oi2,AT4G19380,26,4.98864221572876,0.0,61.087215423583984
gehring_L2_celltype,oi2,AT1G51460,27,4.728144645690918,0.0,59.606876373291016
gehring_L2_celltype,oi2,AT3G16370,28,3.283447027206421,0.0,58.84056091308594
gehring_L2_celltype,oi2,AT1G60940,29,2.742380857467652,0.0,58.55240631103516
gehring_L2_celltype,oi2,AT1G72970,30,3.537159204483032,0.0,58.42861175537109
gehring_L2_celltype,oi2,AT3G50660,31,3.4210546016693115,0.0,57.97296905517578
gehring_L2_celltype,oi2,AT1G75900,32,4.096164703369141,0.0,57.3333625793457
gehring_L2_celltype,oi2,AT4G15200,33,3.167677640914917,0.0,57.04898071289063
gehring_L2_celltype,oi2,AT5G23940,34,3.807651042938232,0.0,54.98265838623047
gehring_L2_celltype,oi2,AT4G33180,35,3.266710996627808,0.0,54.71832275390625
gehring_L2_celltype,oi2,AT1G04220,36,4.893208026885986,0.0,53.77803802490234
gehring_L2_celltype,oi2,AT3G52840,37,2.5632593631744385,0.0,53.63003921508789
gehring_L2_celltype,oi2,AT1G62480,38,2.3778579235076904,0.0,53.00488662719727
gehring_L2_celltype,oi2,AT1G72260,39,2.677242517471313,0.0,52.997806549072266
gehring_L2_celltype,oi2,AT5G51750,40,3.816760301589966,0.0,52.92914581298828
gehring_L2_celltype,oi2,AT5G24420,41,3.2433927059173584,0.0,52.9288444519043
gehring_L2_celltype,oi2,AT1G76890,42,2.853081703186035,0.0,52.287086486816406
gehring_L2_celltype,oi2,AT2G37300,43,4.379680633544922,0.0,51.54866409301758
gehring_L2_celltype,oi2,AT3G18490,44,1.84336519241333,0.0,51.38243103027344
gehring_L2_celltype,oi2,AT3G23820,45,3.672498941421509,0.0,50.83880615234375
gehring_L2_celltype,oi2,AT2G42830,46,2.2306888103485107,0.0,49.89772033691406
gehring_L2_celltype,oi2,AT1G06520,47,3.658599853515625,0.0,49.85211944580078
gehring_L2_celltype,oi2,AT1G17420,48,3.862855672836304,0.0,49.668087005615234
gehring_L2_celltype,oi2,AT1G51500,49,2.6969363689422607,0.0,49.207008361816406
gehring_L2_celltype,oi2,AT4G09820,50,3.213552713394165,0.0,49.10622787475586
gehring_L3_state,1. EMB up proto,AT5G60390,1,3.369462728500366,4.5969349088273606e-10,7.652787685394287
gehring_L3_state,1. EMB up proto,AT3G24250,2,7.862483501434326,7.965024459949151e-08,6.861475467681885
gehring_L3_state,1. EMB up proto,AT4G15750,3,3.918636560440064,4.628617096993356e-07,6.545221328735352
gehring_L3_state,1. EMB up proto,AT5G15200,4,3.1254703998565674,7.638480993151868e-07,6.426334381103516
gehring_L3_state,1. EMB up proto,AT2G18020,5,3.0356194972991943,1.3323841927432077e-06,6.306718349456787
gehring_L3_state,1. EMB up proto,AT2G01250,6,2.804750919342041,9.627118340427192e-06,5.959293842315674
gehring_L3_state,1. EMB up proto,AT5G02500,7,3.39498233795166,9.627118340427192e-06,5.938118934631348
gehring_L3_state,1. EMB up proto,AT5G47210,8,2.831547260284424,3.093541473167389e-05,5.702048778533936
gehring_L3_state,1. EMB up proto,AT4G39200,9,2.9388904571533203,3.093541473167389e-05,5.6830034255981445
gehring_L3_state,1. EMB up proto,ATMG00020,10,1.6083709001541138,5.875913855117604e-05,5.555685043334961
gehring_L3_state,1. EMB up proto,AT1G56070,11,2.6656322479248047,0.0001048295764495,5.4382100105285645
gehring_L3_state,1. EMB up proto,AT1G52300,12,2.957252025604248,0.0001048889007217,5.423826694488525
gehring_L3_state,1. EMB up proto,AT3G08770,13,3.4253463745117188,0.0001210288938169,5.372957706451416
gehring_L3_state,1. EMB up proto,AT5G02490,14,3.1231486797332764,0.0001210288938169,5.372461795806885
gehring_L3_state,1. EMB up proto,AT2G16600,15,3.0112438201904297,0.0001218846964757,5.359543323516846
gehring_L3_state,1. EMB up proto,AT1G02780,16,2.535685539245605,0.0001699715360501,5.288059234619141
gehring_L3_state,1. EMB up proto,ATMG00090,17,2.86558198928833,0.0001915564813186,5.255634307861328
gehring_L3_state,1. EMB up proto,AT3G04400,18,2.788582563400269,0.000205883283284,5.223997592926025
gehring_L3_state,1. EMB up proto,AT1G09690,19,2.739584445953369,0.000205883283284,5.222877025604248
gehring_L3_state,1. EMB up proto,AT2G27710,20,2.569916009902954,0.0002757167653917,5.159421920776367
gehring_L3_state,1. EMB up proto,AT5G18380,21,2.7821497917175293,0.0003226130095052,5.12116813659668
gehring_L3_state,1. EMB up proto,AT1G04270,22,2.8357858657836914,0.0004101482771627,5.059422969818115
gehring_L3_state,1. EMB up proto,AT4G13940,23,2.4990687370300293,0.0004101482771627,5.05914831161499
gehring_L3_state,1. EMB up proto,AT3G52590,24,2.606362581253052,0.0005608879895644,4.988767147064209
gehring_L3_state,1. EMB up proto,AT5G59320,25,2.925522804260254,0.0005608879895644,4.983667850494385
gehring_L3_state,1. EMB up proto,AT2G47895,26,3.0905020236968994,0.0006183173574849,4.950379371643066
gehring_L3_state,1. EMB up proto,AT1G07940,27,2.6527814865112305,0.0008166045017567,4.889065742492676
gehring_L3_state,1. EMB up proto,AT5G13930,28,2.3364675045013428,0.0015058448847779,4.760334968566895
gehring_L3_state,1. EMB up proto,ATCG01130,29,2.3481967449188232,0.0016385178618859,4.736621856689453
gehring_L3_state,1. EMB up proto,AT3G06700,30,2.732322931289673,0.0019429417039092,4.695467948913574
gehring_L3_state,1. EMB up proto,AT2G42840,31,4.755749702453613,0.001981015852997,4.681411743164063
gehring_L3_state,1. EMB up proto,AT4G27090,32,2.2462949752807617,0.001981015852997,4.679083347320557
gehring_L3_state,1. EMB up proto,AT3G62250,33,2.613584280014038,0.00202931590689,4.664735317230225
gehring_L3_state,1. EMB up proto,AT2G37270,34,2.96194076538086,0.00202931590689,4.662395477294922
gehring_L3_state,1. EMB up proto,AT5G39740,35,2.540395498275757,0.002035902364811,4.656087875366211
gehring_L3_state,1. EMB up proto,AT3G20470,36,2.508143901824951,0.0026155201342144,4.593636512756348
gehring_L3_state,1. EMB up proto,AT2G34480,37,2.316934108734131,0.0026155201342144,4.593245506286621
gehring_L3_state,1. EMB up proto,ATMG01390,38,2.600848197937012,0.0039679680918461,4.500154972076416
gehring_L3_state,1. EMB up proto,AT3G60245,39,2.0704402923583984,0.0045390985168706,4.461043357849121
gehring_L3_state,1. EMB up proto,AT1G13710,40,7.840335369110107,0.0060825791180901,4.39280366897583
gehring_L3_state,1. EMB up proto,AT5G02960,41,2.3066658973693848,0.0063967262685416,4.374464511871338
gehring_L3_state,1. EMB up proto,AT1G07930,42,2.602386713027954,0.0063967262685416,4.365694522857666
gehring_L3_state,1. EMB up proto,AT3G09200,43,2.4185757637023926,0.0063967262685416,4.362432479858398
gehring_L3_state,1. EMB up proto,AT5G20290,44,2.0678517818450928,0.007766851416069,4.315146446228027
gehring_L3_state,1. EMB up proto,AT1G23290,45,2.656857490539551,0.0099775419005715,4.254877090454102
gehring_L3_state,1. EMB up proto,AT1G69620,46,2.2375142574310303,0.0103319438004492,4.242530345916748
gehring_L3_state,1. EMB up proto,AT4G31700,47,2.4249391555786133,0.0107763446256281,4.226630210876465
gehring_L3_state,1. EMB up proto,AT5G11740,48,2.0256764888763428,0.0107763446256281,4.222160816192627
gehring_L3_state,1. EMB up proto,AT3G62870,49,2.483001947402954,0.0107763446256281,4.219954967498779
gehring_L3_state,1. EMB up proto,AT1G26630,50,2.117428541183472,0.0108474777008492,4.214254379272461
gehring_L3_state,1. EMB up proto I,AT3G24250,1,8.030978202819824,4.945320829606472e-30,12.231281280517578
gehring_L3_state,1. EMB up proto I,ATMG00020,2,2.013545274734497,2.970769343418186e-27,11.64127254486084
gehring_L3_state,1. EMB up proto I,AT1G04660,3,5.465633392333984,4.466533379109007e-23,10.753061294555664
gehring_L3_state,1. EMB up proto I,AT5G60390,4,2.7452549934387207,5.753670211665564e-20,10.04316520690918
gehring_L3_state,1. EMB up proto I,AT5G59320,5,3.708603382110596,6.245393648563452e-20,10.01303005218506
gehring_L3_state,1. EMB up proto I,AT1G56100,6,3.6543643474578857,6.288876568824595e-20,9.99429416656494
gehring_L3_state,1. EMB up proto I,AT5G02500,7,3.381631374359131,2.1137475423348932e-19,9.857993125915527
gehring_L3_state,1. EMB up proto I,AT3G04400,8,3.192680597305298,5.329865372181272e-18,9.514595985412598
gehring_L3_state,1. EMB up proto I,AT3G08770,9,3.3710625171661377,6.417867674294086e-18,9.482982635498049
gehring_L3_state,1. EMB up proto I,AT5G15200,10,2.79079270362854,1.384972103125965e-16,9.13537883758545
gehring_L3_state,1. EMB up proto I,AT1G02780,11,2.653936624526977,3.5999150418194753e-16,9.021923065185549
gehring_L3_state,1. EMB up proto I,AT5G38170,12,3.3530898094177246,3.159112861698609e-15,8.771883964538574
gehring_L3_state,1. EMB up proto I,AT3G52590,13,2.6883389949798584,1.5352468117086234e-14,8.583593368530273
gehring_L3_state,1. EMB up proto I,AT1G52300,14,2.866387128829956,1.356212042027411e-13,8.321259498596191
gehring_L3_state,1. EMB up proto I,AT3G62250,15,2.836393356323242,3.88349193280063e-13,8.187895774841309
gehring_L3_state,1. EMB up proto I,AT2G01250,16,2.5494155883789062,3.945767278668242e-13,8.17867660522461
gehring_L3_state,1. EMB up proto I,AT5G20290,17,2.465656042098999,4.216013864370385e-13,8.16379165649414
gehring_L3_state,1. EMB up proto I,AT4G15750,18,2.7873194217681885,6.049311633111824e-13,8.11352252960205
gehring_L3_state,1. EMB up proto I,AT3G20470,19,2.669206380844116,1.0245474140034418e-12,8.042999267578125
gehring_L3_state,1. EMB up proto I,AT2G38900,20,2.87705659866333,1.0708972374379053e-12,8.031551361083984
gehring_L3_state,1. EMB up proto I,AT3G60245,21,2.216907262802124,1.0708972374379053e-12,8.025887489318848
gehring_L3_state,1. EMB up proto I,AT3G22230,22,3.327242612838745,1.6590329225143058e-12,7.966486930847168
gehring_L3_state,1. EMB up proto I,AT2G27710,23,2.4782423973083496,5.020226190476116e-12,7.8230791091918945
gehring_L3_state,1. EMB up proto I,AT4G39200,24,2.651665449142456,1.3369043583287299e-11,7.693655014038086
gehring_L3_state,1. EMB up proto I,AT1G67430,25,2.397330045700073,2.2562265560375978e-11,7.6213836669921875
gehring_L3_state,1. EMB up proto I,AT1G23290,26,2.9946680068969727,2.4677513406308097e-11,7.604930400848389
gehring_L3_state,1. EMB up proto I,AT3G20210,27,2.575014591217041,3.113363129651688e-11,7.569752216339111
gehring_L3_state,1. EMB up proto I,AT1G56070,28,2.3836824893951416,3.113363129651688e-11,7.561126708984375
gehring_L3_state,1. EMB up proto I,AT4G12870,29,2.554210901260376,3.6080082544692425e-11,7.537650108337402
gehring_L3_state,1. EMB up proto I,AT2G42840,30,4.408368110656738,3.725631234442838e-11,7.5293192863464355
gehring_L3_state,1. EMB up proto I,AT2G47110,31,2.6738526821136475,3.9059351924855675e-11,7.51912260055542
gehring_L3_state,1. EMB up proto I,AT3G53430,32,2.9350156784057617,4.3633898258577535e-11,7.500453472137451
gehring_L3_state,1. EMB up proto I,AT3G06700,33,2.668703556060791,4.3633898258577535e-11,7.496915817260742
gehring_L3_state,1. EMB up proto I,AT2G34480,34,2.3504889011383057,5.0412852553810205e-11,7.47087287902832
gehring_L3_state,1. EMB up proto I,AT4G12960,35,3.0258705615997314,5.0412852553810205e-11,7.47064733505249
gehring_L3_state,1. EMB up proto I,AT2G27720,36,2.421711206436157,5.837387108449669e-11,7.447812557220459
gehring_L3_state,1. EMB up proto I,AT3G49010,37,2.450250625610352,1.0579693814521752e-10,7.365469455718994
gehring_L3_state,1. EMB up proto I,AT1G56580,38,3.4403316974639893,1.3349108185595755e-10,7.33099889755249
gehring_L3_state,1. EMB up proto I,AT3G09200,39,2.4069132804870605,1.8736028746613326e-10,7.282106876373291
gehring_L3_state,1. EMB up proto I,AT5G65360,40,3.416833877563477,2.793398713560011e-10,7.22477388381958
gehring_L3_state,1. EMB up proto I,AT1G18080,41,2.9513139724731445,2.9785104970934583e-10,7.212846279144287
gehring_L3_state,1. EMB up proto I,AT2G18020,42,2.308781385421753,3.3324815292913727e-10,7.194409370422363
gehring_L3_state,1. EMB up proto I,ATCG01130,43,2.07895565032959,3.4012965871974535e-10,7.188551425933838
gehring_L3_state,1. EMB up proto I,AT2G36160,44,3.119115829467773,3.6604106235974655e-10,7.173138618469238
gehring_L3_state,1. EMB up proto I,AT5G02960,45,2.397499322891236,4.6000313389514036e-10,7.135504722595215
gehring_L3_state,1. EMB up proto I,AT1G26630,46,2.1643283367156982,4.886206577043354e-10,7.124416828155518
gehring_L3_state,1. EMB up proto I,ATMG01390,47,2.5676839351654053,5.260642869776349e-10,7.109278202056885
gehring_L3_state,1. EMB up proto I,AT3G04920,48,2.5351109504699707,5.260642869776349e-10,7.108827114105225
gehring_L3_state,1. EMB up proto I,AT5G48480,49,3.008811712265014,5.789986991504781e-10,7.0929460525512695
gehring_L3_state,1. EMB up proto I,AT2G43460,50,2.98776912689209,6.167895281248625e-10,7.081604957580566
gehring_L3_state,1. EMB upp proto,AT1G04660,1,7.585740566253662,0.0,47.55095291137695
gehring_L3_state,1. EMB upp proto,AT4G25140,2,5.686079025268555,0.0,44.01277923583984
gehring_L3_state,1. EMB upp proto,AT5G44120,3,5.738344192504883,0.0,41.65352630615234
gehring_L3_state,1. EMB upp proto,AT4G27160,4,4.9821391105651855,1.5663293237012263e-302,37.41006851196289
gehring_L3_state,1. EMB upp proto,AT5G40420,5,4.869293689727783,5.80681214585572e-294,36.87321472167969
gehring_L3_state,1. EMB upp proto,AT2G42840,6,6.436598300933838,6.778951473350419e-278,35.851539611816406
gehring_L3_state,1. EMB upp proto,AT3G12203,7,5.614830017089844,1.683287789803449e-274,35.62867736816406
gehring_L3_state,1. EMB upp proto,AT2G18540,8,5.327976226806641,3.4804618559394118e-270,35.34512710571289
gehring_L3_state,1. EMB upp proto,AT4G26740,9,5.108643531799316,5.326270373751365e-265,35.00264358520508
gehring_L3_state,1. EMB upp proto,AT4G28520,10,5.3937811851501465,1.2470372654510224e-261,34.77743911743164
gehring_L3_state,1. EMB upp proto,AT3G27660,11,4.593642711639404,2.4605110883841816e-258,34.556007385253906
gehring_L3_state,1. EMB upp proto,AT3G21090,12,7.17706298828125,1.222777413232469e-252,34.172115325927734
gehring_L3_state,1. EMB upp proto,AT4G27150,13,4.541366100311279,2.208199758700121e-228,32.49565505981445
gehring_L3_state,1. EMB upp proto,AT5G51210,14,4.128614902496338,7.507050510598868e-226,32.313663482666016
gehring_L3_state,1. EMB upp proto,AT3G01570,15,4.162300109863281,2.31112149939983e-223,32.133888244628906
gehring_L3_state,1. EMB upp proto,AT4G36700,16,4.044541835784912,1.6098368711093708e-222,32.071475982666016
gehring_L3_state,1. EMB upp proto,AT1G47540,17,4.648097515106201,4.0089555057055795e-220,31.89724349975586
gehring_L3_state,1. EMB upp proto,AT2G38530,18,6.644535064697266,3.4928936308766193e-209,31.096450805664062
gehring_L3_state,1. EMB upp proto,AT2G28490,19,4.612382411956787,8.303097706493795e-187,29.389591217041016
gehring_L3_state,1. EMB upp proto,ATCG00020,20,2.3300671577453613,2.1890648961648048e-183,29.119050979614254
gehring_L3_state,1. EMB upp proto,AT5G50770,21,3.666567802429199,1.4677890617495319e-182,29.05217933654785
gehring_L3_state,1. EMB upp proto,AT5G49190,22,3.8958370685577393,8.731052665135714e-181,28.909900665283203
gehring_L3_state,1. EMB upp proto,AT1G29930,23,3.219967126846313,5.69717698762583e-178,28.68370056152344
gehring_L3_state,1. EMB upp proto,AT2G34700,24,3.811553478240967,7.034074176189243e-176,28.51413917541504
gehring_L3_state,1. EMB upp proto,AT1G65090,25,4.068465232849121,1.0331176654289503e-174,28.41853904724121
gehring_L3_state,1. EMB upp proto,AT5G57390,26,5.196482181549072,1.911727046980808e-162,27.404056549072266
gehring_L3_state,1. EMB upp proto,AT1G03880,27,4.681761741638184,2.660582391002715e-160,27.22239112854004
gehring_L3_state,1. EMB upp proto,AT5G07190,28,3.9494612216949454,3.4411095783037445e-148,26.1769962310791
gehring_L3_state,1. EMB upp proto,AT1G71691,29,5.227807998657227,4.522852753828872e-145,25.89935302734375
gehring_L3_state,1. EMB upp proto,AT4G15630,30,5.729414939880371,8.302873656384115e-140,25.42667961120605
gehring_L3_state,1. EMB upp proto,AT5G23940,31,3.709122896194458,6.256676013800763e-138,25.25530242919922
gehring_L3_state,1. EMB upp proto,AT1G48470,32,4.689947128295898,8.467832577032377e-138,25.242280960083008
gehring_L3_state,1. EMB upp proto,AT2G34870,33,5.942585468292236,9.005201882957073e-136,25.055980682373047
gehring_L3_state,1. EMB upp proto,AT5G17700,34,4.5214524269104,1.312589520085729e-135,25.039953231811523
gehring_L3_state,1. EMB upp proto,AT5G63530,35,2.7768287658691406,1.5098884737550218e-124,24.000045776367188
gehring_L3_state,1. EMB upp proto,AT1G26680,36,5.063061714172363,3.607220144684352e-120,23.576032638549805
gehring_L3_state,1. EMB upp proto,AT5G62850,37,4.667421817779541,5.7373889540450115e-120,23.555423736572266
gehring_L3_state,1. EMB upp proto,AT1G27950,38,3.638742208480835,7.014798848510649e-116,23.15222930908203
gehring_L3_state,1. EMB upp proto,AT2G34420,39,3.0317251682281494,2.1968276934436053e-115,23.102031707763672
gehring_L3_state,1. EMB upp proto,AT5G13790,40,3.169780969619751,1.2708909482107896e-110,22.62147521972656
gehring_L3_state,1. EMB upp proto,AT1G62290,41,3.750069379806519,1.4189603670816152e-109,22.51387596130371
gehring_L3_state,1. EMB upp proto,AT1G67090,42,2.292529344558716,3.220377932341343e-108,22.374162673950195
gehring_L3_state,1. EMB upp proto,AT1G22430,43,4.255679130554199,4.316364445595927e-102,21.73315048217773
gehring_L3_state,1. EMB upp proto,AT1G48130,44,3.921083927154541,2.703984172838061e-99,21.4345645904541
gehring_L3_state,1. EMB upp proto,AT5G57560,45,3.617358684539795,9.613059817581863e-99,21.374595642089844
gehring_L3_state,1. EMB upp proto,AT3G22640,46,3.7575740814208975,4.3971780158021775e-96,21.08423614501953
gehring_L3_state,1. EMB upp proto,AT5G62800,47,3.7371439933776855,7.898884526417507e-94,20.836339950561523
gehring_L3_state,1. EMB upp proto,AT3G29030,48,4.328498840332031,1.4838356214476886e-90,20.469839096069336
gehring_L3_state,1. EMB upp proto,AT3G05600,49,3.99023175239563,8.80434227823956e-90,20.382102966308597
gehring_L3_state,1. EMB upp proto,AT4G16160,50,4.094836711883545,9.267725574565134e-87,20.03707695007324
gehring_L3_state,10. CZE cyst photo,AT2G34315,1,8.146409034729004,0.0,69.58613586425781
gehring_L3_state,10. CZE cyst photo,AT1G36060,2,6.600096225738525,0.0,64.59181213378906
gehring_L3_state,10. CZE cyst photo,AT2G38870,3,6.460658073425293,0.0,60.68750762939453
gehring_L3_state,10. CZE cyst photo,AT5G49190,4,5.446034908294678,0.0,59.01628875732422
gehring_L3_state,10. CZE cyst photo,AT5G07190,5,6.147853374481201,0.0,58.52836227416992
gehring_L3_state,10. CZE cyst photo,AT4G25140,6,5.330995082855225,0.0,58.34514236450195
gehring_L3_state,10. CZE cyst photo,AT2G44470,7,4.25502872467041,0.0,57.85063934326172
gehring_L3_state,10. CZE cyst photo,AT5G44120,8,5.31289005279541,0.0,54.97459411621094
gehring_L3_state,10. CZE cyst photo,AT1G48130,9,6.127502918243408,0.0,53.49858474731445
gehring_L3_state,10. CZE cyst photo,AT5G59170,10,6.263404369354248,0.0,53.460636138916016
gehring_L3_state,10. CZE cyst photo,AT5G38160,11,4.383312225341797,0.0,52.70327758789063
gehring_L3_state,10. CZE cyst photo,AT3G27660,12,4.881149768829346,0.0,51.93119812011719
gehring_L3_state,10. CZE cyst photo,AT1G27040,13,6.7078962326049805,0.0,51.46676254272461
gehring_L3_state,10. CZE cyst photo,AT5G50770,14,4.425549507141113,0.0,51.413333892822266
gehring_L3_state,10. CZE cyst photo,AT4G18020,15,4.462384223937988,0.0,51.412254333496094
gehring_L3_state,10. CZE cyst photo,AT3G26790,16,4.518753528594971,0.0,51.22438430786133
gehring_L3_state,10. CZE cyst photo,AT4G36700,17,4.315028667449951,0.0,49.2758674621582
gehring_L3_state,10. CZE cyst photo,AT5G40420,18,4.476248741149902,0.0,48.55756378173828
gehring_L3_state,10. CZE cyst photo,AT3G01570,19,4.33913516998291,0.0,48.45090866088867
gehring_L3_state,10. CZE cyst photo,AT2G27380,20,5.493724346160889,0.0,48.41891098022461
gehring_L3_state,10. CZE cyst photo,AT4G27160,21,4.387923240661621,0.0,47.15171432495117
gehring_L3_state,10. CZE cyst photo,AT1G62710,22,4.84318733215332,0.0,47.094215393066406
gehring_L3_state,10. CZE cyst photo,AT2G37025,23,4.708085536956787,0.0,46.00677108764648
gehring_L3_state,10. CZE cyst photo,AT1G18100,24,4.60297155380249,0.0,45.90935516357422
gehring_L3_state,10. CZE cyst photo,AT4G27150,25,4.403110504150391,0.0,45.69328689575195
gehring_L3_state,10. CZE cyst photo,AT2G18540,26,4.880115032196045,0.0,45.199344635009766
gehring_L3_state,10. CZE cyst photo,AT1G47540,27,4.537293910980225,0.0,45.15457534790039
gehring_L3_state,10. CZE cyst photo,AT5G46880,28,4.960437774658203,0.0,43.25009536743164
gehring_L3_state,10. CZE cyst photo,AT3G16770,29,3.2338550090789795,0.0,42.87643051147461
gehring_L3_state,10. CZE cyst photo,AT5G09640,30,4.8161468505859375,0.0,42.12200546264648
gehring_L3_state,10. CZE cyst photo,AT1G62290,31,4.466440200805664,0.0,41.94529724121094
gehring_L3_state,10. CZE cyst photo,AT1G65090,32,4.009586811065674,0.0,40.72743988037109
gehring_L3_state,10. CZE cyst photo,AT4G39260,33,2.046066999435425,0.0,40.70786666870117
gehring_L3_state,10. CZE cyst photo,AT5G57260,34,5.439985752105713,0.0,40.30971908569336
gehring_L3_state,10. CZE cyst photo,AT4G25100,35,3.519951820373535,0.0,40.223880767822266
gehring_L3_state,10. CZE cyst photo,AT1G22430,36,5.029681205749512,0.0,40.1502571105957
gehring_L3_state,10. CZE cyst photo,AT1G67090,37,2.774477243423462,0.0,40.03382873535156
gehring_L3_state,10. CZE cyst photo,AT3G44460,38,3.84213137626648,0.0,39.697784423828125
gehring_L3_state,10. CZE cyst photo,AT5G07200,39,3.478413820266724,0.0,39.65040969848633
gehring_L3_state,10. CZE cyst photo,AT4G14780,40,3.698335647583008,0.0,39.62351989746094
gehring_L3_state,10. CZE cyst photo,AT4G10490,41,4.676885604858398,0.0,39.44245529174805
gehring_L3_state,10. CZE cyst photo,AT5G62850,42,5.119069576263428,0.0,38.973968505859375
gehring_L3_state,10. CZE cyst photo,AT3G01390,43,3.229587316513061,0.0,38.92464065551758
gehring_L3_state,10. CZE cyst photo,AT2G41070,44,3.614472150802612,0.0,38.69551467895508
gehring_L3_state,10. CZE cyst photo,AT1G04380,45,3.6809511184692383,0.0,38.38134002685547
gehring_L3_state,10. CZE cyst photo,ATCG00020,46,2.2734861373901367,0.0,38.21272277832031
gehring_L3_state,10. CZE cyst photo,AT1G11670,47,3.40578556060791,0.0,37.89775848388672
gehring_L3_state,10. CZE cyst photo,AT2G02100,48,3.000181198120117,8.452015178715353e-306,37.54336166381836
gehring_L3_state,10. CZE cyst photo,AT5G46110,49,3.5850167274475098,1.8744396855609698e-304,37.46025466918945
gehring_L3_state,10. CZE cyst photo,AT5G38170,50,3.191668748855591,2.1602464193566564e-300,37.20890426635742
gehring_L3_state,10. CZE nodule,AT1G19950,1,9.17016887664795,3.0147804863297736e-45,14.80855655670166
gehring_L3_state,10. CZE nodule,AT5G27330,2,7.314779281616211,1.1147595095486475e-44,14.673439979553224
gehring_L3_state,10. CZE nodule,AT3G03260,3,9.415143013000488,4.6955891887668714e-43,14.38945770263672
gehring_L3_state,10. CZE nodule,AT1G42980,4,9.01621437072754,5.564110663351012e-43,14.357787132263184
gehring_L3_state,10. CZE nodule,AT5G20710,5,8.582466125488281,5.8668345343589915e-43,14.338635444641112
gehring_L3_state,10. CZE nodule,AT5G10230,6,7.50553560256958,2.1982190341661733e-42,14.23392105102539
gehring_L3_state,10. CZE nodule,AT5G25950,7,9.29224681854248,2.7074477541951067e-42,14.2085542678833
gehring_L3_state,10. CZE nodule,AT5G22980,8,8.417142868041992,4.345310141546886e-42,14.16600513458252
gehring_L3_state,10. CZE nodule,AT3G59790,9,9.20375919342041,3.5887223739961563e-41,14.00855827331543
gehring_L3_state,10. CZE nodule,AT2G27700,10,8.470139503479004,1.2116822133183064e-40,13.914336204528809
gehring_L3_state,10. CZE nodule,AT5G10220,11,6.45473051071167,2.4152170494354868e-40,13.858087539672852
gehring_L3_state,10. CZE nodule,AT3G21810,12,5.91904354095459,2.6313993126677436e-40,13.845681190490724
gehring_L3_state,10. CZE nodule,AT2G23990,13,9.046001434326172,4.564136498609908e-40,13.800285339355469
gehring_L3_state,10. CZE nodule,AT2G27120,14,6.227837085723877,1.6875133654970105e-37,13.361810684204102
gehring_L3_state,10. CZE nodule,AT5G65890,15,7.18151330947876,1.7952617646047746e-37,13.352066040039062
gehring_L3_state,10. CZE nodule,AT5G48945,16,8.13980484008789,1.8111317856152852e-37,13.346602439880373
gehring_L3_state,10. CZE nodule,AT4G14780,17,5.25299882888794,3.231712746925804e-37,13.298853874206545
gehring_L3_state,10. CZE nodule,AT1G02980,18,7.483718395233154,6.028534093679639e-37,13.2478609085083
gehring_L3_state,10. CZE nodule,AT1G76720,19,5.938155651092529,1.896786682486792e-36,13.157459259033203
gehring_L3_state,10. CZE nodule,AT2G20290,20,5.8587846755981445,1.4589339558100285e-35,12.998458862304688
gehring_L3_state,10. CZE nodule,AT3G18550,21,8.659385681152344,1.7047928381211204e-35,12.979666709899902
gehring_L3_state,10. CZE nodule,AT1G49190,22,8.730682373046875,1.7047928381211204e-35,12.979243278503418
gehring_L3_state,10. CZE nodule,AT2G16586,23,3.935631036758423,1.8442093360003444e-35,12.96981430053711
gehring_L3_state,10. CZE nodule,AT5G65020,24,5.52229118347168,3.3759820869327963e-35,12.917170524597168
gehring_L3_state,10. CZE nodule,AT1G76820,25,4.788634777069092,3.3759820869327963e-35,12.916970252990724
gehring_L3_state,10. CZE nodule,AT5G46877,26,7.999504566192627,3.9264261166305593e-35,12.902318954467772
gehring_L3_state,10. CZE nodule,AT1G55550,27,7.15425443649292,9.995538046291612e-35,12.827199935913086
gehring_L3_state,10. CZE nodule,AT4G30160,28,4.614583015441895,3.989518717241675e-34,12.71665096282959
gehring_L3_state,10. CZE nodule,AT5G09490,29,8.52938175201416,1.945450604702745e-33,12.58944320678711
gehring_L3_state,10. CZE nodule,AT5G66150,30,6.82553243637085,2.39249136246342e-33,12.57042407989502
gehring_L3_state,10. CZE nodule,AT1G72770,31,4.502580165863037,1.7122775680676175e-32,12.411245346069336
gehring_L3_state,10. CZE nodule,AT2G23970,32,6.439000129699707,5.46840095479238e-32,12.312893867492676
gehring_L3_state,10. CZE nodule,AT5G57740,33,5.679651737213135,1.1749956093130014e-31,12.248602867126465
gehring_L3_state,10. CZE nodule,AT5G46820,34,9.799938201904297,1.4394925380799554e-31,12.229769706726074
gehring_L3_state,10. CZE nodule,AT2G04750,35,8.241175651550293,3.270036757405159e-30,11.971087455749512
gehring_L3_state,10. CZE nodule,AT2G32370,36,5.376340389251709,2.2467335425592198e-29,11.80782413482666
gehring_L3_state,10. CZE nodule,AT3G60700,37,8.01081371307373,5.559258319057821e-29,11.729133605957031
gehring_L3_state,10. CZE nodule,AT4G36590,38,7.431859016418457,8.037266162904122e-29,11.695683479309082
gehring_L3_state,10. CZE nodule,AT3G47990,39,4.051135063171387,1.667333535603811e-28,11.631414413452148
gehring_L3_state,10. CZE nodule,AT2G42490,40,5.000070095062256,2.9955375471224474e-28,11.579183578491213
gehring_L3_state,10. CZE nodule,AT4G31900,41,5.933043479919434,3.149307669849688e-28,11.572823524475098
gehring_L3_state,10. CZE nodule,AT1G17960,42,6.942310333251953,1.904854145252785e-27,11.415366172790527
gehring_L3_state,10. CZE nodule,AT4G04580,43,8.911691665649414,2.058737395296726e-27,11.406609535217283
gehring_L3_state,10. CZE nodule,AT2G31780,44,7.701623916625977,4.05906595993954e-27,11.34542465209961
gehring_L3_state,10. CZE nodule,AT2G01021,45,4.678077697753906,1.6302205534225138e-26,11.221216201782228
gehring_L3_state,10. CZE nodule,AT1G22120,46,7.492472648620605,5.639447492189889e-26,11.109020233154297
gehring_L3_state,10. CZE nodule,AT5G47140,47,5.049415111541748,6.420049317928659e-26,11.09555435180664
gehring_L3_state,10. CZE nodule,AT5G56150,48,4.69221305847168,9.343735211332924e-26,11.060100555419922
gehring_L3_state,10. CZE nodule,AT2G15740,49,8.263246536254883,2.002706353934984e-25,10.9896879196167
gehring_L3_state,10. CZE nodule,AT3G15960,50,8.458938598632812,2.6334056191068708e-25,10.963157653808594
gehring_L3_state,10. PEN,AT5G51105,1,6.3876261711120605,0.0,51.42546844482422
gehring_L3_state,10. PEN,AT5G09370,2,6.053802490234375,0.0,50.1938362121582
gehring_L3_state,10. PEN,AT1G31250,3,6.585539817810059,0.0,49.90704727172852
gehring_L3_state,10. PEN,AT2G30810,4,5.502391815185547,0.0,48.70186614990234
gehring_L3_state,10. PEN,AT3G05460,5,6.146881103515625,0.0,44.57948684692383
gehring_L3_state,10. PEN,AT1G58055,6,5.372547149658203,0.0,42.35630035400391
gehring_L3_state,10. PEN,AT2G37540,7,6.957626819610596,0.0,42.31930541992188
gehring_L3_state,10. PEN,AT5G63087,8,5.084864139556885,0.0,41.63027572631836
gehring_L3_state,10. PEN,AT1G12670,9,5.520936965942383,0.0,40.81827545166016
gehring_L3_state,10. PEN,AT4G35725,10,5.538136959075928,0.0,40.59379196166992
gehring_L3_state,10. PEN,AT1G20020,11,4.420681953430176,0.0,39.18961334228516
gehring_L3_state,10. PEN,AT1G14455,12,5.645598411560059,0.0,39.14983749389648
gehring_L3_state,10. PEN,AT5G44973,13,4.933672428131104,0.0,38.88310241699219
gehring_L3_state,10. PEN,AT5G55132,14,4.689042091369629,0.0,38.220306396484375
gehring_L3_state,10. PEN,AT1G01320,15,3.946714401245117,0.0,38.10456085205078
gehring_L3_state,10. PEN,AT1G13605,16,5.065070629119873,8.910498035573409e-305,37.51098251342773
gehring_L3_state,10. PEN,AT3G06355,17,1.5358952283859253,1.0134175866743434e-304,37.50593948364258
gehring_L3_state,10. PEN,AT1G77525,18,4.329875946044922,2.2026253175038293e-304,37.48372650146485
gehring_L3_state,10. PEN,AT5G42223,19,6.116385459899902,8.086646990785884e-299,37.139102935791016
gehring_L3_state,10. PEN,AT2G24693,20,5.377277374267578,5.447409100698123e-290,36.58666229248047
gehring_L3_state,10. PEN,AT4G28080,21,3.727591991424561,7.530639474413013e-284,36.19708633422852
gehring_L3_state,10. PEN,AT5G11530,22,3.547046661376953,1.2640012731525136e-280,35.9902229309082
gehring_L3_state,10. PEN,AT4G25530,23,5.197696208953857,7.688864503733868e-256,34.36806869506836
gehring_L3_state,10. PEN,AT1G11070,24,3.761897563934326,6.307633037409628e-252,34.10380935668945
gehring_L3_state,10. PEN,AT4G14140,25,4.180661201477051,2.0490423097503944e-247,33.79688262939453
gehring_L3_state,10. PEN,AT2G43660,26,5.593943119049072,1.6196104261391092e-244,33.597877502441406
gehring_L3_state,10. PEN,AT3G19350,27,6.606070041656494,7.4079112140848325e-233,32.788612365722656
gehring_L3_state,10. PEN,AT1G67090,28,2.838486433029175,5.17006435232396e-229,32.51669692993164
gehring_L3_state,10. PEN,AT5G54270,29,3.4078049659729004,2.100422338515979e-228,32.47251892089844
gehring_L3_state,10. PEN,AT3G55630,30,6.933262825012207,1.4718097818463735e-222,32.054683685302734
gehring_L3_state,10. PEN,AT1G73550,31,5.797645568847656,6.273231055100868e-220,31.8643856048584
gehring_L3_state,10. PEN,AT2G39730,32,4.497561931610107,3.7611177331822227e-215,31.51658058166504
gehring_L3_state,10. PEN,AT3G24510,33,4.50901985168457,4.0102859012401e-214,31.44049453735352
gehring_L3_state,10. PEN,AT4G26190,34,2.633298635482788,6.41979679371865e-206,30.832508087158203
gehring_L3_state,10. PEN,AT4G08990,35,4.18577766418457,4.891880416520795e-204,30.69087219238281
gehring_L3_state,10. PEN,AT2G04034,36,5.209284782409668,4.751952207996436e-198,30.2379150390625
gehring_L3_state,10. PEN,AT4G32110,37,5.520684242248535,5.663501510253576e-197,30.15505790710449
gehring_L3_state,10. PEN,AT1G29010,38,7.847567558288574,2.902483330862068e-196,30.100017547607425
gehring_L3_state,10. PEN,AT2G04925,39,4.892171382904053,7.976067526431038e-193,29.83522605895996
gehring_L3_state,10. PEN,AT4G29060,40,3.4528183937072754,5.0642892452124204e-186,29.304458618164062
gehring_L3_state,10. PEN,AT1G76820,41,3.3149209022521973,9.559800315579939e-184,29.124481201171875
gehring_L3_state,10. PEN,AT5G24316,42,5.041999816894531,1.584400932281134e-183,29.10636138916016
gehring_L3_state,10. PEN,AT5G52330,43,3.426723003387451,1.921955938339497e-183,29.098960876464844
gehring_L3_state,10. PEN,AT2G18880,44,5.957087516784668,8.997017954615208e-183,29.045175552368164
gehring_L3_state,10. PEN,AT1G64720,45,3.141728401184082,2.648666161704524e-182,29.007280349731445
gehring_L3_state,10. PEN,AT4G38700,46,5.226981163024902,2.7357871330983614e-180,28.846424102783203
gehring_L3_state,10. PEN,AT5G26742,47,3.421290397644043,8.338594259964348e-180,28.80709457397461
gehring_L3_state,10. PEN,AT5G09730,48,3.821648359298706,8.89318805254245e-180,28.804161071777344
gehring_L3_state,10. PEN,AT1G19720,49,3.2420804500579834,2.843970940825899e-179,28.76313591003418
gehring_L3_state,10. PEN,AT3G63140,50,5.557396411895752,3.9789431550328655e-179,28.75079727172852
gehring_L3_state,11. CZE cyst disacc,AT2G38870,1,6.322085380554199,2.3347774335913127e-43,14.513240814208984
gehring_L3_state,11. CZE cyst disacc,AT1G27040,2,7.078095436096191,1.7921762519309428e-42,14.324718475341797
gehring_L3_state,11. CZE cyst disacc,AT1G36060,3,5.709388732910156,1.6831373421959495e-33,12.77856159210205
gehring_L3_state,11. CZE cyst disacc,AT3G49300,4,7.148931503295898,3.1683970067361647e-31,12.341376304626465
gehring_L3_state,11. CZE cyst disacc,AT2G34315,5,5.558665752410889,2.428155233109189e-27,11.580172538757324
gehring_L3_state,11. CZE cyst disacc,AT4G18020,6,4.1524152755737305,2.7462788569987438e-27,11.553959846496582
gehring_L3_state,11. CZE cyst disacc,AT3G26790,7,4.260352611541748,6.771777590188117e-27,11.462821006774902
gehring_L3_state,11. CZE cyst disacc,AT5G46880,8,5.298386096954346,7.312154438734659e-27,11.44459629058838
gehring_L3_state,11. CZE cyst disacc,AT1G22710,9,5.769918441772461,6.810084070145839e-23,10.611949920654297
gehring_L3_state,11. CZE cyst disacc,AT5G07210,10,6.967859745025635,7.002984300107751e-22,10.381945610046388
gehring_L3_state,11. CZE cyst disacc,AT5G16230,11,5.474875450134277,1.0207852116594072e-21,10.328439712524414
gehring_L3_state,11. CZE cyst disacc,AT1G68735,12,9.75632095336914,3.5468752119164285e-21,10.200493812561035
gehring_L3_state,11. CZE cyst disacc,AT1G76290,13,7.94550085067749,7.29400365441502e-21,10.12298583984375
gehring_L3_state,11. CZE cyst disacc,AT4G00730,14,3.4968268871307373,2.347770302568178e-20,10.001132011413574
gehring_L3_state,11. CZE cyst disacc,AT2G27380,15,4.648394584655762,2.875577432861678e-20,9.974627494812012
gehring_L3_state,11. CZE cyst disacc,AT5G62850,16,4.878355979919434,4.634105316572231e-20,9.921093940734863
gehring_L3_state,11. CZE cyst disacc,AT3G44460,17,3.944917917251587,1.5217309472321026e-19,9.795953750610352
gehring_L3_state,11. CZE cyst disacc,AT1G56170,18,3.28422474861145,1.5924775623658574e-19,9.785892486572266
gehring_L3_state,11. CZE cyst disacc,AT3G03240,19,5.103832244873047,2.441369848857564e-19,9.737367630004885
gehring_L3_state,11. CZE cyst disacc,AT3G09390,20,3.6309797763824463,2.7443540779824204e-19,9.720501899719238
gehring_L3_state,11. CZE cyst disacc,AT1G09500,21,4.606026649475098,4.615423725431248e-19,9.662665367126465
gehring_L3_state,11. CZE cyst disacc,AT5G38170,22,3.621412992477417,4.676726276491868e-19,9.65675926208496
gehring_L3_state,11. CZE cyst disacc,AT5G07260,23,4.118043899536133,7.499896921216948e-19,9.603857040405272
gehring_L3_state,11. CZE cyst disacc,AT2G41070,24,3.646193265914917,7.921192841794751e-19,9.59401512145996
gehring_L3_state,11. CZE cyst disacc,AT5G59170,25,4.765805721282959,1.9369870759396854e-18,9.497272491455078
gehring_L3_state,11. CZE cyst disacc,AT5G38160,26,3.4721150398254395,4.577900326180563e-18,9.403294563293455
gehring_L3_state,11. CZE cyst disacc,AT5G63530,27,3.168522834777832,1.7697219138869918e-17,9.25611972808838
gehring_L3_state,11. CZE cyst disacc,AT5G18310,28,4.027067184448242,5.929637109940015e-17,9.118593215942385
gehring_L3_state,11. CZE cyst disacc,AT5G07200,29,3.357463121414185,7.412852588351163e-17,9.09079933166504
gehring_L3_state,11. CZE cyst disacc,AT5G50770,30,3.216650009155273,1.2683929082136694e-15,8.77320671081543
gehring_L3_state,11. CZE cyst disacc,AT5G28000,31,5.111865997314453,4.871531429784573e-15,8.616922378540039
gehring_L3_state,11. CZE cyst disacc,AT5G13790,32,3.37996244430542,5.29797951260472e-15,8.603880882263184
gehring_L3_state,11. CZE cyst disacc,AT2G34420,33,3.037518262863159,8.994955527638593e-15,8.53959846496582
gehring_L3_state,11. CZE cyst disacc,AT1G74650,34,6.945542812347412,1.4095762051970802e-14,8.482198715209961
gehring_L3_state,11. CZE cyst disacc,AT1G29930,35,2.6909515857696533,1.4095762051970802e-14,8.481071472167969
gehring_L3_state,11. CZE cyst disacc,AT4G38470,36,3.462166309356689,1.7496554985421718e-14,8.452779769897461
gehring_L3_state,11. CZE cyst disacc,AT5G48180,37,2.888962984085083,2.2992988939244707e-14,8.417793273925781
gehring_L3_state,11. CZE cyst disacc,AT1G62710,38,3.585041284561157,3.325201044184984e-14,8.371469497680664
gehring_L3_state,11. CZE cyst disacc,AT5G56150,39,3.7242989540100098,7.86820715904872e-14,8.266443252563477
gehring_L3_state,11. CZE cyst disacc,AT3G09910,40,3.4298079013824463,8.734502867174004e-14,8.251096725463867
gehring_L3_state,11. CZE cyst disacc,AT3G01390,41,2.836419582366944,9.644765653263835e-14,8.236427307128906
gehring_L3_state,11. CZE cyst disacc,AT3G23167,42,6.025351047515869,1.2077219483503468e-13,8.20670223236084
gehring_L3_state,11. CZE cyst disacc,AT1G26680,43,4.709445953369141,1.2538588424477858e-13,8.196854591369629
gehring_L3_state,11. CZE cyst disacc,AT5G63700,44,3.0376691818237305,1.717575065650304e-13,8.15307331085205
gehring_L3_state,11. CZE cyst disacc,AT1G65090,45,3.303255796432495,1.717575065650304e-13,8.151289939880371
gehring_L3_state,11. CZE cyst disacc,AT1G67090,46,2.429224967956543,2.452687702729819e-13,8.105645179748535
gehring_L3_state,11. CZE cyst disacc,AT4G28365,47,3.0779826641082764,3.066279460422665e-13,8.076041221618652
gehring_L3_state,11. CZE cyst disacc,AT5G16970,48,4.127455234527588,3.67119364450001e-13,8.049337387084961
gehring_L3_state,11. CZE cyst disacc,AT2G37025,49,3.369354009628296,5.060734081784885e-13,8.00539779663086
gehring_L3_state,11. CZE cyst disacc,AT3G27660,50,3.326779842376709,5.667089030249808e-13,7.988393306732178
gehring_L3_state,11. MCE,AT3G08900,1,7.453758239746094,1.2189173182280014e-186,29.479877471923828
gehring_L3_state,11. MCE,AT5G44480,2,6.856539249420166,1.2327153915237011e-181,29.0629825592041
gehring_L3_state,11. MCE,AT5G57920,3,6.155829429626465,4.3136192879508144e-178,28.7670955657959
gehring_L3_state,11. MCE,AT2G47650,4,5.35309648513794,2.3154316014305107e-176,28.61843490600586
gehring_L3_state,11. MCE,AT2G02100,5,4.44169282913208,7.430834137059764e-171,28.164560317993164
gehring_L3_state,11. MCE,AT1G32540,6,5.744626998901367,1.3296555165522766e-169,28.055599212646484
gehring_L3_state,11. MCE,AT1G12080,7,5.194880962371826,2.6313218463067972e-164,27.61248207092285
gehring_L3_state,11. MCE,AT1G53390,8,6.587985038757324,1.8615314576236369e-155,26.860431671142575
gehring_L3_state,11. MCE,AT1G09380,9,5.03931188583374,1.1424035541331776e-154,26.788503646850582
gehring_L3_state,11. MCE,AT1G55810,10,4.116089820861816,1.1881832113097975e-154,26.783111572265625
gehring_L3_state,11. MCE,AT5G03820,11,5.402472019195557,2.787051643744613e-152,26.57526016235352
gehring_L3_state,11. MCE,AT1G62340,12,6.43388557434082,5.698183367878143e-148,26.196338653564453
gehring_L3_state,11. MCE,AT1G56170,13,3.9808270931243896,8.24748794982115e-147,26.091211318969727
gehring_L3_state,11. MCE,AT4G14140,14,5.169853687286377,1.1470801346108044e-140,25.541236877441406
gehring_L3_state,11. MCE,AT4G23010,15,4.6642022132873535,5.426177653723956e-138,25.296592712402344
gehring_L3_state,11. MCE,AT3G18080,16,4.845777988433838,7.202311619829575e-135,25.008588790893555
gehring_L3_state,11. MCE,AT1G48930,17,5.231532573699951,3.2383267264643665e-130,24.57470321655273
gehring_L3_state,11. MCE,AT5G28640,18,4.773112773895264,8.995874779789837e-130,24.530834197998047
gehring_L3_state,11. MCE,AT1G71250,19,5.115506649017334,1.5436261867335564e-125,24.12853240966797
gehring_L3_state,11. MCE,AT3G11180,20,4.687430381774902,1.0442465901477895e-124,24.047178268432617
gehring_L3_state,11. MCE,AT1G16960,21,6.4668731689453125,6.604484787200604e-119,23.484071731567383
gehring_L3_state,11. MCE,AT4G19645,22,4.336902618408203,6.005557402024204e-115,23.09137535095215
gehring_L3_state,11. MCE,AT5G27600,23,4.857794761657715,2.916074621074419e-113,22.920995712280277
gehring_L3_state,11. MCE,AT4G04460,24,4.518618106842041,4.656632737483383e-112,22.79816627502441
gehring_L3_state,11. MCE,AT3G16770,25,3.3689095973968506,3.276922230443145e-111,22.71078872680664
gehring_L3_state,11. MCE,AT4G02830,26,5.158492088317871,7.511520180093842e-110,22.57098960876465
gehring_L3_state,11. MCE,AT3G45010,27,4.318480014801025,2.531693182933495e-107,22.31046485900879
gehring_L3_state,11. MCE,AT3G62830,28,3.5322976112365723,5.2940168366743286e-107,22.27581214904785
gehring_L3_state,11. MCE,AT1G04380,29,3.9882900714874263,1.1424079196788102e-105,22.13618469238281
gehring_L3_state,11. MCE,AT1G03470,30,4.847496509552002,1.5906276094582152e-105,22.119728088378903
gehring_L3_state,11. MCE,AT2G35880,31,3.777253866195679,1.4844949440138802e-103,21.912628173828125
gehring_L3_state,11. MCE,AT1G49770,32,4.832097053527832,2.3806196358235252e-98,21.358381271362305
gehring_L3_state,11. MCE,AT4G30110,33,2.856316566467285,8.213328542152597e-98,21.29900550842285
gehring_L3_state,11. MCE,AT4G35560,34,4.421949863433838,6.387236271044267e-97,21.201292037963867
gehring_L3_state,11. MCE,AT3G58760,35,3.986521244049072,8.2676713531471e-97,21.187780380249023
gehring_L3_state,11. MCE,AT5G08170,36,4.613451480865479,9.232759194934161e-95,20.96319961547852
gehring_L3_state,11. MCE,AT3G43690,37,3.3027801513671875,5.875765906538296e-94,20.87362289428711
gehring_L3_state,11. MCE,AT3G45610,38,7.102503776550293,2.614485218063128e-93,20.80086898803711
gehring_L3_state,11. MCE,AT5G01370,39,5.307420253753662,1.2403498844061128e-91,20.613664627075195
gehring_L3_state,11. MCE,AT5G07200,40,3.4842453002929688,9.055000822592026e-89,20.290828704833984
gehring_L3_state,11. MCE,AT2G43680,41,2.967891931533813,2.434836004762412e-88,20.240922927856445
gehring_L3_state,11. MCE,AT5G13170,42,4.40079927444458,1.3933197684390617e-87,20.1535758972168
gehring_L3_state,11. MCE,AT4G37050,43,3.5203702449798584,1.7526006440342638e-85,19.911664962768555
gehring_L3_state,11. MCE,AT3G26744,44,3.051783561706543,4.903193453977654e-85,19.858905792236328
gehring_L3_state,11. MCE,AT2G22660,45,2.925734758377075,5.592919391289966e-85,19.85116577148437
gehring_L3_state,11. MCE,AT1G34260,46,3.426983118057251,7.300362192909885e-85,19.836668014526367
gehring_L3_state,11. MCE,AT3G01460,47,3.30158805847168,1.304522465409682e-84,19.806373596191406
gehring_L3_state,11. MCE,AT1G55970,48,4.183054924011231,1.1216093837192604e-83,19.695613861083984
gehring_L3_state,11. MCE,AT1G01900,49,4.77732515335083,1.652389330753547e-83,19.674959182739254
gehring_L3_state,11. MCE,AT1G78760,50,3.82463002204895,2.652287799580417e-83,19.64995002746582
gehring_L3_state,11. PEN g2/m-phase,AT4G23800,1,6.8104753494262695,5.702715717499167e-96,21.264129638671875
gehring_L3_state,11. PEN g2/m-phase,AT4G11080,2,7.047134399414063,3.3750108220422484e-93,20.9294548034668
gehring_L3_state,11. PEN g2/m-phase,AT1G33660,3,6.007622718811035,1.2515637749221581e-90,20.62592315673828
gehring_L3_state,11. PEN g2/m-phase,AT4G33270,4,6.076176166534424,3.393475921356104e-90,20.56210708618164
gehring_L3_state,11. PEN g2/m-phase,AT5G51105,5,5.943482398986816,3.393475921356104e-90,20.552839279174805
gehring_L3_state,11. PEN g2/m-phase,AT5G09370,6,5.755642890930176,2.621934501685657e-89,20.444456100463867
gehring_L3_state,11. PEN g2/m-phase,AT5G60930,7,5.7931647300720215,7.346439993195634e-84,19.81522750854492
gehring_L3_state,11. PEN g2/m-phase,AT3G23890,8,5.233461380004883,1.228433410325627e-83,19.78260040283203
gehring_L3_state,11. PEN g2/m-phase,AT4G05190,9,6.351732730865479,1.592503921427265e-81,19.529767990112305
gehring_L3_state,11. PEN g2/m-phase,AT1G31250,10,5.784995079040527,2.514729084474729e-81,19.501033782958984
gehring_L3_state,11. PEN g2/m-phase,AT2G37540,11,6.57276725769043,1.1282649053216726e-80,19.419212341308597
gehring_L3_state,11. PEN g2/m-phase,AT1G20020,12,4.880568027496338,4.439988258893217e-80,19.34423828125
gehring_L3_state,11. PEN g2/m-phase,AT2G30810,13,5.012173175811768,7.192851819455958e-80,19.315216064453125
gehring_L3_state,11. PEN g2/m-phase,AT4G38062,14,6.810257434844971,3.5228998347032065e-79,19.229162216186523
gehring_L3_state,11. PEN g2/m-phase,AT5G55520,15,6.445748805999756,8.841252660305739e-78,19.05767822265625
gehring_L3_state,11. PEN g2/m-phase,AT1G11070,16,4.760213375091553,3.0295325364907864e-76,18.868427276611328
gehring_L3_state,11. PEN g2/m-phase,AT1G01320,17,4.392349243164063,2.64781767693441e-74,18.627422332763672
gehring_L3_state,11. PEN g2/m-phase,AT1G76780,18,5.406745910644531,4.049970720053252e-74,18.60159683227539
gehring_L3_state,11. PEN g2/m-phase,AT1G33615,19,5.273292064666748,2.279040346102452e-73,18.505844116210938
gehring_L3_state,11. PEN g2/m-phase,AT3G05460,20,5.584954738616943,2.8566846097939926e-73,18.490901947021484
gehring_L3_state,11. PEN g2/m-phase,AT3G44050,21,5.495603084564209,5.090759259382049e-73,18.45708465576172
gehring_L3_state,11. PEN g2/m-phase,AT1G72250,22,5.415965557098389,1.895697277131827e-72,18.383399963378903
gehring_L3_state,11. PEN g2/m-phase,AT3G55630,23,6.905370235443115,1.704068766371885e-71,18.2614803314209
gehring_L3_state,11. PEN g2/m-phase,AT1G59540,24,6.13229513168335,1.1945393346899067e-68,17.897809982299805
gehring_L3_state,11. PEN g2/m-phase,AT5G63087,25,4.81866455078125,1.839441233828061e-68,17.871469497680664
gehring_L3_state,11. PEN g2/m-phase,AT4G28080,26,4.119564533233643,1.6585291451142617e-65,17.485591888427734
gehring_L3_state,11. PEN g2/m-phase,AT4G33260,27,4.042949199676514,2.833345040514796e-65,17.452882766723633
gehring_L3_state,11. PEN g2/m-phase,AT3G27330,28,4.882519245147705,2.391564671442844e-64,17.32854461669922
gehring_L3_state,11. PEN g2/m-phase,AT1G12670,29,5.025564193725586,6.182432510539142e-64,17.271804809570312
gehring_L3_state,11. PEN g2/m-phase,AT1G58055,30,4.808965682983398,2.723589278250982e-63,17.184059143066406
gehring_L3_state,11. PEN g2/m-phase,AT5G13840,31,5.813358783721924,3.3824341748363063e-62,17.03540802001953
gehring_L3_state,11. PEN g2/m-phase,AT4G35725,32,4.9953155517578125,6.4074681356677824e-62,16.996131896972656
gehring_L3_state,11. PEN g2/m-phase,AT4G21270,33,5.522501468658447,6.497651762488709e-62,16.993507385253906
gehring_L3_state,11. PEN g2/m-phase,AT2G22610,34,5.653282165527344,1.5362545993008725e-61,16.941213607788086
gehring_L3_state,11. PEN g2/m-phase,AT5G55132,35,4.618600845336914,1.6120619514335024e-61,16.936674118041992
gehring_L3_state,11. PEN g2/m-phase,AT5G06150,36,5.677459239959717,9.975818474258751e-61,16.827423095703125
gehring_L3_state,11. PEN g2/m-phase,AT5G44973,37,4.761232376098633,1.9822670875391911e-60,16.785083770751953
gehring_L3_state,11. PEN g2/m-phase,AT3G54500,38,3.6296067237854,2.7407150362947374e-60,16.764253616333008
gehring_L3_state,11. PEN g2/m-phase,AT5G11530,39,3.7757532596588135,5.453188651990438e-60,16.721763610839844
gehring_L3_state,11. PEN g2/m-phase,AT3G03130,40,5.661400318145752,7.578354978964643e-59,16.562679290771484
gehring_L3_state,11. PEN g2/m-phase,AT1G13605,41,4.808168411254883,3.4491102710907965e-58,16.469770431518555
gehring_L3_state,11. PEN g2/m-phase,AT4G25530,42,4.977663040161133,5.635837568260133e-57,16.298425674438477
gehring_L3_state,11. PEN g2/m-phase,AT3G28153,43,5.554049015045166,1.2070550356570208e-56,16.2503604888916
gehring_L3_state,11. PEN g2/m-phase,AT4G14140,44,4.581162929534912,1.8246109053948476e-56,16.22359848022461
gehring_L3_state,11. PEN g2/m-phase,AT5G17160,45,4.877402305603027,3.381295609556852e-56,16.184289932250977
gehring_L3_state,11. PEN g2/m-phase,AT3G28155,46,5.8428144454956055,4.1547118268381245e-56,16.170251846313477
gehring_L3_state,11. PEN g2/m-phase,AT3G06355,47,1.6189143657684326,6.785217798245245e-56,16.138675689697266
gehring_L3_state,11. PEN g2/m-phase,AT1G68890,48,4.1018805503845215,1.2737940691622918e-54,15.955255508422852
gehring_L3_state,11. PEN g2/m-phase,AT1G03445,49,5.6695990562438965,1.2737940691622918e-54,15.954044342041016
gehring_L3_state,11. PEN g2/m-phase,AT1G43670,50,4.073528289794922,1.314736076820997e-54,15.950806617736816
gehring_L3_state,12. FUN hil,AT3G04280,1,5.368410587310791,3.178870541015141e-151,26.57390022277832
gehring_L3_state,12. FUN hil,AT3G60160,2,5.249168872833252,4.396976947035351e-140,25.56476783752441
gehring_L3_state,12. FUN hil,AT1G71050,3,8.976827621459961,7.040043772215293e-115,23.170494079589844
gehring_L3_state,12. FUN hil,AT5G43700,4,6.728590488433838,8.892239387325933e-101,21.713735580444336
gehring_L3_state,12. FUN hil,AT3G48230,5,4.818519115447998,1.4663376591992049e-91,20.70477867126465
gehring_L3_state,12. FUN hil,AT4G40010,6,4.888870716094971,4.002773798126607e-85,19.9688720703125
gehring_L3_state,12. FUN hil,AT1G04580,7,3.910258054733277,4.1643228983588947e-82,19.610937118530277
gehring_L3_state,12. FUN hil,AT5G47370,8,5.112530708312988,1.7439796461457822e-76,18.93413352966309
gehring_L3_state,12. FUN hil,AT5G65670,9,2.546529054641724,5.228167957783357e-74,18.625049591064453
gehring_L3_state,12. FUN hil,AT4G37050,10,3.7157607078552246,3.3328279616439567e-69,18.01727867126465
gehring_L3_state,12. FUN hil,AT5G02380,11,3.87741494178772,4.097139556276417e-63,17.21853256225586
gehring_L3_state,12. FUN hil,AT5G59320,12,3.3645284175872803,4.840853203041548e-62,17.069923400878906
gehring_L3_state,12. FUN hil,AT1G68800,13,7.119953155517578,6.744645984863131e-57,16.359020233154297
gehring_L3_state,12. FUN hil,AT1G03170,14,7.32898473739624,7.22588114636863e-51,15.485777854919434
gehring_L3_state,12. FUN hil,AT2G16990,15,3.351479768753052,6.8195879547558226e-49,15.186029434204102
gehring_L3_state,12. FUN hil,AT5G59310,16,4.688231468200684,7.810376275419489e-48,15.021038055419922
gehring_L3_state,12. FUN hil,AT5G53460,17,2.295311212539673,3.1456141660564363e-46,14.769979476928713
gehring_L3_state,12. FUN hil,ATMG00020,18,1.1767736673355105,9.343066124805772e-46,14.692554473876951
gehring_L3_state,12. FUN hil,AT5G25220,19,2.5555434226989746,7.013144785733034e-41,13.907538414001465
gehring_L3_state,12. FUN hil,AT3G04300,20,5.136928558349609,8.623567354885614e-41,13.88906955718994
gehring_L3_state,12. FUN hil,AT4G18010,21,6.197263240814209,2.8291617650181233e-38,13.464162826538086
gehring_L3_state,12. FUN hil,AT2G46590,22,5.198068618774414,1.834675355110061e-36,13.148893356323242
gehring_L3_state,12. FUN hil,AT4G20320,23,3.28641676902771,6.739344056481111e-35,12.87010097503662
gehring_L3_state,12. FUN hil,AT4G02940,24,3.129340171813965,8.509525309841143e-34,12.669404983520508
gehring_L3_state,12. FUN hil,AT4G17670,25,2.8217220306396484,2.1705960173757e-33,12.592514038085938
gehring_L3_state,12. FUN hil,AT1G16960,26,4.847926139831543,2.6279973603555002e-33,12.574315071105955
gehring_L3_state,12. FUN hil,AT5G47060,27,2.0483508110046387,3.0077466029171665e-33,12.560657501220703
gehring_L3_state,12. FUN hil,AT1G68710,28,3.045442819595337,3.868023150113921e-33,12.537857055664062
gehring_L3_state,12. FUN hil,AT3G59010,29,3.309309959411621,1.347378789901362e-30,12.05674934387207
gehring_L3_state,12. FUN hil,AT3G21420,30,4.387111186981201,2.2649558841953822e-30,12.011260986328123
gehring_L3_state,12. FUN hil,AT5G09440,31,6.145572662353516,3.397374399097783e-30,11.975135803222656
gehring_L3_state,12. FUN hil,AT1G03010,32,8.463314056396484,1.2447459385163912e-29,11.864462852478027
gehring_L3_state,12. FUN hil,AT5G02230,33,4.082657814025879,3.958337088091421e-29,11.764792442321776
gehring_L3_state,12. FUN hil,AT3G08770,34,1.969423532485962,1.2064653049686794e-28,11.667963981628418
gehring_L3_state,12. FUN hil,AT1G80050,35,4.339332580566406,2.8068267590516244e-27,11.394709587097168
gehring_L3_state,12. FUN hil,AT4G31610,36,5.073616027832031,1.5295931040371746e-26,11.243721961975098
gehring_L3_state,12. FUN hil,AT4G09960,37,1.7761777639389038,3.320939227270151e-26,11.1727933883667
gehring_L3_state,12. FUN hil,AT5G06839,38,6.787569999694824,9.591699388328536e-25,10.86778163909912
gehring_L3_state,12. FUN hil,AT4G30270,39,3.587698459625244,1.5278248725587983e-24,10.822955131530762
gehring_L3_state,12. FUN hil,AT1G02610,40,3.6642916202545166,2.010034340655719e-24,10.79557991027832
gehring_L3_state,12. FUN hil,AT2G33480,41,2.334110736846924,2.846934137863298e-24,10.761390686035156
gehring_L3_state,12. FUN hil,AT2G39830,42,4.639762878417969,6.630125728863266e-24,10.681082725524902
gehring_L3_state,12. FUN hil,AT4G36930,43,3.3085737228393555,7.232028036460879e-24,10.670926094055176
gehring_L3_state,12. FUN hil,AT5G49520,44,6.788886547088623,1.514152676935557e-23,10.599998474121094
gehring_L3_state,12. FUN hil,AT2G18960,45,1.7582813501358032,1.9641640956264017e-23,10.573619842529297
gehring_L3_state,12. FUN hil,AT4G36990,46,3.613549709320069,7.217049743592676e-23,10.446961402893066
gehring_L3_state,12. FUN hil,AT4G34000,47,2.05622935295105,3.1282193839202147e-22,10.304964065551758
gehring_L3_state,12. FUN hil,AT2G41230,48,3.0945374965667725,3.550485768984125e-22,10.290875434875488
gehring_L3_state,12. FUN hil,AT1G78240,49,2.118018627166748,5.591821780179961e-22,10.245174407958984
gehring_L3_state,12. FUN hil,AT3G15353,50,4.238753318786621,1.3343348833204001e-21,10.1588716506958
gehring_L3_state,12. MCE_ESR shea promo,AT3G08900,1,10.038357734680176,0.0,46.568843841552734
gehring_L3_state,12. MCE_ESR shea promo,AT3G45130,2,9.700520515441896,0.0,46.02597427368164
gehring_L3_state,12. MCE_ESR shea promo,AT4G37050,3,7.202375888824463,0.0,45.57758712768555
gehring_L3_state,12. MCE_ESR shea promo,AT3G49050,4,7.527230262756348,0.0,45.44294738769531
gehring_L3_state,12. MCE_ESR shea promo,AT3G18080,5,7.486217975616455,0.0,45.245635986328125
gehring_L3_state,12. MCE_ESR shea promo,AT4G04460,6,8.153966903686523,0.0,45.17941284179688
gehring_L3_state,12. MCE_ESR shea promo,AT2G16990,7,7.46523904800415,0.0,44.89192962646485
gehring_L3_state,12. MCE_ESR shea promo,AT2G19110,8,7.182187080383301,0.0,44.60063934326172
gehring_L3_state,12. MCE_ESR shea promo,AT2G47650,9,7.683273315429687,0.0,44.510379791259766
gehring_L3_state,12. MCE_ESR shea promo,AT1G09380,10,7.926321029663086,0.0,44.43856048583984
gehring_L3_state,12. MCE_ESR shea promo,AT1G23560,11,8.410171508789062,0.0,44.43184280395508
gehring_L3_state,12. MCE_ESR shea promo,AT5G50260,12,7.54319429397583,0.0,43.97118377685547
gehring_L3_state,12. MCE_ESR shea promo,AT3G48740,13,8.514065742492676,0.0,43.9282341003418
gehring_L3_state,12. MCE_ESR shea promo,AT3G58740,14,8.332045555114746,0.0,43.2192497253418
gehring_L3_state,12. MCE_ESR shea promo,AT1G67850,15,7.895198822021484,0.0,42.37603759765625
gehring_L3_state,12. MCE_ESR shea promo,AT1G33055,16,6.55349588394165,0.0,41.28561019897461
gehring_L3_state,12. MCE_ESR shea promo,AT1G62340,17,8.214310646057129,0.0,41.20102691650391
gehring_L3_state,12. MCE_ESR shea promo,AT3G52970,18,7.921788692474365,0.0,40.65283966064453
gehring_L3_state,12. MCE_ESR shea promo,AT1G33050,19,5.912643909454346,0.0,40.54529571533203
gehring_L3_state,12. MCE_ESR shea promo,AT1G10880,20,10.612135887145996,0.0,40.519344329833984
gehring_L3_state,12. MCE_ESR shea promo,AT5G27600,21,6.676913261413574,0.0,39.59632873535156
gehring_L3_state,12. MCE_ESR shea promo,AT3G26790,22,5.5547356605529785,0.0,39.43150329589844
gehring_L3_state,12. MCE_ESR shea promo,AT1G71120,23,7.707906246185303,0.0,39.31543731689453
gehring_L3_state,12. MCE_ESR shea promo,AT5G55410,24,6.6440205574035645,0.0,39.02058792114258
gehring_L3_state,12. MCE_ESR shea promo,AT4G23010,25,5.883111476898193,0.0,38.501556396484375
gehring_L3_state,12. MCE_ESR shea promo,AT1G23520,26,8.720568656921387,0.0,38.4996223449707
gehring_L3_state,12. MCE_ESR shea promo,AT1G01900,27,7.324118614196777,0.0,38.16168594360352
gehring_L3_state,12. MCE_ESR shea promo,AT1G75120,28,6.8718695640563965,2.2816822367637405e-297,37.037723541259766
gehring_L3_state,12. MCE_ESR shea promo,AT2G14690,29,9.667491912841797,4.69458948053632e-295,36.89281463623047
gehring_L3_state,12. MCE_ESR shea promo,AT3G62860,30,6.313082218170166,9.90029379819701e-294,36.80925369262695
gehring_L3_state,12. MCE_ESR shea promo,AT1G01140,31,5.710964679718018,3.605969279941561e-293,36.773284912109375
gehring_L3_state,12. MCE_ESR shea promo,AT1G23510,32,8.14793586730957,7.484812569992659e-293,36.75259780883789
gehring_L3_state,12. MCE_ESR shea promo,AT1G28700,33,8.940434455871582,1.1553521281453952e-291,36.67729949951172
gehring_L3_state,12. MCE_ESR shea promo,AT1G48930,34,6.7061381340026855,3.346501925226679e-287,36.39552307128906
gehring_L3_state,12. MCE_ESR shea promo,AT5G07200,35,5.139876365661621,1.2477868805702534e-286,36.35859680175781
gehring_L3_state,12. MCE_ESR shea promo,AT1G11190,36,7.681169033050537,2.2658896827219804e-285,36.278079986572266
gehring_L3_state,12. MCE_ESR shea promo,AT4G35750,37,4.2434797286987305,6.50607914309075e-278,35.801204681396484
gehring_L3_state,12. MCE_ESR shea promo,AT5G57920,38,6.6558942794799805,1.4264108071211709e-276,35.71419906616211
gehring_L3_state,12. MCE_ESR shea promo,AT1G71250,39,6.233609676361084,7.818001690917228e-276,35.66585922241211
gehring_L3_state,12. MCE_ESR shea promo,AT1G55970,40,5.630298614501953,3.753267212325628e-275,35.62118911743164
gehring_L3_state,12. MCE_ESR shea promo,AT5G07290,41,5.530219554901123,5.262710573384295e-274,35.546363830566406
gehring_L3_state,12. MCE_ESR shea promo,AT2G41040,42,6.722063064575195,1.45266681147339e-271,35.387351989746094
gehring_L3_state,12. MCE_ESR shea promo,AT2G02100,43,4.471686840057373,4.356466436061817e-264,34.89719009399414
gehring_L3_state,12. MCE_ESR shea promo,AT3G11930,44,6.449711322784424,1.2690265838506403e-260,34.66739654541016
gehring_L3_state,12. MCE_ESR shea promo,AT2G34510,45,7.741104125976562,4.1538227943950514e-258,34.49945068359375
gehring_L3_state,12. MCE_ESR shea promo,AT3G43690,46,4.712478160858154,7.203096194894384e-254,34.214969635009766
gehring_L3_state,12. MCE_ESR shea promo,AT5G13170,47,5.972782135009766,1.4644645498292528e-245,33.65107345581055
gehring_L3_state,12. MCE_ESR shea promo,AT1G56170,48,4.326898097991943,1.6633140831416996e-242,33.4409294128418
gehring_L3_state,12. MCE_ESR shea promo,AT2G45830,49,8.627601623535156,6.674139875104386e-234,32.8431282043457
gehring_L3_state,12. MCE_ESR shea promo,AT5G28640,50,5.323711395263672,4.9867224806866556e-231,32.640045166015625
gehring_L3_state,12. PEN gen I,AT3G51740,1,7.716153144836426,0.0,60.29252624511719
gehring_L3_state,12. PEN gen I,AT4G28365,2,5.335459232330322,0.0,56.63802337646485
gehring_L3_state,12. PEN gen I,AT4G31840,3,6.043623924255371,0.0,52.617767333984375
gehring_L3_state,12. PEN gen I,AT1G63100,4,7.10228443145752,0.0,52.41215896606445
gehring_L3_state,12. PEN gen I,AT1G30690,5,5.242628574371338,0.0,51.59954452514648
gehring_L3_state,12. PEN gen I,AT3G54320,6,4.318570137023926,0.0,49.70255661010742
gehring_L3_state,12. PEN gen I,AT4G33330,7,5.3846354484558105,0.0,49.40187072753906
gehring_L3_state,12. PEN gen I,AT1G11070,8,4.735641479492188,0.0,48.94667434692383
gehring_L3_state,12. PEN gen I,AT4G35730,9,5.408479690551758,0.0,48.5974006652832
gehring_L3_state,12. PEN gen I,AT2G22660,10,3.748408317565918,0.0,48.42817306518555
gehring_L3_state,12. PEN gen I,AT5G50090,11,5.031677722930908,0.0,48.3315315246582
gehring_L3_state,12. PEN gen I,AT1G04425,12,6.7259721755981445,0.0,48.31184387207031
gehring_L3_state,12. PEN gen I,AT3G14205,13,4.142358779907227,0.0,47.46943283081055
gehring_L3_state,12. PEN gen I,AT2G32440,14,5.1924028396606445,0.0,47.42781448364258
gehring_L3_state,12. PEN gen I,AT4G32490,15,4.312219619750977,0.0,46.57474136352539
gehring_L3_state,12. PEN gen I,AT2G35880,16,4.35371208190918,0.0,46.243927001953125
gehring_L3_state,12. PEN gen I,AT4G33270,17,5.140006065368652,0.0,46.14833450317383
gehring_L3_state,12. PEN gen I,AT5G50740,18,5.705997467041016,0.0,44.80266571044922
gehring_L3_state,12. PEN gen I,AT1G78520,19,4.868984222412109,0.0,44.58819580078125
gehring_L3_state,12. PEN gen I,AT1G55810,20,3.728036403656006,0.0,44.55376815795898
gehring_L3_state,12. PEN gen I,AT1G08560,21,5.272599220275879,0.0,44.46792984008789
gehring_L3_state,12. PEN gen I,AT2G16586,22,2.9610400199890137,0.0,43.42766952514648
gehring_L3_state,12. PEN gen I,AT2G02100,23,3.683825731277466,0.0,43.14391326904297
gehring_L3_state,12. PEN gen I,AT1G78760,24,4.306791305541992,0.0,43.140743255615234
gehring_L3_state,12. PEN gen I,AT1G03470,25,5.207523345947266,0.0,42.88663482666016
gehring_L3_state,12. PEN gen I,AT2G25060,26,5.295405864715576,0.0,42.44809341430664
gehring_L3_state,12. PEN gen I,AT2G32370,27,5.510078430175781,0.0,42.42354202270508
gehring_L3_state,12. PEN gen I,AT2G42110,28,5.969997882843018,0.0,40.52100372314453
gehring_L3_state,12. PEN gen I,AT5G07260,29,4.087469100952148,0.0,40.18041229248047
gehring_L3_state,12. PEN gen I,AT1G04380,30,3.969915628433228,0.0,39.95407104492188
gehring_L3_state,12. PEN gen I,AT3G06355,31,1.1552056074142456,0.0,39.28377532958984
gehring_L3_state,12. PEN gen I,AT4G14140,32,4.1926751136779785,0.0,38.37623596191406
gehring_L3_state,12. PEN gen I,AT1G34260,33,3.712113380432129,0.0,38.362152099609375
gehring_L3_state,12. PEN gen I,AT1G19450,34,3.519761800765991,0.0,38.3116455078125
gehring_L3_state,12. PEN gen I,AT1G12080,35,4.033899307250977,0.0,38.28824615478516
gehring_L3_state,12. PEN gen I,AT1G34250,36,5.470639228820801,0.0,37.71634292602539
gehring_L3_state,12. PEN gen I,AT3G52110,37,4.099567413330078,2.3657184370793455e-298,37.0915412902832
gehring_L3_state,12. PEN gen I,AT5G17800,38,4.430755615234375,2.1859750705949786e-289,36.53042984008789
gehring_L3_state,12. PEN gen I,AT4G02830,39,4.934258937835693,2.8025894042483072e-283,36.14297866821289
gehring_L3_state,12. PEN gen I,AT3G25980,40,4.866127967834473,2.7449056479340343e-278,35.82316589355469
gehring_L3_state,12. PEN gen I,AT5G63700,41,3.1801342964172363,9.782267746197344e-275,35.593631744384766
gehring_L3_state,12. PEN gen I,AT1G32540,42,4.292945384979248,6.580001781018923e-273,35.47462463378906
gehring_L3_state,12. PEN gen I,AT1G71690,43,2.7624218463897705,7.497079412110319e-270,35.27517318725586
gehring_L3_state,12. PEN gen I,AT1G15290,44,3.007401466369629,5.819038415415568e-268,35.15105056762695
gehring_L3_state,12. PEN gen I,AT4G21430,45,3.1202588081359863,6.1359252305241225e-267,35.08340072631836
gehring_L3_state,12. PEN gen I,AT4G02020,46,2.8586041927337646,2.281198706766931e-262,34.78178024291992
gehring_L3_state,12. PEN gen I,AT2G20825,47,4.382414817810059,1.3837635407889096e-255,34.3295783996582
gehring_L3_state,12. PEN gen I,AT1G56170,48,2.711458206176758,3.4613675833110553e-239,33.21186828613281
gehring_L3_state,12. PEN gen I,AT1G77580,49,3.309793472290039,5.860680872000561e-237,33.056522369384766
gehring_L3_state,12. PEN gen I,AT4G25070,50,4.237838268280029,1.5928609838277278e-231,32.67555236816406
gehring_L3_state,13. FUN epid,AT2G22990,1,5.886268138885498,1.621439408852486e-50,15.603075981140137
gehring_L3_state,13. FUN epid,AT1G29930,2,3.209476947784424,2.3478286250774502e-47,15.081562042236328
gehring_L3_state,13. FUN epid,AT5G59310,3,5.146230220794678,2.3478286250774502e-47,15.058993339538574
gehring_L3_state,13. FUN epid,AT2G34420,4,3.455336093902588,3.1408257619009e-46,14.867284774780272
gehring_L3_state,13. FUN epid,AT5G59320,5,3.478311061859131,3.94825099338923e-46,14.836992263793944
gehring_L3_state,13. FUN epid,AT3G20470,6,2.9302191734313965,6.4871412394196025e-43,14.318991661071776
gehring_L3_state,13. FUN epid,AT1G72150,7,3.720212936401367,6.367064110309364e-42,14.14853858947754
gehring_L3_state,13. FUN epid,AT2G32690,8,4.064703941345215,4.089352010634093e-36,13.15799617767334
gehring_L3_state,13. FUN epid,AT1G67090,9,2.666922807693481,4.089352010634093e-36,13.155871391296388
gehring_L3_state,13. FUN epid,AT2G21140,10,10.31351089477539,8.893416693815961e-35,12.912941932678224
gehring_L3_state,13. FUN epid,ATMG00020,11,1.4616347551345823,2.0166122584372524e-34,12.84238624572754
gehring_L3_state,13. FUN epid,AT5G38410,12,5.464823246002197,1.4855087582521052e-33,12.680068969726562
gehring_L3_state,13. FUN epid,AT3G04730,13,3.980748414993286,7.173785617274832e-32,12.366044998168944
gehring_L3_state,13. FUN epid,AT5G22920,14,4.688763618469238,1.1677577258196763e-31,12.320860862731934
gehring_L3_state,13. FUN epid,AT5G25280,15,2.8009352684021,4.187249446922274e-28,11.636534690856934
gehring_L3_state,13. FUN epid,ATCG00490,16,2.592254877090454,7.00366859431631e-28,11.584875106811523
gehring_L3_state,13. FUN epid,AT3G17390,17,2.3096470832824707,7.00366859431631e-28,11.581844329833984
gehring_L3_state,13. FUN epid,AT3G23450,18,2.6299076080322266,7.580050125312672e-28,11.570160865783691
gehring_L3_state,13. FUN epid,AT3G05880,19,3.9219658374786377,6.3329196383620295e-27,11.381878852844238
gehring_L3_state,13. FUN epid,AT3G47470,20,2.707472324371338,4.0308587830483677e-26,11.214816093444824
gehring_L3_state,13. FUN epid,AT5G54270,21,2.8635826110839844,1.9218731394779424e-25,11.071407318115234
gehring_L3_state,13. FUN epid,AT4G22570,22,3.503798007965088,2.005642747602021e-25,11.063413619995115
gehring_L3_state,13. FUN epid,AT2G14890,23,2.470454216003418,2.915645296414325e-24,10.81360912322998
gehring_L3_state,13. FUN epid,AT1G75900,24,2.971998929977417,2.915645296414325e-24,10.81267547607422
gehring_L3_state,13. FUN epid,ATMG01390,25,2.452353954315185,2.915645296414325e-24,10.80906105041504
gehring_L3_state,13. FUN epid,AT1G12090,26,2.563189744949341,1.4279759556237293e-23,10.658677101135254
gehring_L3_state,13. FUN epid,AT4G38400,27,6.468896389007568,1.5349373912059927e-22,10.43190097808838
gehring_L3_state,13. FUN epid,AT3G23050,28,8.729955673217773,8.608523477660684e-22,10.263298988342283
gehring_L3_state,13. FUN epid,AT2G30810,29,2.483893871307373,1.165596549057778e-21,10.23060417175293
gehring_L3_state,13. FUN epid,AT1G79040,30,2.459693193435669,2.0928182076926335e-21,10.170470237731934
gehring_L3_state,13. FUN epid,AT3G43720,31,2.6647489070892334,2.90052597518366e-21,10.135428428649902
gehring_L3_state,13. FUN epid,AT4G16860,32,5.017110824584961,5.5533722783161936e-21,10.068632125854492
gehring_L3_state,13. FUN epid,AT5G24770,33,7.253825664520264,1.7965996971182603e-20,9.949423789978027
gehring_L3_state,13. FUN epid,AT5G25610,34,2.776928186416626,2.4197678474367063e-20,9.91676425933838
gehring_L3_state,13. FUN epid,AT2G41430,35,1.8605070114135744,3.884833362978103e-20,9.866477966308594
gehring_L3_state,13. FUN epid,ATCG00670,36,2.0070953369140625,5.170476393351366e-20,9.834916114807127
gehring_L3_state,13. FUN epid,AT5G24780,37,6.047595500946045,6.477207460945566e-19,9.574318885803224
gehring_L3_state,13. FUN epid,AT5G57800,38,5.778902530670166,9.611260887146921e-19,9.529653549194336
gehring_L3_state,13. FUN epid,AT3G54890,39,2.7479264736175537,9.611260887146921e-19,9.527984619140623
gehring_L3_state,13. FUN epid,AT1G65960,40,5.8262457847595215,1.6002564541083553e-18,9.469808578491213
gehring_L3_state,13. FUN epid,AT4G10340,41,2.4602389335632324,1.6002564541083553e-18,9.469681739807127
gehring_L3_state,13. FUN epid,AT1G13930,42,4.922350883483887,1.811308728021785e-18,9.45421028137207
gehring_L3_state,13. FUN epid,AT5G57560,43,3.0557069778442383,2.8444609086181424e-18,9.404399871826172
gehring_L3_state,13. FUN epid,ATCG00470,44,2.2103495597839355,3.41290641007171e-18,9.38279628753662
gehring_L3_state,13. FUN epid,AT1G20620,45,3.733895063400269,6.63381134498424e-18,9.310097694396973
gehring_L3_state,13. FUN epid,AT4G35100,46,3.539834976196289,8.925744867514111e-18,9.276183128356934
gehring_L3_state,13. FUN epid,AT1G29920,47,2.799954414367676,9.122376318153414e-18,9.271567344665527
gehring_L3_state,13. FUN epid,AT1G41830,48,5.981359004974365,9.56479648263081e-18,9.26426887512207
gehring_L3_state,13. FUN epid,AT4G31800,49,3.9012291431427,1.8265482435158246e-17,9.192754745483398
gehring_L3_state,13. FUN epid,AT5G66570,50,2.048517227172852,2.39435722985987e-17,9.161420822143556
gehring_L3_state,13. MCE_ESR high pcd,AT4G04460,1,8.680488586425781,0.0,44.30337905883789
gehring_L3_state,13. MCE_ESR high pcd,AT2G25940,2,8.798568725585938,0.0,43.31397247314453
gehring_L3_state,13. MCE_ESR high pcd,AT1G11190,3,9.922927856445312,0.0,43.23631286621094
gehring_L3_state,13. MCE_ESR high pcd,AT5G50260,4,7.983501434326172,0.0,43.15081787109375
gehring_L3_state,13. MCE_ESR high pcd,AT3G58740,5,8.881021499633789,0.0,42.7345085144043
gehring_L3_state,13. MCE_ESR high pcd,AT1G23560,6,8.318743705749512,0.0,42.71236801147461
gehring_L3_state,13. MCE_ESR high pcd,AT1G23620,7,11.257762908935549,0.0,41.58116149902344
gehring_L3_state,13. MCE_ESR high pcd,AT4G37050,8,6.601391315460205,0.0,41.30599212646485
gehring_L3_state,13. MCE_ESR high pcd,AT1G09380,9,7.767250061035156,0.0,41.0738639831543
gehring_L3_state,13. MCE_ESR high pcd,AT3G48740,10,8.086566925048828,0.0,41.01742172241211
gehring_L3_state,13. MCE_ESR high pcd,AT3G26790,11,6.140796184539795,0.0,40.32901763916016
gehring_L3_state,13. MCE_ESR high pcd,AT1G23520,12,9.159513473510742,0.0,39.90412521362305
gehring_L3_state,13. MCE_ESR high pcd,AT1G71120,13,8.068056106567383,0.0,38.85670852661133
gehring_L3_state,13. MCE_ESR high pcd,AT3G11930,14,7.654518127441406,0.0,38.638031005859375
gehring_L3_state,13. MCE_ESR high pcd,AT1G33050,15,5.840249538421631,0.0,37.900856018066406
gehring_L3_state,13. MCE_ESR high pcd,AT2G23410,16,7.334116458892822,3.1030913766145574e-294,36.857025146484375
gehring_L3_state,13. MCE_ESR high pcd,AT3G45010,17,6.613600730895996,5.9678259665035946e-291,36.64988327026367
gehring_L3_state,13. MCE_ESR high pcd,AT1G33055,18,6.2495646476745605,1.7557312833932524e-290,36.61897277832031
gehring_L3_state,13. MCE_ESR high pcd,AT4G22920,19,6.55942440032959,2.208675237223061e-286,36.35905838012695
gehring_L3_state,13. MCE_ESR high pcd,AT5G51490,20,7.18952751159668,7.754138394868862e-285,36.2597885131836
gehring_L3_state,13. MCE_ESR high pcd,AT1G01900,21,7.255642890930176,1.3578424451160748e-284,36.24306488037109
gehring_L3_state,13. MCE_ESR high pcd,AT3G45130,22,7.668059349060059,1.0904483478274958e-282,36.12071228027344
gehring_L3_state,13. MCE_ESR high pcd,AT2G16990,23,5.807474613189697,3.2149086481924794e-275,35.64054870605469
gehring_L3_state,13. MCE_ESR high pcd,AT1G23570,24,9.82174301147461,1.1480968089240036e-268,35.213836669921875
gehring_L3_state,13. MCE_ESR high pcd,AT2G23400,25,8.43552017211914,1.0587946055979055e-265,35.01847457885742
gehring_L3_state,13. MCE_ESR high pcd,AT2G23790,26,4.112935543060303,7.0204228306114265e-258,34.49968338012695
gehring_L3_state,13. MCE_ESR high pcd,AT1G26820,27,9.63876724243164,3.0486164640903846e-256,34.38924026489258
gehring_L3_state,13. MCE_ESR high pcd,AT4G36648,28,2.427998781204224,1.7824424067155846e-255,34.33687210083008
gehring_L3_state,13. MCE_ESR high pcd,AT2G19110,29,5.458218097686768,5.870352609107152e-253,34.166778564453125
gehring_L3_state,13. MCE_ESR high pcd,AT4G08290,30,8.346952438354492,1.545243589492981e-244,33.59404373168945
gehring_L3_state,13. MCE_ESR high pcd,AT1G23590,31,8.293211936950684,1.6683483263130034e-239,33.24662399291992
gehring_L3_state,13. MCE_ESR high pcd,AT1G23510,32,7.525434970855713,3.745615669280978e-230,32.59220886230469
gehring_L3_state,13. MCE_ESR high pcd,AT3G52970,33,6.6753034591674805,1.443512032275909e-226,32.33720016479492
gehring_L3_state,13. MCE_ESR high pcd,AT2G40670,34,7.495552539825439,4.6308223146493645e-225,32.228973388671875
gehring_L3_state,13. MCE_ESR high pcd,AT5G03820,35,6.003318786621094,1.432916642808377e-221,31.97798156738281
gehring_L3_state,13. MCE_ESR high pcd,AT1G62310,36,3.5462806224823,7.59571533259624e-215,31.489686965942383
gehring_L3_state,13. MCE_ESR high pcd,AT5G55410,37,5.644052982330322,6.962520928588594e-212,31.271705627441406
gehring_L3_state,13. MCE_ESR high pcd,AT5G04040,38,6.08301305770874,3.493698953750063e-205,30.774057388305664
gehring_L3_state,13. MCE_ESR high pcd,AT1G55810,39,4.065488815307617,1.5452606502189945e-196,30.118471145629883
gehring_L3_state,13. MCE_ESR high pcd,AT3G26100,40,3.5314180850982666,3.0327091776162185e-195,30.018796920776367
gehring_L3_state,13. MCE_ESR high pcd,AT1G01070,41,8.174394607543945,2.818175130054604e-190,29.63492584228516
gehring_L3_state,13. MCE_ESR high pcd,AT2G32240,42,4.204135894775391,1.7449559174296004e-186,29.338403701782227
gehring_L3_state,13. MCE_ESR high pcd,AT4G35750,43,3.62794041633606,2.949823767034699e-185,29.24122810363769
gehring_L3_state,13. MCE_ESR high pcd,AT5G47060,44,3.4153404235839844,4.145994167902343e-183,29.07106590270996
gehring_L3_state,13. MCE_ESR high pcd,AT1G73370,45,7.527783393859863,4.391041928516728e-182,28.98914337158203
gehring_L3_state,13. MCE_ESR high pcd,AT4G03510,46,5.62277364730835,8.212649597193472e-181,28.887346267700195
gehring_L3_state,13. MCE_ESR high pcd,AT5G13170,47,5.491578578948975,4.9116184704560494e-177,28.584381103515625
gehring_L3_state,13. MCE_ESR high pcd,AT3G62860,48,5.239371299743652,2.363688204339751e-171,28.12279319763184
gehring_L3_state,13. MCE_ESR high pcd,AT4G32440,49,4.844972610473633,1.984199311858186e-170,28.04644203186035
gehring_L3_state,13. MCE_ESR high pcd,AT4G39090,50,3.4140915870666504,2.994517774725827e-166,27.701005935668945
gehring_L3_state,13. PEN g2/m-phase,AT3G23890,1,6.572548866271973,0.0,42.48057556152344
gehring_L3_state,13. PEN g2/m-phase,AT4G23800,2,7.181694030761719,0.0,42.431915283203125
gehring_L3_state,13. PEN g2/m-phase,AT1G72250,3,6.814983367919922,0.0,40.72235107421875
gehring_L3_state,13. PEN g2/m-phase,AT4G11080,4,7.634530544281006,0.0,40.198543548583984
gehring_L3_state,13. PEN g2/m-phase,AT3G44050,5,6.970489501953125,0.0,40.17502975463867
gehring_L3_state,13. PEN g2/m-phase,AT5G60930,6,6.489686489105225,0.0,39.47014617919922
gehring_L3_state,13. PEN g2/m-phase,AT3G44765,7,7.893796443939209,0.0,38.10268783569336
gehring_L3_state,13. PEN g2/m-phase,AT3G19050,8,6.40253496170044,0.0,38.06267929077149
gehring_L3_state,13. PEN g2/m-phase,AT3G44770,9,7.2398552894592285,8.558854585041362e-292,36.72166061401367
gehring_L3_state,13. PEN g2/m-phase,AT2G28620,10,6.060134410858154,1.818443705628625e-289,36.57266998291016
gehring_L3_state,13. PEN g2/m-phase,AT4G05190,11,6.672515869140625,3.001615335757589e-277,35.79312896728516
gehring_L3_state,13. PEN g2/m-phase,AT3G20150,12,6.998886585235596,4.8854771541837835e-275,35.648250579833984
gehring_L3_state,13. PEN g2/m-phase,AT1G34460,13,4.066045761108398,3.6467515769284375e-271,35.3951416015625
gehring_L3_state,13. PEN g2/m-phase,AT4G02830,14,5.779978752136231,4.4250654755288375e-264,34.92951583862305
gehring_L3_state,13. PEN g2/m-phase,AT4G28365,15,4.47655200958252,5.422033862901869e-263,34.85578536987305
gehring_L3_state,13. PEN g2/m-phase,AT5G17160,16,6.068243503570557,7.312163261428143e-256,34.38007736206055
gehring_L3_state,13. PEN g2/m-phase,AT3G44769,17,7.554341793060303,9.046020011241912e-251,34.035823822021484
gehring_L3_state,13. PEN g2/m-phase,AT5G55520,18,7.414095878601074,8.388034325336802e-249,33.900909423828125
gehring_L3_state,13. PEN g2/m-phase,AT1G33660,19,5.656961917877197,2.1790670041441145e-246,33.735050201416016
gehring_L3_state,13. PEN g2/m-phase,AT3G14205,20,3.838090658187866,3.791145680533332e-245,33.64882278442383
gehring_L3_state,13. PEN g2/m-phase,AT3G46616,21,6.791858673095703,6.2875981216902065e-245,33.63235092163086
gehring_L3_state,13. PEN g2/m-phase,AT1G33615,22,5.505435466766357,2.695363526881862e-243,33.519134521484375
gehring_L3_state,13. PEN g2/m-phase,AT4G31840,23,5.013994693756104,6.674978039052323e-238,33.145530700683594
gehring_L3_state,13. PEN g2/m-phase,AT2G25060,24,5.375970363616943,2.7734667297548104e-234,32.89213180541992
gehring_L3_state,13. PEN g2/m-phase,AT4G33270,25,5.53829288482666,1.2395176131994447e-232,32.7752685546875
gehring_L3_state,13. PEN g2/m-phase,AT3G28153,26,6.499148845672607,1.916025549575839e-231,32.69049835205078
gehring_L3_state,13. PEN g2/m-phase,AT1G11070,27,4.27620792388916,2.8580755018261576e-229,32.53601837158203
gehring_L3_state,13. PEN g2/m-phase,AT5G05180,28,5.489104747772217,1.3934612971036483e-227,32.41532897949219
gehring_L3_state,13. PEN g2/m-phase,AT3G51740,29,5.312813758850098,3.0804857617274115e-222,32.03271484375
gehring_L3_state,13. PEN g2/m-phase,AT1G59540,30,6.70818567276001,1.0511741260920954e-220,31.921371459960938
gehring_L3_state,13. PEN g2/m-phase,AT4G14330,31,5.759680271148682,4.872753407233984e-214,31.4362907409668
gehring_L3_state,13. PEN g2/m-phase,AT4G01730,32,6.876803874969482,7.758357713722922e-214,31.42049789428711
gehring_L3_state,13. PEN g2/m-phase,AT1G77580,33,4.021645545959473,4.187572783675063e-210,31.14508438110352
gehring_L3_state,13. PEN g2/m-phase,AT2G22610,34,6.25006103515625,9.746502818839384e-207,30.894458770751957
gehring_L3_state,13. PEN g2/m-phase,AT1G08560,35,4.849539756774902,3.0006485949207114e-202,30.55751609802246
gehring_L3_state,13. PEN g2/m-phase,AT3G54320,36,3.5939254760742188,1.3229534573324724e-201,30.508056640625
gehring_L3_state,13. PEN g2/m-phase,AT4G38062,37,6.63740873336792,4.461247465581022e-201,30.467330932617188
gehring_L3_state,13. PEN g2/m-phase,AT2G36200,38,5.220424175262451,1.4139024008349108e-197,30.200990676879883
gehring_L3_state,13. PEN g2/m-phase,AT4G21270,39,5.692721366882324,1.8783249159137192e-197,30.190736770629883
gehring_L3_state,13. PEN g2/m-phase,AT2G37420,40,6.171586036682129,4.2060705656792644e-196,30.086862564086918
gehring_L3_state,13. PEN g2/m-phase,AT3G44763,41,7.363287925720215,3.612767416197933e-195,30.014558792114254
gehring_L3_state,13. PEN g2/m-phase,AT5G62550,42,6.180601596832275,2.9413093933760584e-193,29.86697578430176
gehring_L3_state,13. PEN g2/m-phase,AT1G20930,43,6.106867790222168,1.6867621609351224e-192,29.80771827697754
gehring_L3_state,13. PEN g2/m-phase,AT3G25980,44,5.035599708557129,8.138476184086986e-192,29.754159927368164
gehring_L3_state,13. PEN g2/m-phase,AT2G29550,45,3.690064191818237,1.2864625496921005e-190,29.660587310791016
gehring_L3_state,13. PEN g2/m-phase,AT3G58650,46,7.086945056915283,5.461229845267595e-190,29.61111831665039
gehring_L3_state,13. PEN g2/m-phase,AT4G32490,47,3.8240249156951904,2.347133790556259e-186,29.326828002929688
gehring_L3_state,13. PEN g2/m-phase,AT5G23910,48,6.120335578918457,2.7930517983923546e-178,28.68580818176269
gehring_L3_state,13. PEN g2/m-phase,AT3G46614,49,5.303838729858398,2.028339198731278e-174,28.37384796142578
gehring_L3_state,13. PEN g2/m-phase,AT3G28155,50,6.35107421875,2.22554822440993e-174,28.369871139526367
gehring_L3_state,14. FUN cc,AT3G19550,1,10.40294075012207,4.547570703143584e-26,11.466413497924805
gehring_L3_state,14. FUN cc,AT5G02600,2,7.794888496398926,5.273766953492775e-20,10.119818687438965
gehring_L3_state,14. FUN cc,AT3G04280,3,5.310412406921387,1.889123736652034e-19,9.953909873962402
gehring_L3_state,14. FUN cc,AT3G15353,4,7.620473384857178,6.514821730000832e-19,9.800989151000977
gehring_L3_state,14. FUN cc,AT4G10120,5,6.241592884063721,6.62817931886544e-18,9.540762901306152
gehring_L3_state,14. FUN cc,AT1G22710,6,7.097355842590332,6.894134553129983e-18,9.517749786376951
gehring_L3_state,14. FUN cc,AT4G24450,7,10.206649780273438,9.678011928145573e-18,9.46633529663086
gehring_L3_state,14. FUN cc,AT5G04080,8,8.872518539428711,1.1814590317124573e-17,9.431473731994627
gehring_L3_state,14. FUN cc,AT5G20830,9,5.107137680053711,9.469155653099876e-17,9.198020935058594
gehring_L3_state,14. FUN cc,AT1G66200,10,5.865537643432617,4.3369432862693096e-16,9.021491050720217
gehring_L3_state,14. FUN cc,AT4G19840,11,11.320863723754885,5.448864096313166e-16,8.985984802246094
gehring_L3_state,14. FUN cc,AT1G54410,12,4.290091514587402,1.108485006610288e-15,8.897909164428711
gehring_L3_state,14. FUN cc,AT5G02380,13,5.362881660461426,2.2142042901177367e-15,8.811803817749023
gehring_L3_state,14. FUN cc,AT5G64240,14,12.172800064086914,3.609979893194132e-15,8.74139404296875
gehring_L3_state,14. FUN cc,AT3G21600,15,11.893975257873535,3.609979893194132e-15,8.740701675415039
gehring_L3_state,14. FUN cc,AT2G18960,16,3.4655773639678955,4.078933495518116e-15,8.719590187072754
gehring_L3_state,14. FUN cc,AT5G57350,17,5.337003707885742,6.5721397386382505e-15,8.658504486083984
gehring_L3_state,14. FUN cc,AT2G28810,18,7.452549457550049,1.0864836150318224e-14,8.591014862060547
gehring_L3_state,14. FUN cc,AT4G37180,19,5.179474830627441,1.0864836150318224e-14,8.58823299407959
gehring_L3_state,14. FUN cc,AT5G66440,20,5.310603618621826,1.228744364450927e-13,8.298834800720215
gehring_L3_state,14. FUN cc,AT2G46630,21,12.074149131774902,1.868430750884245e-13,8.242127418518066
gehring_L3_state,14. FUN cc,AT1G68170,22,5.7696852684021,1.868430750884245e-13,8.2374906539917
gehring_L3_state,14. FUN cc,AT1G65480,23,10.34854221343994,2.1045517839277994e-13,8.21790599822998
gehring_L3_state,14. FUN cc,AT1G31770,24,7.533015251159668,3.747793138045863e-13,8.1432466506958
gehring_L3_state,14. FUN cc,AT2G23950,25,6.324211597442627,1.197260588719555e-12,7.996452808380127
gehring_L3_state,14. FUN cc,AT5G54940,26,4.720559120178223,1.652467337816999e-12,7.95180606842041
gehring_L3_state,14. FUN cc,AT1G19835,27,3.55722451210022,4.633589700742972e-12,7.818341255187988
gehring_L3_state,14. FUN cc,AT5G27690,28,11.911067962646484,8.163511532285569e-12,7.742094993591309
gehring_L3_state,14. FUN cc,AT3G16340,29,6.41623592376709,3.610295562013296e-11,7.546262264251709
gehring_L3_state,14. FUN cc,ATMG00020,30,1.8094598054885864,5.026776550970876e-11,7.498570442199707
gehring_L3_state,14. FUN cc,AT4G38740,31,5.034061431884766,7.196243151524649e-11,7.447063446044922
gehring_L3_state,14. FUN cc,AT5G22090,32,7.766110420227051,8.365137504502961e-11,7.422970294952393
gehring_L3_state,14. FUN cc,AT5G47370,33,4.915918350219727,1.3610893611968028e-10,7.3541388511657715
gehring_L3_state,14. FUN cc,AT1G78580,34,4.577428817749023,1.8570107069602986e-10,7.308509349822998
gehring_L3_state,14. FUN cc,AT2G39830,35,5.938961029052734,2.833134536397153e-10,7.244143486022949
gehring_L3_state,14. FUN cc,AT5G43380,36,12.18393611907959,2.833134536397153e-10,7.243779182434082
gehring_L3_state,14. FUN cc,AT3G02470,37,2.261610269546509,3.0021040179711007e-10,7.232203483581543
gehring_L3_state,14. FUN cc,AT4G19200,38,3.781065464019776,3.7809371911016057e-10,7.197185516357422
gehring_L3_state,14. FUN cc,AT1G75390,39,2.676571846008301,4.168056013352811e-10,7.18032693862915
gehring_L3_state,14. FUN cc,AT4G29100,40,4.876138687133789,1.588247075828895e-09,6.9915852546691895
gehring_L3_state,14. FUN cc,AT4G02940,41,3.9520342350006095,1.941920954212378e-09,6.95985221862793
gehring_L3_state,14. FUN cc,AT2G31960,42,3.0657055377960205,2.1371992598694316e-09,6.942938327789307
gehring_L3_state,14. FUN cc,AT2G27030,43,4.115362644195557,6.889239997998269e-09,6.77231502532959
gehring_L3_state,14. FUN cc,AT4G26640,44,4.297321796417236,8.040984963182243e-09,6.746584415435791
gehring_L3_state,14. FUN cc,AT1G67870,45,10.421789169311523,8.451397722364509e-09,6.736088275909424
gehring_L3_state,14. FUN cc,AT1G07640,46,5.766388893127441,8.60090914660535e-09,6.7280049324035645
gehring_L3_state,14. FUN cc,AT4G34560,47,9.35666847229004,8.60090914660535e-09,6.7272114753723145
gehring_L3_state,14. FUN cc,AT2G22480,48,4.044595718383789,1.059192130766428e-08,6.6937575340271
gehring_L3_state,14. FUN cc,AT5G20700,49,3.080542087554932,1.3438098582163689e-08,6.655828475952148
gehring_L3_state,14. FUN cc,AT1G31812,50,3.0838370323181152,1.639830082976322e-08,6.623504638671875
gehring_L3_state,14. MCE_ESR gen,AT4G04460,1,7.374185562133789,2.064078023050212e-242,33.550575256347656
gehring_L3_state,14. MCE_ESR gen,AT1G56170,2,5.490833759307861,2.1802547735612428e-238,33.25270462036133
gehring_L3_state,14. MCE_ESR gen,AT3G26790,3,6.053414821624756,5.221885448559127e-233,32.86612319946289
gehring_L3_state,14. MCE_ESR gen,AT4G37050,4,6.144313812255859,3.396887294354021e-229,32.58930969238281
gehring_L3_state,14. MCE_ESR gen,AT3G58740,5,7.574920177459717,1.352647618428587e-225,32.32728958129883
gehring_L3_state,14. MCE_ESR gen,AT1G55810,6,4.920933723449707,1.839413377715997e-210,31.226045608520508
gehring_L3_state,14. MCE_ESR gen,AT1G33050,7,5.596541881561279,9.117761454688728e-207,30.947673797607425
gehring_L3_state,14. MCE_ESR gen,AT1G33055,8,6.022218227386475,1.311063951044929e-205,30.857181549072266
gehring_L3_state,14. MCE_ESR gen,AT5G38160,9,5.338418006896973,1.2926776323825172e-197,30.251554489135746
gehring_L3_state,14. MCE_ESR gen,AT1G23560,10,6.5877532958984375,4.4603525288219276e-194,29.97784805297852
gehring_L3_state,14. MCE_ESR gen,AT5G07200,11,5.17779016494751,1.0144917482914384e-186,29.404754638671875
gehring_L3_state,14. MCE_ESR gen,AT2G44470,12,4.239833831787109,8.893864326053057e-178,28.693748474121094
gehring_L3_state,14. MCE_ESR gen,AT3G45130,13,7.026525974273682,1.5406315347131372e-177,28.67182922363281
gehring_L3_state,14. MCE_ESR gen,AT3G11180,14,5.926648616790772,2.937724216744434e-174,28.404890060424805
gehring_L3_state,14. MCE_ESR gen,AT2G25940,15,6.290623664855957,1.4841402206008967e-169,28.019044876098636
gehring_L3_state,14. MCE_ESR gen,AT2G23410,16,6.557385921478272,5.5609555941880055e-161,27.303958892822266
gehring_L3_state,14. MCE_ESR gen,AT3G16770,17,4.083771705627441,1.195244211714141e-156,26.934383392333984
gehring_L3_state,14. MCE_ESR gen,AT2G43680,18,4.182005405426025,6.922235515645839e-156,26.8670597076416
gehring_L3_state,14. MCE_ESR gen,AT3G11930,19,6.305469036102295,4.217766942872744e-155,26.797792434692383
gehring_L3_state,14. MCE_ESR gen,AT1G71250,20,5.843835353851318,1.0287927405216884e-150,26.416728973388672
gehring_L3_state,14. MCE_ESR gen,AT3G45010,21,5.426750183105469,2.564525530596536e-142,25.67181205749512
gehring_L3_state,14. MCE_ESR gen,AT4G35750,22,3.700843572616577,1.672626966590573e-138,25.326154708862305
gehring_L3_state,14. MCE_ESR gen,AT2G19110,23,4.750347137451172,4.823192326337174e-137,25.191593170166016
gehring_L3_state,14. MCE_ESR gen,AT2G02100,24,4.034611225128174,2.006555185357161e-133,24.85748672485352
gehring_L3_state,14. MCE_ESR gen,AT5G38170,25,4.294824600219727,4.509180317016612e-133,24.82336807250977
gehring_L3_state,14. MCE_ESR gen,AT4G27450,26,5.336706638336182,1.730495555046591e-132,24.767696380615234
gehring_L3_state,14. MCE_ESR gen,AT1G71120,27,6.050984859466553,4.3767137313267856e-129,24.448326110839844
gehring_L3_state,14. MCE_ESR gen,AT2G22660,28,3.5722496509552,4.828695191144251e-127,24.254060745239254
gehring_L3_state,14. MCE_ESR gen,AT4G19645,29,4.67380428314209,1.488293788468841e-119,23.53219985961914
gehring_L3_state,14. MCE_ESR gen,AT3G26744,30,3.7892470359802246,6.449673664027639e-117,23.271825790405277
gehring_L3_state,14. MCE_ESR gen,AT1G04380,31,4.4430742263793945,4.6235758637945455e-116,23.185821533203125
gehring_L3_state,14. MCE_ESR gen,AT4G35560,32,4.871542453765869,1.1696100158638149e-115,23.144506454467773
gehring_L3_state,14. MCE_ESR gen,AT3G48740,33,5.833918571472168,1.0528692596321725e-113,22.947059631347656
gehring_L3_state,14. MCE_ESR gen,AT2G34315,34,4.971736907958984,1.3858708779050837e-111,22.732574462890625
gehring_L3_state,14. MCE_ESR gen,AT5G55410,35,5.042787075042725,9.976338396437757e-111,22.6445369720459
gehring_L3_state,14. MCE_ESR gen,AT5G03820,36,5.215085029602051,3.703118909273424e-110,22.585479736328125
gehring_L3_state,14. MCE_ESR gen,AT5G63530,37,3.587834358215332,5.991616461339601e-110,22.56305694580078
gehring_L3_state,14. MCE_ESR gen,AT1G16980,38,5.597567558288574,6.713830939112201e-107,22.24917221069336
gehring_L3_state,14. MCE_ESR gen,AT5G47060,39,3.0137383937835693,3.356336136505548e-101,21.65147018432617
gehring_L3_state,14. MCE_ESR gen,AT1G62310,40,2.8917276859283447,3.3421610032318037e-99,21.437253952026367
gehring_L3_state,14. MCE_ESR gen,AT3G62860,41,4.868621349334717,2.361292714502257e-96,21.128582000732425
gehring_L3_state,14. MCE_ESR gen,AT2G16990,42,4.173164367675781,2.9508759395467417e-96,21.116968154907227
gehring_L3_state,14. MCE_ESR gen,AT3G48300,43,4.217339515686035,8.61970678521143e-96,21.06519317626953
gehring_L3_state,14. MCE_ESR gen,AT1G18100,44,4.453414916992188,2.1086965302164167e-94,20.91216278076172
gehring_L3_state,14. MCE_ESR gen,AT3G23090,45,3.913654327392578,1.9957292778497615e-89,20.35714530944824
gehring_L3_state,14. MCE_ESR gen,AT4G00220,46,4.04564094543457,4.706398431301399e-89,20.31402587890625
gehring_L3_state,14. MCE_ESR gen,AT5G50260,47,4.415068626403809,1.5419853492793477e-87,20.139923095703125
gehring_L3_state,14. MCE_ESR gen,AT1G01900,48,4.835862636566162,9.649531393277411e-82,19.466663360595703
gehring_L3_state,14. MCE_ESR gen,ATCG00020,49,2.185896396636963,1.2357832388059151e-76,18.85251235961914
gehring_L3_state,14. MCE_ESR gen,AT5G14180,50,5.427680015563965,9.18979768371535e-75,18.62220001220703
gehring_L3_state,14. PEN gen II,AT1G11070,1,5.088372707366943,6.518390355202376e-281,36.09428024291992
gehring_L3_state,14. PEN gen II,AT3G54320,2,4.36452579498291,1.3121978895495326e-249,34.0201301574707
gehring_L3_state,14. PEN gen II,AT2G32370,3,5.582422256469727,3.443761383550533e-211,31.30173110961914
gehring_L3_state,14. PEN gen II,AT2G16586,4,3.021876096725464,2.496972436699371e-190,29.71970558166504
gehring_L3_state,14. PEN gen II,AT5G50090,5,4.375462055206299,1.2559164235318728e-184,29.267534255981445
gehring_L3_state,14. PEN gen II,AT5G05180,6,5.125951766967773,1.691261292412518e-180,28.9349422454834
gehring_L3_state,14. PEN gen II,AT4G02830,7,5.0018310546875,3.258544389539873e-172,28.26333999633789
gehring_L3_state,14. PEN gen II,AT1G55810,8,3.4220240116119385,9.206618139622449e-171,28.14028549194336
gehring_L3_state,14. PEN gen II,AT3G14205,9,3.442664384841919,1.635383476540014e-170,28.11570167541504
gehring_L3_state,14. PEN gen II,AT1G78760,10,3.969789266586304,1.9866500600848416e-168,27.940919876098636
gehring_L3_state,14. PEN gen II,AT1G78520,11,4.279628753662109,1.0717856152021773e-159,27.20928192138672
gehring_L3_state,14. PEN gen II,AT2G22660,12,3.0722813606262207,2.16814254932892e-152,26.5814266204834
gehring_L3_state,14. PEN gen II,AT3G06355,13,1.208717942237854,3.831265898497661e-151,26.470298767089844
gehring_L3_state,14. PEN gen II,AT2G32440,14,4.149016857147217,5.3946868411787154e-148,26.19254875183105
gehring_L3_state,14. PEN gen II,AT5G07260,15,3.737043619155884,2.127475792234996e-145,25.96102333068848
gehring_L3_state,14. PEN gen II,AT3G19050,16,4.861927032470703,9.963758829355445e-144,25.81015396118164
gehring_L3_state,14. PEN gen II,AT2G35880,17,3.50376296043396,1.2998118481956676e-140,25.528757095336918
gehring_L3_state,14. PEN gen II,AT5G63700,18,3.2227542400360107,4.6353505625924425e-139,25.38633728027344
gehring_L3_state,14. PEN gen II,AT1G77580,19,3.582594156265259,5.057219366713335e-137,25.198972702026367
gehring_L3_state,14. PEN gen II,AT2G02100,20,3.175536155700684,1.084720741445594e-136,25.16668510437012
gehring_L3_state,14. PEN gen II,AT4G33330,21,4.107470512390137,7.089428268012676e-136,25.09015655517578
gehring_L3_state,14. PEN gen II,AT4G21430,22,3.0991272926330566,2.0161767229505766e-133,24.862428665161133
gehring_L3_state,14. PEN gen II,AT5G63530,23,2.9929277896881104,1.2235143039268789e-129,24.5065975189209
gehring_L3_state,14. PEN gen II,AT5G28640,24,3.80988335609436,2.707590927405269e-128,24.378440856933597
gehring_L3_state,14. PEN gen II,AT3G43690,25,2.8617563247680664,2.0308020560874245e-127,24.294174194335938
gehring_L3_state,14. PEN gen II,AT1G15290,26,2.9666976928710938,9.206537013881304e-126,24.1353759765625
gehring_L3_state,14. PEN gen II,AT1G22590,27,3.309391736984253,1.0053961827265473e-119,23.5517578125
gehring_L3_state,14. PEN gen II,AT1G56170,28,2.7299370765686035,6.1364459431453005e-117,23.27682113647461
gehring_L3_state,14. PEN gen II,AT5G17800,29,3.95781922340393,2.807374748228179e-115,23.11083221435547
gehring_L3_state,14. PEN gen II,AT4G26190,30,2.516108512878418,1.2825611127109016e-114,23.043704986572266
gehring_L3_state,14. PEN gen II,AT3G27785,31,3.5119357109069824,5.083395371216143e-114,22.98259925842285
gehring_L3_state,14. PEN gen II,AT1G77590,32,2.713958501815796,1.2420003734121273e-111,22.7412052154541
gehring_L3_state,14. PEN gen II,AT1G71690,33,2.604949712753296,2.7969705917973703e-111,22.704235076904297
gehring_L3_state,14. PEN gen II,AT4G28365,34,3.2091963291168213,6.0682169923359225e-111,22.668886184692383
gehring_L3_state,14. PEN gen II,AT1G20060,35,4.136284828186035,5.593660603318796e-106,22.158618927001957
gehring_L3_state,14. PEN gen II,AT2G23740,36,3.340967893600464,9.059585576217024e-106,22.135656356811523
gehring_L3_state,14. PEN gen II,AT3G56320,37,3.2840075492858887,2.421179205039165e-102,21.77579116821289
gehring_L3_state,14. PEN gen II,AT3G20750,38,4.649900436401367,3.122857274789974e-102,21.7629337310791
gehring_L3_state,14. PEN gen II,AT1G19450,39,2.99725604057312,6.272413722358786e-101,21.62376976013184
gehring_L3_state,14. PEN gen II,AT1G34250,40,4.339261054992676,1.0457636988458809e-99,21.49238586425781
gehring_L3_state,14. PEN gen II,AT1G34260,41,2.7929399013519287,1.3051063481345975e-97,21.2659854888916
gehring_L3_state,14. PEN gen II,AT1G24360,42,2.4342987537384038,1.006501168794084e-96,21.168813705444336
gehring_L3_state,14. PEN gen II,AT5G48650,43,3.15285873413086,1.435362528494688e-94,20.93262481689453
gehring_L3_state,14. PEN gen II,AT2G20825,44,3.866409301757813,1.3341728651222025e-93,20.823959350585938
gehring_L3_state,14. PEN gen II,AT5G48720,45,3.3173744678497314,1.0348790097526541e-90,20.50165557861328
gehring_L3_state,14. PEN gen II,AT3G26744,46,2.5045125484466557,2.3985936927948556e-90,20.45968437194824
gehring_L3_state,14. PEN gen II,AT1G80530,47,3.321078062057495,5.275332319381214e-90,20.420209884643555
gehring_L3_state,14. PEN gen II,AT5G39440,48,4.477544784545898,9.873311875965785e-90,20.38857650756836
gehring_L3_state,14. PEN gen II,AT1G68510,49,3.1676952838897705,4.335553310555422e-89,20.31507873535156
gehring_L3_state,14. PEN gen II,AT1G32540,50,3.495748519897461,6.312817309647858e-89,20.2956657409668
gehring_L3_state,15. OVL senes,AT4G14930,1,5.729313850402832,7.525534335056729e-66,17.714872360229492
gehring_L3_state,15. OVL senes,AT3G26740,2,7.7753167152404785,3.0149577549733807e-60,16.932764053344727
gehring_L3_state,15. OVL senes,AT2G33380,3,6.885162353515625,1.8863737117890944e-54,16.103233337402344
gehring_L3_state,15. OVL senes,AT2G36080,4,8.357613563537598,7.026711332279867e-51,15.567923545837402
gehring_L3_state,15. OVL senes,AT1G47128,5,5.640828609466553,5.439363840930002e-45,14.659952163696287
gehring_L3_state,15. OVL senes,AT5G10770,6,7.276017189025879,1.585382330977271e-42,14.256752014160156
gehring_L3_state,15. OVL senes,AT4G14270,7,3.570674180984497,3.513590996278913e-32,12.472681999206545
gehring_L3_state,15. OVL senes,AT3G09390,8,3.622572898864746,1.3045954124106431e-27,11.593130111694336
gehring_L3_state,15. OVL senes,AT2G22970,9,3.318647623062134,3.4726239151194827e-26,11.298347473144531
gehring_L3_state,15. OVL senes,AT4G39090,10,2.726416110992432,1.4484291148170838e-25,11.162857055664062
gehring_L3_state,15. OVL senes,AT2G18550,11,6.25999116897583,1.6926328762951918e-25,11.140515327453612
gehring_L3_state,15. OVL senes,AT2G25450,12,3.331441164016724,3.5247863097099326e-25,11.067203521728516
gehring_L3_state,15. OVL senes,AT4G33150,13,3.833158016204834,8.323547560479531e-25,10.982688903808594
gehring_L3_state,15. OVL senes,AT5G25280,14,3.145907163619995,3.7433919853308653e-23,10.626567840576172
gehring_L3_state,15. OVL senes,AT5G02230,15,4.709568500518799,1.3038010242937287e-20,10.05920696258545
gehring_L3_state,15. OVL senes,AT5G49360,16,3.049832820892334,1.1287750642176052e-19,9.837952613830566
gehring_L3_state,15. OVL senes,AT1G12010,17,5.298497200012207,3.046623725725464e-19,9.731372833251951
gehring_L3_state,15. OVL senes,AT4G00870,18,2.829650402069092,5.034993291696804e-19,9.674299240112305
gehring_L3_state,15. OVL senes,AT1G54410,19,2.589010238647461,2.3341757643766145e-17,9.267961502075195
gehring_L3_state,15. OVL senes,AT3G51860,20,2.3042635917663574,2.660317488402909e-17,9.248516082763672
gehring_L3_state,15. OVL senes,AT4G05320,21,1.919945240020752,2.4145592385370684e-16,9.00435733795166
gehring_L3_state,15. OVL senes,AT4G34230,22,2.85292649269104,1.9663886382956272e-15,8.76602840423584
gehring_L3_state,15. OVL senes,AT5G09440,23,6.293365001678467,2.1173096456351677e-15,8.752680778503418
gehring_L3_state,15. OVL senes,AT1G28330,24,5.271780490875244,3.0878947604719506e-14,8.440102577209473
gehring_L3_state,15. OVL senes,AT4G35690,25,9.949800491333008,3.400367350651646e-14,8.424049377441406
gehring_L3_state,15. OVL senes,AT5G63370,26,1.8955411911010744,1.7209365621087168e-13,8.227333068847656
gehring_L3_state,15. OVL senes,AT4G36740,27,8.205352783203125,3.6778888139018253e-13,8.126852989196777
gehring_L3_state,15. OVL senes,AT4G15610,28,8.132505416870117,3.8054421375108717e-13,8.118459701538086
gehring_L3_state,15. OVL senes,AT5G50260,29,3.631461381912232,1.986135491630105e-12,7.9112019538879395
gehring_L3_state,15. OVL senes,AT1G58360,30,2.4047529697418213,3.2449739172341617e-12,7.845751762390137
gehring_L3_state,15. OVL senes,AT4G20260,31,3.2389416694641118,5.338846074461905e-12,7.775121212005615
gehring_L3_state,15. OVL senes,AT4G30960,32,2.368682146072388,1.991390754617609e-11,7.602854251861572
gehring_L3_state,15. OVL senes,AT3G53990,33,1.854360580444336,5.653073359356665e-11,7.462884426116943
gehring_L3_state,15. OVL senes,AT4G13250,34,3.062151432037353,7.32647239001359e-11,7.424929141998291
gehring_L3_state,15. OVL senes,AT4G27260,35,6.806021213531494,8.83193591677498e-11,7.396514415740967
gehring_L3_state,15. OVL senes,AT3G26100,36,1.9882454872131348,1.0769893435453112e-10,7.366557598114014
gehring_L3_state,15. OVL senes,AT2G38800,37,4.218009471893311,1.1029512235180591e-10,7.359913349151611
gehring_L3_state,15. OVL senes,AT4G32480,38,4.296926021575928,1.9864783522591303e-10,7.277546405792236
gehring_L3_state,15. OVL senes,AT3G14067,39,3.1198277473449707,2.6887666873583105e-10,7.233232021331787
gehring_L3_state,15. OVL senes,AT2G18050,40,5.363562107086182,4.4089043225135786e-10,7.16249418258667
gehring_L3_state,15. OVL senes,AT2G33480,41,2.4778494834899902,4.5447208236661046e-10,7.155107975006104
gehring_L3_state,15. OVL senes,AT1G72510,42,2.665816307067871,5.72444075721065e-10,7.120214939117432
gehring_L3_state,15. OVL senes,AT2G31560,43,4.801412582397461,6.297312377929046e-10,7.103954315185547
gehring_L3_state,15. OVL senes,AT2G22470,44,7.032209873199463,1.12742941580723e-09,7.019993782043457
gehring_L3_state,15. OVL senes,AT5G66880,45,3.9444875717163086,1.31670421155189e-09,6.995263576507568
gehring_L3_state,15. OVL senes,AT1G72260,46,1.9002323150634768,2.364974976458677e-09,6.90970516204834
gehring_L3_state,15. OVL senes,AT4G05631,47,1.525988221168518,3.334057655660741e-09,6.85787296295166
gehring_L3_state,15. OVL senes,AT2G33150,48,2.4611074924468994,9.982078167608962e-09,6.696459770202637
gehring_L3_state,15. OVL senes,AT5G47370,49,3.714517593383789,1.3657092020820001e-08,6.647562980651856
gehring_L3_state,15. OVL senes,AT1G26560,50,2.318126916885376,1.3836297930129886e-08,6.642782688140869
gehring_L3_state,15. PEN,AT2G44470,1,4.924075126647949,0.0,51.3723030090332
gehring_L3_state,15. PEN,AT2G34315,2,6.947591304779053,0.0,49.62018966674805
gehring_L3_state,15. PEN,AT3G26790,3,5.622352600097656,0.0,48.622314453125
gehring_L3_state,15. PEN,AT5G38160,4,5.39149808883667,0.0,47.85454177856445
gehring_L3_state,15. PEN,AT5G38170,5,5.190882682800293,0.0,46.52084732055664
gehring_L3_state,15. PEN,AT1G56170,6,4.681374549865723,0.0,45.93258285522461
gehring_L3_state,15. PEN,AT2G22660,7,4.293806076049805,0.0,45.87168502807617
gehring_L3_state,15. PEN,AT5G07200,8,5.124533176422119,0.0,45.72188186645508
gehring_L3_state,15. PEN,AT3G16770,9,4.215555191040039,0.0,43.363765716552734
gehring_L3_state,15. PEN,AT1G18100,10,5.356013774871826,0.0,41.87083435058594
gehring_L3_state,15. PEN,AT5G63530,11,4.153358459472656,0.0,41.52785110473633
gehring_L3_state,15. PEN,AT1G55810,12,3.980255365371704,0.0,39.794395446777344
gehring_L3_state,15. PEN,AT1G33055,13,4.95449161529541,0.0,39.72887420654297
gehring_L3_state,15. PEN,AT1G36060,14,5.085850715637207,0.0,39.368011474609375
gehring_L3_state,15. PEN,AT3G44460,15,4.723222732543945,0.0,38.5866584777832
gehring_L3_state,15. PEN,AT2G02100,16,3.885755777359009,0.0,37.885440826416016
gehring_L3_state,15. PEN,AT2G27380,17,5.42747974395752,0.0,37.83951187133789
gehring_L3_state,15. PEN,AT3G11180,18,4.988256931304932,4.28891592364768e-300,37.21949005126953
gehring_L3_state,15. PEN,AT1G04380,19,4.409770965576172,1.911782324613974e-284,36.2376708984375
gehring_L3_state,15. PEN,AT4G27450,20,4.905351638793945,9.774156779774035e-279,35.87059783935547
gehring_L3_state,15. PEN,AT5G18310,21,4.852914810180664,1.3038334505318934e-276,35.73272705078125
gehring_L3_state,15. PEN,AT3G26744,22,3.630788803100586,5.6900752058127905e-261,34.70983123779297
gehring_L3_state,15. PEN,AT5G49190,23,4.023876667022705,2.6979088044522466e-259,34.59733963012695
gehring_L3_state,15. PEN,AT5G07260,24,4.307861328125,3.8440145805075984e-241,33.3659553527832
gehring_L3_state,15. PEN,AT4G00220,25,4.152045726776123,1.688635146988645e-234,32.90362548828125
gehring_L3_state,15. PEN,AT1G33050,26,3.738388776779175,5.1128781338776657e-231,32.65822219848633
gehring_L3_state,15. PEN,AT5G47060,27,2.850583076477051,9.745389614444872e-223,32.06858825683594
gehring_L3_state,15. PEN,AT4G39260,28,1.953585267066956,3.5236493319796605e-207,30.931381225585938
gehring_L3_state,15. PEN,AT3G11930,29,4.6349639892578125,2.187484533623137e-204,30.72192001342773
gehring_L3_state,15. PEN,AT1G15150,30,4.136997222900391,2.1836075984331247e-200,30.419984817504883
gehring_L3_state,15. PEN,AT3G23090,31,3.843733787536621,7.340251053511921e-199,30.30332565307617
gehring_L3_state,15. PEN,AT5G50770,32,3.3449175357818604,2.1943204735309592e-195,30.037372589111328
gehring_L3_state,15. PEN,AT1G11670,33,3.5023114681243896,2.35932117781058e-192,29.8015079498291
gehring_L3_state,15. PEN,AT4G35750,34,2.6984474658966064,3.2803571586919495e-179,28.76661491394043
gehring_L3_state,15. PEN,AT4G19645,35,3.8883941173553462,5.307703143837085e-175,28.426416397094727
gehring_L3_state,15. PEN,ATCG00020,36,2.1027636528015137,7.469940248841146e-175,28.41358184814453
gehring_L3_state,15. PEN,AT3G03240,37,4.976024150848389,1.087668941565446e-169,27.99175071716309
gehring_L3_state,15. PEN,AT2G25940,38,4.312051773071289,4.0135372415844304e-169,27.944324493408203
gehring_L3_state,15. PEN,AT1G62310,39,2.340752601623535,1.4113579856496302e-163,27.48333549499512
gehring_L3_state,15. PEN,AT3G27785,40,3.7869019508361816,3.266284980057043e-163,27.452045440673828
gehring_L3_state,15. PEN,AT2G23410,41,4.863478660583496,2.271639690303322e-158,27.04185485839844
gehring_L3_state,15. PEN,AT1G67090,42,2.429148435592652,1.0656173229779568e-157,26.98396873474121
gehring_L3_state,15. PEN,AT4G29230,43,5.328305244445801,4.7439348779717516e-157,26.92719078063965
gehring_L3_state,15. PEN,AT5G65590,44,5.234300136566162,1.5818722505820052e-156,26.88178253173828
gehring_L3_state,15. PEN,AT2G43680,45,2.6581149101257324,1.8584797022953197e-153,26.617189407348636
gehring_L3_state,15. PEN,AT4G25100,46,3.0388739109039307,5.207972305866989e-153,26.57781410217285
gehring_L3_state,15. PEN,AT5G13790,47,3.1881697177886963,3.9726220926389723e-150,26.32591438293457
gehring_L3_state,15. PEN,AT2G46530,48,4.35476541519165,2.223743644574152e-149,26.259841918945312
gehring_L3_state,15. PEN,AT3G57780,49,4.199605464935303,1.5212186512923283e-148,26.18596839904785
gehring_L3_state,15. PEN,AT3G12020,50,2.682385206222534,1.1970842968682978e-146,26.01768684387207
gehring_L3_state,15. PEN gen III,AT2G22660,1,3.639632225036621,4.256792760697002e-156,26.99227333068848
gehring_L3_state,15. PEN gen III,AT1G55810,2,3.5157179832458496,6.154033888871156e-126,24.25937271118164
gehring_L3_state,15. PEN gen III,AT4G28365,3,3.6113245487213135,4.122432348441439e-111,22.79372978210449
gehring_L3_state,15. PEN gen III,AT3G51740,4,4.405587673187256,1.0362108874379975e-110,22.74071311950684
gehring_L3_state,15. PEN gen III,AT1G11070,5,3.6289665699005127,8.339143800119258e-96,21.161975860595703
gehring_L3_state,15. PEN gen III,AT3G54320,6,3.1468019485473637,2.192799310588216e-93,20.8902530670166
gehring_L3_state,15. PEN gen III,AT5G07200,7,3.09009337425232,3.616915152639935e-79,19.25680160522461
gehring_L3_state,15. PEN gen III,AT2G02100,8,2.7690908908843994,2.3799737200835198e-77,19.03257369995117
gehring_L3_state,15. PEN gen III,AT1G78760,9,3.4518415927886963,1.0450832001123067e-76,18.94934463500977
gehring_L3_state,15. PEN gen III,AT4G33330,10,3.856512546539306,1.2740265854170796e-76,18.93389892578125
gehring_L3_state,15. PEN gen III,AT2G32990,11,4.20418119430542,3.1180476625569395e-76,18.882104873657227
gehring_L3_state,15. PEN gen III,AT1G56170,12,2.72094464302063,8.252604786926703e-76,18.826391220092773
gehring_L3_state,15. PEN gen III,AT3G26744,13,2.7373528480529785,1.0419138207832037e-71,18.31536674499512
gehring_L3_state,15. PEN gen III,AT1G19450,14,2.8337762355804443,8.315990788855338e-71,18.19816398620605
gehring_L3_state,15. PEN gen III,AT1G68510,15,3.364933967590332,3.762131967525361e-68,17.8564453125
gehring_L3_state,15. PEN gen III,AT2G32440,16,3.701971530914306,5.244657987034119e-68,17.83449935913086
gehring_L3_state,15. PEN gen III,AT3G16770,17,2.4613168239593506,7.180983808436943e-67,17.684406280517578
gehring_L3_state,15. PEN gen III,AT4G10640,18,3.600969791412353,5.322084360743334e-66,17.568073272705078
gehring_L3_state,15. PEN gen III,AT1G78520,19,3.6301329135894775,2.326588344029257e-65,17.481252670288086
gehring_L3_state,15. PEN gen III,AT3G41768,20,0.7250530123710632,3.1653971210803167e-63,17.19602394104004
gehring_L3_state,15. PEN gen III,AT2G35880,21,2.9934844970703125,1.1624380695284991e-60,16.84488868713379
gehring_L3_state,15. PEN gen III,AT1G77580,22,3.01838755607605,8.367474367636887e-60,16.72517967224121
gehring_L3_state,15. PEN gen III,AT3G14205,23,2.51669979095459,1.0753960919800025e-58,16.56989860534668
gehring_L3_state,15. PEN gen III,AT1G04425,24,3.7794480323791504,1.0694354029999984e-51,15.563872337341309
gehring_L3_state,15. PEN gen III,AT3G56320,25,3.006932020187378,2.86826971890122e-49,15.197364807128906
gehring_L3_state,15. PEN gen III,AT1G12080,26,2.769717216491699,3.128680915624403e-49,15.189520835876465
gehring_L3_state,15. PEN gen III,AT5G63530,27,2.133469581604004,1.0309309068662938e-46,14.802499771118164
gehring_L3_state,15. PEN gen III,AT5G07260,28,2.884819746017456,4.795298295195392e-46,14.6926908493042
gehring_L3_state,15. PEN gen III,AT2G30590,29,3.1684930324554443,1.4833799141090797e-45,14.614066123962402
gehring_L3_state,15. PEN gen III,AT2G20825,30,3.4964935779571533,6.08684736090858e-45,14.515711784362791
gehring_L3_state,15. PEN gen III,AT3G23090,31,2.695106267929077,6.587624134094098e-44,14.347834587097168
gehring_L3_state,15. PEN gen III,AT5G50090,32,2.9229953289031982,8.139098889308663e-44,14.33139991760254
gehring_L3_state,15. PEN gen III,AT2G44470,33,1.9228780269622805,1.8803113384664103e-41,13.944911003112791
gehring_L3_state,15. PEN gen III,AT1G33055,34,2.642822027206421,3.1352057546299206e-41,13.90670394897461
gehring_L3_state,15. PEN gen III,AT5G28640,35,2.8687872886657715,5.173655687751793e-41,13.86917495727539
gehring_L3_state,15. PEN gen III,AT1G71690,36,1.9652411937713623,1.6604179307728139e-40,13.782069206237791
gehring_L3_state,15. PEN gen III,AT3G42670,37,3.178957462310791,2.0893622267456155e-40,13.763917922973633
gehring_L3_state,15. PEN gen III,AT1G33050,38,2.3344430923461914,3.3072172177845486e-39,13.55979347229004
gehring_L3_state,15. PEN gen III,AT5G17800,39,3.220722198486328,1.1776372928410484e-38,13.46336269378662
gehring_L3_state,15. PEN gen III,AT1G34260,40,2.483180522918701,4.907360118245248e-38,13.354654312133787
gehring_L3_state,15. PEN gen III,AT3G48300,41,2.5967397689819336,6.945606565168822e-38,13.325997352600098
gehring_L3_state,15. PEN gen III,AT5G63700,42,2.2423911094665527,8.472008290365142e-37,13.135326385498049
gehring_L3_state,15. PEN gen III,AT4G02020,43,1.981277585029602,3.297491068857325e-35,12.851237297058104
gehring_L3_state,15. PEN gen III,AT3G11180,44,2.768397331237793,4.37674399682402e-35,12.82803726196289
gehring_L3_state,15. PEN gen III,AT4G21430,45,2.1570231914520264,1.1947185101395924e-34,12.7487211227417
gehring_L3_state,15. PEN gen III,AT2G43680,46,1.801679730415344,1.2316558309342275e-34,12.745099067687988
gehring_L3_state,15. PEN gen III,AT4G19160,47,2.185441017150879,3.1949996192056364e-33,12.484935760498049
gehring_L3_state,15. PEN gen III,AT1G77590,48,1.9770457744598389,9.709946379890517e-33,12.391435623168944
gehring_L3_state,15. PEN gen III,AT5G47020,49,1.821239709854126,2.1034765163921802e-32,12.328152656555176
gehring_L3_state,15. PEN gen III,AT3G16950,50,2.078436374664306,3.1687806366059354e-30,11.9149169921875
gehring_L3_state,16. CPT pers nuc,AT1G31290,1,7.33680534362793,1.3467081767558215e-119,23.68025016784668
gehring_L3_state,16. CPT pers nuc,AT1G12180,2,7.376609325408935,2.05581870029776e-96,21.27947425842285
gehring_L3_state,16. CPT pers nuc,AT1G20680,3,7.624180316925049,7.037526572817911e-91,20.653751373291016
gehring_L3_state,16. CPT pers nuc,AT4G22050,4,8.123592376708984,3.133317697606936e-87,20.229707717895508
gehring_L3_state,16. CPT pers nuc,AT3G22240,5,6.192916393280029,4.06228895368944e-77,19.035356521606445
gehring_L3_state,16. CPT pers nuc,AT5G48480,6,3.480334997177124,6.619135682815927e-76,18.878955841064453
gehring_L3_state,16. CPT pers nuc,AT1G20730,7,7.78980016708374,2.8875486185985157e-75,18.79281044006348
gehring_L3_state,16. CPT pers nuc,AT1G51300,8,8.71629524230957,1.6397483852734266e-70,18.195405960083008
gehring_L3_state,16. CPT pers nuc,AT1G21310,9,3.7208120822906494,1.7421110375543353e-65,17.543170928955078
gehring_L3_state,16. CPT pers nuc,AT1G64060,10,4.107108116149902,3.2935985253829226e-61,16.968318939208984
gehring_L3_state,16. CPT pers nuc,AT1G51035,11,6.824345111846924,3.3949440884531877e-60,16.82510757446289
gehring_L3_state,16. CPT pers nuc,AT5G18090,12,5.733062744140625,9.182567217724449e-57,16.345096588134766
gehring_L3_state,16. CPT pers nuc,AT1G56100,13,2.9903318881988525,1.5147944931666099e-50,15.442882537841797
gehring_L3_state,16. CPT pers nuc,AT2G27880,14,2.5562000274658203,2.7263718144700847e-49,15.250532150268556
gehring_L3_state,16. CPT pers nuc,AT3G08770,15,2.747505187988281,4.999081022479023e-47,14.90180206298828
gehring_L3_state,16. CPT pers nuc,AT3G53990,16,2.261338710784912,1.2047270429259223e-45,14.683308601379396
gehring_L3_state,16. CPT pers nuc,AT2G38900,17,2.599907636642456,9.449665446332586e-45,14.538860321044922
gehring_L3_state,16. CPT pers nuc,AT1G61095,18,7.190523147583008,7.668425392258105e-43,14.23073959350586
gehring_L3_state,16. CPT pers nuc,AT2G23810,19,2.7590866088867188,8.919748802144989e-42,14.05428981781006
gehring_L3_state,16. CPT pers nuc,AT4G02670,20,6.608175754547119,3.9408109767382965e-41,13.945053100585938
gehring_L3_state,16. CPT pers nuc,AT5G46300,21,7.798468589782715,1.041327548060096e-40,13.8699369430542
gehring_L3_state,16. CPT pers nuc,AT5G02490,22,2.328995943069458,1.041327548060096e-40,13.868719100952148
gehring_L3_state,16. CPT pers nuc,AT2G47895,23,2.644655466079712,2.6981092857111703e-39,13.630023956298828
gehring_L3_state,16. CPT pers nuc,AT1G61093,24,7.187007427215576,2.9526073882317185e-39,13.620336532592772
gehring_L3_state,16. CPT pers nuc,AT1G23935,25,4.756028652191162,9.710619101858388e-39,13.530115127563477
gehring_L3_state,16. CPT pers nuc,AT3G28007,26,5.379892826080322,1.230064643926936e-38,13.509836196899414
gehring_L3_state,16. CPT pers nuc,ATMG00090,27,2.1737897396087646,6.176256998821148e-38,13.387713432312012
gehring_L3_state,16. CPT pers nuc,AT4G22880,28,2.4779367446899414,8.087552445854436e-38,13.364964485168455
gehring_L3_state,16. CPT pers nuc,AT2G43150,29,2.2169060707092285,9.079966977330173e-38,13.35373592376709
gehring_L3_state,16. CPT pers nuc,AT1G61720,30,2.480109691619873,9.513867215968063e-38,13.347733497619627
gehring_L3_state,16. CPT pers nuc,ATMG00020,31,1.2068618535995483,3.6230710979987792e-37,13.245275497436523
gehring_L3_state,16. CPT pers nuc,AT1G51030,32,7.165290355682373,8.419934784113962e-37,13.179420471191406
gehring_L3_state,16. CPT pers nuc,AT1G51010,33,7.251041412353516,2.15599205611195e-36,13.10595989227295
gehring_L3_state,16. CPT pers nuc,AT4G29570,34,7.146196365356445,9.512049324906054e-36,12.989459991455078
gehring_L3_state,16. CPT pers nuc,AT4G29650,35,7.833131790161133,9.512049324906054e-36,12.988368034362791
gehring_L3_state,16. CPT pers nuc,AT1G77380,36,5.5055766105651855,1.0122430339429167e-34,12.803908348083496
gehring_L3_state,16. CPT pers nuc,AT3G62340,37,7.1703972816467285,1.9510096405736597e-34,12.750730514526367
gehring_L3_state,16. CPT pers nuc,AT2G17780,38,3.838979959487915,2.124634697767636e-34,12.742003440856934
gehring_L3_state,16. CPT pers nuc,AT1G62333,39,2.338179349899292,4.733281233854834e-34,12.67733097076416
gehring_L3_state,16. CPT pers nuc,AT2G14890,40,2.311440706253052,8.4787852260312e-34,12.629554748535156
gehring_L3_state,16. CPT pers nuc,AT5G18380,41,1.9537237882614136,1.5738275053852776e-32,12.395602226257324
gehring_L3_state,16. CPT pers nuc,AT3G54390,42,2.5871694087982178,3.148837531601053e-32,12.337946891784668
gehring_L3_state,16. CPT pers nuc,AT1G02780,43,1.7513514757156372,4.0380440482886265e-32,12.31600284576416
gehring_L3_state,16. CPT pers nuc,AT1G70250,44,4.857221603393555,6.217364834503898e-32,12.279277801513672
gehring_L3_state,16. CPT pers nuc,AT3G13630,45,7.898437023162842,2.306097584635867e-31,12.170933723449709
gehring_L3_state,16. CPT pers nuc,AT4G40040,46,1.83161723613739,3.084482023373786e-31,12.145376205444336
gehring_L3_state,16. CPT pers nuc,AT1G06760,47,2.2924065589904785,4.620608904537556e-31,12.110513687133787
gehring_L3_state,16. CPT pers nuc,AT5G11740,48,1.7277437448501587,7.302876235127109e-31,12.071179389953612
gehring_L3_state,16. CPT pers nuc,AT4G24060,49,2.904019355773926,1.8032064381853417e-30,11.994869232177734
gehring_L3_state,16. CPT pers nuc,AT2G36420,50,2.713481903076172,1.228052711116162e-29,11.83327293395996
gehring_L3_state,16. PEN dehyd,AT1G20450,1,9.06727123260498,8.543172260129993e-92,20.80810546875
gehring_L3_state,16. PEN dehyd,AT2G34315,2,7.322144031524658,8.918361713885413e-75,18.79944610595703
gehring_L3_state,16. PEN dehyd,AT1G18100,3,6.290349006652832,1.143037650397137e-73,18.64198112487793
gehring_L3_state,16. PEN dehyd,AT1G56170,4,5.053134441375732,6.934971348077344e-67,17.77094268798828
gehring_L3_state,16. PEN dehyd,AT5G38160,5,5.274575233459473,9.179977891440981e-61,16.948814392089844
gehring_L3_state,16. PEN dehyd,AT5G57260,6,6.48822832107544,9.355411547978022e-60,16.800954818725586
gehring_L3_state,16. PEN dehyd,AT1G36060,7,5.394218444824219,5.8481373478020655e-56,16.264904022216797
gehring_L3_state,16. PEN dehyd,AT2G44470,8,4.1510820388793945,4.398136736138221e-54,15.989792823791504
gehring_L3_state,16. PEN dehyd,AT5G07200,9,4.8178300857543945,6.612685635181211e-54,15.957015991210938
gehring_L3_state,16. PEN dehyd,AT2G02120,10,6.345963478088379,1.6643055085289918e-49,15.304632186889648
gehring_L3_state,16. PEN dehyd,AT2G02100,11,4.152968406677246,1.3309902124584257e-45,14.70194149017334
gehring_L3_state,16. PEN dehyd,AT3G11180,12,5.244840621948242,5.242668821947577e-45,14.602898597717283
gehring_L3_state,16. PEN dehyd,AT1G12080,13,4.700319766998291,9.52469197782679e-45,14.556673049926758
gehring_L3_state,16. PEN dehyd,AT1G04380,14,4.541332721710205,1.1706748595983768e-41,14.055418968200684
gehring_L3_state,16. PEN dehyd,AT3G26790,15,4.283815383911133,1.1706748595983768e-41,14.051774978637695
gehring_L3_state,16. PEN dehyd,AT1G76180,16,3.584948301315308,8.527157061309394e-41,13.905848503112791
gehring_L3_state,16. PEN dehyd,AT3G16770,17,3.5732357501983643,8.131167213817613e-40,13.739184379577637
gehring_L3_state,16. PEN dehyd,AT3G27785,18,4.635803699493408,1.665650334354774e-38,13.512822151184082
gehring_L3_state,16. PEN dehyd,AT2G27380,19,5.110630035400391,1.665650334354774e-38,13.51060962677002
gehring_L3_state,16. PEN dehyd,AT5G38170,20,4.045872211456299,2.3194173268228456e-36,13.138367652893066
gehring_L3_state,16. PEN dehyd,AT5G18310,21,4.65509557723999,4.5184024411398016e-35,12.907953262329102
gehring_L3_state,16. PEN dehyd,AT1G55810,22,3.475396156311035,1.6971369589834235e-34,12.802021980285645
gehring_L3_state,16. PEN dehyd,AT5G63530,23,3.471057176589966,2.2040773534715536e-32,12.411521911621094
gehring_L3_state,16. PEN dehyd,AT3G62860,24,4.707090377807617,1.2080477597370568e-31,12.268095970153809
gehring_L3_state,16. PEN dehyd,AT5G50090,25,4.285996913909912,1.7975622521115168e-31,12.232805252075195
gehring_L3_state,16. PEN dehyd,ATCG00020,26,2.5140769481658936,1.0041410087953178e-30,12.089313507080078
gehring_L3_state,16. PEN dehyd,AT1G33700,27,5.138659954071045,1.0288699405869868e-30,12.084430694580078
gehring_L3_state,16. PEN dehyd,AT3G44460,28,4.1659932136535645,1.0728033584737872e-30,12.078205108642578
gehring_L3_state,16. PEN dehyd,AT4G35750,29,3.0012366771698,3.636945246371462e-30,11.974669456481934
gehring_L3_state,16. PEN dehyd,AT4G35560,30,4.466938495635986,8.248418072489388e-30,11.903913497924805
gehring_L3_state,16. PEN dehyd,AT5G55410,31,4.575165748596191,1.1829550541595825e-29,11.871220588684082
gehring_L3_state,16. PEN dehyd,AT1G52690,32,7.418506145477295,1.2164412829352632e-29,11.866387367248535
gehring_L3_state,16. PEN dehyd,AT5G65590,33,5.3040924072265625,2.697775531082518e-29,11.797106742858888
gehring_L3_state,16. PEN dehyd,AT4G00220,34,3.910620927810669,3.12403654515086e-29,11.780069351196287
gehring_L3_state,16. PEN dehyd,AT1G01470,35,7.839262962341309,1.431640705593939e-28,11.64878749847412
gehring_L3_state,16. PEN dehyd,AT3G57780,36,4.543696403503418,1.7303560714039715e-28,11.63040828704834
gehring_L3_state,16. PEN dehyd,AT5G10300,37,5.047009944915772,1.4682740142447624e-27,11.44425106048584
gehring_L3_state,16. PEN dehyd,AT4G39260,38,2.0217692852020264,5.586985900962196e-27,11.325604438781738
gehring_L3_state,16. PEN dehyd,AT1G79245,39,2.6245179176330566,8.922689321966488e-27,11.282390594482422
gehring_L3_state,16. PEN dehyd,AT3G03240,40,4.943923473358154,2.793814543338852e-25,10.973240852355955
gehring_L3_state,16. PEN dehyd,AT5G47060,41,2.725041389465332,2.061759373161374e-24,10.788970947265623
gehring_L3_state,16. PEN dehyd,AT3G23090,42,3.673555612564087,2.7381643963149484e-24,10.760790824890137
gehring_L3_state,16. PEN dehyd,AT5G49190,43,3.467873334884644,3.644912579680879e-24,10.732370376586914
gehring_L3_state,16. PEN dehyd,AT4G38810,44,4.595914363861084,5.913355332286632e-24,10.685579299926758
gehring_L3_state,16. PEN dehyd,AT3G48300,45,3.765872240066528,8.146489824792999e-24,10.653853416442873
gehring_L3_state,16. PEN dehyd,AT2G25940,46,4.258722305297852,1.8393654828495426e-23,10.573972702026367
gehring_L3_state,16. PEN dehyd,AT1G15150,47,3.846459627151489,6.518339230932807e-23,10.450984001159668
gehring_L3_state,16. PEN dehyd,AT1G33055,48,3.6863765716552734,3.4282250473835504e-22,10.288745880126951
gehring_L3_state,16. PEN dehyd,AT1G33050,49,3.2433927059173584,4.008341273826348e-21,10.04388427734375
gehring_L3_state,16. PEN dehyd,AT1G62310,50,2.415722370147705,4.276087062810796e-21,10.03579044342041
gehring_L3_state,16. PEN s-phase,AT5G63550,1,5.663319110870361,1.3172627434762693e-262,34.907928466796875
gehring_L3_state,16. PEN s-phase,AT3G18035,2,4.814378261566162,1.6547630048879173e-213,31.48450088500977
gehring_L3_state,16. PEN s-phase,AT5G49160,3,5.200163841247559,5.519448869430037e-209,31.139284133911133
gehring_L3_state,16. PEN s-phase,AT5G59870,4,5.150783061981201,4.828850799206402e-204,30.76272773742676
gehring_L3_state,16. PEN s-phase,AT3G20670,5,4.848411560058594,3.3836326131628913e-187,29.46876716613769
gehring_L3_state,16. PEN s-phase,AT1G69770,6,4.71966552734375,6.76430043711298e-182,29.045846939086918
gehring_L3_state,16. PEN s-phase,AT5G38690,7,5.038223743438721,7.061547286643503e-181,28.95975875854492
gehring_L3_state,16. PEN s-phase,AT1G11070,8,4.343441009521484,1.674676667951195e-175,28.52503776550293
gehring_L3_state,16. PEN s-phase,AT4G00020,9,5.415775299072266,1.7319062359138979e-171,28.19534683227539
gehring_L3_state,16. PEN s-phase,AT1G51060,10,4.290421485900879,1.520018518815851e-169,28.032642364501957
gehring_L3_state,16. PEN s-phase,AT3G54320,11,3.809093952178955,3.7441771903587135e-167,27.83234596252441
gehring_L3_state,16. PEN s-phase,AT5G23420,12,4.9016876220703125,1.3134568432528693e-166,27.78414535522461
gehring_L3_state,16. PEN s-phase,AT4G02110,13,5.230686664581299,2.0683544442661076e-166,27.76494026184082
gehring_L3_state,16. PEN s-phase,AT1G08260,14,3.468358039855957,7.681925058395269e-165,27.631935119628903
gehring_L3_state,16. PEN s-phase,AT5G50090,15,4.319887161254883,1.726315874832072e-154,26.75404930114746
gehring_L3_state,16. PEN s-phase,AT5G61000,16,5.595798492431641,1.4056500565051552e-153,26.673242568969727
gehring_L3_state,16. PEN s-phase,AT1G54690,17,4.920577049255371,4.6795876426179914e-150,26.365562438964844
gehring_L3_state,16. PEN s-phase,AT3G43690,18,3.366316556930542,4.206298190748431e-147,26.104522705078125
gehring_L3_state,16. PEN s-phase,AT4G27230,19,4.312812328338623,1.6351692579911157e-144,25.87334442138672
gehring_L3_state,16. PEN s-phase,AT5G05180,20,5.015066623687744,7.906183582892216e-144,25.810470581054688
gehring_L3_state,16. PEN s-phase,AT3G51740,21,4.827803611755371,9.593753259842448e-141,25.532371520996094
gehring_L3_state,16. PEN s-phase,AT2G46980,22,4.819314002990723,2.34259810029607e-140,25.49561309814453
gehring_L3_state,16. PEN s-phase,AT1G20720,23,4.411420822143555,3.943285132443839e-139,25.383056640625
gehring_L3_state,16. PEN s-phase,AT4G28365,24,3.64972186088562,1.1578540960301434e-135,25.065309524536133
gehring_L3_state,16. PEN s-phase,AT2G22660,25,3.091759443283081,2.2227353436967588e-135,25.037691116333008
gehring_L3_state,16. PEN s-phase,AT3G14205,26,3.294206142425537,4.2601368310377514e-133,24.825653076171875
gehring_L3_state,16. PEN s-phase,AT5G43080,27,5.184103012084961,4.943643969067819e-132,24.7253475189209
gehring_L3_state,16. PEN s-phase,AT2G16586,28,2.6764228343963623,1.3371324277444752e-130,24.59036064147949
gehring_L3_state,16. PEN s-phase,AT1G75150,29,4.481330871582031,3.821948594174072e-130,24.54625701904297
gehring_L3_state,16. PEN s-phase,AT1G55810,30,3.2794268131256104,2.5434471643298797e-128,24.37353515625
gehring_L3_state,16. PEN s-phase,AT3G54560,31,4.327974319458008,1.0699604586101632e-126,24.218542098999023
gehring_L3_state,16. PEN s-phase,AT2G27170,32,3.0557351112365723,1.9497897100640604e-122,23.80939674377441
gehring_L3_state,16. PEN s-phase,AT4G21430,33,3.223937749862671,1.9174050005786598e-120,23.614938735961918
gehring_L3_state,16. PEN s-phase,AT1G78520,34,4.010824203491211,3.760881586361099e-117,23.290990829467773
gehring_L3_state,16. PEN s-phase,AT2G02100,35,3.110470533370972,2.717112347217932e-115,23.104368209838867
gehring_L3_state,16. PEN s-phase,AT2G32440,36,3.94967532157898,4.717396457813784e-115,23.07933616638184
gehring_L3_state,16. PEN s-phase,AT2G38810,37,4.558993816375732,4.591233167599871e-114,22.97955894470215
gehring_L3_state,16. PEN s-phase,AT3G54670,38,2.773343563079834,5.887745837138942e-114,22.96762466430664
gehring_L3_state,16. PEN s-phase,AT3G59100,39,4.339047431945801,2.126637410023113e-113,22.910642623901367
gehring_L3_state,16. PEN s-phase,AT5G63700,40,3.1727468967437744,2.5112366024420057e-113,22.902324676513672
gehring_L3_state,16. PEN s-phase,AT5G48600,41,4.297577857971191,6.62830142101714e-113,22.85893440246582
gehring_L3_state,16. PEN s-phase,AT2G32370,42,4.498721599578857,1.6120504199506644e-112,22.819067001342773
gehring_L3_state,16. PEN s-phase,AT5G07260,43,3.6351592540740967,1.135281744642592e-111,22.732521057128903
gehring_L3_state,16. PEN s-phase,AT1G12080,44,3.6974880695343018,1.5639541269550222e-111,22.717464447021484
gehring_L3_state,16. PEN s-phase,AT1G14900,45,4.051089286804199,1.681874426065416e-110,22.61189842224121
gehring_L3_state,16. PEN s-phase,AT1G78760,46,3.613978862762451,4.6123284883921517e-110,22.566375732421875
gehring_L3_state,16. PEN s-phase,AT1G15940,47,2.996991872787476,9.374094394466317e-109,22.431840896606445
gehring_L3_state,16. PEN s-phase,AT5G67100,48,3.416689872741699,1.2149330687765598e-108,22.419382095336918
gehring_L3_state,16. PEN s-phase,AT1G04020,49,4.857443332672119,1.2228856088133268e-108,22.418193817138672
gehring_L3_state,16. PEN s-phase,AT4G33330,50,3.9862406253814697,2.426193260832217e-108,22.38678932189941
gehring_L3_state,17. CPT trans nuc,AT1G56100,1,6.651261329650879,3.297538910495247e-135,25.15006828308105
gehring_L3_state,17. CPT trans nuc,AT2G17710,2,5.809579849243164,1.1758532896417246e-132,24.887895584106445
gehring_L3_state,17. CPT trans nuc,AT1G61720,3,6.111931800842285,2.3370982522891076e-125,24.187667846679688
gehring_L3_state,17. CPT trans nuc,AT1G62333,4,5.185066223144531,2.5772387567526577e-125,24.1717529296875
gehring_L3_state,17. CPT trans nuc,AT5G17220,5,6.11750602722168,1.9877491966214504e-124,24.077985763549805
gehring_L3_state,17. CPT trans nuc,AT5G42800,6,5.458297252655029,6.197260547177094e-119,23.539958953857425
gehring_L3_state,17. CPT trans nuc,AT3G49780,7,5.433997631072998,1.2232608994579228e-117,23.406570434570312
gehring_L3_state,17. CPT trans nuc,AT3G20210,8,5.326653003692627,5.798585543853368e-110,22.634464263916016
gehring_L3_state,17. CPT trans nuc,AT4G22880,9,5.261492729187012,4.35487919654532e-105,22.12860679626465
gehring_L3_state,17. CPT trans nuc,AT3G13530,10,4.932853698730469,4.1677190144252815e-99,21.49370384216309
gehring_L3_state,17. CPT trans nuc,AT1G43640,11,3.612684726715088,7.112497379003526e-95,21.03193473815918
gehring_L3_state,17. CPT trans nuc,AT2G47895,12,4.238578796386719,5.369667173347584e-86,20.03448486328125
gehring_L3_state,17. CPT trans nuc,AT4G26420,13,4.285524368286133,1.4789824652382032e-85,19.97998046875
gehring_L3_state,17. CPT trans nuc,AT5G39190,14,4.643577098846436,3.7089608856713953e-85,19.930316925048828
gehring_L3_state,17. CPT trans nuc,AT4G12890,15,4.064040660858154,3.933844989598166e-85,19.92391586303711
gehring_L3_state,17. CPT trans nuc,AT2G38900,16,4.391950607299805,7.399605072183888e-84,19.77320671081543
gehring_L3_state,17. CPT trans nuc,AT1G06550,17,3.831698417663574,1.5468845770157785e-83,19.73291015625
gehring_L3_state,17. CPT trans nuc,AT4G20320,18,4.917635440826416,3.974929534772039e-79,19.209857940673828
gehring_L3_state,17. CPT trans nuc,AT5G05270,19,3.6983585357666016,1.5132401562815903e-77,19.01714324951172
gehring_L3_state,17. CPT trans nuc,AT3G08770,20,4.039260387420654,3.169972192714469e-77,18.975629806518555
gehring_L3_state,17. CPT trans nuc,AT5G39160,21,4.447713375091553,3.5765540468053564e-73,18.476146697998047
gehring_L3_state,17. CPT trans nuc,AT2G22620,22,3.3316404819488525,1.3205181176013066e-67,17.768352508544922
gehring_L3_state,17. CPT trans nuc,AT4G36380,23,4.213206768035889,1.8392244883891003e-64,17.354942321777344
gehring_L3_state,17. CPT trans nuc,AT5G13930,24,2.888124227523804,8.580577032248109e-63,17.13036346435547
gehring_L3_state,17. CPT trans nuc,AT5G57630,25,4.60532283782959,9.573892535877544e-62,16.987056732177734
gehring_L3_state,17. CPT trans nuc,AT3G62730,26,5.636698246002197,3.2067337358914217e-61,16.91368293762207
gehring_L3_state,17. CPT trans nuc,AT5G56300,27,3.790708780288696,6.285328166602621e-61,16.87175750732422
gehring_L3_state,17. CPT trans nuc,AT2G21430,28,4.557727813720703,9.19003096754731e-61,16.847152709960938
gehring_L3_state,17. CPT trans nuc,AT1G05260,29,4.201422691345215,1.5203758929194505e-58,16.540124893188477
gehring_L3_state,17. CPT trans nuc,AT4G21480,30,4.305662155151367,1.6150384423165798e-57,16.395103454589844
gehring_L3_state,17. CPT trans nuc,AT4G30470,31,3.7638795375823975,2.0611814413082684e-56,16.23760986328125
gehring_L3_state,17. CPT trans nuc,AT2G19110,32,3.6201562881469727,1.9648999732785902e-54,15.953584671020508
gehring_L3_state,17. CPT trans nuc,AT5G39130,33,3.337255954742432,2.8764779646260324e-54,15.92784595489502
gehring_L3_state,17. CPT trans nuc,AT1G65060,34,3.515232801437378,1.8787623411356574e-53,15.808171272277832
gehring_L3_state,17. CPT trans nuc,AT4G09820,35,3.651413202285767,3.390756834023625e-50,15.326620101928713
gehring_L3_state,17. CPT trans nuc,AT4G12460,36,3.129373788833618,9.196258633316692e-50,15.259819984436035
gehring_L3_state,17. CPT trans nuc,AT1G34580,37,2.862813234329224,3.4705176879595425e-49,15.171113967895508
gehring_L3_state,17. CPT trans nuc,AT3G23460,38,4.456966400146484,6.361008812174241e-41,13.864870071411133
gehring_L3_state,17. CPT trans nuc,AT1G21440,39,3.2907586097717285,1.2953437331327531e-40,13.811875343322754
gehring_L3_state,17. CPT trans nuc,AT1G02940,40,5.149257183074951,3.816470153363016e-40,13.731993675231934
gehring_L3_state,17. CPT trans nuc,AT5G63180,41,4.527961730957031,4.1186157193312605e-39,13.556774139404297
gehring_L3_state,17. CPT trans nuc,AT3G04280,42,2.8224565982818604,3.648935715058204e-37,13.220152854919434
gehring_L3_state,17. CPT trans nuc,AT2G23910,43,2.7937653064727783,8.595319006310547e-37,13.153814315795898
gehring_L3_state,17. CPT trans nuc,AT3G23600,44,2.760122060775757,1.0010253729551898e-35,12.965203285217283
gehring_L3_state,17. CPT trans nuc,AT1G12200,45,2.7908148765563965,1.1669868686318918e-35,12.951748847961426
gehring_L3_state,17. CPT trans nuc,AT2G42860,46,4.546034336090088,3.0598280933746127e-35,12.87588882446289
gehring_L3_state,17. CPT trans nuc,AT2G46960,47,3.104013442993164,5.9111420330661095e-34,12.64358615875244
gehring_L3_state,17. CPT trans nuc,AT5G38970,48,3.03406834602356,1.7467844529539025e-33,12.55649757385254
gehring_L3_state,17. CPT trans nuc,AT3G51240,49,2.355323314666748,3.246359304588874e-33,12.505746841430664
gehring_L3_state,17. CPT trans nuc,AT5G04500,50,3.491892099380493,3.4642138258902515e-33,12.499011039733888
gehring_L3_state,17. CZSC plac phos,AT3G04280,1,5.191039562225342,2.5122688587236e-144,25.97022247314453
gehring_L3_state,17. CZSC plac phos,AT2G46960,2,3.572801351547241,8.846944149513693e-124,24.054059982299805
gehring_L3_state,17. CZSC plac phos,AT2G47750,3,5.202140331268311,5.700227879179122e-107,22.372360229492188
gehring_L3_state,17. CZSC plac phos,AT2G33480,4,3.685739278793335,8.778397950619129e-81,19.463184356689453
gehring_L3_state,17. CZSC plac phos,AT5G56300,5,3.8985750675201416,1.3173921935707129e-69,18.088233947753903
gehring_L3_state,17. CZSC plac phos,AT3G02470,6,1.8125183582305908,3.210021705099267e-67,17.775270462036133
gehring_L3_state,17. CZSC plac phos,AT3G60160,7,3.59845232963562,7.454699658255979e-64,17.322372436523438
gehring_L3_state,17. CZSC plac phos,AT4G02940,8,3.910418510437012,9.990647445974569e-62,17.027568817138672
gehring_L3_state,17. CZSC plac phos,AT5G48100,9,3.5808229446411133,2.6400735458361993e-60,16.830108642578125
gehring_L3_state,17. CZSC plac phos,AT1G04580,10,3.3700191974639893,5.32549633885793e-60,16.78411102294922
gehring_L3_state,17. CZSC plac phos,ATCG00020,11,1.9691568613052368,2.597572660115602e-56,16.26793098449707
gehring_L3_state,17. CZSC plac phos,AT1G13390,12,2.898106813430786,1.0187969564726024e-55,16.176315307617188
gehring_L3_state,17. CZSC plac phos,AT4G37520,13,2.9172658920288086,9.10944892060225e-55,16.037288665771484
gehring_L3_state,17. CZSC plac phos,AT5G58930,14,3.284348726272583,1.823406280919137e-53,15.846674919128418
gehring_L3_state,17. CZSC plac phos,AT4G15540,15,2.83164381980896,4.517233982358273e-52,15.640362739562988
gehring_L3_state,17. CZSC plac phos,AT1G62060,16,3.1798110008239746,2.943451154332213e-49,15.219023704528809
gehring_L3_state,17. CZSC plac phos,AT1G62480,17,2.846714496612549,4.4187494661602806e-48,15.037674903869627
gehring_L3_state,17. CZSC plac phos,AT4G36648,18,1.2123430967330933,5.23620446867036e-47,14.870115280151367
gehring_L3_state,17. CZSC plac phos,AT1G75390,19,1.9721754789352417,8.054669725065516e-47,14.838400840759276
gehring_L3_state,17. CZSC plac phos,AT4G10120,20,4.446727275848389,1.6999723858327713e-44,14.4721040725708
gehring_L3_state,17. CZSC plac phos,AT1G62380,21,3.948886632919312,1.7972481432246122e-44,14.46557903289795
gehring_L3_state,17. CZSC plac phos,AT1G32700,22,2.742886066436768,2.154631189365529e-43,14.291033744812012
gehring_L3_state,17. CZSC plac phos,AT5G02380,23,3.329646110534668,5.6012773707160704e-43,14.221806526184082
gehring_L3_state,17. CZSC plac phos,AT5G65670,24,1.8177341222763064,4.5885678252941365e-42,14.071401596069336
gehring_L3_state,17. CZSC plac phos,AT3G57390,25,3.0281052589416504,7.735828006158793e-40,13.699236869812012
gehring_L3_state,17. CZSC plac phos,AT5G47150,26,2.4117190837860107,4.6410936848465234e-39,13.566191673278809
gehring_L3_state,17. CZSC plac phos,AT4G20320,27,3.2860777378082275,3.0210577015805766e-38,13.423663139343262
gehring_L3_state,17. CZSC plac phos,AT1G80050,28,4.670921325683594,1.539122862032018e-36,13.124914169311523
gehring_L3_state,17. CZSC plac phos,AT2G16990,29,2.9941670894622803,1.2385547419133756e-35,12.963886260986328
gehring_L3_state,17. CZSC plac phos,AT3G25260,30,2.0198068618774414,1.873688689522749e-35,12.930051803588867
gehring_L3_state,17. CZSC plac phos,AT5G20700,31,2.3300817012786865,2.0329932810493616e-35,12.921778678894045
gehring_L3_state,17. CZSC plac phos,AT4G12290,32,3.065829277038574,1.1314834946449217e-33,12.604881286621094
gehring_L3_state,17. CZSC plac phos,AT4G37050,33,2.495459794998169,3.327369707121207e-33,12.517637252807615
gehring_L3_state,17. CZSC plac phos,AT1G43640,34,1.7919493913650513,1.8401897369269256e-32,12.37924098968506
gehring_L3_state,17. CZSC plac phos,AT1G03920,35,3.48042106628418,2.1167341405361678e-32,12.366150856018066
gehring_L3_state,17. CZSC plac phos,AT4G16620,36,3.650653123855591,3.2958299415692105e-32,12.328713417053224
gehring_L3_state,17. CZSC plac phos,AT3G10985,37,2.2406585216522217,5.779189375740093e-32,12.279854774475098
gehring_L3_state,17. CZSC plac phos,AT5G41790,38,2.3287172317504883,1.935123745890222e-31,12.178296089172363
gehring_L3_state,17. CZSC plac phos,AT4G40010,39,3.298137187957764,2.353413716812446e-31,12.160672187805176
gehring_L3_state,17. CZSC plac phos,AT1G74840,40,3.4296762943267822,9.34027018507823e-31,12.044316291809082
gehring_L3_state,17. CZSC plac phos,AT1G66200,41,3.4195799827575684,1.5003564495749726e-30,12.003592491149902
gehring_L3_state,17. CZSC plac phos,AT1G63420,42,2.097885847091675,2.6325262572777344e-30,11.955430030822754
gehring_L3_state,17. CZSC plac phos,AT5G02230,43,4.052016258239746,7.432725250820066e-30,11.867362022399902
gehring_L3_state,17. CZSC plac phos,AT2G41220,44,2.275866270065308,1.820404872848138e-29,11.790655136108398
gehring_L3_state,17. CZSC plac phos,AT1G30820,45,4.537144184112549,1.341927683041243e-28,11.619710922241213
gehring_L3_state,17. CZSC plac phos,AT4G36870,46,3.466062068939209,1.885912837351485e-28,11.589110374450684
gehring_L3_state,17. CZSC plac phos,AT1G34060,47,4.086742401123047,1.9765085928842e-26,11.179149627685549
gehring_L3_state,17. CZSC plac phos,AT2G23790,48,1.5270936489105225,1.2476554795010973e-25,11.011520385742188
gehring_L3_state,17. CZSC plac phos,AT5G66170,49,2.3725571632385254,3.1233134683577256e-25,10.92712116241455
gehring_L3_state,17. CZSC plac phos,AT1G76180,50,1.8408437967300413,1.168723590674861e-24,10.805268287658691
gehring_L3_state,17. PEN gen IV,AT1G78760,1,4.830607891082764,1.581313435495908e-94,21.107650756835938
gehring_L3_state,17. PEN gen IV,AT2G38870,2,5.348970890045166,3.221862981671272e-90,20.599782943725582
gehring_L3_state,17. PEN gen IV,AT2G22660,3,3.694949150085449,5.968031417962675e-82,19.635713577270508
gehring_L3_state,17. PEN gen IV,AT5G46880,4,5.073587894439697,2.8904314681036354e-75,18.822429656982425
gehring_L3_state,17. PEN gen IV,AT4G28365,5,3.972694158554077,2.210957425864691e-70,18.20478057861328
gehring_L3_state,17. PEN gen IV,AT4G21380,6,5.25565767288208,4.561801869962747e-65,17.511484146118164
gehring_L3_state,17. PEN gen IV,AT4G31610,7,6.1675896644592285,5.185715812849923e-63,17.23105239868164
gehring_L3_state,17. PEN gen IV,AT1G78520,8,4.333812713623047,5.3477141437773486e-61,16.952951431274414
gehring_L3_state,17. PEN gen IV,AT1G77580,9,3.756796598434448,6.308235945065557e-60,16.80027961730957
gehring_L3_state,17. PEN gen IV,AT5G41070,10,4.822617530822754,1.3970793995580735e-54,16.047231674194336
gehring_L3_state,17. PEN gen IV,AT1G55810,11,3.0493714809417725,4.143213352539181e-50,15.388675689697266
gehring_L3_state,17. PEN gen IV,AT1G11070,12,3.5757365226745605,8.927122464530319e-50,15.333271980285645
gehring_L3_state,17. PEN gen IV,AT2G30590,13,4.058114528656006,1.1795037528888862e-49,15.30996322631836
gehring_L3_state,17. PEN gen IV,AT2G37025,14,3.733392238616944,2.4946903399061506e-49,15.256329536437988
gehring_L3_state,17. PEN gen IV,AT1G79245,15,2.6761574745178223,5.263538649100153e-49,15.198774337768556
gehring_L3_state,17. PEN gen IV,AT3G14205,16,3.188515901565552,2.0297775746334908e-47,14.953566551208496
gehring_L3_state,17. PEN gen IV,AT3G27785,17,3.813653230667114,2.0407933728852323e-47,14.949399948120115
gehring_L3_state,17. PEN gen IV,AT4G18020,18,3.3102378845214844,2.1012026047935216e-47,14.943855285644531
gehring_L3_state,17. PEN gen IV,AT1G36060,19,4.117342472076416,1.0895928126847245e-45,14.674988746643066
gehring_L3_state,17. PEN gen IV,AT2G05310,20,3.253500699996948,3.073044918249066e-45,14.601163864135742
gehring_L3_state,17. PEN gen IV,AT1G71690,21,2.787813901901245,3.946312054313833e-45,14.580927848815918
gehring_L3_state,17. PEN gen IV,AT3G14840,22,3.502167224884033,3.479223316544156e-44,14.428518295288086
gehring_L3_state,17. PEN gen IV,AT1G12080,23,3.7174923419952393,3.456934308028328e-43,14.266292572021484
gehring_L3_state,17. PEN gen IV,AT5G07200,24,3.0328729152679443,3.751053507862175e-43,14.257746696472168
gehring_L3_state,17. PEN gen IV,AT2G44470,25,2.748260736465454,5.92711278321372e-43,14.223034858703612
gehring_L3_state,17. PEN gen IV,AT1G34260,26,3.1342523097991943,1.1859252792542676e-40,13.844679832458496
gehring_L3_state,17. PEN gen IV,AT4G31550,27,3.830634593963623,1.071113389340104e-39,13.682988166809082
gehring_L3_state,17. PEN gen IV,AT5G63700,28,2.956735610961914,1.7734458942445734e-39,13.64372444152832
gehring_L3_state,17. PEN gen IV,AT5G18310,29,3.6325528621673584,2.3787324983870028e-39,13.619823455810549
gehring_L3_state,17. PEN gen IV,AT5G48720,30,3.609838485717773,3.9010058732232914e-39,13.581247329711914
gehring_L3_state,17. PEN gen IV,AT1G56170,31,2.6845202445983887,2.2719067275264726e-38,13.449244499206545
gehring_L3_state,17. PEN gen IV,AT1G15290,32,2.8013901710510254,6.018892050217629e-38,13.374717712402344
gehring_L3_state,17. PEN gen IV,AT4G00730,33,2.7681000232696533,9.16985719675586e-38,13.341150283813477
gehring_L3_state,17. PEN gen IV,AT2G33880,34,6.066573619842529,1.0322800266723152e-37,13.330156326293944
gehring_L3_state,17. PEN gen IV,AT4G21430,35,2.907529354095459,1.2539666707158398e-37,13.313531875610352
gehring_L3_state,17. PEN gen IV,AT5G28000,36,4.712027072906494,3.607336586834008e-37,13.23231315612793
gehring_L3_state,17. PEN gen IV,AT1G04030,37,3.2739179134368896,3.906621691654398e-37,13.22431755065918
gehring_L3_state,17. PEN gen IV,AT1G76180,38,2.483383655548096,1.371126629219486e-36,13.127606391906738
gehring_L3_state,17. PEN gen IV,AT2G39700,39,5.456087589263916,3.384821157623314e-36,13.057056427001951
gehring_L3_state,17. PEN gen IV,AT2G05330,40,5.875321865081787,3.5757457915611145e-36,13.050996780395508
gehring_L3_state,17. PEN gen IV,AT2G02100,41,2.671353340148926,4.291227874384868e-36,13.035256385803224
gehring_L3_state,17. PEN gen IV,AT3G50440,42,4.226940631866455,5.184900851966148e-36,13.019022941589355
gehring_L3_state,17. PEN gen IV,AT3G15990,43,3.252549409866333,5.6105461449316283e-36,13.011240005493164
gehring_L3_state,17. PEN gen IV,AT5G50090,44,3.5840718746185303,1.3405741973189531e-35,12.941100120544434
gehring_L3_state,17. PEN gen IV,AT3G23090,45,3.055833578109741,2.2814560789185678e-35,12.898531913757324
gehring_L3_state,17. PEN gen IV,AT1G17060,46,3.291631937026977,2.0692931426691206e-34,12.725828170776367
gehring_L3_state,17. PEN gen IV,AT3G16770,47,2.448150396347046,5.391771491658059e-34,12.649192810058594
gehring_L3_state,17. PEN gen IV,AT5G46350,48,6.913003444671631,7.0936133621966575e-34,12.626030921936035
gehring_L3_state,17. PEN gen IV,AT4G26760,49,2.617157459259033,3.674253456870141e-33,12.494329452514648
gehring_L3_state,17. PEN gen IV,AT2G26070,50,3.045067310333252,4.030483809210888e-33,12.48542308807373
gehring_L3_state,18. CZSC gen,AT3G59010,1,6.8100457191467285,0.0,41.621376037597656
gehring_L3_state,18. CZSC gen,AT3G04280,2,5.42698860168457,0.0,40.100223541259766
gehring_L3_state,18. CZSC gen,AT4G09960,3,3.6004621982574463,7.1533608158523546e-276,35.740840911865234
gehring_L3_state,18. CZSC gen,AT4G37520,4,4.3486104011535645,1.1901349705961815e-264,35.00284194946289
gehring_L3_state,18. CZSC gen,AT2G46960,5,3.613203763961792,9.753143678890611e-206,30.88196563720703
gehring_L3_state,18. CZSC gen,AT5G65670,6,2.76865029335022,9.097233741946028e-202,30.578903198242188
gehring_L3_state,18. CZSC gen,AT3G57230,7,3.9237234592437744,5.559861672340395e-197,30.211654663085938
gehring_L3_state,18. CZSC gen,AT3G48230,8,4.721311569213867,2.6687425904262486e-194,30.00238800048828
gehring_L3_state,18. CZSC gen,AT4G34000,9,3.366240739822388,6.8548922259895096e-192,29.813140869140625
gehring_L3_state,18. CZSC gen,AT5G20830,10,3.99446177482605,7.5156722399540236e-183,29.10378074645996
gehring_L3_state,18. CZSC gen,AT5G54660,11,5.242208003997803,1.3410686210664036e-180,28.92202377319336
gehring_L3_state,18. CZSC gen,AT2G32240,12,3.503670215606689,1.5211683633400448e-180,28.9146671295166
gehring_L3_state,18. CZSC gen,AT3G58780,13,2.911537170410156,7.170272315562398e-180,28.85828971862793
gehring_L3_state,18. CZSC gen,AT1G75390,14,2.56827163696289,4.381065416540585e-173,28.309715270996094
gehring_L3_state,18. CZSC gen,AT5G21150,15,2.699460744857788,9.237649548353295e-165,27.622774124145508
gehring_L3_state,18. CZSC gen,AT1G32450,16,4.22681999206543,5.722578680226636e-148,26.18520736694336
gehring_L3_state,18. CZSC gen,AT4G15160,17,6.01726770401001,2.92601503100148e-144,25.855173110961918
gehring_L3_state,18. CZSC gen,AT3G13810,18,4.665199279785156,7.260744180353513e-142,25.63911819458008
gehring_L3_state,18. CZSC gen,AT2G44460,19,4.923016548156738,5.401299629669287e-136,25.104957580566406
gehring_L3_state,18. CZSC gen,AT5G25220,20,2.8625707626342773,1.2480239979891188e-135,25.069583892822266
gehring_L3_state,18. CZSC gen,AT4G10120,21,4.629024505615234,1.1078907112350098e-134,24.980525970458984
gehring_L3_state,18. CZSC gen,AT1G05490,22,2.34347939491272,1.3773853028868369e-134,24.96996116638184
gehring_L3_state,18. CZSC gen,AT1G03040,23,2.6127285957336426,1.8632664952827502e-132,24.771181106567383
gehring_L3_state,18. CZSC gen,AT4G20320,24,3.968657732009888,1.813357436753194e-131,24.677579879760746
gehring_L3_state,18. CZSC gen,AT5G47370,25,4.697658538818359,7.342887712486164e-130,24.525728225708008
gehring_L3_state,18. CZSC gen,AT1G76180,26,2.7384371757507324,2.5351081137335643e-129,24.4736385345459
gehring_L3_state,18. CZSC gen,AT5G27950,27,2.9650495052337646,2.0200169480149153e-126,24.19803237915039
gehring_L3_state,18. CZSC gen,AT5G25770,28,2.76660680770874,9.711875502149366e-125,24.03621864318848
gehring_L3_state,18. CZSC gen,AT3G08860,29,4.430817604064941,8.778798109373841e-116,23.16244506835937
gehring_L3_state,18. CZSC gen,AT1G75750,30,2.7627789974212646,7.787689349740226e-113,22.866586685180664
gehring_L3_state,18. CZSC gen,AT4G17670,31,3.033730983734131,8.142393378984277e-110,22.559642791748047
gehring_L3_state,18. CZSC gen,AT3G10985,32,2.5173635482788086,4.0406899139364643e-109,22.487253189086918
gehring_L3_state,18. CZSC gen,AT2G44670,33,2.663710117340088,1.3952691793517702e-105,22.121339797973636
gehring_L3_state,18. CZSC gen,AT4G26590,34,2.3105673789978027,1.5021557111443087e-105,22.116662979125977
gehring_L3_state,18. CZSC gen,AT1G26560,35,2.8749914169311523,3.549861370341579e-102,21.762020111083984
gehring_L3_state,18. CZSC gen,AT5G25620,36,3.898349285125733,2.828810023110231e-100,21.559024810791016
gehring_L3_state,18. CZSC gen,AT4G37050,37,2.9470632076263428,5.132803030364234e-100,21.530160903930664
gehring_L3_state,18. CZSC gen,AT2G18960,38,2.1803486347198486,1.5339760926083411e-97,21.26309967041016
gehring_L3_state,18. CZSC gen,AT1G69850,39,3.035325050354004,6.464103922135791e-95,20.97635269165039
gehring_L3_state,18. CZSC gen,AT1G29050,40,2.550266981124878,1.2523429823134269e-93,20.83368682861328
gehring_L3_state,18. CZSC gen,AT4G05631,41,1.9060248136520384,8.846802845255977e-92,20.627593994140625
gehring_L3_state,18. CZSC gen,AT3G05165,42,2.5716552734375,1.0953459329743743e-90,20.504365921020508
gehring_L3_state,18. CZSC gen,AT1G21310,43,2.8737339973449707,4.826778878430498e-90,20.43092918395996
gehring_L3_state,18. CZSC gen,AT3G11690,44,2.2879526615142822,3.934932484441124e-89,20.32708549499512
gehring_L3_state,18. CZSC gen,AT5G49645,45,3.0463099479675293,1.917955813521031e-87,20.13433265686035
gehring_L3_state,18. CZSC gen,AT3G56480,46,3.477785348892212,1.9722415943861613e-86,20.01744270324707
gehring_L3_state,18. CZSC gen,AT1G77660,47,2.9931461811065674,4.0199330431967145e-85,19.865568161010746
gehring_L3_state,18. CZSC gen,AT5G20700,48,2.3071482181549072,9.258097989666212e-84,19.706371307373047
gehring_L3_state,18. CZSC gen,AT1G10820,49,2.497951030731201,4.533983935357368e-83,19.62474822998047
gehring_L3_state,18. CZSC gen,AT5G17980,50,4.397256374359131,5.2485519673126675e-81,19.38071632385254
gehring_L3_state,18. CZSC plac call,AT3G04280,1,7.385860919952393,2.625722563707053e-24,11.10986042022705
gehring_L3_state,18. CZSC plac call,AT1G62480,2,5.932582855224609,2.931688041935301e-23,10.82901096343994
gehring_L3_state,18. CZSC plac call,AT3G14570,3,9.280654907226562,5.632375875218736e-23,10.713767051696776
gehring_L3_state,18. CZSC plac call,AT5G24800,4,9.086260795593262,5.632375875218736e-23,10.705041885375977
gehring_L3_state,18. CZSC plac call,AT3G59100,5,7.50653600692749,8.983163541353994e-23,10.640949249267578
gehring_L3_state,18. CZSC plac call,AT1G75390,6,4.039664268493652,2.7302095563311394e-20,10.076638221740724
gehring_L3_state,18. CZSC plac call,AT3G14780,7,8.908394813537598,1.0122093374144748e-19,9.931670188903809
gehring_L3_state,18. CZSC plac call,AT5G02380,8,5.988870143890381,5.390789586193136e-19,9.749979972839355
gehring_L3_state,18. CZSC plac call,AT2G28810,9,9.287012100219728,8.367043122198423e-19,9.693232536315918
gehring_L3_state,18. CZSC plac call,AT1G26450,10,9.022693634033203,9.995750953096333e-18,9.425601959228516
gehring_L3_state,18. CZSC plac call,AT5G49320,11,8.857878684997559,8.710562189567851e-17,9.185419082641602
gehring_L3_state,18. CZSC plac call,AT1G13390,12,4.489584445953369,1.5005696717007556e-14,8.603920936584473
gehring_L3_state,18. CZSC plac call,AT1G73850,13,7.070748805999756,2.3683415376252813e-14,8.542173385620117
gehring_L3_state,18. CZSC plac call,AT3G57390,14,4.470526218414307,1.5317607160477342e-12,8.028964042663574
gehring_L3_state,18. CZSC plac call,AT3G04300,15,6.563591003417969,2.9387296899798965e-12,7.940626621246338
gehring_L3_state,18. CZSC plac call,AT1G74840,16,5.296640872955322,5.349017941164141e-12,7.858411312103271
gehring_L3_state,18. CZSC plac call,AT2G02230,17,6.271815299987793,1.4429846785345868e-10,7.42695951461792
gehring_L3_state,18. CZSC plac call,AT5G65670,18,2.9132275581359863,3.0370656616838184e-10,7.313709259033203
gehring_L3_state,18. CZSC plac call,AT3G03770,19,5.446892261505127,5.448500893694907e-10,7.228179454803467
gehring_L3_state,18. CZSC plac call,AT4G40010,20,4.79177188873291,5.744454940379377e-10,7.214663028717041
gehring_L3_state,18. CZSC plac call,AT4G10120,21,5.334839344024658,7.138423627719172e-10,7.1789631843566895
gehring_L3_state,18. CZSC plac call,AT1G69850,22,4.342447280883789,2.059899834029797e-09,7.026679039001465
gehring_L3_state,18. CZSC plac call,AT1G43910,23,6.589900493621826,2.9529088989501444e-09,6.970492839813232
gehring_L3_state,18. CZSC plac call,AT4G14740,24,5.266365051269531,3.106436912458633e-09,6.957834243774414
gehring_L3_state,18. CZSC plac call,AT2G46960,25,3.5180623531341557,1.0988780411849674e-08,6.767725467681885
gehring_L3_state,18. CZSC plac call,AT4G34590,26,2.9271128177642822,1.0988780411849674e-08,6.766828536987305
gehring_L3_state,18. CZSC plac call,AT4G23410,27,6.831646919250488,1.4174380478759212e-08,6.724777698516846
gehring_L3_state,18. CZSC plac call,AT1G32700,28,3.4053049087524414,2.04371499736559e-08,6.666315078735352
gehring_L3_state,18. CZSC plac call,AT1G54270,29,3.771972179412842,3.41140246432869e-08,6.585800647735596
gehring_L3_state,18. CZSC plac call,AT1G63420,30,3.237020492553711,3.6490082036165055e-08,6.571065425872803
gehring_L3_state,18. CZSC plac call,AT5G23810,31,8.474729537963867,3.936507193661906e-08,6.555175304412842
gehring_L3_state,18. CZSC plac call,AT1G60680,32,7.205367088317871,5.092820653775481e-08,6.51215410232544
gehring_L3_state,18. CZSC plac call,AT1G12780,33,3.7802717685699454,7.30701999872347e-08,6.453335762023926
gehring_L3_state,18. CZSC plac call,AT2G28650,34,3.5010130405426025,8.007930245359241e-08,6.435169219970703
gehring_L3_state,18. CZSC plac call,AT4G23420,35,6.10141134262085,1.0515415477660805e-07,6.387356758117676
gehring_L3_state,18. CZSC plac call,AT1G07640,36,6.033775806427002,1.0515415477660805e-07,6.385397434234619
gehring_L3_state,18. CZSC plac call,AT5G24580,37,5.007144451141357,1.620422016066563e-07,6.31488037109375
gehring_L3_state,18. CZSC plac call,AT2G02020,38,7.312403678894043,2.376231183220589e-07,6.251455307006836
gehring_L3_state,18. CZSC plac call,AT5G45320,39,6.597957134246826,3.323619588330845e-07,6.194962024688721
gehring_L3_state,18. CZSC plac call,AT4G02940,40,4.247100830078125,6.091604961992328e-07,6.094969749450684
gehring_L3_state,18. CZSC plac call,AT2G02130,41,5.291152000427246,1.0564842650810464e-06,6.00245475769043
gehring_L3_state,18. CZSC plac call,AT5G20700,42,3.0570247173309326,1.2768267881908187e-06,5.967881202697754
gehring_L3_state,18. CZSC plac call,AT5G47060,43,2.635675430297852,1.759885471880412e-06,5.911592483520508
gehring_L3_state,18. CZSC plac call,AT1G68170,44,4.82948112487793,2.548460851166236e-06,5.846661567687988
gehring_L3_state,18. CZSC plac call,AT3G47540,45,9.028124809265137,3.613131990032537e-06,5.783607006072998
gehring_L3_state,18. CZSC plac call,AT2G37050,46,3.9545648097991934,3.613131990032537e-06,5.781135559082031
gehring_L3_state,18. CZSC plac call,AT2G31900,47,7.828794479370117,3.967104299407059e-06,5.761916160583496
gehring_L3_state,18. CZSC plac call,AT5G02230,48,4.9008307456970215,8.123925335477128e-06,5.632848739624023
gehring_L3_state,18. CZSC plac call,AT5G50790,49,5.808623790740967,1.5879033861499008e-05,5.512754917144775
gehring_L3_state,18. CZSC plac call,AT5G47370,50,4.483428955078125,1.6047969381983807e-05,5.50753927230835
gehring_L3_state,18. FUN epid,ATMG00020,1,1.1559386253356934,4.96408082527543e-18,9.735688209533691
gehring_L3_state,18. FUN epid,AT3G04280,2,3.10546875,3.029180939699159e-13,8.406929016113281
gehring_L3_state,18. FUN epid,AT5G49360,3,2.49199652671814,3.029180939699159e-13,8.382447242736816
gehring_L3_state,18. FUN epid,AT1G04580,4,2.869119644165039,9.725624487048941e-13,8.217352867126465
gehring_L3_state,18. FUN epid,AT3G60160,5,3.1958236694335938,7.519418934802192e-12,7.945749759674072
gehring_L3_state,18. FUN epid,AT5G47370,6,3.863377571105957,9.218849665319575e-11,7.591786384582519
gehring_L3_state,18. FUN epid,AT2G22990,7,5.105822563171387,4.5751034482943126e-10,7.351677417755127
gehring_L3_state,18. FUN epid,AT5G59310,8,3.980562686920166,3.017103634446928e-09,7.070034503936768
gehring_L3_state,18. FUN epid,AT2G33380,9,4.429459571838379,3.5713450333039542e-09,7.035443305969238
gehring_L3_state,18. FUN epid,AT4G19420,10,3.282991647720337,1.9540200146054152e-07,6.428027153015137
gehring_L3_state,18. FUN epid,AT5G57800,11,5.749574661254883,1.9540200146054152e-07,6.42283821105957
gehring_L3_state,18. FUN epid,AT5G25280,12,2.1414363384246826,6.243954190989539e-07,6.216751575469971
gehring_L3_state,18. FUN epid,AT1G20620,13,3.862816095352173,1.5525815863633776e-06,6.063915729522705
gehring_L3_state,18. FUN epid,AT3G26510,14,2.385685443878174,3.475525448622622e-06,5.917374134063721
gehring_L3_state,18. FUN epid,AT4G39090,15,1.581149697303772,4.511628971201411e-06,5.866927623748779
gehring_L3_state,18. FUN epid,AT5G59320,16,1.9082750082015991,5.161705128908605e-06,5.837470054626465
gehring_L3_state,18. FUN epid,AT2G01021,17,2.274573564529419,9.18230582400307e-06,5.720729827880859
gehring_L3_state,18. FUN epid,AT4G40010,18,2.998853921890259,2.404236581298239e-05,5.525178909301758
gehring_L3_state,18. FUN epid,AT2G38800,19,3.683263063430786,6.231298836091259e-05,5.315035820007324
gehring_L3_state,18. FUN epid,AT1G80050,20,3.64839768409729,8.080579988691903e-05,5.262978553771973
gehring_L3_state,18. FUN epid,AT4G02940,21,2.4604077339172363,8.849538838848966e-05,5.241803646087647
gehring_L3_state,18. FUN epid,AT5G02230,22,3.3593838214874268,0.0001386750144628,5.133252143859863
gehring_L3_state,18. FUN epid,AT3G04730,23,2.965944766998291,0.0001684580693512,5.081264972686768
gehring_L3_state,18. FUN epid,AT1G68170,24,3.262196779251098,0.0002187587213104,5.0138678550720215
gehring_L3_state,18. FUN epid,AT5G02380,25,2.132365465164185,0.0002337201753687,4.994478225708008
gehring_L3_state,18. FUN epid,AT3G15450,26,2.9450011253356934,0.0002957424258744,4.9329986572265625
gehring_L3_state,18. FUN epid,AT5G21940,27,3.928680896759033,0.0013002457193794,4.601550102233887
gehring_L3_state,18. FUN epid,AT5G19140,28,2.3271713256835938,0.0013002457193794,4.597137928009033
gehring_L3_state,18. FUN epid,AT4G05631,29,1.103296160697937,0.0015523800487403,4.554166793823242
gehring_L3_state,18. FUN epid,AT2G16700,30,4.400340557098389,0.0019946220270933,4.486111640930176
gehring_L3_state,18. FUN epid,AT1G72150,31,2.053466320037842,0.0022160494070252,4.456184387207031
gehring_L3_state,18. FUN epid,AT2G25450,32,1.7576466798782349,0.0023008825988427,4.440912246704102
gehring_L3_state,18. FUN epid,AT5G40450,33,3.649980068206787,0.0023729591864609,4.431915760040283
gehring_L3_state,18. FUN epid,AT1G71050,34,4.944788932800293,0.0033623200309945,4.343278408050537
gehring_L3_state,18. FUN epid,AT4G37180,35,2.456033706665039,0.0033623200309945,4.342342376708984
gehring_L3_state,18. FUN epid,AT4G18010,36,4.576605796813965,0.0041894440784331,4.2865495681762695
gehring_L3_state,18. FUN epid,AT2G33480,37,1.6961885690689087,0.0041894440784331,4.284183502197266
gehring_L3_state,18. FUN epid,AT5G24800,38,3.335148811340332,0.0042892720673369,4.275339126586914
gehring_L3_state,18. FUN epid,AT1G13390,39,1.576788306236267,0.0048515777429751,4.239349842071533
gehring_L3_state,18. FUN epid,AT1G28330,40,4.1315693855285645,0.006277915752796,4.170823097229004
gehring_L3_state,18. FUN epid,AT4G30270,41,2.5175464153289795,0.0065404203158169,4.159467697143555
gehring_L3_state,18. FUN epid,AT1G66200,42,2.490561246871948,0.0067901941238051,4.1449503898620605
gehring_L3_state,18. FUN epid,AT1G78970,43,4.853389263153076,0.0132551834391667,3.962240219116211
gehring_L3_state,18. FUN epid,AT2G36080,44,4.860642433166504,0.0132551834391667,3.962114334106445
gehring_L3_state,18. FUN epid,AT5G22920,45,2.948147773742676,0.0134287870330199,3.955386877059937
gehring_L3_state,18. FUN epid,AT1G47128,46,2.787237405776977,0.0147771985002643,3.923575162887573
gehring_L3_state,18. FUN epid,AT1G44800,47,3.261089324951172,0.0158252708899642,3.9015610218048096
gehring_L3_state,18. FUN epid,AT3G26740,48,4.115245819091797,0.0168964390006461,3.881690263748169
gehring_L3_state,18. FUN epid,AT1G32700,49,1.578075647354126,0.019515436470308,3.8406012058258057
gehring_L3_state,18. FUN epid,ATMG01390,50,1.2040140628814695,0.0213466747858447,3.810267686843872
gehring_L3_state,19. CPT pers nuc,ATMG00020,1,1.881435513496399,2.3701041755157997e-48,15.28161334991455
gehring_L3_state,19. CPT pers nuc,AT1G56100,2,3.25374698638916,9.727318739903356e-30,12.08625602722168
gehring_L3_state,19. CPT pers nuc,AT1G51035,3,6.815428256988525,6.1752053510933645e-28,11.71588897705078
gehring_L3_state,19. CPT pers nuc,AT5G59320,4,3.2072913646698,2.285619682168892e-26,11.37047004699707
gehring_L3_state,19. CPT pers nuc,AT5G02380,5,4.145580291748047,2.6124819913341843e-24,10.93519401550293
gehring_L3_state,19. CPT pers nuc,AT3G08770,6,2.848346471786499,3.6400153080742396e-24,10.89291763305664
gehring_L3_state,19. CPT pers nuc,AT1G31290,7,6.112327098846436,5.8270030022978455e-24,10.839224815368652
gehring_L3_state,19. CPT pers nuc,AT2G38900,8,2.890333652496338,3.244540041015777e-23,10.671208381652832
gehring_L3_state,19. CPT pers nuc,AT2G01021,9,3.2592251300811768,5.525836147358803e-23,10.612725257873535
gehring_L3_state,19. CPT pers nuc,ATMG01390,10,2.5707359313964844,2.5948185311861925e-22,10.459027290344238
gehring_L3_state,19. CPT pers nuc,AT1G61095,11,6.954899311065674,2.348404105291144e-19,9.784987449645996
gehring_L3_state,19. CPT pers nuc,AT1G62333,12,2.5836873054504395,9.418162406357439e-18,9.396495819091797
gehring_L3_state,19. CPT pers nuc,AT1G62480,13,2.709581136703491,4.3033135474604127e-17,9.22783374786377
gehring_L3_state,19. CPT pers nuc,AT3G13520,14,2.413071632385254,2.082999919874359e-16,9.05029296875
gehring_L3_state,19. CPT pers nuc,AT3G21850,15,7.013391017913818,7.854712100754021e-16,8.897482872009277
gehring_L3_state,19. CPT pers nuc,AT3G10985,16,2.3771567344665527,1.1801851750153917e-15,8.84578800201416
gehring_L3_state,19. CPT pers nuc,AT5G48480,17,2.6361777782440186,2.946576810374517e-15,8.73693561553955
gehring_L3_state,19. CPT pers nuc,AT5G11740,18,1.7646063566207886,2.1954601381766602e-14,8.501067161560059
gehring_L3_state,19. CPT pers nuc,AT5G50790,19,4.734004974365234,1.8698319817530185e-13,8.242966651916504
gehring_L3_state,19. CPT pers nuc,AT1G75750,20,2.3517262935638428,2.0933901380095962e-13,8.22387409210205
gehring_L3_state,19. CPT pers nuc,AT3G15353,21,4.709141254425049,3.569136222647254e-13,8.154301643371582
gehring_L3_state,19. CPT pers nuc,AT1G07590,22,3.461890935897827,1.1349994301824499e-12,8.008051872253418
gehring_L3_state,19. CPT pers nuc,AT1G61093,23,6.610254764556885,1.4941305184980245e-12,7.969120979309082
gehring_L3_state,19. CPT pers nuc,AT1G20730,24,6.033156394958496,2.814738877236729e-12,7.88557243347168
gehring_L3_state,19. CPT pers nuc,AT1G51030,25,6.777285099029541,3.4953473251562238e-12,7.851127624511719
gehring_L3_state,19. CPT pers nuc,AT3G10590,26,6.900446891784668,3.4953473251562238e-12,7.849196434020996
gehring_L3_state,19. CPT pers nuc,AT4G22050,27,6.212206840515137,5.0528152558978094e-12,7.79841423034668
gehring_L3_state,19. CPT pers nuc,ATMG00090,28,1.7407335042953491,1.3416729912560367e-11,7.66984748840332
gehring_L3_state,19. CPT pers nuc,AT3G04280,29,2.3319106101989746,1.5683045113590052e-11,7.645584583282471
gehring_L3_state,19. CPT pers nuc,AT2G47895,30,2.3096916675567627,1.817896374792272e-11,7.622464179992676
gehring_L3_state,19. CPT pers nuc,AT3G02470,31,1.2019774913787842,6.403491321079626e-11,7.454212665557861
gehring_L3_state,19. CPT pers nuc,AT2G38540,32,2.184723138809204,9.543484587641696e-11,7.39360237121582
gehring_L3_state,19. CPT pers nuc,AT1G02780,33,1.5721834897994995,1.0151029405328662e-10,7.381647109985352
gehring_L3_state,19. CPT pers nuc,AT1G61090,34,7.024874210357666,1.0677404810757888e-10,7.37126350402832
gehring_L3_state,19. CPT pers nuc,AT5G13930,35,1.4997822046279907,4.39706684851164e-10,7.17301082611084
gehring_L3_state,19. CPT pers nuc,AT3G16640,36,1.732970118522644,6.07780724848747e-10,7.125093936920166
gehring_L3_state,19. CPT pers nuc,AT5G20700,37,1.949628472328186,1.0651679757419419e-09,7.04396915435791
gehring_L3_state,19. CPT pers nuc,AT3G59010,38,2.832423448562622,1.5260391541375204e-09,6.99034595489502
gehring_L3_state,19. CPT pers nuc,AT5G39130,39,1.7839475870132446,1.5558646881839e-09,6.9843268394470215
gehring_L3_state,19. CPT pers nuc,AT2G37180,40,3.022333860397339,2.0395292338125536e-09,6.942975044250488
gehring_L3_state,19. CPT pers nuc,AT4G24060,41,2.581070899963379,2.04189377384778e-09,6.938957214355469
gehring_L3_state,19. CPT pers nuc,AT3G21840,42,6.495615482330322,2.04189377384778e-09,6.936531066894531
gehring_L3_state,19. CPT pers nuc,AT1G76180,43,1.6414518356323242,2.0927370965136743e-09,6.930012226104736
gehring_L3_state,19. CPT pers nuc,AT1G61720,44,1.723461389541626,2.374596638828763e-09,6.909129142761231
gehring_L3_state,19. CPT pers nuc,AT4G15750,45,1.7122695446014404,3.316477201189199e-09,6.855741024017334
gehring_L3_state,19. CPT pers nuc,AT5G46300,46,6.232337474822998,1.14128115469615e-08,6.67394495010376
gehring_L3_state,19. CPT pers nuc,AT5G42800,47,1.924845814704895,1.6821526283406872e-08,6.611119747161865
gehring_L3_state,19. CPT pers nuc,AT1G20680,48,5.086416721343994,1.7341125315106632e-08,6.603846073150635
gehring_L3_state,19. CPT pers nuc,AT5G60390,49,1.2775341272354126,2.5304597937961482e-08,6.5448808670043945
gehring_L3_state,19. CPT pers nuc,AT4G12870,50,1.6145731210708618,4.3791287788571375e-08,6.458785057067871
gehring_L3_state,19. CZSC plac phos,AT2G39510,1,8.745976448059082,5.363921897720829e-292,36.79409408569336
gehring_L3_state,19. CZSC plac phos,AT3G04280,2,6.323019981384277,4.443024977993476e-277,35.82975387573242
gehring_L3_state,19. CZSC plac phos,AT5G21150,3,4.255040168762207,4.562604902362146e-246,33.76781463623047
gehring_L3_state,19. CZSC plac phos,AT5G24580,4,7.271097660064697,1.513237274214188e-245,33.72380065917969
gehring_L3_state,19. CZSC plac phos,AT5G02380,5,5.889381408691406,5.574770427932459e-244,33.610145568847656
gehring_L3_state,19. CZSC plac phos,AT4G24060,6,5.951546669006348,1.7626913763266525e-217,31.738853454589844
gehring_L3_state,19. CZSC plac phos,AT1G74840,7,5.84853458404541,1.6102692425585586e-216,31.66428565979004
gehring_L3_state,19. CZSC plac phos,AT2G36190,8,8.875003814697266,9.352544379289952e-206,30.868114471435547
gehring_L3_state,19. CZSC plac phos,AT1G32450,9,5.886400699615479,2.630587937765896e-197,30.228084564208984
gehring_L3_state,19. CZSC plac phos,AT4G10120,10,6.149572372436523,2.4898241112123327e-194,29.994155883789062
gehring_L3_state,19. CZSC plac phos,AT2G18960,11,3.730812549591065,2.4898241112123327e-194,29.99409484863281
gehring_L3_state,19. CZSC plac phos,AT4G40010,12,5.231805801391602,4.0067943145110147e-184,29.197982788085938
gehring_L3_state,19. CZSC plac phos,AT4G09960,13,3.645220994949341,3.434451157128829e-182,29.04256629943848
gehring_L3_state,19. CZSC plac phos,AT4G33550,14,7.821819305419922,5.413820026311643e-173,28.302248001098636
gehring_L3_state,19. CZSC plac phos,AT3G54390,15,4.395330905914307,2.4975850464745536e-164,27.5867919921875
gehring_L3_state,19. CZSC plac phos,AT1G75390,16,3.1270086765289307,1.9846243014879707e-163,27.50931167602539
gehring_L3_state,19. CZSC plac phos,AT1G75750,17,3.950302839279175,3.72889219683541e-158,27.06263732910156
gehring_L3_state,19. CZSC plac phos,AT5G47370,18,5.637358665466309,3.277964595819549e-157,26.98019218444824
gehring_L3_state,19. CZSC plac phos,AT3G48230,19,4.902065753936768,1.79454730462421e-154,26.743776321411133
gehring_L3_state,19. CZSC plac phos,AT5G20700,20,3.539428949356079,4.3885198666009384e-147,26.0988712310791
gehring_L3_state,19. CZSC plac phos,AT2G02130,21,5.969893932342529,2.0958650522402625e-137,25.229888916015625
gehring_L3_state,19. CZSC plac phos,AT3G21420,22,6.020323276519775,3.4834756650237894e-137,25.20793342590332
gehring_L3_state,19. CZSC plac phos,AT2G16990,23,3.978450059890747,1.7831334255631175e-127,24.304553985595703
gehring_L3_state,19. CZSC plac phos,AT4G02940,24,4.118098735809326,4.065338762987873e-124,23.98309898376465
gehring_L3_state,19. CZSC plac phos,AT5G19530,25,7.69992733001709,4.55505916043545e-122,23.784156799316406
gehring_L3_state,19. CZSC plac phos,AT4G39260,26,2.2970542907714844,4.4516825232606146e-120,23.58939743041992
gehring_L3_state,19. CZSC plac phos,AT4G37650,27,6.803507328033447,1.2331650968886447e-117,23.34858703613281
gehring_L3_state,19. CZSC plac phos,AT1G68740,28,7.218576908111572,1.8172655258478282e-110,22.630386352539062
gehring_L3_state,19. CZSC plac phos,AT2G46590,29,5.906782627105713,2.064271156185328e-105,22.109495162963867
gehring_L3_state,19. CZSC plac phos,AT1G76780,30,3.907679796218872,3.0856182408853734e-104,21.98554229736328
gehring_L3_state,19. CZSC plac phos,AT1G19630,31,7.632644653320312,7.115590960015596e-104,21.94609260559082
gehring_L3_state,19. CZSC plac phos,AT5G24660,32,4.824410915374756,7.962041489983735e-102,21.729063034057617
gehring_L3_state,19. CZSC plac phos,AT2G33350,33,7.508230209350586,9.099126488153322e-102,21.72151756286621
gehring_L3_state,19. CZSC plac phos,AT4G17670,34,3.4079103469848637,4.021595675186044e-100,21.54538345336914
gehring_L3_state,19. CZSC plac phos,AT2G32240,35,3.172560453414917,5.7776766634170975e-99,21.420255661010746
gehring_L3_state,19. CZSC plac phos,AT3G20640,36,6.610995769500732,3.318319046649692e-97,21.229402542114254
gehring_L3_state,19. CZSC plac phos,AT1G78090,37,4.989346981048584,4.642092472659173e-94,20.884883880615234
gehring_L3_state,19. CZSC plac phos,AT3G16340,38,6.116403102874756,4.759715194208407e-93,20.772111892700195
gehring_L3_state,19. CZSC plac phos,AT5G54660,39,4.470198154449463,5.290098189094756e-92,20.654865264892575
gehring_L3_state,19. CZSC plac phos,AT5G24800,40,4.9612579345703125,1.53655755199676e-88,20.26481437683105
gehring_L3_state,19. CZSC plac phos,AT3G14990,41,3.6727569103240967,5.151953658927948e-88,20.203950881958008
gehring_L3_state,19. CZSC plac phos,AT5G25620,42,4.2267656326293945,5.577319196560774e-86,19.970117568969727
gehring_L3_state,19. CZSC plac phos,AT4G34000,43,2.841624021530152,5.8681846964896606e-86,19.966402053833008
gehring_L3_state,19. CZSC plac phos,AT3G15353,44,5.355614185333252,1.2250437522080989e-85,19.928447723388672
gehring_L3_state,19. CZSC plac phos,AT1G73850,45,5.541614055633545,6.73878404805449e-85,19.841796875
gehring_L3_state,19. CZSC plac phos,AT2G22190,46,5.46212100982666,1.2562198006595356e-84,19.809356689453125
gehring_L3_state,19. CZSC plac phos,AT3G04300,47,5.242895603179932,5.674957653500056e-84,19.732192993164062
gehring_L3_state,19. CZSC plac phos,AT1G73010,48,4.486964225769043,7.558876330293171e-81,19.364038467407227
gehring_L3_state,19. CZSC plac phos,AT2G32487,49,5.4646100997924805,9.78398269183726e-81,19.348901748657227
gehring_L3_state,19. CZSC plac phos,AT3G28345,50,5.516704559326172,9.78398269183726e-81,19.34864044189453
gehring_L3_state,19. ii1 basal cont PS,AT5G56300,1,6.231311798095703,1.7976047396757088e-81,19.6355094909668
gehring_L3_state,19. ii1 basal cont PS,AT4G26420,2,5.576334476470947,1.8029617072972041e-72,18.515703201293945
gehring_L3_state,19. ii1 basal cont PS,AT5G48100,3,5.487191677093506,9.08501643156846e-67,17.77193260192871
gehring_L3_state,19. ii1 basal cont PS,AT1G62333,4,4.48112154006958,1.0534095288446613e-58,16.68096923828125
gehring_L3_state,19. ii1 basal cont PS,AT1G62480,5,4.57082462310791,2.182083566087519e-56,16.345701217651367
gehring_L3_state,19. ii1 basal cont PS,AT3G04280,6,4.796969890594482,1.5906855143433897e-52,15.782851219177246
gehring_L3_state,19. ii1 basal cont PS,AT5G50750,7,4.793342590332031,2.1211586391066698e-51,15.608694076538086
gehring_L3_state,19. ii1 basal cont PS,AT4G37520,8,4.405526161193848,5.74619150253102e-49,15.238386154174805
gehring_L3_state,19. ii1 basal cont PS,AT1G61720,9,4.473928928375244,3.6949073872501544e-46,14.801962852478027
gehring_L3_state,19. ii1 basal cont PS,AT3G28360,10,6.049808502197266,4.868793197363007e-43,14.303424835205078
gehring_L3_state,19. ii1 basal cont PS,AT2G47750,11,5.015527248382568,2.9196587220104477e-41,14.008960723876951
gehring_L3_state,19. ii1 basal cont PS,AT4G36870,12,5.293313026428223,3.733987209518783e-40,13.814749717712402
gehring_L3_state,19. ii1 basal cont PS,AT5G39190,13,4.151608943939209,8.728855042691996e-40,13.748104095458984
gehring_L3_state,19. ii1 basal cont PS,AT3G02470,14,2.244103193283081,7.628483432891563e-39,13.58529567718506
gehring_L3_state,19. ii1 basal cont PS,AT3G49780,15,4.226590633392334,1.4617756103955372e-38,13.532854080200195
gehring_L3_state,19. ii1 basal cont PS,AT4G37050,16,4.146903991699219,2.285090120701358e-38,13.495512008666992
gehring_L3_state,19. ii1 basal cont PS,AT1G05260,17,4.654893398284912,1.1018158275346638e-37,13.374828338623049
gehring_L3_state,19. ii1 basal cont PS,AT1G43640,18,2.868874311447144,9.215124704424464e-34,12.67745590209961
gehring_L3_state,19. ii1 basal cont PS,AT2G46960,19,3.0309457778930664,1.386223123189015e-31,12.274248123168944
gehring_L3_state,19. ii1 basal cont PS,AT4G26220,20,3.9228243827819824,1.3115780920589965e-30,12.08718204498291
gehring_L3_state,19. ii1 basal cont PS,AT4G20320,21,4.351400375366211,2.064341190087733e-30,12.046187400817873
gehring_L3_state,19. ii1 basal cont PS,AT5G66170,22,3.3347082138061523,9.627024044304995e-28,11.52488136291504
gehring_L3_state,19. ii1 basal cont PS,AT3G13530,23,3.079425096511841,1.3196716715258388e-27,11.494159698486328
gehring_L3_state,19. ii1 basal cont PS,AT5G39160,24,3.62783408164978,4.285847707445043e-26,11.18614101409912
gehring_L3_state,19. ii1 basal cont PS,AT5G39130,25,2.9918339252471924,8.0449594567453235e-25,10.916271209716797
gehring_L3_state,19. ii1 basal cont PS,AT5G24580,26,4.77794361114502,2.8090185872075086e-24,10.798857688903809
gehring_L3_state,19. ii1 basal cont PS,AT1G66200,27,4.146968841552734,7.542369318786625e-24,10.704641342163086
gehring_L3_state,19. ii1 basal cont PS,AT3G58780,28,2.3482048511505127,1.8317368034080069e-22,10.39891529083252
gehring_L3_state,19. ii1 basal cont PS,AT3G62730,29,4.82447624206543,1.3885838164090922e-19,9.7407865524292
gehring_L3_state,19. ii1 basal cont PS,AT5G54840,30,5.11062479019165,2.2213611902422134e-19,9.689970970153809
gehring_L3_state,19. ii1 basal cont PS,AT5G58930,31,3.2815277576446533,4.2965779299315664e-19,9.619464874267578
gehring_L3_state,19. ii1 basal cont PS,AT2G37180,32,3.9374899864196777,5.648288006319356e-19,9.588459968566896
gehring_L3_state,19. ii1 basal cont PS,AT2G17710,33,2.5705759525299072,2.2372060967815218e-17,9.195491790771484
gehring_L3_state,19. ii1 basal cont PS,AT1G76180,34,2.3014533519744877,4.7506677273038907e-17,9.11143684387207
gehring_L3_state,19. ii1 basal cont PS,AT3G27200,35,3.869314193725586,6.784663238545281e-16,8.815634727478027
gehring_L3_state,19. ii1 basal cont PS,AT5G65670,36,1.8093563318252563,8.011949864857514e-16,8.794282913208008
gehring_L3_state,19. ii1 basal cont PS,AT4G15540,37,2.66845440864563,3.9619723836631706e-15,8.605060577392578
gehring_L3_state,19. ii1 basal cont PS,AT1G34060,38,4.385396480560303,1.8083156723151742e-14,8.426592826843262
gehring_L3_state,19. ii1 basal cont PS,AT3G59010,39,3.525552749633789,2.3458524204119743e-14,8.393545150756836
gehring_L3_state,19. ii1 basal cont PS,AT1G21310,40,3.00195574760437,2.9979876347655373e-14,8.362188339233398
gehring_L3_state,19. ii1 basal cont PS,AT1G64060,41,3.3252980709075928,1.1095494424716976e-13,8.201529502868652
gehring_L3_state,19. ii1 basal cont PS,AT4G12290,42,3.029405355453491,2.495954622994828e-13,8.096430778503418
gehring_L3_state,19. ii1 basal cont PS,AT2G33480,43,2.635615587234497,5.443758790966158e-13,7.998675346374512
gehring_L3_state,19. ii1 basal cont PS,AT1G32700,44,2.442960023880005,1.0471116772542297e-12,7.910990238189697
gehring_L3_state,19. ii1 basal cont PS,AT4G32940,45,2.941161632537842,1.6659057788845362e-12,7.850804805755615
gehring_L3_state,19. ii1 basal cont PS,AT2G42860,46,4.314363956451416,2.354218181663837e-12,7.805163383483887
gehring_L3_state,19. ii1 basal cont PS,AT2G25540,47,1.8906971216201784,2.5762818691416907e-12,7.791664600372314
gehring_L3_state,19. ii1 basal cont PS,AT4G24060,48,3.0844831466674805,2.8637478052595174e-12,7.776198863983154
gehring_L3_state,19. ii1 basal cont PS,AT3G52340,49,2.306094169616699,3.2799357555613164e-12,7.756943225860596
gehring_L3_state,19. ii1 basal cont PS,AT3G16770,50,2.050745010375977,6.033824053874044e-12,7.677179336547852
gehring_L3_state,2. EMB low proto,AT1G04660,1,6.009765625,6.899896253253788e-149,26.37095260620117
gehring_L3_state,2. EMB low proto,AT1G47540,2,5.513991355895996,5.0018460373811605e-147,26.18183135986328
gehring_L3_state,2. EMB low proto,AT4G25140,3,5.173688888549805,1.976579798017335e-146,26.11387062072754
gehring_L3_state,2. EMB low proto,AT4G27160,4,5.241042613983154,1.0320316179451808e-137,25.323373794555664
gehring_L3_state,2. EMB low proto,AT4G26740,5,5.44474458694458,3.597553435927626e-135,25.08262825012207
gehring_L3_state,2. EMB low proto,AT5G40420,6,4.838659763336182,6.182924556337738e-134,24.961870193481445
gehring_L3_state,2. EMB low proto,AT4G27150,7,5.101333141326904,5.6346708953419e-126,24.21139907836914
gehring_L3_state,2. EMB low proto,AT5G44120,8,5.0784430503845215,2.5556814423898633e-125,24.143455505371094
gehring_L3_state,2. EMB low proto,AT4G28520,9,5.527232646942139,1.8815035530980235e-121,23.76749992370605
gehring_L3_state,2. EMB low proto,AT3G21090,10,6.542788982391357,3.653390330967824e-119,23.540706634521484
gehring_L3_state,2. EMB low proto,AT1G71691,11,5.9512038230896,3.204492619748596e-117,23.34614944458008
gehring_L3_state,2. EMB low proto,AT5G07190,12,5.066992282867432,7.978409692104327e-117,23.30338859558105
gehring_L3_state,2. EMB low proto,AT1G03880,13,5.29915189743042,5.488364250381514e-113,22.918302536010746
gehring_L3_state,2. EMB low proto,AT4G30880,14,6.244189262390137,1.4894684331272313e-108,22.466033935546875
gehring_L3_state,2. EMB low proto,AT3G27660,15,4.421596050262451,2.894245869474144e-104,22.01988410949707
gehring_L3_state,2. EMB low proto,AT5G50770,16,4.029562950134277,4.144352433552228e-102,21.790794372558597
gehring_L3_state,2. EMB low proto,AT2G42840,17,5.50960636138916,1.972034104033034e-98,21.396692276000977
gehring_L3_state,2. EMB low proto,AT1G78500,18,5.977588176727295,2.569307392293417e-92,20.726970672607425
gehring_L3_state,2. EMB low proto,AT2G18540,19,4.576923370361328,1.2766205822472797e-89,20.423316955566406
gehring_L3_state,2. EMB low proto,AT2G28490,20,4.5093841552734375,1.109778580412433e-87,20.201505661010746
gehring_L3_state,2. EMB low proto,AT5G13790,21,3.555711269378662,1.307737782544242e-80,19.37325668334961
gehring_L3_state,2. EMB low proto,AT3G01570,22,3.8151519298553462,1.307737782544242e-80,19.37150382995605
gehring_L3_state,2. EMB low proto,AT5G17700,23,4.541601657867432,5.2965982090998034e-73,18.445520401000977
gehring_L3_state,2. EMB low proto,AT5G49190,24,3.70668363571167,8.364539652680014e-73,18.418682098388672
gehring_L3_state,2. EMB low proto,AT5G51210,25,3.583326816558838,2.3772577125108333e-72,18.36000061035156
gehring_L3_state,2. EMB low proto,AT4G36700,26,3.443263530731201,5.286394355833375e-72,18.3145694732666
gehring_L3_state,2. EMB low proto,AT3G12203,27,4.500572681427002,2.218774689506621e-70,18.10805892944336
gehring_L3_state,2. EMB low proto,AT1G62290,28,4.0933756828308105,4.109788599554247e-70,18.07221984863281
gehring_L3_state,2. EMB low proto,AT1G23000,29,4.509986877441406,1.6259591724263409e-68,17.864580154418945
gehring_L3_state,2. EMB low proto,AT2G34700,30,3.316971778869629,4.050146732896671e-67,17.68252182006836
gehring_L3_state,2. EMB low proto,AT4G27170,31,4.01374101638794,1.743848987445843e-64,17.335542678833008
gehring_L3_state,2. EMB low proto,AT1G48470,32,4.525537967681885,6.921775272388918e-64,17.254426956176758
gehring_L3_state,2. EMB low proto,AT1G65090,33,3.6622142791748047,5.078055553947799e-63,17.135696411132812
gehring_L3_state,2. EMB low proto,AT4G15630,34,5.301685810089111,5.327468041710525e-63,17.131357192993164
gehring_L3_state,2. EMB low proto,AT4G04890,35,3.355415105819702,9.597211284351104e-63,17.09556770324707
gehring_L3_state,2. EMB low proto,AT5G62800,36,3.950618028640747,1.424965428688537e-60,16.800046920776367
gehring_L3_state,2. EMB low proto,AT1G48130,37,4.206221580505371,1.900258859917274e-59,16.642770767211914
gehring_L3_state,2. EMB low proto,AT5G08460,38,4.885373592376709,7.886570398509666e-57,16.273649215698242
gehring_L3_state,2. EMB low proto,AT5G57390,39,4.3097758293151855,9.950304259558888e-53,15.68223762512207
gehring_L3_state,2. EMB low proto,AT5G23940,40,3.341485023498535,4.672378748415759e-52,15.581039428710938
gehring_L3_state,2. EMB low proto,AT3G29030,41,4.444780349731445,6.1944815422454754e-52,15.561711311340332
gehring_L3_state,2. EMB low proto,AT3G28345,42,5.16547441482544,7.163724647749593e-52,15.55113697052002
gehring_L3_state,2. EMB low proto,AT5G62850,43,4.413874626159668,8.108371432261463e-52,15.54195785522461
gehring_L3_state,2. EMB low proto,AT1G68170,44,4.446566581726074,4.0820468416547415e-51,15.43681526184082
gehring_L3_state,2. EMB low proto,AT3G24650,45,3.795784950256348,1.1942475343316698e-50,15.366195678710938
gehring_L3_state,2. EMB low proto,AT1G12805,46,3.473746061325073,6.413007731666435e-50,15.255685806274414
gehring_L3_state,2. EMB low proto,AT4G27140,47,5.07048225402832,9.354972005229455e-47,14.771364212036133
gehring_L3_state,2. EMB low proto,AT2G34870,48,4.9639105796813965,1.6574505755952592e-45,14.57515811920166
gehring_L3_state,2. EMB low proto,AT1G27950,49,3.233428716659546,3.166485318368583e-45,14.529691696166992
gehring_L3_state,2. EMB low proto,AT4G19380,50,3.363569974899292,7.109279668622526e-45,14.473007202148438
gehring_L3_state,2. EMB up proto II,AT3G24250,1,7.876166343688965,1.0671503772735302e-20,10.34166145324707
gehring_L3_state,2. EMB up proto II,AT1G04660,2,5.475049018859863,2.585589141320849e-15,8.957589149475098
gehring_L3_state,2. EMB up proto II,AT5G10400,3,4.496769428253174,4.203776371559726e-14,8.611772537231445
gehring_L3_state,2. EMB up proto II,AT2G47610,4,3.2333967685699463,5.434090216959837e-13,8.286895751953125
gehring_L3_state,2. EMB up proto II,AT5G02500,5,3.418717622756958,9.789406898009245e-13,8.194665908813477
gehring_L3_state,2. EMB up proto II,ATCG01130,6,2.7803843021392822,1.5821809945422845e-12,8.118025779724121
gehring_L3_state,2. EMB up proto II,AT1G67430,7,2.743009567260742,2.999371166855495e-12,8.023640632629395
gehring_L3_state,2. EMB up proto II,AT5G60390,8,2.6509323120117188,4.310302629557964e-12,7.964446067810059
gehring_L3_state,2. EMB up proto II,AT2G42840,9,5.25361967086792,7.506995790395114e-12,7.8823933601379395
gehring_L3_state,2. EMB up proto II,ATMG00020,10,1.458795189857483,1.2796318802629326e-11,7.803484916687012
gehring_L3_state,2. EMB up proto II,AT1G43170,11,2.5653164386749268,1.5667707188593713e-11,7.766890048980713
gehring_L3_state,2. EMB up proto II,AT5G18380,12,2.8449819087982178,1.8013130584378224e-11,7.739022254943848
gehring_L3_state,2. EMB up proto II,AT4G27090,13,2.6322875022888184,1.836422839889828e-11,7.727135181427002
gehring_L3_state,2. EMB up proto II,AT1G51060,14,3.6415679454803462,2.0254116909768347e-11,7.705846786499023
gehring_L3_state,2. EMB up proto II,AT5G22880,15,3.7024762630462646,2.6343166764862588e-11,7.663932800292969
gehring_L3_state,2. EMB up proto II,AT4G15000,16,3.379955768585205,2.8906473510729557e-11,7.644206523895264
gehring_L3_state,2. EMB up proto II,AT1G28290,17,5.558267116546631,3.020059018567432e-11,7.628686904907227
gehring_L3_state,2. EMB up proto II,AT1G09200,18,3.8742034435272217,3.020059018567432e-11,7.624232292175293
gehring_L3_state,2. EMB up proto II,AT2G34480,19,2.5873563289642334,3.035006308216484e-11,7.616974353790283
gehring_L3_state,2. EMB up proto II,AT5G59910,20,2.995954751968384,4.124612898778474e-11,7.570927143096924
gehring_L3_state,2. EMB up proto II,AT3G04840,21,2.879804372787476,4.217248172238386e-11,7.561994552612305
gehring_L3_state,2. EMB up proto II,AT5G56710,22,2.623176097869873,4.916406099187162e-11,7.536224365234375
gehring_L3_state,2. EMB up proto II,AT3G49910,23,2.8291125297546387,5.376507313979868e-11,7.514106273651123
gehring_L3_state,2. EMB up proto II,AT3G20670,24,4.037606716156006,5.376507313979868e-11,7.513640880584717
gehring_L3_state,2. EMB up proto II,AT1G18540,25,3.0073485374450684,6.533233805183441e-11,7.482950687408447
gehring_L3_state,2. EMB up proto II,AT3G04400,26,2.864231586456299,7.182455253428363e-11,7.465527534484863
gehring_L3_state,2. EMB up proto II,AT3G49010,27,2.7544596195220947,1.1345086470094806e-10,7.40027379989624
gehring_L3_state,2. EMB up proto II,AT1G02780,28,2.4204719066619877,1.4362024948174952e-10,7.364217758178711
gehring_L3_state,2. EMB up proto II,AT1G06760,29,3.3293519020080566,1.4860448582232098e-10,7.355137825012207
gehring_L3_state,2. EMB up proto II,AT2G34700,30,3.4939515590667725,1.8759561901099702e-10,7.317856311798096
gehring_L3_state,2. EMB up proto II,AT5G59870,31,3.9951467514038086,1.8759561901099702e-10,7.3152899742126465
gehring_L3_state,2. EMB up proto II,AT5G20290,32,2.3868367671966557,2.1227701855584742e-10,7.294532299041748
gehring_L3_state,2. EMB up proto II,AT2G27710,33,2.567835807800293,2.7277622098848277e-10,7.256654262542725
gehring_L3_state,2. EMB up proto II,AT2G18020,34,2.5663435459136963,2.7910326115996617e-10,7.249625205993652
gehring_L3_state,2. EMB up proto II,AT4G18100,35,2.865858793258667,4.918933281948922e-10,7.168615341186523
gehring_L3_state,2. EMB up proto II,AT5G59690,36,3.644984483718872,5.343716001441212e-10,7.153506755828857
gehring_L3_state,2. EMB up proto II,AT5G57290,37,2.802074193954468,5.428582121358602e-10,7.147683620452881
gehring_L3_state,2. EMB up proto II,AT3G09200,38,2.6197597980499268,6.452900350018439e-10,7.120331287384033
gehring_L3_state,2. EMB up proto II,AT4G39200,39,2.6194660663604736,7.488259500815452e-10,7.096293926239014
gehring_L3_state,2. EMB up proto II,AT3G60245,40,2.179992198944092,8.980509410941176e-10,7.067697048187256
gehring_L3_state,2. EMB up proto II,AT3G62250,41,2.8382184505462646,1.0800294236825206e-09,7.038681507110596
gehring_L3_state,2. EMB up proto II,ATCG00030,42,2.229834794998169,1.204141417621572e-09,7.020219326019287
gehring_L3_state,2. EMB up proto II,AT5G62690,43,2.8335766792297363,1.7076360855059044e-09,6.968011856079102
gehring_L3_state,2. EMB up proto II,AT2G39460,44,2.581340074539185,2.53039613163963e-09,6.908325672149658
gehring_L3_state,2. EMB up proto II,AT3G53020,45,2.4072790145874023,2.53039613163963e-09,6.906150341033936
gehring_L3_state,2. EMB up proto II,AT5G65360,46,3.6262497901916495,4.2657504425621266e-09,6.82553243637085
gehring_L3_state,2. EMB up proto II,AT5G59970,47,4.012881755828857,7.941194796309986e-09,6.732759475708008
gehring_L3_state,2. EMB up proto II,ATCG00790,48,2.7378203868865967,8.208058431417071e-09,6.725009441375732
gehring_L3_state,2. EMB up proto II,AT5G15200,49,2.496302843093872,8.304540015098774e-09,6.720423221588135
gehring_L3_state,2. EMB up proto II,AT1G52300,50,2.53002667427063,1.0383436645500133e-08,6.684952259063721
gehring_L3_state,20. CZSC plac call,AT5G24800,1,8.820809364318848,3.553713503296615e-218,31.845478057861328
gehring_L3_state,20. CZSC plac call,AT3G14570,2,9.173608779907228,1.5753042171008912e-213,31.48606300354004
gehring_L3_state,20. CZSC plac call,AT3G04280,3,6.450510025024414,4.733111653634612e-206,30.921850204467773
gehring_L3_state,20. CZSC plac call,AT3G59100,4,7.4223785400390625,1.4190570962355238e-196,30.199174880981445
gehring_L3_state,20. CZSC plac call,AT3G14780,5,8.936906814575195,6.5474036949578805e-174,28.41291236877441
gehring_L3_state,20. CZSC plac call,AT5G54660,6,6.3408613204956055,1.421566083314755e-163,27.55699157714844
gehring_L3_state,20. CZSC plac call,AT1G73850,7,7.369534969329834,3.4562002355042725e-160,27.26734733581543
gehring_L3_state,20. CZSC plac call,AT5G47370,8,6.194395065307617,9.268731013560222e-158,27.05685234069824
gehring_L3_state,20. CZSC plac call,AT1G75390,9,3.577556848526001,2.9109824984698114e-157,27.010225296020508
gehring_L3_state,20. CZSC plac call,AT1G07640,10,7.216861248016357,5.90630344552806e-149,26.28952407836914
gehring_L3_state,20. CZSC plac call,AT4G23420,11,8.40139102935791,1.9667107795768596e-147,26.15239715576172
gehring_L3_state,20. CZSC plac call,AT4G14740,12,6.4386796951293945,1.0621997620152633e-142,25.729604721069336
gehring_L3_state,20. CZSC plac call,AT4G23410,13,9.300403594970703,6.874092208547462e-141,25.56414222717285
gehring_L3_state,20. CZSC plac call,AT1G62480,14,4.418426513671875,1.1709374613665489e-137,25.268943786621094
gehring_L3_state,20. CZSC plac call,AT5G24580,15,6.049335479736328,3.2099591664845575e-134,24.951438903808597
gehring_L3_state,20. CZSC plac call,AT5G45320,16,8.131244659423828,2.5344709426612534e-129,24.493444442749023
gehring_L3_state,20. CZSC plac call,AT3G04300,17,6.461848258972168,1.17186439211115e-128,24.4284782409668
gehring_L3_state,20. CZSC plac call,AT4G10120,18,5.748887538909912,1.77343256438963e-128,24.40920066833496
gehring_L3_state,20. CZSC plac call,AT1G74840,19,4.986160755157471,7.593006858545007e-127,24.25283432006836
gehring_L3_state,20. CZSC plac call,AT2G28810,20,8.407958030700684,6.42596708836609e-122,23.77907943725586
gehring_L3_state,20. CZSC plac call,AT1G69850,21,4.399298191070557,2.2838938474940223e-120,23.62664794921875
gehring_L3_state,20. CZSC plac call,AT4G24060,22,4.821844577789307,2.3823725444065665e-118,23.4274959564209
gehring_L3_state,20. CZSC plac call,AT3G03770,23,5.449484825134277,2.6579725433507884e-116,23.223840713500977
gehring_L3_state,20. CZSC plac call,AT1G10820,24,3.858740091323853,1.4001674077947726e-114,23.050989151000977
gehring_L3_state,20. CZSC plac call,AT5G02380,25,4.459153652191162,1.5939212268442227e-112,22.84326934814453
gehring_L3_state,20. CZSC plac call,AT4G40010,26,4.615097999572754,4.5297069363767935e-111,22.69483184814453
gehring_L3_state,20. CZSC plac call,AT5G65670,27,2.8776681423187256,1.2232286463249364e-107,22.342979431152344
gehring_L3_state,20. CZSC plac call,AT2G32487,28,6.262602806091309,9.5153956279949e-101,21.62099838256836
gehring_L3_state,20. CZSC plac call,AT2G39830,29,5.971853256225586,7.839043077498625e-98,21.307241439819336
gehring_L3_state,20. CZSC plac call,AT2G32240,30,3.521444797515869,4.966676509914982e-97,21.21901512145996
gehring_L3_state,20. CZSC plac call,AT2G37050,31,4.248380184173584,6.336277513768047e-94,20.87847328186035
gehring_L3_state,20. CZSC plac call,AT4G09960,32,2.9616079330444336,3.932236541055255e-92,20.678735733032227
gehring_L3_state,20. CZSC plac call,AT3G49220,33,5.559874057769775,2.1452487934767252e-91,20.5952262878418
gehring_L3_state,20. CZSC plac call,AT1G26450,34,7.758270740509033,7.346014787136346e-91,20.5340633392334
gehring_L3_state,20. CZSC plac call,AT5G47920,35,7.563297271728516,7.464762309207692e-89,20.306882858276367
gehring_L3_state,20. CZSC plac call,AT2G18960,36,2.894364595413208,2.68740331883149e-87,20.12867546081543
gehring_L3_state,20. CZSC plac call,AT2G23950,37,5.574025630950928,9.815692559822999e-85,19.83272933959961
gehring_L3_state,20. CZSC plac call,AT1G70670,38,5.437450885772705,1.4487130724198318e-82,19.57857322692871
gehring_L3_state,20. CZSC plac call,AT5G49320,39,7.274978160858154,7.416625024832425e-81,19.375707626342773
gehring_L3_state,20. CZSC plac call,AT1G32700,40,3.278353691101074,7.788754724422263e-79,19.13332748413086
gehring_L3_state,20. CZSC plac call,AT5G62820,41,6.325655460357666,2.2343335196477387e-76,18.83475685119629
gehring_L3_state,20. CZSC plac call,AT4G29100,42,4.840631008148193,2.449239467555213e-76,18.8286190032959
gehring_L3_state,20. CZSC plac call,AT5G20700,43,2.93349552154541,7.716930265277999e-76,18.766489028930664
gehring_L3_state,20. CZSC plac call,AT2G02130,44,5.420289039611816,9.250382298964259e-76,18.75563240051269
gehring_L3_state,20. CZSC plac call,AT1G22930,45,3.126776218414306,3.4467378846148234e-75,18.684370040893555
gehring_L3_state,20. CZSC plac call,AT2G46590,46,5.534606456756592,5.549660606439162e-75,18.657758712768555
gehring_L3_state,20. CZSC plac call,AT1G32450,47,4.249156475067139,2.0149815595075125e-74,18.58756446838379
gehring_L3_state,20. CZSC plac call,AT5G25770,48,3.099458694458008,2.337509011957551e-74,18.578466415405277
gehring_L3_state,20. CZSC plac call,AT4G39260,49,2.117724657058716,7.200809686624577e-73,18.392465591430664
gehring_L3_state,20. CZSC plac call,AT2G02230,50,5.653789520263672,1.1900313482722757e-72,18.36411476135254
gehring_L3_state,20. CZSC plac phos,AT3G04280,1,5.946205139160156,2.659967880265345e-303,37.494361877441406
gehring_L3_state,20. CZSC plac phos,AT5G21150,2,3.5319995880126958,5.064299333037895e-200,30.483339309692383
gehring_L3_state,20. CZSC plac phos,AT2G46960,3,3.6561341285705566,2.9701440724240676e-178,28.78005027770996
gehring_L3_state,20. CZSC plac phos,AT1G62480,4,3.8252010345458975,2.5868280092215173e-144,25.91573905944824
gehring_L3_state,20. CZSC plac phos,AT4G37520,5,3.608662605285645,8.388849979083626e-141,25.59366607666016
gehring_L3_state,20. CZSC plac phos,AT1G74840,6,4.715939521789551,1.4767341576183956e-127,24.367412567138672
gehring_L3_state,20. CZSC plac phos,AT1G32700,7,3.5105574131011963,1.2973238312499562e-126,24.271881103515625
gehring_L3_state,20. CZSC plac phos,AT5G41790,8,3.400306224822998,3.246847172914424e-122,23.84610939025879
gehring_L3_state,20. CZSC plac phos,AT1G75390,9,2.4226207733154297,4.574178700020082e-114,23.042198181152344
gehring_L3_state,20. CZSC plac phos,AT3G26510,10,3.92330002784729,9.626151833280342e-113,22.905256271362305
gehring_L3_state,20. CZSC plac phos,AT5G24580,11,5.500788688659668,2.0410334665783253e-110,22.66644096374512
gehring_L3_state,20. CZSC plac phos,AT4G10120,12,5.013849258422852,2.5777188038210912e-110,22.652326583862305
gehring_L3_state,20. CZSC plac phos,AT1G69850,13,3.764868974685669,6.560887974064341e-110,22.607593536376957
gehring_L3_state,20. CZSC plac phos,AT5G20700,14,2.9332096576690674,8.490438224584567e-104,21.97105598449707
gehring_L3_state,20. CZSC plac phos,AT4G09960,15,2.487647533416748,1.4392793674588722e-98,21.41419982910156
gehring_L3_state,20. CZSC plac phos,AT2G32240,16,3.184987068176269,3.405081971083509e-95,21.046220779418945
gehring_L3_state,20. CZSC plac phos,AT3G48230,17,3.9693589210510254,1.0877239568935129e-86,20.09370994567871
gehring_L3_state,20. CZSC plac phos,AT1G63420,18,2.681536197662353,1.0754009218763014e-84,19.861635208129883
gehring_L3_state,20. CZSC plac phos,AT3G60160,19,3.281846284866333,1.0221828669086073e-81,19.511621475219727
gehring_L3_state,20. CZSC plac phos,AT2G01021,20,3.2179691791534424,1.963724577535412e-80,19.35744285583496
gehring_L3_state,20. CZSC plac phos,AT5G51810,21,4.412055015563965,2.5535839404275323e-79,19.22240829467773
gehring_L3_state,20. CZSC plac phos,AT5G24800,22,5.140122413635254,2.5609251025083094e-77,18.9794979095459
gehring_L3_state,20. CZSC plac phos,AT4G34000,23,2.6255006790161133,3.4737176304167307e-76,18.839746475219727
gehring_L3_state,20. CZSC plac phos,AT4G24060,24,3.87280535697937,1.2435074866786099e-75,18.769954681396484
gehring_L3_state,20. CZSC plac phos,AT1G76990,25,3.36673903465271,7.109775036848797e-74,18.55007553100586
gehring_L3_state,20. CZSC plac phos,AT3G10985,26,2.509256601333618,7.109775036848797e-74,18.54962158203125
gehring_L3_state,20. CZSC plac phos,AT5G65670,27,1.9260987043380735,1.3612243075324602e-73,18.512718200683597
gehring_L3_state,20. CZSC plac phos,AT5G20830,28,3.290674924850464,8.018746277345921e-73,18.415054321289062
gehring_L3_state,20. CZSC plac phos,AT5G27950,29,2.784430265426636,8.778392229289574e-72,18.28317642211914
gehring_L3_state,20. CZSC plac phos,AT1G13390,30,2.675032615661621,1.0116965197118008e-71,18.27364730834961
gehring_L3_state,20. CZSC plac phos,AT3G59010,31,3.951682806015015,8.548633528625047e-70,18.02820205688477
gehring_L3_state,20. CZSC plac phos,AT4G05631,32,1.89288866519928,9.280673133135883e-69,17.89413070678711
gehring_L3_state,20. CZSC plac phos,AT1G75750,33,2.6452529430389404,1.2749514296722742e-68,17.874765396118164
gehring_L3_state,20. CZSC plac phos,AT4G02940,34,3.356597185134888,1.5697318777738307e-68,17.861543655395508
gehring_L3_state,20. CZSC plac phos,AT2G39510,35,5.42304801940918,3.4622125934779634e-67,17.68645668029785
gehring_L3_state,20. CZSC plac phos,AT2G16990,36,3.085237503051758,5.413792040450161e-67,17.659696578979492
gehring_L3_state,20. CZSC plac phos,AT1G03040,37,2.239920139312744,7.944953031833543e-64,17.24170684814453
gehring_L3_state,20. CZSC plac phos,AT3G57390,38,2.947227001190185,3.5675578491549807e-62,17.017370223999023
gehring_L3_state,20. CZSC plac phos,AT4G29100,39,4.345251560211182,2.445646208841287e-58,16.490554809570312
gehring_L3_state,20. CZSC plac phos,AT5G12170,40,2.1962761878967285,1.831827255353865e-55,16.0842227935791
gehring_L3_state,20. CZSC plac phos,AT5G25770,41,2.324025630950928,2.647106279976888e-55,16.059946060180664
gehring_L3_state,20. CZSC plac phos,AT5G02380,42,2.829911470413208,4.65653689089052e-55,16.02344512939453
gehring_L3_state,20. CZSC plac phos,AT2G18960,43,1.9494951963424685,4.977370613323364e-55,16.01790428161621
gehring_L3_state,20. CZSC plac phos,AT3G54390,44,2.73398494720459,3.4899692021214395e-54,15.89495086669922
gehring_L3_state,20. CZSC plac phos,AT5G49645,45,3.028867483139038,6.120799117747338e-53,15.713068008422852
gehring_L3_state,20. CZSC plac phos,AT5G27930,46,4.272181987762451,5.750481237583349e-52,15.569082260131836
gehring_L3_state,20. CZSC plac phos,AT4G40010,47,3.256793260574341,1.110101944503101e-51,15.525628089904783
gehring_L3_state,20. CZSC plac phos,ATMG00020,48,1.0008349418640137,1.7692140039714644e-51,15.494403839111328
gehring_L3_state,20. CZSC plac phos,AT1G32450,49,3.2819790840148926,4.738221647759131e-51,15.429678916931152
gehring_L3_state,20. CZSC plac phos,AT1G03920,50,3.5305416584014893,1.3815049357697588e-50,15.359200477600098
gehring_L3_state,20. ii1 endothel,AT5G50750,1,7.423625946044922,2.386354832194711e-85,20.08388328552246
gehring_L3_state,20. ii1 endothel,AT3G62730,2,9.213932991027832,3.979672046598516e-81,19.559783935546875
gehring_L3_state,20. ii1 endothel,AT1G11170,3,7.67980432510376,7.508215731865548e-78,19.150226593017575
gehring_L3_state,20. ii1 endothel,AT4G13840,4,6.218402862548828,5.116954020674146e-75,18.792144775390625
gehring_L3_state,20. ii1 endothel,AT5G59845,5,6.0700201988220215,9.941769159499996e-71,18.24850082397461
gehring_L3_state,20. ii1 endothel,AT1G09380,6,7.409707546234131,4.144950204566584e-70,18.16032218933105
gehring_L3_state,20. ii1 endothel,AT3G49780,7,5.447740077972412,2.0244375204290297e-64,17.417638778686523
gehring_L3_state,20. ii1 endothel,AT1G12780,8,5.549825668334961,8.88715613805684e-64,17.325098037719727
gehring_L3_state,20. ii1 endothel,AT2G47240,9,5.166823387145996,9.20426323644724e-64,17.316303253173828
gehring_L3_state,20. ii1 endothel,AT2G23790,10,4.338953495025635,3.768931988325301e-61,16.960399627685547
gehring_L3_state,20. ii1 endothel,AT1G22990,11,9.820695877075195,7.630275685949686e-60,16.777076721191406
gehring_L3_state,20. ii1 endothel,AT5G13170,12,6.5521559715271,3.5969357097907317e-56,16.261661529541016
gehring_L3_state,20. ii1 endothel,AT1G17060,13,6.72842264175415,5.753513525276464e-56,16.22794532775879
gehring_L3_state,20. ii1 endothel,AT2G18360,14,10.264851570129396,5.317381690100151e-54,15.943037986755373
gehring_L3_state,20. ii1 endothel,AT1G03103,15,10.305810928344728,5.442588771996348e-54,15.93727207183838
gehring_L3_state,20. ii1 endothel,AT2G38380,16,10.947349548339844,4.574916047152426e-53,15.799586296081545
gehring_L3_state,20. ii1 endothel,AT1G62333,17,4.235028266906738,5.12942876072184e-53,15.788548469543455
gehring_L3_state,20. ii1 endothel,AT2G37460,18,6.642105579376221,2.940825044382184e-52,15.67436695098877
gehring_L3_state,20. ii1 endothel,AT4G30470,19,5.191494464874268,1.0733819865920756e-50,15.440624237060549
gehring_L3_state,20. ii1 endothel,AT2G43150,20,4.4131178855896,5.886799176945185e-50,15.327136993408203
gehring_L3_state,20. ii1 endothel,AT4G16620,21,5.882006168365479,1.1293183352948306e-47,14.97851276397705
gehring_L3_state,20. ii1 endothel,AT2G33480,22,4.765261650085449,3.822549272396902e-47,14.891168594360352
gehring_L3_state,20. ii1 endothel,AT2G46370,23,5.87561559677124,6.824628141763815e-47,14.849514961242676
gehring_L3_state,20. ii1 endothel,AT3G13530,24,4.413483619689941,2.31226410919845e-46,14.764729499816896
gehring_L3_state,20. ii1 endothel,AT1G10060,25,7.229965686798096,7.70009403181406e-46,14.680739402770996
gehring_L3_state,20. ii1 endothel,AT1G04220,26,6.188772678375244,2.0101255748396146e-44,14.455276489257812
gehring_L3_state,20. ii1 endothel,AT4G26420,27,4.634798049926758,8.683761163121956e-44,14.351655960083008
gehring_L3_state,20. ii1 endothel,AT2G29940,28,7.059841156005859,6.178279630590351e-43,14.21248722076416
gehring_L3_state,20. ii1 endothel,AT1G08810,29,5.053099632263184,9.837073768970708e-43,14.177504539489746
gehring_L3_state,20. ii1 endothel,AT5G16110,30,4.495275020599365,1.7625546996901378e-42,14.134204864501951
gehring_L3_state,20. ii1 endothel,AT2G26250,31,3.864144086837769,2.0371502154389116e-40,13.793499946594238
gehring_L3_state,20. ii1 endothel,AT2G31360,32,4.298392295837402,3.99294328984841e-39,13.57496166229248
gehring_L3_state,20. ii1 endothel,AT3G57390,33,4.4842729568481445,6.274306010882103e-39,13.5396146774292
gehring_L3_state,20. ii1 endothel,AT2G24430,34,11.56184196472168,1.1786669077903088e-35,12.971945762634276
gehring_L3_state,20. ii1 endothel,AT1G56580,35,4.700667858123779,5.990082042038178e-35,12.842453956604004
gehring_L3_state,20. ii1 endothel,AT5G66460,36,4.431333065032959,8.062045067054281e-35,12.81737232208252
gehring_L3_state,20. ii1 endothel,AT3G02310,37,4.000441551208496,5.362594884167612e-34,12.667540550231934
gehring_L3_state,20. ii1 endothel,AT3G22400,38,9.058731079101562,9.603132545774764e-34,12.619751930236816
gehring_L3_state,20. ii1 endothel,AT3G25585,39,4.320013523101807,2.947289111230845e-33,12.5291748046875
gehring_L3_state,20. ii1 endothel,AT2G38400,40,4.68103551864624,2.651218609930338e-32,12.351791381835938
gehring_L3_state,20. ii1 endothel,AT2G25540,41,3.011373996734619,3.4661622802581397e-32,12.32831573486328
gehring_L3_state,20. ii1 endothel,AT5G41080,42,3.721725702285767,3.776850120863813e-31,12.132442474365234
gehring_L3_state,20. ii1 endothel,AT4G01430,43,4.653007507324219,6.343614920176612e-31,12.08806610107422
gehring_L3_state,20. ii1 endothel,AT4G09030,44,3.4102349281311035,8.517517260622843e-29,11.676728248596191
gehring_L3_state,20. ii1 endothel,AT1G78080,45,2.418837308883667,4.619905814348243e-28,11.530228614807127
gehring_L3_state,20. ii1 endothel,AT1G22930,46,3.560946226119995,7.240733209152456e-28,11.486746788024902
gehring_L3_state,20. ii1 endothel,AT3G05890,47,4.9495344161987305,7.240733209152456e-28,11.486221313476562
gehring_L3_state,20. ii1 endothel,AT5G04220,48,4.036728382110596,7.240733209152456e-28,11.48613452911377
gehring_L3_state,20. ii1 endothel,AT4G19380,49,4.812326908111572,2.2916560220273333e-27,11.384416580200195
gehring_L3_state,20. ii1 endothel,AT1G63120,50,5.7653350830078125,1.2322833675430438e-25,11.029908180236816
gehring_L3_state,21. CZSC plac call,AT3G14570,1,9.838045120239258,1.525978863584434e-73,18.675518035888672
gehring_L3_state,21. CZSC plac call,AT5G24800,2,9.473401069641112,1.525978863584434e-73,18.648212432861328
gehring_L3_state,21. CZSC plac call,AT3G14780,3,9.489129066467283,1.222939384925514e-67,17.884065628051758
gehring_L3_state,21. CZSC plac call,AT3G04280,4,6.53001880645752,1.8637381187587208e-66,17.715402603149414
gehring_L3_state,21. CZSC plac call,AT3G59100,5,7.343533039093018,1.01420614509898e-64,17.476348876953125
gehring_L3_state,21. CZSC plac call,AT1G62480,6,5.623650550842285,1.0169855113643495e-62,17.200984954833984
gehring_L3_state,21. CZSC plac call,AT4G23410,7,9.33360195159912,1.4432792874637332e-57,16.490100860595703
gehring_L3_state,21. CZSC plac call,AT1G73850,8,7.554275512695312,2.62435866779875e-55,16.164459228515625
gehring_L3_state,21. CZSC plac call,AT4G23420,9,8.585799217224121,6.171115171501176e-53,15.816981315612791
gehring_L3_state,21. CZSC plac call,AT5G54660,10,6.37668514251709,7.743191819755095e-50,15.354337692260742
gehring_L3_state,21. CZSC plac call,AT1G13390,11,4.4893999099731445,3.868875357439682e-49,15.24342441558838
gehring_L3_state,21. CZSC plac call,AT1G69850,12,5.199355602264404,1.48219287925159e-47,14.997624397277832
gehring_L3_state,21. CZSC plac call,AT2G28810,13,8.65146541595459,7.209511689211603e-47,14.886893272399902
gehring_L3_state,21. CZSC plac call,AT5G24580,14,6.337754249572754,3.4516449344311083e-42,14.142849922180176
gehring_L3_state,21. CZSC plac call,AT1G63420,15,3.961978673934937,1.5144468331209048e-41,14.03353214263916
gehring_L3_state,21. CZSC plac call,AT1G74840,16,5.441652774810791,2.5507085301057344e-40,13.820114135742188
gehring_L3_state,21. CZSC plac call,AT1G26450,17,8.76962661743164,2.5507085301057344e-40,13.81883430480957
gehring_L3_state,21. CZSC plac call,AT5G49320,18,8.222481727600098,2.5507085301057344e-40,13.818758964538574
gehring_L3_state,21. CZSC plac call,AT5G21150,19,3.2632322311401367,2.12077643062075e-38,13.492815017700195
gehring_L3_state,21. CZSC plac call,AT1G75390,20,3.1679961681365967,2.5819223453759166e-38,13.474517822265623
gehring_L3_state,21. CZSC plac call,AT5G45320,21,7.804044246673584,2.777861623354074e-38,13.46551513671875
gehring_L3_state,21. CZSC plac call,AT5G25770,22,3.867285013198853,2.9152106403831485e-37,13.284954071044922
gehring_L3_state,21. CZSC plac call,AT3G26510,23,4.829009532928467,2.9152106403831485e-37,13.28394889831543
gehring_L3_state,21. CZSC plac call,AT5G02380,24,4.207886695861816,7.573177180171436e-36,13.034613609313965
gehring_L3_state,21. CZSC plac call,AT4G14740,25,6.013423442840576,2.830415106369416e-35,12.93052864074707
gehring_L3_state,21. CZSC plac call,AT3G03770,26,5.781081676483154,8.436064246116433e-35,12.843259811401367
gehring_L3_state,21. CZSC plac call,AT1G32700,27,3.889416217803955,2.054534812784554e-32,12.407716751098633
gehring_L3_state,21. CZSC plac call,AT2G32240,28,3.476279258728028,4.113072398661516e-29,11.78037929534912
gehring_L3_state,21. CZSC plac call,AT1G22930,29,3.480029344558716,1.1276625941911348e-28,11.69208526611328
gehring_L3_state,21. CZSC plac call,AT3G57390,30,3.74679446220398,1.5518995228764266e-27,11.46437931060791
gehring_L3_state,21. CZSC plac call,AT5G65140,31,7.654648303985596,2.278041490677893e-27,11.428252220153809
gehring_L3_state,21. CZSC plac call,AT1G07640,32,6.125184059143066,2.2380803404403083e-26,11.2252836227417
gehring_L3_state,21. CZSC plac call,AT2G39830,33,5.907170295715332,2.861237294428377e-26,11.200824737548828
gehring_L3_state,21. CZSC plac call,AT2G37050,34,4.216988563537598,8.445791229706245e-26,11.1018648147583
gehring_L3_state,21. CZSC plac call,AT3G04300,35,5.663706302642822,1.337429173450408e-25,11.058113098144531
gehring_L3_state,21. CZSC plac call,AT1G76780,36,3.954415798187256,7.24192384350684e-25,10.90049171447754
gehring_L3_state,21. CZSC plac call,AT1G10820,37,3.436539888381958,8.082887654181483e-25,10.888062477111816
gehring_L3_state,21. CZSC plac call,AT4G10120,38,4.896969318389893,4.9232285116240684e-24,10.71749782562256
gehring_L3_state,21. CZSC plac call,AT5G47370,39,4.764673233032227,1.271482777211855e-23,10.62706184387207
gehring_L3_state,21. CZSC plac call,AT5G27950,40,3.351947069168091,3.580773089439224e-22,10.308735847473145
gehring_L3_state,21. CZSC plac call,AT4G29100,41,5.011740684509277,1.6805255804675132e-21,10.156766891479492
gehring_L3_state,21. CZSC plac call,AT4G24060,42,3.983530282974243,3.6783407412044545e-21,10.077824592590332
gehring_L3_state,21. CZSC plac call,AT5G65670,43,2.3095500469207764,9.062549196918594e-21,9.986594200134276
gehring_L3_state,21. CZSC plac call,AT2G02130,44,5.149960517883301,3.778373160979097e-19,9.607462882995604
gehring_L3_state,21. CZSC plac call,AT1G61600,45,7.234900951385498,4.169056860749948e-19,9.59510612487793
gehring_L3_state,21. CZSC plac call,AT5G40980,46,6.839068412780762,5.947033748260645e-19,9.556228637695312
gehring_L3_state,21. CZSC plac call,AT5G11090,47,2.556027412414551,5.955645931936938e-19,9.553943634033203
gehring_L3_state,21. CZSC plac call,AT2G02230,48,5.282532215118408,9.353945042219786e-19,9.504976272583008
gehring_L3_state,21. CZSC plac call,AT5G62820,49,5.929996967315674,1.861396330136185e-18,9.431015014648438
gehring_L3_state,21. CZSC plac call,AT1G70670,50,5.226894378662109,3.110759418572849e-18,9.374955177307127
gehring_L3_state,21. ii1 endothel,AT4G15750,1,6.382399559020996,0.0,78.5863037109375
gehring_L3_state,21. ii1 endothel,AT3G08770,2,5.965022087097168,0.0,77.81517028808594
gehring_L3_state,21. ii1 endothel,AT5G47350,3,6.537931442260742,0.0,75.51970672607422
gehring_L3_state,21. ii1 endothel,AT1G56100,4,6.420688629150391,0.0,74.88833618164062
gehring_L3_state,21. ii1 endothel,AT2G38900,5,5.623948574066162,0.0,73.74285125732422
gehring_L3_state,21. ii1 endothel,AT5G13930,6,4.100144386291504,0.0,73.25619506835938
gehring_L3_state,21. ii1 endothel,AT1G02930,7,5.228185653686523,0.0,69.07054901123047
gehring_L3_state,21. ii1 endothel,AT1G61720,8,5.848570823669434,0.0,68.51531219482422
gehring_L3_state,21. ii1 endothel,AT2G47895,9,5.170022487640381,0.0,68.33158874511719
gehring_L3_state,21. ii1 endothel,AT4G22880,10,5.680785655975342,0.0,68.04549407958984
gehring_L3_state,21. ii1 endothel,AT3G49270,11,6.004649639129639,0.0,67.69197082519531
gehring_L3_state,21. ii1 endothel,AT5G51950,12,5.752381324768066,0.0,67.26468658447266
gehring_L3_state,21. ii1 endothel,AT5G42800,13,5.199860095977783,0.0,66.28399658203125
gehring_L3_state,21. ii1 endothel,AT5G48880,14,4.851274490356445,0.0,64.99083709716797
gehring_L3_state,21. ii1 endothel,AT5G17220,15,5.837806701660156,0.0,64.19937896728516
gehring_L3_state,21. ii1 endothel,AT5G05270,16,4.136363506317139,0.0,63.978759765625
gehring_L3_state,21. ii1 endothel,AT1G62333,17,4.32187032699585,0.0,63.583152770996094
gehring_L3_state,21. ii1 endothel,AT2G17710,18,4.938597202301025,0.0,62.604618072509766
gehring_L3_state,21. ii1 endothel,AT2G23910,19,4.664862632751465,0.0,62.34838104248047
gehring_L3_state,21. ii1 endothel,AT2G30490,20,4.336298942565918,0.0,61.42131423950195
gehring_L3_state,21. ii1 endothel,AT3G51240,21,3.693199634552002,0.0,61.31667709350586
gehring_L3_state,21. ii1 endothel,AT3G20470,22,3.809121370315552,0.0,61.12198257446289
gehring_L3_state,21. ii1 endothel,AT2G31360,23,4.859997749328613,0.0,60.99327850341797
gehring_L3_state,21. ii1 endothel,AT2G14900,24,4.814551830291748,0.0,60.17470169067383
gehring_L3_state,21. ii1 endothel,AT4G00360,25,5.014554500579834,0.0,60.13134002685547
gehring_L3_state,21. ii1 endothel,AT1G29660,26,6.282100200653076,0.0,59.9454231262207
gehring_L3_state,21. ii1 endothel,AT1G61255,27,4.754171371459961,0.0,58.54419708251953
gehring_L3_state,21. ii1 endothel,AT1G06550,28,3.896462202072144,0.0,57.03022766113281
gehring_L3_state,21. ii1 endothel,AT5G25610,29,4.5586652755737305,0.0,56.8849983215332
gehring_L3_state,21. ii1 endothel,AT1G45130,30,3.7354702949523926,0.0,55.89437484741211
gehring_L3_state,21. ii1 endothel,AT2G26250,31,3.734476327896118,0.0,55.83538818359375
gehring_L3_state,21. ii1 endothel,AT3G16370,32,4.034299850463867,0.0,55.71678924560547
gehring_L3_state,21. ii1 endothel,AT5G39130,33,3.878693819046021,0.0,55.55337905883789
gehring_L3_state,21. ii1 endothel,AT4G24130,34,3.743828535079956,0.0,55.22036361694336
gehring_L3_state,21. ii1 endothel,AT5G02540,35,5.653605937957764,0.0,53.86004257202149
gehring_L3_state,21. ii1 endothel,AT5G14920,36,5.175787448883057,0.0,53.53569412231445
gehring_L3_state,21. ii1 endothel,AT3G13530,37,4.186580657958984,0.0,52.0704460144043
gehring_L3_state,21. ii1 endothel,AT3G23450,38,3.312088251113892,0.0,51.74081802368164
gehring_L3_state,21. ii1 endothel,AT1G77520,39,4.522214412689209,0.0,51.67880630493164
gehring_L3_state,21. ii1 endothel,AT5G10180,40,4.92759370803833,0.0,51.275367736816406
gehring_L3_state,21. ii1 endothel,AT1G27950,41,4.336311340332031,0.0,50.90531539916992
gehring_L3_state,21. ii1 endothel,AT1G65060,42,3.8787684440612793,0.0,50.45674514770508
gehring_L3_state,21. ii1 endothel,AT1G07720,43,5.3991875648498535,0.0,49.40923690795898
gehring_L3_state,21. ii1 endothel,AT5G53100,44,5.934519767761231,0.0,49.26797103881836
gehring_L3_state,21. ii1 endothel,AT3G55120,45,3.076413154602051,0.0,49.22331619262695
gehring_L3_state,21. ii1 endothel,AT4G30470,46,4.001931667327881,0.0,48.14775085449219
gehring_L3_state,21. ii1 endothel,AT2G47240,47,3.2873475551605225,0.0,47.7003288269043
gehring_L3_state,21. ii1 endothel,AT1G32170,48,4.236940383911133,0.0,47.480079650878906
gehring_L3_state,21. ii1 endothel,AT3G49780,49,3.472874164581299,0.0,47.43412780761719
gehring_L3_state,21. ii1 endothel,AT1G24540,50,4.80991792678833,0.0,47.1551513671875
gehring_L3_state,21. ii1'/ii2,AT1G62380,1,7.933618545532227,5.320491347665864e-125,24.199054718017575
gehring_L3_state,21. ii1'/ii2,AT1G76160,2,6.157736301422119,1.2231190845349402e-108,22.56103134155273
gehring_L3_state,21. ii1'/ii2,AT4G13345,3,6.814429759979248,1.6133351178104588e-106,22.32590103149414
gehring_L3_state,21. ii1'/ii2,AT5G48100,4,5.464263916015625,1.005741964814944e-95,21.17225646972656
gehring_L3_state,21. ii1'/ii2,AT5G13170,5,6.639404296875,1.0154214230036365e-83,19.81587219238281
gehring_L3_state,21. ii1'/ii2,AT1G43640,6,3.690442323684693,1.4266065145432e-81,19.556076049804688
gehring_L3_state,21. ii1'/ii2,AT4G16620,7,6.100814342498779,7.848685101611526e-81,19.461021423339844
gehring_L3_state,21. ii1'/ii2,AT4G12290,8,5.101413726806641,2.1080512655546285e-79,19.284740447998047
gehring_L3_state,21. ii1'/ii2,AT3G20210,9,4.2669172286987305,2.9778210062033603e-78,19.141172409057617
gehring_L3_state,21. ii1'/ii2,AT1G09380,10,5.660959720611572,8.278963406647682e-77,18.96160125732422
gehring_L3_state,21. ii1'/ii2,AT5G23660,11,6.91331672668457,3.6483102474622e-75,18.756383895874023
gehring_L3_state,21. ii1'/ii2,AT3G51895,12,5.58986759185791,9.143554625938703e-71,18.205190658569336
gehring_L3_state,21. ii1'/ii2,AT2G47750,13,5.290277004241943,9.987588724922556e-71,18.195968627929688
gehring_L3_state,21. ii1'/ii2,AT2G19110,14,4.22225284576416,7.399497358997805e-64,17.303430557250977
gehring_L3_state,21. ii1'/ii2,AT2G40460,15,7.607301235198975,8.260638344716269e-64,17.29311180114746
gehring_L3_state,21. ii1'/ii2,AT2G23790,16,3.3949995040893555,3.3849107432220503e-63,17.207895278930664
gehring_L3_state,21. ii1'/ii2,AT1G71960,17,5.205647945404053,4.199291912545796e-62,17.057884216308594
gehring_L3_state,21. ii1'/ii2,AT5G66170,18,3.8802859783172607,8.509983003632923e-60,16.74130630493164
gehring_L3_state,21. ii1'/ii2,AT5G33290,19,4.436752796173096,8.717223987563961e-58,16.460205078125
gehring_L3_state,21. ii1'/ii2,AT3G57390,20,4.174217224121094,2.8953547941561886e-57,16.384265899658203
gehring_L3_state,21. ii1'/ii2,AT5G59845,21,4.372508049011231,8.365168021451995e-57,16.3166446685791
gehring_L3_state,21. ii1'/ii2,AT2G29940,22,6.082944393157959,2.040294351181832e-56,16.259262084960938
gehring_L3_state,21. ii1'/ii2,AT4G26220,23,4.345414638519287,2.671945594548024e-55,16.098133087158203
gehring_L3_state,21. ii1'/ii2,AT2G33480,24,3.8772976398468018,3.7012080580368556e-55,16.075319290161133
gehring_L3_state,21. ii1'/ii2,AT4G20260,25,4.6059770584106445,6.575276155455958e-55,16.037132263183594
gehring_L3_state,21. ii1'/ii2,AT5G41080,26,4.102790832519531,1.7907435272392894e-53,15.828084945678713
gehring_L3_state,21. ii1'/ii2,AT3G25260,27,3.0462868213653564,1.7203917934763143e-51,15.53342056274414
gehring_L3_state,21. ii1'/ii2,AT5G58980,28,4.095169544219971,4.8719275617024566e-51,15.464279174804688
gehring_L3_state,21. ii1'/ii2,AT4G36920,29,3.653534412384033,1.996799174553565e-48,15.067530632019045
gehring_L3_state,21. ii1'/ii2,AT3G25290,30,4.158038139343262,2.2400651701802446e-48,15.057833671569824
gehring_L3_state,21. ii1'/ii2,AT1G17060,31,4.900835990905762,7.539496698443691e-48,14.975326538085938
gehring_L3_state,21. ii1'/ii2,AT5G47150,32,3.294698476791382,5.105219284825327e-47,14.845623970031738
gehring_L3_state,21. ii1'/ii2,AT3G30775,33,2.6791975498199463,2.797848969968892e-46,14.729148864746094
gehring_L3_state,21. ii1'/ii2,AT5G06530,34,5.543603420257568,5.4959733502477226e-45,14.52458953857422
gehring_L3_state,21. ii1'/ii2,AT5G41410,35,3.746028900146485,4.060446573025085e-44,14.385003089904783
gehring_L3_state,21. ii1'/ii2,AT1G78080,36,2.3985328674316406,1.9073772866306243e-43,14.275714874267578
gehring_L3_state,21. ii1'/ii2,AT4G37310,37,4.060880184173584,9.633771308074169e-43,14.160545349121094
gehring_L3_state,21. ii1'/ii2,AT2G37460,38,4.494812488555908,4.679507594894104e-41,13.88320541381836
gehring_L3_state,21. ii1'/ii2,AT2G45920,39,4.049398422241211,7.653298055292202e-41,13.846134185791016
gehring_L3_state,21. ii1'/ii2,AT1G14970,40,3.646592378616333,1.4487181912467296e-40,13.798470497131348
gehring_L3_state,21. ii1'/ii2,AT4G00220,41,3.800721883773804,4.411394342624409e-40,13.716251373291016
gehring_L3_state,21. ii1'/ii2,AT4G37520,42,3.266774654388428,1.34080735161552e-38,13.464683532714844
gehring_L3_state,21. ii1'/ii2,AT4G04620,43,2.9015634059906006,1.9630388041743663e-38,13.434831619262695
gehring_L3_state,21. ii1'/ii2,AT1G04580,44,3.274441957473755,3.650011168324889e-38,13.387206077575684
gehring_L3_state,21. ii1'/ii2,AT5G61430,45,5.446459770202637,1.028148778717244e-37,13.308445930480955
gehring_L3_state,21. ii1'/ii2,AT3G07390,46,3.337489366531372,1.7771871752652058e-37,13.265911102294922
gehring_L3_state,21. ii1'/ii2,AT1G54570,47,4.089001655578613,1.9036978326266456e-37,13.259209632873535
gehring_L3_state,21. ii1'/ii2,AT2G28650,48,3.4946839809417725,2.961264420050454e-37,13.22451400756836
gehring_L3_state,21. ii1'/ii2,AT1G68380,49,5.373043537139893,9.845187235275376e-36,12.95687770843506
gehring_L3_state,21. ii1'/ii2,AT5G64190,50,7.351901054382324,4.1215878923379227e-35,12.845049858093262
gehring_L3_state,22. ii1 basal cont PS,AT1G61720,1,6.731476306915283,0.0,55.89778137207031
gehring_L3_state,22. ii1 basal cont PS,AT1G56100,2,6.446159839630127,0.0,54.36301803588867
gehring_L3_state,22. ii1 basal cont PS,AT2G17710,3,5.315186977386475,0.0,51.05957794189453
gehring_L3_state,22. ii1 basal cont PS,AT5G17220,4,5.806158065795898,0.0,50.11014175415039
gehring_L3_state,22. ii1 basal cont PS,AT3G13530,5,5.474184513092041,0.0,48.50980758666992
gehring_L3_state,22. ii1 basal cont PS,AT5G42800,6,5.104730129241943,0.0,47.88002395629883
gehring_L3_state,22. ii1 basal cont PS,AT1G62333,7,4.616054534912109,0.0,47.39139175415039
gehring_L3_state,22. ii1 basal cont PS,AT4G22880,8,5.32147741317749,0.0,46.87159729003906
gehring_L3_state,22. ii1 basal cont PS,AT5G05270,9,4.092771053314209,0.0,45.5653076171875
gehring_L3_state,22. ii1 basal cont PS,AT2G47895,10,4.32841157913208,0.0,41.51043319702149
gehring_L3_state,22. ii1 basal cont PS,AT2G38900,11,4.090225696563721,0.0,41.194557189941406
gehring_L3_state,22. ii1 basal cont PS,AT1G06550,12,3.613505601882935,0.0,40.17671585083008
gehring_L3_state,22. ii1 basal cont PS,AT3G27200,13,5.50082540512085,0.0,39.28676986694336
gehring_L3_state,22. ii1 basal cont PS,AT3G59010,14,5.430197715759277,0.0,39.01125717163086
gehring_L3_state,22. ii1 basal cont PS,AT3G23460,15,5.544917583465576,0.0,38.991310119628906
gehring_L3_state,22. ii1 basal cont PS,AT3G49780,16,4.067168235778809,0.0,38.43192672729492
gehring_L3_state,22. ii1 basal cont PS,AT1G21440,17,4.175586223602295,2.3609375251601138e-300,37.23704528808594
gehring_L3_state,22. ii1 basal cont PS,AT2G23910,18,3.816492795944214,1.892835887506489e-273,35.53419876098633
gehring_L3_state,22. ii1 basal cont PS,AT1G43640,19,2.913834810256958,6.394506935650129e-262,34.7781867980957
gehring_L3_state,22. ii1 basal cont PS,AT3G08770,20,3.3463945388793945,3.975802844801068e-261,34.72417068481445
gehring_L3_state,22. ii1 basal cont PS,AT4G09820,21,4.006875038146973,2.194939134491316e-257,34.47393798828125
gehring_L3_state,22. ii1 basal cont PS,AT5G48880,22,3.408379554748535,3.859990854110802e-249,33.91786575317383
gehring_L3_state,22. ii1 basal cont PS,AT3G59030,23,5.316395282745361,9.92800714471947e-246,33.68444061279297
gehring_L3_state,22. ii1 basal cont PS,AT4G12460,24,3.219383955001831,1.1468895980165796e-237,33.1279296875
gehring_L3_state,22. ii1 basal cont PS,AT2G14900,25,3.9567017555236816,5.525601366674333e-235,32.93986129760742
gehring_L3_state,22. ii1 basal cont PS,AT5G13930,26,2.5427963733673096,5.52284301937412e-231,32.65813064575195
gehring_L3_state,22. ii1 basal cont PS,AT2G24280,27,3.483844041824341,9.641222763790303e-230,32.56937026977539
gehring_L3_state,22. ii1 basal cont PS,AT5G57630,28,4.4759135246276855,6.295493484228561e-226,32.29767227172852
gehring_L3_state,22. ii1 basal cont PS,AT2G21430,29,4.530444145202637,2.0891866330927168e-224,32.188072204589844
gehring_L3_state,22. ii1 basal cont PS,AT5G07990,30,2.77933669090271,1.419193052449338e-222,32.055816650390625
gehring_L3_state,22. ii1 basal cont PS,AT3G01310,31,4.081832885742188,8.89059302133732e-222,31.99755859375
gehring_L3_state,22. ii1 basal cont PS,AT1G52400,32,3.774640321731568,2.1146448216563882e-217,31.68037986755371
gehring_L3_state,22. ii1 basal cont PS,AT3G04280,33,3.327544450759888,4.978128907210462e-214,31.433624267578125
gehring_L3_state,22. ii1 basal cont PS,AT3G51240,34,2.7372145652771,1.306886765614891e-212,31.32864761352539
gehring_L3_state,22. ii1 basal cont PS,AT4G20320,35,3.931233167648315,3.1871474150073457e-208,31.00392341613769
gehring_L3_state,22. ii1 basal cont PS,AT3G49050,36,3.325714349746704,1.644766270167594e-207,30.95009422302246
gehring_L3_state,22. ii1 basal cont PS,AT1G21310,37,3.873766422271729,3.268450888459947e-200,30.401966094970703
gehring_L3_state,22. ii1 basal cont PS,AT4G26420,38,3.4521775245666504,7.77502590779802e-199,30.296777725219727
gehring_L3_state,22. ii1 basal cont PS,AT4G24130,39,2.982879161834717,1.3048317903775818e-198,30.278846740722656
gehring_L3_state,22. ii1 basal cont PS,AT1G25460,40,5.590080738067627,4.3238670944177594e-189,29.54596519470215
gehring_L3_state,22. ii1 basal cont PS,AT5G18290,41,2.697432279586792,1.1824327293947572e-181,28.96042823791504
gehring_L3_state,22. ii1 basal cont PS,AT5G39130,42,2.9341042041778564,1.4182124589570763e-172,28.229400634765625
gehring_L3_state,22. ii1 basal cont PS,AT5G39160,43,3.4160289764404297,1.2029931807793269e-169,27.988975524902344
gehring_L3_state,22. ii1 basal cont PS,AT2G47115,44,4.870377063751221,3.5506499014727137e-163,27.45140838623047
gehring_L3_state,22. ii1 basal cont PS,AT1G32170,45,3.630392551422119,2.6629405109574585e-161,27.293066024780277
gehring_L3_state,22. ii1 basal cont PS,AT5G20830,46,3.2256667613983154,1.463250610587057e-150,26.37189102172852
gehring_L3_state,22. ii1 basal cont PS,AT2G18960,47,2.229432821273804,2.6023715928648445e-150,26.349266052246094
gehring_L3_state,22. ii1 basal cont PS,AT3G58780,48,2.2380757331848145,5.200188468789786e-150,26.32221984863281
gehring_L3_state,22. ii1 basal cont PS,AT5G55320,49,4.924851894378662,6.625077469011513e-149,26.22471809387207
gehring_L3_state,22. ii1 basal cont PS,AT5G40760,50,2.5838398933410645,2.3732883107344078e-145,25.91046142578125
gehring_L3_state,22. ii1'/ii2  high sene,AT2G02990,1,8.848406791687012,1.9175497681205868e-19,10.061145782470703
gehring_L3_state,22. ii1'/ii2  high sene,AT5G13170,2,8.471599578857422,2.564763395524283e-19,9.963824272155762
gehring_L3_state,22. ii1'/ii2  high sene,AT1G11170,3,7.602933883666992,2.9137789632653016e-19,9.910710334777832
gehring_L3_state,22. ii1'/ii2  high sene,AT2G23790,4,6.061399936676025,4.4501521540919205e-19,9.839410781860352
gehring_L3_state,22. ii1'/ii2  high sene,AT1G70680,5,10.58491039276123,1.8546892561314824e-15,8.920289993286133
gehring_L3_state,22. ii1'/ii2  high sene,AT1G17060,6,7.04638147354126,1.8546892561314824e-15,8.917695999145508
gehring_L3_state,22. ii1'/ii2  high sene,AT5G10650,7,6.513918876647949,8.178247255173013e-15,8.734415054321289
gehring_L3_state,22. ii1'/ii2  high sene,AT3G26440,8,6.639110088348389,9.838647429703282e-15,8.698351860046387
gehring_L3_state,22. ii1'/ii2  high sene,AT1G79520,9,6.902698993682861,4.660565350026924e-14,8.499341011047363
gehring_L3_state,22. ii1'/ii2  high sene,AT5G26120,10,7.862763404846191,4.660565350026924e-14,8.494147300720215
gehring_L3_state,22. ii1'/ii2  high sene,AT1G09380,11,6.198197841644287,2.300149665386457e-13,8.295371055603027
gehring_L3_state,22. ii1'/ii2  high sene,AT1G70670,12,8.11207103729248,2.338407036398774e-13,8.277647972106934
gehring_L3_state,22. ii1'/ii2  high sene,AT3G45010,13,6.478995323181152,2.338407036398774e-13,8.267330169677734
gehring_L3_state,22. ii1'/ii2  high sene,AT4G16680,14,7.753328323364258,2.338407036398774e-13,8.264688491821289
gehring_L3_state,22. ii1'/ii2  high sene,AT5G15740,15,6.725119590759277,1.5387264148758748e-12,8.02048397064209
gehring_L3_state,22. ii1'/ii2  high sene,AT2G05910,16,10.044827461242676,1.1102969205560242e-11,7.766393661499023
gehring_L3_state,22. ii1'/ii2  high sene,AT2G37460,17,6.322998046875,1.7752404637437308e-11,7.699398040771484
gehring_L3_state,22. ii1'/ii2  high sene,AT5G50260,18,5.404778480529785,5.3198351354432e-11,7.550848007202148
gehring_L3_state,22. ii1'/ii2  high sene,AT5G48100,19,5.296024799346924,6.235351411293415e-11,7.523441314697266
gehring_L3_state,22. ii1'/ii2  high sene,ATCG00020,20,3.139820337295532,8.789263359960107e-11,7.472032070159912
gehring_L3_state,22. ii1'/ii2  high sene,AT5G16110,21,5.020166397094727,5.286354846278612e-10,7.225963592529297
gehring_L3_state,22. ii1'/ii2  high sene,AT4G37590,22,5.869821548461914,6.062500181717951e-10,7.201268672943115
gehring_L3_state,22. ii1'/ii2  high sene,AT4G16620,23,6.509433746337891,3.1907297455093503e-09,6.96533727645874
gehring_L3_state,22. ii1'/ii2  high sene,AT4G22920,24,5.16025972366333,1.655100923134056e-08,6.723817825317383
gehring_L3_state,22. ii1'/ii2  high sene,AT4G01430,25,5.260617256164551,2.2012047028989723e-08,6.676419734954834
gehring_L3_state,22. ii1'/ii2  high sene,AT4G12910,26,3.7666146755218506,1.7652260543295205e-07,6.35836935043335
gehring_L3_state,22. ii1'/ii2  high sene,AT1G31050,27,11.897625923156738,1.8725274210779038e-07,6.343699455261231
gehring_L3_state,22. ii1'/ii2  high sene,AT1G08920,28,5.672635555267334,2.0910424714402362e-07,6.321262836456299
gehring_L3_state,22. ii1'/ii2  high sene,AT5G37600,29,6.394230365753174,5.911550125642463e-07,6.1533284187316895
gehring_L3_state,22. ii1'/ii2  high sene,AT4G18910,30,7.518507957458496,9.109836060920064e-06,5.698565006256104
gehring_L3_state,22. ii1'/ii2  high sene,AT3G52780,31,6.668993949890137,1.1949205409859497e-05,5.646665573120117
gehring_L3_state,22. ii1'/ii2  high sene,AT2G46370,32,5.018150806427002,1.3583299970221783e-05,5.619264125823975
gehring_L3_state,22. ii1'/ii2  high sene,AT2G29940,33,5.800400257110596,2.219653676503378e-05,5.528558731079102
gehring_L3_state,22. ii1'/ii2  high sene,AT1G73220,34,5.694911003112793,2.4669307775282816e-05,5.504891395568848
gehring_L3_state,22. ii1'/ii2  high sene,AT5G20700,35,3.298011302947998,3.2311859446577026e-05,5.452145099639893
gehring_L3_state,22. ii1'/ii2  high sene,AT4G06410,36,7.271329402923584,4.083554244278173e-05,5.40068244934082
gehring_L3_state,22. ii1'/ii2  high sene,AT1G07590,37,5.229398250579834,4.821495568285352e-05,5.366121768951416
gehring_L3_state,22. ii1'/ii2  high sene,AT1G62060,38,3.810336828231812,6.431530192883147e-05,5.309273719787598
gehring_L3_state,22. ii1'/ii2  high sene,AT3G15340,39,4.3003644943237305,0.0001367802009178,5.165400981903076
gehring_L3_state,22. ii1'/ii2  high sene,AT2G46950,40,3.949230432510376,0.0001947686299212,5.089871406555176
gehring_L3_state,22. ii1'/ii2  high sene,AT3G23430,41,4.445420265197754,0.0003080711943534,4.991197109222412
gehring_L3_state,22. ii1'/ii2  high sene,AT4G20260,42,4.172336578369141,0.0006136527358028,4.84593391418457
gehring_L3_state,22. ii1'/ii2  high sene,AT1G01240,43,4.842963695526123,0.0006336437717442,4.835466384887695
gehring_L3_state,22. ii1'/ii2  high sene,AT1G54570,44,4.3992533683776855,0.0010741927870254,4.7173171043396
gehring_L3_state,22. ii1'/ii2  high sene,AT1G25530,45,5.487466812133789,0.0012028423809952,4.690347194671631
gehring_L3_state,22. ii1'/ii2  high sene,AT3G09950,46,5.609842777252197,0.0012566213854315,4.677557468414307
gehring_L3_state,22. ii1'/ii2  high sene,AT2G40670,47,5.491842746734619,0.0012775647908387,4.670398235321045
gehring_L3_state,22. ii1'/ii2  high sene,AT5G50750,48,3.2886667251586914,0.0016552971644346,4.613166809082031
gehring_L3_state,22. ii1'/ii2  high sene,AT5G14940,49,4.944523334503174,0.0019544875689849,4.57118034362793
gehring_L3_state,22. ii1'/ii2  high sene,AT3G48740,50,4.451372623443604,0.0039490764445563,4.410650730133057
gehring_L3_state,23. ii1 endothel,AT3G13530,1,6.845040798187256,2.315081009943969e-108,22.542564392089844
gehring_L3_state,23. ii1 endothel,AT5G17220,2,6.909400939941406,2.315081009943969e-108,22.52151870727539
gehring_L3_state,23. ii1 endothel,AT1G61720,3,6.970450401306152,2.315081009943969e-108,22.514822006225582
gehring_L3_state,23. ii1 endothel,AT2G17710,4,6.099670886993408,4.613295405772527e-106,22.2659969329834
gehring_L3_state,23. ii1 endothel,AT4G22880,5,6.3283209800720215,1.1265947461785489e-102,21.90342140197754
gehring_L3_state,23. ii1 endothel,AT5G51950,6,6.208841800689697,5.6353517490997394e-99,21.50341033935547
gehring_L3_state,23. ii1 endothel,AT2G38900,7,5.522256374359131,7.872776494074083e-99,21.48073005676269
gehring_L3_state,23. ii1 endothel,AT2G23910,8,5.777315616607666,1.6097626449669297e-96,21.22587013244629
gehring_L3_state,23. ii1 endothel,AT1G56100,9,6.067140102386475,2.9105460586935896e-94,20.974529266357425
gehring_L3_state,23. ii1 endothel,AT5G42800,10,5.684969902038574,4.781463135740853e-93,20.83591651916504
gehring_L3_state,23. ii1 endothel,AT5G25610,11,5.533736705780029,9.967234649232694e-86,20.00800323486328
gehring_L3_state,23. ii1 endothel,AT1G77520,12,5.86386251449585,4.392159393815685e-84,19.813989639282227
gehring_L3_state,23. ii1 endothel,AT5G53100,13,6.545516490936279,7.582307624338387e-83,19.66600799560547
gehring_L3_state,23. ii1 endothel,AT2G31360,14,5.2404632568359375,1.4054442705822906e-82,19.630918502807617
gehring_L3_state,23. ii1 endothel,AT4G15750,15,4.826834678649902,1.2375257954589076e-80,19.39852523803711
gehring_L3_state,23. ii1 endothel,AT5G05270,16,4.336090087890625,1.2501408011510399e-77,19.03616142272949
gehring_L3_state,23. ii1 endothel,AT4G26420,17,4.928468704223633,3.2601555650745627e-75,18.73921203613281
gehring_L3_state,23. ii1 endothel,AT5G48880,18,4.936922550201416,5.188922798409397e-75,18.71141815185547
gehring_L3_state,23. ii1 endothel,AT4G30470,19,5.241171836853027,1.0929752845212873e-74,18.66878890991211
gehring_L3_state,23. ii1 endothel,AT1G62333,20,4.40925931930542,7.644239501899167e-74,18.56185340881348
gehring_L3_state,23. ii1 endothel,AT3G49780,21,4.664456367492676,1.0850526114740296e-69,18.038307189941406
gehring_L3_state,23. ii1 endothel,AT2G26250,22,4.157749176025391,5.0324551851859646e-64,17.29960060119629
gehring_L3_state,23. ii1 endothel,AT1G34580,23,3.788440942764282,5.048722686564336e-64,17.29685401916504
gehring_L3_state,23. ii1 endothel,AT5G14700,24,4.929613590240479,1.8472787957035839e-63,17.219482421875
gehring_L3_state,23. ii1 endothel,AT4G09820,25,4.783936023712158,6.827852837075935e-62,17.006877899169922
gehring_L3_state,23. ii1 endothel,AT5G57630,26,5.365697860717773,2.7372966867720996e-61,16.923006057739258
gehring_L3_state,23. ii1 endothel,AT5G02540,27,5.534827709197998,7.233196707658673e-60,16.72684097290039
gehring_L3_state,23. ii1 endothel,AT5G39130,28,4.046961784362793,9.64672153378057e-59,16.569616317749023
gehring_L3_state,23. ii1 endothel,AT4G00360,29,4.869722366333008,2.9971237513289907e-58,16.499189376831055
gehring_L3_state,23. ii1 endothel,AT5G13930,30,3.167994976043701,1.2263379386867438e-57,16.411827087402344
gehring_L3_state,23. ii1 endothel,AT1G65060,31,4.286920070648193,1.9146730451714336e-56,16.240793228149414
gehring_L3_state,23. ii1 endothel,AT5G50750,32,4.859992980957031,1.9146730451714336e-56,16.24018669128418
gehring_L3_state,23. ii1 endothel,AT4G24130,33,3.875199794769287,6.683694676852713e-55,16.018861770629883
gehring_L3_state,23. ii1 endothel,AT1G32170,34,4.652583599090576,1.0383818200289717e-54,15.989581108093262
gehring_L3_state,23. ii1 endothel,AT2G47895,35,4.03422212600708,1.238182321477528e-54,15.976806640625
gehring_L3_state,23. ii1 endothel,AT5G12950,36,4.385398864746094,5.328276709458021e-54,15.883790969848633
gehring_L3_state,23. ii1 endothel,AT1G36160,37,3.7777578830718994,6.588363728472381e-54,15.868754386901855
gehring_L3_state,23. ii1 endothel,AT2G28250,38,7.4806694984436035,9.446554553469456e-51,15.404115676879885
gehring_L3_state,23. ii1 endothel,AT3G51240,39,3.2895357608795166,6.997373921629676e-50,15.272422790527344
gehring_L3_state,23. ii1 endothel,AT1G02930,40,3.926981210708618,5.589581534765392e-49,15.134673118591309
gehring_L3_state,23. ii1 endothel,AT3G23460,41,4.805831909179688,1.845533500017043e-47,14.901198387145996
gehring_L3_state,23. ii1 endothel,AT2G47240,42,3.543030023574829,1.1940887492897251e-46,14.774304389953612
gehring_L3_state,23. ii1 endothel,AT2G25540,43,3.106987714767456,2.6936212545272515e-46,14.717798233032228
gehring_L3_state,23. ii1 endothel,AT2G14900,44,4.013205528259277,4.6265958228675036e-46,14.679608345031738
gehring_L3_state,23. ii1 endothel,AT4G12460,45,3.520498275756836,5.50890182173789e-46,14.666242599487305
gehring_L3_state,23. ii1 endothel,AT3G49050,46,3.865086078643799,4.128623273971653e-45,14.527395248413086
gehring_L3_state,23. ii1 endothel,AT3G08770,47,3.4362499713897705,9.114515192420521e-45,14.471558570861816
gehring_L3_state,23. ii1 endothel,AT5G53460,48,2.936551332473755,3.8873468495850566e-43,14.20964527130127
gehring_L3_state,23. ii1 endothel,AT2G21430,49,4.553823471069336,2.99164863368134e-41,13.900711059570312
gehring_L3_state,23. ii1 endothel,AT1G06550,50,3.241825580596924,1.372448046675607e-40,13.789796829223633
gehring_L3_state,23. ii1 endothel s-phase,AT3G49270,1,6.872530460357666,3.7031133323628165e-27,11.583163261413574
gehring_L3_state,23. ii1 endothel s-phase,AT5G53100,2,7.192895889282227,3.7031133323628165e-27,11.566645622253418
gehring_L3_state,23. ii1 endothel s-phase,AT1G06550,3,5.569723129272461,3.7031133323628165e-27,11.555951118469238
gehring_L3_state,23. ii1 endothel s-phase,AT5G17220,4,7.169624328613281,3.7031133323628165e-27,11.55097770690918
gehring_L3_state,23. ii1 endothel s-phase,AT5G47350,5,6.843276977539063,3.7031133323628165e-27,11.543937683105469
gehring_L3_state,23. ii1 endothel s-phase,AT5G48880,6,6.017472743988037,1.0478777934876514e-26,11.438339233398438
gehring_L3_state,23. ii1 endothel s-phase,AT1G61720,7,6.945746421813965,1.6765412661273946e-26,11.37473964691162
gehring_L3_state,23. ii1 endothel s-phase,AT2G23910,8,5.77921199798584,1.6765412661273946e-26,11.37240982055664
gehring_L3_state,23. ii1 endothel s-phase,AT4G15750,9,6.280533313751221,2.1161185989149924e-26,11.34177017211914
gehring_L3_state,23. ii1 endothel s-phase,AT2G17710,10,6.053378105163574,2.3020551112173835e-26,11.325169563293455
gehring_L3_state,23. ii1 endothel s-phase,AT5G42800,11,5.818475723266602,1.058694601580052e-25,11.182228088378906
gehring_L3_state,23. ii1 endothel s-phase,AT5G14920,12,5.821643829345703,1.8162442808501837e-25,11.12648105621338
gehring_L3_state,23. ii1 endothel s-phase,AT1G56100,13,6.6355414390563965,1.9307454254329208e-25,11.113885879516602
gehring_L3_state,23. ii1 endothel s-phase,AT4G22880,14,6.39835262298584,2.0356743339566545e-25,11.102540969848633
gehring_L3_state,23. ii1 endothel s-phase,AT2G38900,15,5.661760330200195,3.3692335896218684e-25,11.051236152648926
gehring_L3_state,23. ii1 endothel s-phase,AT4G30470,16,5.541537284851074,4.80039042855677e-25,11.013602256774902
gehring_L3_state,23. ii1 endothel s-phase,AT5G51950,17,5.901957035064697,5.197872390425618e-25,11.000969886779783
gehring_L3_state,23. ii1 endothel s-phase,AT1G29660,18,6.758125305175781,1.2849113961682176e-24,10.913872718811035
gehring_L3_state,23. ii1 endothel s-phase,AT5G57630,19,5.932157516479492,2.2082676092728364e-24,10.859615325927734
gehring_L3_state,23. ii1 endothel s-phase,AT3G13530,20,5.760081768035889,4.584621052456075e-24,10.78798770904541
gehring_L3_state,23. ii1 endothel s-phase,AT5G05270,21,4.802131652832031,1.108121967953351e-23,10.702044486999512
gehring_L3_state,23. ii1 endothel s-phase,AT3G49050,22,5.382944583892822,1.1758290150767289e-23,10.692234992980955
gehring_L3_state,23. ii1 endothel s-phase,AT2G31360,23,5.165585994720459,1.5198317679391005e-23,10.664280891418455
gehring_L3_state,23. ii1 endothel s-phase,AT5G02540,24,6.368787288665772,3.000532288518497e-23,10.596879005432127
gehring_L3_state,23. ii1 endothel s-phase,AT2G26250,25,4.697603225708008,5.937337600562267e-23,10.529003143310549
gehring_L3_state,23. ii1 endothel s-phase,AT2G47240,26,4.81906270980835,6.540447888103364e-23,10.516195297241213
gehring_L3_state,23. ii1 endothel s-phase,AT2G47895,27,5.089748859405518,9.127863701761246e-23,10.481163024902344
gehring_L3_state,23. ii1 endothel s-phase,AT4G24130,28,4.631316661834717,1.5588606526001888e-22,10.42697525024414
gehring_L3_state,23. ii1 endothel s-phase,AT5G10180,29,5.8168768882751465,2.665336843607463e-22,10.372520446777344
gehring_L3_state,23. ii1 endothel s-phase,AT3G08770,30,5.249139308929443,3.1134087553566035e-22,10.35442066192627
gehring_L3_state,23. ii1 endothel s-phase,AT3G51240,31,4.122288703918457,3.443081827348397e-22,10.341151237487791
gehring_L3_state,23. ii1 endothel s-phase,AT1G62333,32,4.655396461486816,3.443081827348397e-22,10.338600158691406
gehring_L3_state,23. ii1 endothel s-phase,AT5G63550,33,5.247768878936768,4.467266549700494e-22,10.310654640197754
gehring_L3_state,23. ii1 endothel s-phase,AT1G77520,34,5.081894874572754,6.952535494272959e-22,10.26276969909668
gehring_L3_state,23. ii1 endothel s-phase,AT4G00360,35,5.088030815124512,6.952535494272959e-22,10.262381553649902
gehring_L3_state,23. ii1 endothel s-phase,AT5G25610,36,5.028634548187256,1.798756135839754e-21,10.16745948791504
gehring_L3_state,23. ii1 endothel s-phase,AT4G09820,37,4.988655090332031,1.923554720656926e-21,10.15825080871582
gehring_L3_state,23. ii1 endothel s-phase,AT1G02930,38,5.113075733184815,2.913035130406137e-21,10.115089416503906
gehring_L3_state,23. ii1 endothel s-phase,AT2G28625,39,6.015178203582764,4.029892188994616e-21,10.080708503723145
gehring_L3_state,23. ii1 endothel s-phase,AT5G13930,40,3.7643330097198486,5.409921164448305e-21,10.049238204956056
gehring_L3_state,23. ii1 endothel s-phase,AT1G27950,41,4.812242031097412,5.679829551382946e-21,10.042003631591797
gehring_L3_state,23. ii1 endothel s-phase,AT1G65060,42,4.484153747558594,5.932511675115581e-21,10.035332679748535
gehring_L3_state,23. ii1 endothel s-phase,AT1G36160,43,4.054586887359619,7.174519000575547e-21,10.014229774475098
gehring_L3_state,23. ii1 endothel s-phase,AT2G14900,44,4.667033672332764,1.587805662662117e-20,9.933074951171877
gehring_L3_state,23. ii1 endothel s-phase,AT1G07720,45,5.439221382141113,3.613153510233453e-20,9.848519325256348
gehring_L3_state,23. ii1 endothel s-phase,AT2G30490,46,4.282138347625732,7.41064538070654e-20,9.773823738098145
gehring_L3_state,23. ii1 endothel s-phase,AT4G17480,47,4.100325584411621,2.1061927091877717e-19,9.665267944335938
gehring_L3_state,23. ii1 endothel s-phase,AT1G61255,48,4.603532791137695,3.4751840759255296e-19,9.6116943359375
gehring_L3_state,23. ii1 endothel s-phase,AT2G22990,49,5.489828586578369,1.3649219820596689e-18,9.467677116394045
gehring_L3_state,23. ii1 endothel s-phase,AT5G22880,50,4.554470539093018,2.5659920862288985e-18,9.399372100830078
gehring_L3_state,23. oi1 flav synth,AT5G39190,1,7.79410982131958,0.0,67.18436431884766
gehring_L3_state,23. oi1 flav synth,AT4G37520,2,6.653247833251953,0.0,66.4489974975586
gehring_L3_state,23. oi1 flav synth,AT5G50750,3,6.851115703582764,0.0,65.0534896850586
gehring_L3_state,23. oi1 flav synth,AT5G39160,4,7.247598648071289,0.0,64.27210998535156
gehring_L3_state,23. oi1 flav synth,AT5G48100,5,6.647929668426514,0.0,62.89840316772461
gehring_L3_state,23. oi1 flav synth,AT5G39130,6,5.716658115386963,0.0,62.26164627075195
gehring_L3_state,23. oi1 flav synth,AT2G47750,7,7.015598297119141,0.0,58.02000427246094
gehring_L3_state,23. oi1 flav synth,AT3G49780,8,5.422725200653076,0.0,54.331520080566406
gehring_L3_state,23. oi1 flav synth,AT1G73600,9,4.095118522644043,0.0,51.03733444213867
gehring_L3_state,23. oi1 flav synth,AT5G24915,10,5.458469390869141,0.0,50.55445861816406
gehring_L3_state,23. oi1 flav synth,AT1G11170,11,5.361472129821777,0.0,50.537109375
gehring_L3_state,23. oi1 flav synth,AT2G43050,12,6.217260837554932,0.0,47.00901412963867
gehring_L3_state,23. oi1 flav synth,AT2G43150,13,3.942497730255127,0.0,46.403587341308594
gehring_L3_state,23. oi1 flav synth,AT3G02940,14,7.424941539764404,0.0,45.83013153076172
gehring_L3_state,23. oi1 flav synth,AT4G36648,15,1.9314277172088623,0.0,45.68619537353516
gehring_L3_state,23. oi1 flav synth,AT1G21310,16,5.630044460296631,0.0,45.65385437011719
gehring_L3_state,23. oi1 flav synth,AT2G25540,17,3.3838610649108887,0.0,45.305908203125
gehring_L3_state,23. oi1 flav synth,AT1G04580,18,4.347960948944092,0.0,45.05687713623047
gehring_L3_state,23. oi1 flav synth,AT1G23200,19,4.5908050537109375,0.0,44.7530632019043
gehring_L3_state,23. oi1 flav synth,AT1G73290,20,7.3686323165893555,0.0,44.607269287109375
gehring_L3_state,23. oi1 flav synth,AT4G01430,21,5.879181861877441,0.0,44.52150344848633
gehring_L3_state,23. oi1 flav synth,AT4G19420,22,5.308360576629639,0.0,43.91767501831055
gehring_L3_state,23. oi1 flav synth,AT2G25450,23,3.981391906738281,0.0,42.82612609863281
gehring_L3_state,23. oi1 flav synth,AT1G62060,24,4.5928263664245605,0.0,41.02909851074219
gehring_L3_state,23. oi1 flav synth,AT4G37050,25,3.851372480392456,0.0,40.539180755615234
gehring_L3_state,23. oi1 flav synth,AT2G22620,26,3.00622296333313,0.0,39.37570190429688
gehring_L3_state,23. oi1 flav synth,AT1G34580,27,3.1117703914642334,0.0,39.19337844848633
gehring_L3_state,23. oi1 flav synth,AT1G20500,28,4.466636657714844,0.0,38.95613479614258
gehring_L3_state,23. oi1 flav synth,AT2G33480,29,3.91104507446289,0.0,38.9411506652832
gehring_L3_state,23. oi1 flav synth,AT1G70830,30,3.843209981918335,0.0,38.89731979370117
gehring_L3_state,23. oi1 flav synth,ATCG00020,31,2.3748974800109863,0.0,37.82476425170898
gehring_L3_state,23. oi1 flav synth,AT4G26220,32,3.909548997879028,8.141720077276794e-297,37.00072860717773
gehring_L3_state,23. oi1 flav synth,AT2G36950,33,4.55048942565918,5.492916185805778e-295,36.88597869873047
gehring_L3_state,23. oi1 flav synth,AT5G50260,34,4.404351711273193,4.920395003593503e-292,36.7005500793457
gehring_L3_state,23. oi1 flav synth,AT2G19570,35,2.844688415527344,7.163472680522832e-288,36.43782043457031
gehring_L3_state,23. oi1 flav synth,AT1G28660,36,5.669065475463867,7.194086130155597e-275,35.60658264160156
gehring_L3_state,23. oi1 flav synth,AT3G28360,37,5.706520080566406,1.4200510037359242e-271,35.39223861694336
gehring_L3_state,23. oi1 flav synth,AT1G28590,38,5.399106502532959,7.365341285483299e-271,35.3449821472168
gehring_L3_state,23. oi1 flav synth,AT5G20250,39,3.9036571979522714,4.7728295099125786e-259,34.566097259521484
gehring_L3_state,23. oi1 flav synth,AT2G47240,40,2.9309840202331543,7.430108669898293e-236,32.98423767089844
gehring_L3_state,23. oi1 flav synth,AT4G25700,41,4.622379302978516,8.609283262076401e-236,32.97908020019531
gehring_L3_state,23. oi1 flav synth,AT1G72510,42,3.9630634784698486,3.0502015878440368e-233,32.80008316040039
gehring_L3_state,23. oi1 flav synth,AT2G23790,43,2.24098539352417,4.366761520647574e-225,32.22165298461914
gehring_L3_state,23. oi1 flav synth,AT4G36610,44,6.212172985076904,5.562880872121126e-221,31.926576614379883
gehring_L3_state,23. oi1 flav synth,AT5G41040,45,5.6064043045043945,8.793843101581284e-221,31.911598205566406
gehring_L3_state,23. oi1 flav synth,AT1G49580,46,3.2683298587799072,2.3079144706404226e-217,31.663543701171875
gehring_L3_state,23. oi1 flav synth,AT5G15180,47,5.722996234893799,3.129149505217119e-217,31.65331268310547
gehring_L3_state,23. oi1 flav synth,AT4G12290,48,3.656869411468506,5.003678381551377e-215,31.49213218688965
gehring_L3_state,23. oi1 flav synth,AT2G34660,49,3.513521432876587,6.74130478612445e-215,31.48207092285156
gehring_L3_state,23. oi1 flav synth,AT5G63530,50,2.858020544052124,1.8679514650513563e-211,31.228923797607425
gehring_L3_state,24. ii1',AT4G12910,1,6.690000534057617,0.0,60.5919189453125
gehring_L3_state,24. ii1',AT3G45970,2,5.896529674530029,0.0,57.09989547729492
gehring_L3_state,24. ii1',AT3G57240,3,7.303442001342773,0.0,56.41242599487305
gehring_L3_state,24. ii1',AT3G20210,4,6.062134265899658,0.0,55.51585006713867
gehring_L3_state,24. ii1',AT1G21460,5,6.156150341033936,0.0,53.02982711791992
gehring_L3_state,24. ii1',AT1G76160,6,6.008292675018311,0.0,52.49068069458008
gehring_L3_state,24. ii1',AT5G33290,7,5.687199115753174,0.0,51.96987915039063
gehring_L3_state,24. ii1',AT5G55250,8,5.197281837463379,0.0,50.86178207397461
gehring_L3_state,24. ii1',AT4G09030,9,4.866265773773193,0.0,50.601898193359375
gehring_L3_state,24. ii1',AT4G20260,10,5.611127853393555,0.0,49.686767578125
gehring_L3_state,24. ii1',AT3G26440,11,5.562525272369385,0.0,48.25648880004883
gehring_L3_state,24. ii1',AT2G46370,12,5.893965721130371,0.0,48.02280807495117
gehring_L3_state,24. ii1',AT3G13750,13,4.9710774421691895,0.0,47.65985107421875
gehring_L3_state,24. ii1',AT5G15740,14,5.127169132232666,0.0,44.62161636352539
gehring_L3_state,24. ii1',AT3G28960,15,5.181264877319336,0.0,43.64677810668945
gehring_L3_state,24. ii1',AT2G37460,16,5.457525253295898,0.0,42.90486526489258
gehring_L3_state,24. ii1',AT4G39350,17,4.17429780960083,0.0,42.315704345703125
gehring_L3_state,24. ii1',AT1G09790,18,4.933295726776123,0.0,41.058685302734375
gehring_L3_state,24. ii1',AT4G16563,19,3.759974479675293,0.0,40.02917098999024
gehring_L3_state,24. ii1',AT3G24840,20,3.9152097702026367,0.0,39.1655502319336
gehring_L3_state,24. ii1',AT1G53100,21,5.0183424949646,0.0,38.97321319580078
gehring_L3_state,24. ii1',AT1G71960,22,4.72761344909668,0.0,38.90079116821289
gehring_L3_state,24. ii1',AT1G68560,23,4.716419219970703,0.0,38.74437713623047
gehring_L3_state,24. ii1',AT1G24010,24,5.532802104949951,0.0,38.71683120727539
gehring_L3_state,24. ii1',AT1G11590,25,5.798665523529053,6.868891448705118e-297,37.011985778808594
gehring_L3_state,24. ii1',AT2G01850,26,2.7087185382843018,3.252705552137575e-280,35.959327697753906
gehring_L3_state,24. ii1',AT2G33860,27,4.932262897491455,1.617976470397669e-279,35.913673400878906
gehring_L3_state,24. ii1',AT5G26120,28,6.522848129272461,3.642326034929958e-266,35.04679489135742
gehring_L3_state,24. ii1',AT2G47240,29,3.15633225440979,4.712849253440127e-266,35.038448333740234
gehring_L3_state,24. ii1',AT5G42250,30,5.970165252685547,3.635035423828271e-265,34.97917175292969
gehring_L3_state,24. ii1',AT3G15510,31,3.009598731994629,5.602275613177279e-264,34.90001678466797
gehring_L3_state,24. ii1',AT1G17620,32,3.754239559173584,2.7385907360732563e-259,34.588600158691406
gehring_L3_state,24. ii1',AT4G01430,33,4.341411590576172,4.33373423516526e-259,34.57444763183594
gehring_L3_state,24. ii1',AT4G12290,34,3.687208652496338,6.812593401713538e-258,34.49387741088867
gehring_L3_state,24. ii1',AT1G16705,35,2.9906601905822754,1.3966990340081388e-256,34.40542984008789
gehring_L3_state,24. ii1',AT2G39010,36,5.749938488006592,1.6338165979166608e-248,33.86080551147461
gehring_L3_state,24. ii1',AT4G03210,37,4.323199272155762,2.4293855767054777e-246,33.71208190917969
gehring_L3_state,24. ii1',AT4G03930,38,5.2199482917785645,4.381183893147835e-245,33.62546157836914
gehring_L3_state,24. ii1',AT4G00220,39,3.514003038406372,7.202783994095312e-242,33.40393829345703
gehring_L3_state,24. ii1',AT1G56010,40,5.766319274902344,1.0016654002904886e-241,33.39331817626953
gehring_L3_state,24. ii1',AT4G13345,41,4.228926658630371,6.699721129092376e-223,32.06947326660156
gehring_L3_state,24. ii1',AT2G02990,42,4.568077087402344,2.695235268028643e-221,31.953418731689453
gehring_L3_state,24. ii1',AT2G45840,43,5.554134845733643,4.557424225755657e-214,31.428016662597656
gehring_L3_state,24. ii1',AT5G39220,44,2.71908974647522,7.460005323842811e-214,31.41161727905273
gehring_L3_state,24. ii1',AT2G28650,45,3.134956359863281,2.171504585554642e-210,31.156198501586918
gehring_L3_state,24. ii1',AT5G28540,46,2.419980764389038,3.5884182659009447e-208,30.991294860839844
gehring_L3_state,24. ii1',AT2G41700,47,3.5544745922088623,4.9772289385836375e-207,30.905717849731445
gehring_L3_state,24. ii1',AT5G03760,48,3.749340772628784,5.343813080158103e-207,30.902740478515625
gehring_L3_state,24. ii1',AT3G06550,49,3.55603551864624,5.3971982203234465e-205,30.752521514892575
gehring_L3_state,24. ii1',AT5G23210,50,2.861239433288574,2.2948128667842073e-202,30.55462455749512
gehring_L3_state,24. oi1 flav synth polyester,AT1G21310,1,7.87202787399292,8.384128609624461e-247,33.850345611572266
gehring_L3_state,24. oi1 flav synth polyester,AT1G73290,2,8.980537414550781,9.544954892947552e-247,33.8260498046875
gehring_L3_state,24. oi1 flav synth polyester,AT5G39190,3,7.828483581542969,2.193984868428404e-245,33.721317291259766
gehring_L3_state,24. oi1 flav synth polyester,AT5G48100,4,6.954385280609131,4.7557191105053587e-241,33.41559600830078
gehring_L3_state,24. oi1 flav synth polyester,AT5G39160,5,7.252513408660889,9.345113731231035e-236,33.042415618896484
gehring_L3_state,24. oi1 flav synth polyester,AT3G49780,6,6.430188179016113,3.533865063274893e-235,32.99665451049805
gehring_L3_state,24. oi1 flav synth polyester,AT4G36610,7,8.828337669372559,5.232963910681941e-234,32.91027069091797
gehring_L3_state,24. oi1 flav synth polyester,AT5G41040,8,8.257781028747559,2.170204317128596e-233,32.862998962402344
gehring_L3_state,24. oi1 flav synth polyester,AT4G37520,9,6.471904277801514,1.1370135847177599e-226,32.38560104370117
gehring_L3_state,24. oi1 flav synth polyester,AT3G02940,10,8.20384407043457,1.347653412471911e-223,32.16324996948242
gehring_L3_state,24. oi1 flav synth polyester,AT5G39130,11,5.641501426696777,1.5876633661248738e-212,31.35841178894043
gehring_L3_state,24. oi1 flav synth polyester,AT5G50750,12,5.929699420928955,7.786529122195369e-200,30.41044044494629
gehring_L3_state,24. oi1 flav synth polyester,AT4G19420,13,6.257016658782959,1.1690523855036143e-191,29.78291893005371
gehring_L3_state,24. oi1 flav synth polyester,AT1G72510,14,5.727214813232422,2.6228417639600885e-187,29.44248962402344
gehring_L3_state,24. oi1 flav synth polyester,AT4G24130,15,4.8974928855896,1.98290704526532e-186,29.371435165405277
gehring_L3_state,24. oi1 flav synth polyester,AT5G24915,16,5.712483406066895,3.1159372796824406e-182,29.03877258300781
gehring_L3_state,24. oi1 flav synth polyester,AT1G12080,17,5.626669406890869,1.1470295183585877e-178,28.752857208251957
gehring_L3_state,24. oi1 flav synth polyester,AT2G47750,18,6.17017126083374,5.94748573318722e-175,28.45217704772949
gehring_L3_state,24. oi1 flav synth polyester,AT4G01430,19,6.334902763366699,4.536748686169224e-173,28.29770851135254
gehring_L3_state,24. oi1 flav synth polyester,AT1G11170,20,5.259809970855713,4.916590479828523e-164,27.551836013793945
gehring_L3_state,24. oi1 flav synth polyester,AT4G36648,21,2.256821870803833,3.548249205139934e-156,26.88616371154785
gehring_L3_state,24. oi1 flav synth polyester,AT2G33480,22,4.751338958740234,1.838307960385536e-150,26.391172409057617
gehring_L3_state,24. oi1 flav synth polyester,AT3G57230,23,4.731767177581787,7.759009200774112e-145,25.894731521606445
gehring_L3_state,24. oi1 flav synth polyester,AT2G37460,24,5.687281608581543,1.993530409747909e-139,25.408201217651367
gehring_L3_state,24. oi1 flav synth polyester,AT1G73600,25,3.9752564430236816,7.725319390971387e-137,25.171297073364254
gehring_L3_state,24. oi1 flav synth polyester,AT4G37050,26,4.451534271240234,2.1446489386905164e-136,25.12920570373535
gehring_L3_state,24. oi1 flav synth polyester,AT3G22600,27,8.750343322753906,6.546863141457169e-135,24.99150276184082
gehring_L3_state,24. oi1 flav synth polyester,AT2G34660,28,4.557438850402832,1.035314492682645e-133,24.87950325012207
gehring_L3_state,24. oi1 flav synth polyester,AT2G43150,29,3.881765604019165,2.6787811009833063e-129,24.46693420410156
gehring_L3_state,24. oi1 flav synth polyester,AT1G20500,30,4.785788536071777,3.573166846840225e-121,23.68986701965332
gehring_L3_state,24. oi1 flav synth polyester,AT1G28590,31,5.663963794708252,4.8943329960777725e-121,23.67522430419922
gehring_L3_state,24. oi1 flav synth polyester,AT1G04580,32,4.162811279296875,7.103218656279166e-117,23.26632308959961
gehring_L3_state,24. oi1 flav synth polyester,AT3G05890,33,5.440227031707764,4.910306222320648e-116,23.18190574645996
gehring_L3_state,24. oi1 flav synth polyester,AT2G35585,34,5.4140625,6.947306800724876e-116,23.165674209594727
gehring_L3_state,24. oi1 flav synth polyester,AT1G61810,35,6.594119071960449,1.7563502029806882e-111,22.723407745361328
gehring_L3_state,24. oi1 flav synth polyester,AT3G51860,36,3.5048177242279053,2.864765161907609e-111,22.70067024230957
gehring_L3_state,24. oi1 flav synth polyester,AT3G21230,37,5.814225196838379,1.1571552239072272e-104,22.0205135345459
gehring_L3_state,24. oi1 flav synth polyester,AT3G22620,38,9.269203186035156,1.964062418115721e-104,21.99531555175781
gehring_L3_state,24. oi1 flav synth polyester,AT1G17060,39,4.637051105499268,1.1625126684393026e-103,21.91330909729004
gehring_L3_state,24. oi1 flav synth polyester,AT2G47240,40,3.552597999572754,3.7600169476179206e-102,21.753257751464844
gehring_L3_state,24. oi1 flav synth polyester,AT4G26580,41,7.014115333557129,1.5231943498437548e-101,21.68785095214844
gehring_L3_state,24. oi1 flav synth polyester,AT4G25700,42,4.9459991455078125,3.606364213680424e-101,21.64704704284668
gehring_L3_state,24. oi1 flav synth polyester,AT5G08250,43,7.418727874755859,6.328605952448231e-101,21.62002182006836
gehring_L3_state,24. oi1 flav synth polyester,AT2G25540,44,3.093879222869873,2.507356950451045e-100,21.555320739746094
gehring_L3_state,24. oi1 flav synth polyester,AT2G19570,45,3.0978357791900635,1.2824954030024313e-99,21.47858619689941
gehring_L3_state,24. oi1 flav synth polyester,AT2G40370,46,8.297036170959473,1.9075301136195731e-97,21.243898391723636
gehring_L3_state,24. oi1 flav synth polyester,AT5G23190,47,7.279752254486084,6.76487921559589e-97,21.1833438873291
gehring_L3_state,24. oi1 flav synth polyester,AT1G23200,48,4.0052666664123535,6.0383290956048584e-96,21.078990936279297
gehring_L3_state,24. oi1 flav synth polyester,AT5G59220,49,3.7831523418426514,1.3225651823893029e-95,21.040868759155277
gehring_L3_state,24. oi1 flav synth polyester,AT2G25450,50,3.704918146133423,2.0786732956006083e-95,21.018457412719727
gehring_L3_state,25. ii2 gen,AT3G20210,1,6.402637004852295,0.0,78.4295883178711
gehring_L3_state,25. ii2 gen,AT4G21640,2,9.09934902191162,0.0,72.84429931640625
gehring_L3_state,25. ii2 gen,AT5G49180,3,4.228609085083008,0.0,68.41963958740234
gehring_L3_state,25. ii2 gen,AT1G14970,4,5.387673377990723,0.0,66.2385025024414
gehring_L3_state,25. ii2 gen,AT2G22620,5,3.856279373168945,0.0,62.64390563964844
gehring_L3_state,25. ii2 gen,AT4G09030,6,4.543705463409424,0.0,62.27365493774414
gehring_L3_state,25. ii2 gen,AT1G05260,7,5.151066303253174,0.0,59.129730224609375
gehring_L3_state,25. ii2 gen,AT2G27920,8,4.10056209564209,0.0,59.05142211914063
gehring_L3_state,25. ii2 gen,AT5G42235,9,3.2449734210968018,0.0,53.96469497680664
gehring_L3_state,25. ii2 gen,AT3G23560,10,6.677019119262695,0.0,53.741329193115234
gehring_L3_state,25. ii2 gen,AT1G43640,11,2.91963529586792,0.0,51.38096237182617
gehring_L3_state,25. ii2 gen,AT5G56300,12,4.0470051765441895,0.0,50.82865905761719
gehring_L3_state,25. ii2 gen,AT4G37520,13,3.5274910926818848,0.0,50.69893264770508
gehring_L3_state,25. ii2 gen,AT3G60160,14,3.9266726970672607,0.0,49.9292106628418
gehring_L3_state,25. ii2 gen,AT5G67360,15,2.651137113571167,0.0,48.66126251220703
gehring_L3_state,25. ii2 gen,AT1G73680,16,3.5106050968170166,0.0,47.77361679077149
gehring_L3_state,25. ii2 gen,AT3G02470,17,2.0115997791290283,0.0,46.21057891845703
gehring_L3_state,25. ii2 gen,AT4G09960,18,2.7278568744659424,0.0,45.89690399169922
gehring_L3_state,25. ii2 gen,AT1G09790,19,4.733358860015869,0.0,45.30028533935547
gehring_L3_state,25. ii2 gen,AT5G13670,20,2.763913869857788,0.0,45.04658889770508
gehring_L3_state,25. ii2 gen,AT2G02000,21,7.026905059814453,0.0,44.16416549682617
gehring_L3_state,25. ii2 gen,AT2G44670,22,3.103940963745117,0.0,44.08754348754883
gehring_L3_state,25. ii2 gen,AT2G46960,23,3.334322452545166,0.0,43.55016326904297
gehring_L3_state,25. ii2 gen,AT5G42240,24,2.780502796173096,0.0,43.468727111816406
gehring_L3_state,25. ii2 gen,AT3G10985,25,2.804083585739136,0.0,42.64675521850586
gehring_L3_state,25. ii2 gen,AT5G12170,26,2.7867236137390137,0.0,42.41791534423828
gehring_L3_state,25. ii2 gen,AT5G27360,27,2.395871877670288,0.0,42.067684173583984
gehring_L3_state,25. ii2 gen,AT5G66170,28,3.065786838531494,0.0,41.58329391479492
gehring_L3_state,25. ii2 gen,AT3G18170,29,5.51556921005249,0.0,40.527957916259766
gehring_L3_state,25. ii2 gen,AT1G35780,30,3.556097984313965,0.0,40.40837097167969
gehring_L3_state,25. ii2 gen,AT1G61890,31,2.4543561935424805,0.0,39.90213394165039
gehring_L3_state,25. ii2 gen,AT3G30775,32,2.176405906677246,0.0,39.245906829833984
gehring_L3_state,25. ii2 gen,AT4G16130,33,3.1777007579803467,0.0,37.97132110595703
gehring_L3_state,25. ii2 gen,AT4G26420,34,2.889336585998535,6.664337452074235e-302,37.31410217285156
gehring_L3_state,25. ii2 gen,AT4G20260,35,3.665970087051392,1.6535953721158214e-294,36.8545150756836
gehring_L3_state,25. ii2 gen,AT5G08260,36,2.452258825302124,6.599194160961254e-294,36.81620407104492
gehring_L3_state,25. ii2 gen,AT4G24150,37,5.038791656494141,1.6863506935690894e-293,36.78998565673828
gehring_L3_state,25. ii2 gen,AT1G63090,38,3.023483991622925,1.5637215137636822e-291,36.66602325439453
gehring_L3_state,25. ii2 gen,AT2G25540,39,2.171616554260254,6.545761606490907e-291,36.62627410888672
gehring_L3_state,25. ii2 gen,AT1G63690,40,2.332120656967163,7.004434959054143e-285,36.24483108520508
gehring_L3_state,25. ii2 gen,AT2G19570,41,2.189507484436035,6.492313999280502e-273,35.47634506225586
gehring_L3_state,25. ii2 gen,AT2G03810,42,2.4130561351776123,4.181394523750939e-270,35.29302215576172
gehring_L3_state,25. ii2 gen,AT4G39350,43,2.851705551147461,2.232970701963088e-267,35.114097595214844
gehring_L3_state,25. ii2 gen,AT2G01850,44,1.9883311986923216,1.0973590890222887e-266,35.06810760498047
gehring_L3_state,25. ii2 gen,AT1G78080,45,1.831985592842102,2.127222638421301e-266,35.04859924316406
gehring_L3_state,25. ii2 gen,AT5G03760,46,3.426711082458496,3.4718271506591165e-265,34.9682731628418
gehring_L3_state,25. ii2 gen,AT1G30835,47,3.068796396255493,2.1510110244362388e-263,34.84954833984375
gehring_L3_state,25. ii2 gen,AT1G07750,48,2.825064182281494,2.340240062997182e-257,34.44811248779297
gehring_L3_state,25. ii2 gen,AT3G21070,49,3.366825819015503,2.6481466344936512e-244,33.564395904541016
gehring_L3_state,25. ii2 gen,AT5G03380,50,2.090239286422729,2.437615518635806e-241,33.360015869140625
gehring_L3_state,25. oi2 gen,AT5G15740,1,8.301872253417969,0.0,40.24614334106445
gehring_L3_state,25. oi2 gen,AT2G25540,2,5.367732524871826,0.0,39.75812530517578
gehring_L3_state,25. oi2 gen,AT2G23550,3,9.005779266357422,0.0,39.46173095703125
gehring_L3_state,25. oi2 gen,AT1G62060,4,7.818708896636963,0.0,39.42826461791992
gehring_L3_state,25. oi2 gen,AT5G01100,5,8.78449535369873,0.0,38.99600601196289
gehring_L3_state,25. oi2 gen,AT1G04580,6,5.951689720153809,3.9816269799688026e-303,37.435813903808594
gehring_L3_state,25. oi2 gen,AT2G47750,7,6.850382328033447,4.663615146723949e-291,36.68234252929688
gehring_L3_state,25. oi2 gen,AT1G62080,8,7.56073522567749,2.917295915682902e-288,36.502872467041016
gehring_L3_state,25. oi2 gen,AT1G02720,9,7.82040548324585,2.7501259693060054e-287,36.438175201416016
gehring_L3_state,25. oi2 gen,AT1G13635,10,9.267318725585938,5.939701769556779e-287,36.414161682128906
gehring_L3_state,25. oi2 gen,AT1G62070,11,7.678876876831055,3.1457309896665867e-284,36.23900985717773
gehring_L3_state,25. oi2 gen,AT2G23580,12,8.759145736694336,1.0757997955926777e-279,35.94757461547852
gehring_L3_state,25. oi2 gen,AT3G14720,13,5.828118801116943,2.4924984280342244e-277,35.79365539550781
gehring_L3_state,25. oi2 gen,AT1G62220,14,7.887634754180908,2.0967164232371374e-275,35.667633056640625
gehring_L3_state,25. oi2 gen,AT1G62000,15,7.178684234619141,7.596294254939541e-255,34.313865661621094
gehring_L3_state,25. oi2 gen,AT3G14760,16,7.139396190643311,1.0551954868939821e-249,33.965415954589844
gehring_L3_state,25. oi2 gen,AT1G63300,17,4.922705173492432,3.5156883197226185e-229,32.54386520385742
gehring_L3_state,25. oi2 gen,AT5G59845,18,5.62274694442749,1.458179705491145e-225,32.28535461425781
gehring_L3_state,25. oi2 gen,AT1G53500,19,5.2351393699646,1.4675352694520994e-207,30.97439193725586
gehring_L3_state,25. oi2 gen,AT5G15650,20,4.935770034790039,7.524933499797046e-193,29.86037254333496
gehring_L3_state,25. oi2 gen,AT1G23200,21,4.88203763961792,3.4332075206344e-187,29.419591903686523
gehring_L3_state,25. oi2 gen,AT1G65985,22,6.700716495513916,5.258396686306e-178,28.690942764282227
gehring_L3_state,25. oi2 gen,AT4G37050,23,4.368615627288818,5.990770173194449e-177,28.604568481445312
gehring_L3_state,25. oi2 gen,AT5G42930,24,6.911464691162109,5.07005581388144e-175,28.447681427001957
gehring_L3_state,25. oi2 gen,AT4G09820,25,4.857716083526611,1.7256718921002974e-172,28.240812301635746
gehring_L3_state,25. oi2 gen,AT5G42690,26,5.343887805938721,6.503167898643606e-169,27.94668197631836
gehring_L3_state,25. oi2 gen,AT1G62225,27,6.85227632522583,6.042702360912071e-163,27.449831008911133
gehring_L3_state,25. oi2 gen,AT1G14970,28,4.514837265014648,1.0437946318983564e-161,27.344646453857425
gehring_L3_state,25. oi2 gen,AT5G05020,29,7.5704169273376465,4.253977150556059e-158,27.038057327270508
gehring_L3_state,25. oi2 gen,AT5G58930,30,4.529961585998535,1.4208030763522436e-153,26.6492977142334
gehring_L3_state,25. oi2 gen,AT2G23760,31,7.0169997215271,9.504596862844909e-153,26.576753616333008
gehring_L3_state,25. oi2 gen,AT2G33480,32,4.154952049255371,5.725785434107136e-152,26.507997512817383
gehring_L3_state,25. oi2 gen,AT5G56300,33,4.134859085083008,1.8715725126892111e-143,25.757707595825195
gehring_L3_state,25. oi2 gen,AT1G77210,34,5.442245960235596,3.382991636770356e-142,25.644092559814453
gehring_L3_state,25. oi2 gen,AT3G12020,35,3.553429365158081,1.347335722087546e-141,25.589096069335938
gehring_L3_state,25. oi2 gen,AT1G05230,36,4.159865379333496,3.2523434852910437e-138,25.2822380065918
gehring_L3_state,25. oi2 gen,AT1G49580,37,3.930643558502197,4.233367820275749e-137,25.17960357666016
gehring_L3_state,25. oi2 gen,AT4G12290,38,4.321964740753174,5.375982243505379e-136,25.07756233215332
gehring_L3_state,25. oi2 gen,AT5G11790,39,5.877624988555908,1.697274443758041e-134,24.93869972229004
gehring_L3_state,25. oi2 gen,AT5G66150,40,6.52235221862793,8.77793449679279e-132,24.686264038085938
gehring_L3_state,25. oi2 gen,AT1G11990,41,6.266952037811279,1.5512932817019778e-131,24.66222381591797
gehring_L3_state,25. oi2 gen,AT3G49380,42,7.8857102394104,1.408217657425625e-127,24.28951072692871
gehring_L3_state,25. oi2 gen,AT4G33820,43,6.908721923828125,1.970262791854608e-125,24.084604263305664
gehring_L3_state,25. oi2 gen,AT3G23820,44,4.286279678344727,1.6616786647081027e-116,23.21614646911621
gehring_L3_state,25. oi2 gen,AT5G15470,45,4.722017288208008,5.318934189104532e-115,23.065677642822266
gehring_L3_state,25. oi2 gen,AT2G37090,46,8.133987426757812,1.696796994571912e-112,22.813875198364254
gehring_L3_state,25. oi2 gen,AT2G21520,47,2.8360137939453125,1.5766382737761242e-111,22.715198516845703
gehring_L3_state,25. oi2 gen,AT4G22540,48,4.354204177856445,2.031418638966039e-111,22.703134536743164
gehring_L3_state,25. oi2 gen,AT5G08260,49,3.154010534286499,5.867294955666631e-110,22.553884506225582
gehring_L3_state,25. oi2 gen,AT2G25220,50,6.111988544464111,5.9511424751423135e-106,22.141027450561523
gehring_L3_state,26. oi1 flav synth,AT4G12960,1,4.655903339385986,0.0,100.0430908203125
gehring_L3_state,26. oi1 flav synth,AT5G07990,2,3.658190011978149,0.0,94.92008972167967
gehring_L3_state,26. oi1 flav synth,AT2G46960,3,3.9673855304718018,0.0,91.31616973876952
gehring_L3_state,26. oi1 flav synth,AT4G25640,4,3.854879856109619,0.0,88.92625427246094
gehring_L3_state,26. oi1 flav synth,AT3G21500,5,4.331875801086426,0.0,87.73143005371094
gehring_L3_state,26. oi1 flav synth,AT3G62610,6,4.2342939376831055,0.0,86.47185516357422
gehring_L3_state,26. oi1 flav synth,AT2G38170,7,3.5552797317504883,0.0,85.67533874511719
gehring_L3_state,26. oi1 flav synth,AT5G27380,8,3.0409398078918457,0.0,82.6669921875
gehring_L3_state,26. oi1 flav synth,AT1G14520,9,2.8668212890625,0.0,77.94009399414062
gehring_L3_state,26. oi1 flav synth,AT4G15210,10,3.170477867126465,0.0,75.67520141601562
gehring_L3_state,26. oi1 flav synth,AT5G21105,11,3.0637803077697754,0.0,75.50147247314453
gehring_L3_state,26. oi1 flav synth,AT5G42235,12,2.8948605060577397,0.0,74.51628112792969
gehring_L3_state,26. oi1 flav synth,AT1G73600,13,3.0592215061187744,0.0,72.9962387084961
gehring_L3_state,26. oi1 flav synth,AT4G36520,14,2.3440794944763184,0.0,69.92708587646484
gehring_L3_state,26. oi1 flav synth,AT5G62210,15,3.274354934692383,0.0,69.71207427978516
gehring_L3_state,26. oi1 flav synth,AT5G42240,16,2.877013921737671,0.0,69.64337921142578
gehring_L3_state,26. oi1 flav synth,AT1G30530,17,2.8885958194732666,0.0,69.54891967773438
gehring_L3_state,26. oi1 flav synth,AT1G65370,18,2.192135095596313,0.0,68.9415054321289
gehring_L3_state,26. oi1 flav synth,AT4G00870,19,3.332997560501098,0.0,68.85335540771484
gehring_L3_state,26. oi1 flav synth,AT4G36360,20,3.082420587539673,0.0,68.71829223632812
gehring_L3_state,26. oi1 flav synth,AT1G27080,21,2.653024435043335,0.0,66.39287567138672
gehring_L3_state,26. oi1 flav synth,AT5G39220,22,2.871412515640259,0.0,66.17849731445312
gehring_L3_state,26. oi1 flav synth,AT4G34138,23,2.8459932804107666,0.0,62.762916564941406
gehring_L3_state,26. oi1 flav synth,AT4G12870,24,2.5776169300079346,0.0,62.375267028808594
gehring_L3_state,26. oi1 flav synth,AT2G02080,25,2.613054037094116,0.0,62.02513885498047
gehring_L3_state,26. oi1 flav synth,AT4G26590,26,2.364179849624634,0.0,61.54935836791992
gehring_L3_state,26. oi1 flav synth,AT5G05270,27,2.468214273452759,0.0,61.22370147705078
gehring_L3_state,26. oi1 flav synth,AT1G24070,28,3.8528647422790527,0.0,60.76014709472656
gehring_L3_state,26. oi1 flav synth,AT5G24910,29,3.074657917022705,0.0,60.078250885009766
gehring_L3_state,26. oi1 flav synth,AT2G23790,30,2.221498489379883,0.0,59.72274398803711
gehring_L3_state,26. oi1 flav synth,AT4G30110,31,2.208345651626587,0.0,58.886043548583984
gehring_L3_state,26. oi1 flav synth,AT1G16390,32,3.3639276027679443,0.0,56.96355056762695
gehring_L3_state,26. oi1 flav synth,AT1G16750,33,3.2564945220947266,0.0,56.82844924926758
gehring_L3_state,26. oi1 flav synth,AT1G73390,34,2.588958263397217,0.0,55.89946746826172
gehring_L3_state,26. oi1 flav synth,AT2G40820,35,2.3970229625701904,0.0,55.787784576416016
gehring_L3_state,26. oi1 flav synth,AT2G13810,36,3.654757022857666,0.0,55.57880401611328
gehring_L3_state,26. oi1 flav synth,AT4G16380,37,2.593424797058105,0.0,54.92705154418945
gehring_L3_state,26. oi1 flav synth,AT1G05490,38,1.942674160003662,0.0,54.552188873291016
gehring_L3_state,26. oi1 flav synth,AT4G24040,39,2.361186981201172,0.0,53.71199417114258
gehring_L3_state,26. oi1 flav synth,AT4G10060,40,2.3577880859375,0.0,52.53010559082031
gehring_L3_state,26. oi1 flav synth,AT5G49180,41,2.012749195098877,0.0,52.279781341552734
gehring_L3_state,26. oi1 flav synth,AT1G20970,42,1.963340282440185,0.0,51.413516998291016
gehring_L3_state,26. oi1 flav synth,AT4G32500,43,2.850347757339477,0.0,51.38695907592773
gehring_L3_state,26. oi1 flav synth,AT2G47460,44,3.1195850372314453,0.0,50.70367813110352
gehring_L3_state,26. oi1 flav synth,AT5G45650,45,3.0264031887054443,0.0,50.4194221496582
gehring_L3_state,26. oi1 flav synth,AT4G18570,46,2.5149567127227783,0.0,50.40993118286133
gehring_L3_state,26. oi1 flav synth,AT1G02300,47,2.2771925926208496,0.0,50.0962142944336
gehring_L3_state,26. oi1 flav synth,AT2G02780,48,2.7833051681518555,0.0,49.58621597290039
gehring_L3_state,26. oi1 flav synth,AT3G55120,49,2.248107433319092,0.0,48.84621810913086
gehring_L3_state,26. oi1 flav synth,AT1G78570,50,2.406443357467652,0.0,48.6550407409668
gehring_L3_state,27. oi1 basal,AT3G62610,1,4.46619176864624,0.0,51.79433822631836
gehring_L3_state,27. oi1 basal,AT4G26590,2,3.432535171508789,0.0,49.83314895629883
gehring_L3_state,27. oi1 basal,AT2G46960,3,3.7878684997558594,0.0,49.5129280090332
gehring_L3_state,27. oi1 basal,AT5G42235,4,3.315809488296509,0.0,47.49625778198242
gehring_L3_state,27. oi1 basal,AT2G38170,5,3.604097366333008,0.0,47.35109329223633
gehring_L3_state,27. oi1 basal,AT3G54140,6,3.976102828979492,0.0,43.37761688232422
gehring_L3_state,27. oi1 basal,AT5G42240,7,3.205444812774658,0.0,42.72304153442383
gehring_L3_state,27. oi1 basal,AT2G23790,8,2.764855146408081,0.0,41.34043502807617
gehring_L3_state,27. oi1 basal,AT2G22620,9,3.025667428970337,0.0,41.19832992553711
gehring_L3_state,27. oi1 basal,AT1G73600,10,3.13486385345459,0.0,40.37418365478516
gehring_L3_state,27. oi1 basal,AT5G49360,11,3.306359052658081,0.0,39.12678909301758
gehring_L3_state,27. oi1 basal,AT4G30110,12,2.6523478031158447,0.0,39.00798416137695
gehring_L3_state,27. oi1 basal,AT5G24910,13,3.405571222305298,0.0,38.53131484985352
gehring_L3_state,27. oi1 basal,AT5G49030,14,3.6906871795654297,0.0,38.40209579467773
gehring_L3_state,27. oi1 basal,AT5G07990,15,2.643975257873535,2.185608780891876e-294,36.86992263793945
gehring_L3_state,27. oi1 basal,AT1G70830,16,3.5438404083251958,1.1220891327515085e-277,35.81013488769531
gehring_L3_state,27. oi1 basal,AT4G32500,17,3.305694818496704,3.442553543564909e-271,35.38919448852539
gehring_L3_state,27. oi1 basal,AT1G05490,18,2.2840163707733154,3.824250089776982e-269,35.254329681396484
gehring_L3_state,27. oi1 basal,AT1G34580,19,2.658799409866333,4.681096942209819e-264,34.91917037963867
gehring_L3_state,27. oi1 basal,AT5G39220,20,2.762211561203003,1.7428462424911817e-257,34.48203659057617
gehring_L3_state,27. oi1 basal,AT1G14520,21,2.299521207809448,1.0581448084354052e-247,33.821563720703125
gehring_L3_state,27. oi1 basal,AT4G25640,22,2.7043912410736084,1.2591406569746551e-242,33.4731559753418
gehring_L3_state,27. oi1 basal,AT4G36520,23,2.0075342655181885,2.23615864290736e-225,32.26453399658203
gehring_L3_state,27. oi1 basal,AT2G25540,24,2.3493802547454834,3.930581373904922e-225,32.24574661254883
gehring_L3_state,27. oi1 basal,AT2G01021,25,3.36655855178833,1.2030202619682399e-218,31.778409957885746
gehring_L3_state,27. oi1 basal,AT1G30530,26,2.39176082611084,3.735228273936996e-202,30.56007575988769
gehring_L3_state,27. oi1 basal,AT4G12960,27,2.655010461807251,9.267208915869312e-196,30.07368278503418
gehring_L3_state,27. oi1 basal,AT1G73390,28,2.539406538009644,6.882353272830119e-195,30.005800247192383
gehring_L3_state,27. oi1 basal,AT2G02080,29,2.32235050201416,9.014427673789359e-184,29.14000129699707
gehring_L3_state,27. oi1 basal,AT5G45650,30,3.0556435585021973,1.9981474547484773e-183,29.111541748046875
gehring_L3_state,27. oi1 basal,AT5G14500,31,2.3478732109069824,3.281619873624211e-176,28.534677505493164
gehring_L3_state,27. oi1 basal,AT1G23200,32,3.1133532524108887,2.3094373306372848e-158,27.05697631835937
gehring_L3_state,27. oi1 basal,AT4G34138,33,2.283320426940918,4.415104567566747e-155,26.77550506591797
gehring_L3_state,27. oi1 basal,AT1G27080,34,2.0423920154571533,1.7783378237919078e-154,26.72237777709961
gehring_L3_state,27. oi1 basal,AT4G10060,35,2.215573072433472,3.2795188337589956e-151,26.438783645629883
gehring_L3_state,27. oi1 basal,AT2G40820,36,2.089661836624145,2.317723370740348e-143,25.746042251586918
gehring_L3_state,27. oi1 basal,AT4G15210,37,2.048060178756714,4.137970250729152e-142,25.632953643798828
gehring_L3_state,27. oi1 basal,AT2G37080,38,1.961903929710388,8.45307583396801e-140,25.423852920532227
gehring_L3_state,27. oi1 basal,ATMG00020,39,0.8897735476493835,4.7541905735906446e-136,25.081422805786133
gehring_L3_state,27. oi1 basal,AT4G00870,40,2.365252733230591,9.836202843474576e-136,25.051454544067383
gehring_L3_state,27. oi1 basal,AT2G25450,41,2.5186550617218018,1.362231330042772e-132,24.7605037689209
gehring_L3_state,27. oi1 basal,AT1G12200,42,2.375161647796631,7.688756947577895e-132,24.689647674560547
gehring_L3_state,27. oi1 basal,AT1G16750,43,2.647674322128296,8.923426669202271e-132,24.682674407958984
gehring_L3_state,27. oi1 basal,AT1G09540,44,2.4489121437072754,2.649185038034793e-128,24.356172561645508
gehring_L3_state,27. oi1 basal,AT1G65370,45,1.43455171585083,1.986014908996066e-124,23.986751556396484
gehring_L3_state,27. oi1 basal,AT2G19570,46,1.827426195144653,1.035056729619884e-117,23.33329200744629
gehring_L3_state,27. oi1 basal,AT4G36360,47,2.0596063137054443,1.4254796686852523e-117,23.318675994873047
gehring_L3_state,27. oi1 basal,AT2G28130,48,2.50366759300232,4.3173931580872486e-117,23.270288467407227
gehring_L3_state,27. oi1 basal,AT1G69520,49,2.818638324737549,5.772450240822904e-117,23.25694274902344
gehring_L3_state,27. oi1 basal,AT2G13810,50,2.8247854709625244,5.44939081075151e-116,23.15951919555664
gehring_L3_state,27. oi1 flav synth high PCD,AT4G12960,1,5.110066890716553,0.0,60.71654891967773
gehring_L3_state,27. oi1 flav synth high PCD,AT3G21500,2,4.757029056549072,0.0,58.55690383911133
gehring_L3_state,27. oi1 flav synth high PCD,AT2G38170,3,3.611917495727539,0.0,48.33792495727539
gehring_L3_state,27. oi1 flav synth high PCD,AT5G27380,4,3.0557403564453125,0.0,47.90449905395508
gehring_L3_state,27. oi1 flav synth high PCD,AT5G07990,5,3.2003448009490967,0.0,45.950477600097656
gehring_L3_state,27. oi1 flav synth high PCD,AT2G22500,6,3.5720646381378174,0.0,45.34571838378906
gehring_L3_state,27. oi1 flav synth high PCD,AT4G12870,7,3.208850383758545,0.0,44.14633560180664
gehring_L3_state,27. oi1 flav synth high PCD,AT5G62210,8,3.345863342285156,0.0,43.23033142089844
gehring_L3_state,27. oi1 flav synth high PCD,AT4G25640,9,3.148003578186035,0.0,42.68917846679688
gehring_L3_state,27. oi1 flav synth high PCD,AT2G41430,10,2.776000738143921,0.0,42.48521423339844
gehring_L3_state,27. oi1 flav synth high PCD,AT3G60900,11,2.78647518157959,0.0,42.21689224243164
gehring_L3_state,27. oi1 flav synth high PCD,AT2G46960,12,3.429320335388184,0.0,41.48462677001953
gehring_L3_state,27. oi1 flav synth high PCD,AT5G64900,13,3.012551069259644,0.0,41.04394912719727
gehring_L3_state,27. oi1 flav synth high PCD,AT3G61190,14,4.831930637359619,0.0,40.314701080322266
gehring_L3_state,27. oi1 flav synth high PCD,AT2G47730,15,4.184940338134766,0.0,40.16968536376953
gehring_L3_state,27. oi1 flav synth high PCD,AT1G14520,16,2.6337544918060303,0.0,39.36103820800781
gehring_L3_state,27. oi1 flav synth high PCD,AT5G39220,17,2.890216588973999,0.0,39.28393173217773
gehring_L3_state,27. oi1 flav synth high PCD,AT2G23810,18,3.4387400150299072,0.0,39.02777862548828
gehring_L3_state,27. oi1 flav synth high PCD,AT2G22970,19,3.091055154800415,0.0,38.98947143554688
gehring_L3_state,27. oi1 flav synth high PCD,AT5G21105,20,2.6656863689422607,0.0,38.11946868896485
gehring_L3_state,27. oi1 flav synth high PCD,AT4G36360,21,2.810576200485229,0.0,38.067527770996094
gehring_L3_state,27. oi1 flav synth high PCD,AT2G05940,22,4.025143146514893,0.0,38.05674743652344
gehring_L3_state,27. oi1 flav synth high PCD,AT3G52800,23,2.8691728115081787,0.0,37.91215515136719
gehring_L3_state,27. oi1 flav synth high PCD,AT1G27080,24,2.6040046215057373,0.0,37.702144622802734
gehring_L3_state,27. oi1 flav synth high PCD,AT1G70210,25,3.642313718795776,1.0818026984547732e-305,37.55524063110352
gehring_L3_state,27. oi1 flav synth high PCD,AT1G32920,26,3.864555358886719,6.387570224065876e-294,36.82592010498047
gehring_L3_state,27. oi1 flav synth high PCD,AT4G00750,27,3.2673094272613525,8.715341208327565e-290,36.56562423706055
gehring_L3_state,27. oi1 flav synth high PCD,AT4G24040,28,2.625177383422852,6.480340770878749e-289,36.509761810302734
gehring_L3_state,27. oi1 flav synth high PCD,AT1G16390,29,3.203383445739746,3.206137180083888e-284,36.21174621582031
gehring_L3_state,27. oi1 flav synth high PCD,AT3G46620,30,2.9700188636779785,4.5657991181355196e-278,35.817684173583984
gehring_L3_state,27. oi1 flav synth high PCD,AT4G15210,31,2.7583792209625244,6.5686146977137055e-276,35.677879333496094
gehring_L3_state,27. oi1 flav synth high PCD,AT2G43530,32,2.787318706512451,5.278171348388416e-272,35.42426300048828
gehring_L3_state,27. oi1 flav synth high PCD,AT1G09070,33,2.8302969932556152,2.078622046581428e-270,35.31962966918945
gehring_L3_state,27. oi1 flav synth high PCD,AT4G12890,34,2.698315382003784,9.963586100920031e-267,35.07820129394531
gehring_L3_state,27. oi1 flav synth high PCD,AT5G42050,35,2.682939052581787,9.220956916594354e-258,34.48426818847656
gehring_L3_state,27. oi1 flav synth high PCD,AT5G64870,36,3.755970239639282,6.02720052937749e-256,34.36212539672852
gehring_L3_state,27. oi1 flav synth high PCD,AT4G05050,37,2.132622003555298,3.974336242029109e-254,34.23931121826172
gehring_L3_state,27. oi1 flav synth high PCD,AT1G52030,38,2.5896778106689453,2.4843864453052384e-241,33.3676643371582
gehring_L3_state,27. oi1 flav synth high PCD,AT4G19200,39,2.9272024631500244,2.263799195298064e-239,33.231502532958984
gehring_L3_state,27. oi1 flav synth high PCD,AT4G32020,40,2.360757827758789,8.660337456086657e-236,32.981788635253906
gehring_L3_state,27. oi1 flav synth high PCD,AT1G76620,41,2.920118570327759,5.425924402499922e-231,32.64473342895508
gehring_L3_state,27. oi1 flav synth high PCD,AT2G34070,42,3.664319038391113,1.0718276990003488e-226,32.339866638183594
gehring_L3_state,27. oi1 flav synth high PCD,AT1G73540,43,2.580735445022583,1.0556399159572564e-225,32.268402099609375
gehring_L3_state,27. oi1 flav synth high PCD,AT5G01180,44,2.497340679168701,3.2612559529182064e-220,31.87391471862793
gehring_L3_state,27. oi1 flav synth high PCD,AT4G00870,45,2.521200895309448,6.0414902173340486e-220,31.853879928588867
gehring_L3_state,27. oi1 flav synth high PCD,AT1G65370,46,1.9040172100067136,3.966653056060699e-219,31.79411506652832
gehring_L3_state,27. oi1 flav synth high PCD,AT1G12090,47,2.6968348026275635,1.9317724623656795e-218,31.743656158447266
gehring_L3_state,27. oi1 flav synth high PCD,AT5G05270,48,2.218804121017456,4.5625406441937554e-213,31.35120010375977
gehring_L3_state,27. oi1 flav synth high PCD,AT5G13930,49,1.967456579208374,1.0633420458382312e-207,30.954221725463867
gehring_L3_state,27. oi1 flav synth high PCD,AT5G11360,50,2.887180089950561,3.3712148821324856e-207,30.916309356689453
gehring_L3_state,28. oi1 flav synth high PCD,AT3G62610,1,4.865881443023682,1.9326622116562467e-256,34.499122619628906
gehring_L3_state,28. oi1 flav synth high PCD,AT2G23790,2,3.5613315105438232,2.2637462129471012e-216,31.693050384521484
gehring_L3_state,28. oi1 flav synth high PCD,AT2G38170,3,3.886451244354248,1.5804023735819492e-200,30.508203506469727
gehring_L3_state,28. oi1 flav synth high PCD,AT1G70830,4,4.6302266120910645,3.671354509364802e-199,30.395584106445312
gehring_L3_state,28. oi1 flav synth high PCD,AT5G42240,5,3.5523135662078857,4.9625141234911575e-180,28.90406036376953
gehring_L3_state,28. oi1 flav synth high PCD,AT3G54140,6,4.082907199859619,7.539806417411977e-166,27.74621963500977
gehring_L3_state,28. oi1 flav synth high PCD,AT2G46960,7,3.634231805801392,4.957458067112066e-161,27.33837509155273
gehring_L3_state,28. oi1 flav synth high PCD,AT5G24910,8,3.765177965164185,1.425591955269874e-160,27.29487609863281
gehring_L3_state,28. oi1 flav synth high PCD,AT4G25640,9,3.5039639472961426,2.5592635264844842e-160,27.26914596557617
gehring_L3_state,28. oi1 flav synth high PCD,AT5G42235,10,3.1562414169311523,7.55661184295977e-154,26.71404457092285
gehring_L3_state,28. oi1 flav synth high PCD,AT5G39220,11,3.366426467895508,6.121288763310996e-149,26.2845458984375
gehring_L3_state,28. oi1 flav synth high PCD,AT5G07990,12,3.0862061977386475,1.5354975602323612e-144,25.893497467041016
gehring_L3_state,28. oi1 flav synth high PCD,AT4G30110,13,2.852977991104126,5.166163371192655e-141,25.575294494628903
gehring_L3_state,28. oi1 flav synth high PCD,AT1G34580,14,3.115459442138672,7.556067882950175e-141,25.557552337646484
gehring_L3_state,28. oi1 flav synth high PCD,AT1G14520,15,2.85790491104126,1.161865838691272e-139,25.44785499572754
gehring_L3_state,28. oi1 flav synth high PCD,AT1G73600,16,3.2352499961853027,1.9306236417615414e-139,25.42538833618164
gehring_L3_state,28. oi1 flav synth high PCD,AT4G26590,17,2.925293445587158,8.164373843926841e-139,25.36631393432617
gehring_L3_state,28. oi1 flav synth high PCD,AT4G36520,18,2.613197326660156,2.5139977327779958e-137,25.228790283203125
gehring_L3_state,28. oi1 flav synth high PCD,AT5G49030,19,3.75335431098938,1.4042057421795837e-130,24.60411262512207
gehring_L3_state,28. oi1 flav synth high PCD,AT2G13810,20,4.004385948181152,1.017773284831048e-129,24.521520614624023
gehring_L3_state,28. oi1 flav synth high PCD,AT4G32500,21,3.540201425552368,1.3228898689498715e-128,24.414884567260746
gehring_L3_state,28. oi1 flav synth high PCD,AT2G25450,22,3.5945827960968018,6.854337256917422e-126,24.15604019165039
gehring_L3_state,28. oi1 flav synth high PCD,AT5G49360,23,3.158095359802246,9.901649784785983e-115,23.06782913208008
gehring_L3_state,28. oi1 flav synth high PCD,AT1G73390,24,2.9810996055603027,1.3584609058359756e-109,22.54831886291504
gehring_L3_state,28. oi1 flav synth high PCD,AT5G64900,25,2.925570249557495,1.9106592455978844e-107,22.32649040222168
gehring_L3_state,28. oi1 flav synth high PCD,AT2G22620,26,2.6887807846069336,9.050413246970099e-106,22.15160369873047
gehring_L3_state,28. oi1 flav synth high PCD,AT5G21105,27,2.6793575286865234,3.542384520809872e-103,21.87928771972656
gehring_L3_state,28. oi1 flav synth high PCD,AT4G00870,28,3.061572790145874,4.372272544219754e-100,21.55050277709961
gehring_L3_state,28. oi1 flav synth high PCD,AT2G25540,29,2.541337013244629,1.9010642208861807e-99,21.480710983276367
gehring_L3_state,28. oi1 flav synth high PCD,AT4G36648,30,1.4739651679992676,6.146748123292384e-97,21.208988189697266
gehring_L3_state,28. oi1 flav synth high PCD,AT1G30530,31,2.638111352920532,5.3402810428466445e-93,20.7763614654541
gehring_L3_state,28. oi1 flav synth high PCD,AT1G73540,32,2.8844878673553467,1.2449399961584591e-92,20.734149932861328
gehring_L3_state,28. oi1 flav synth high PCD,AT4G16380,33,2.761871576309204,1.031061893354903e-87,20.18039894104004
gehring_L3_state,28. oi1 flav synth high PCD,AT1G23200,34,3.5972633361816406,1.7331507997731498e-87,20.15323257446289
gehring_L3_state,28. oi1 flav synth high PCD,AT1G12200,35,2.937284469604492,7.567843990692649e-87,20.07870101928711
gehring_L3_state,28. oi1 flav synth high PCD,AT1G05490,36,2.157193422317505,1.467924873888609e-85,19.9294376373291
gehring_L3_state,28. oi1 flav synth high PCD,AT2G28650,37,3.2612173557281494,5.878110881314028e-85,19.85849952697754
gehring_L3_state,28. oi1 flav synth high PCD,AT4G36360,38,2.6589279174804688,8.455752698511241e-85,19.838886260986328
gehring_L3_state,28. oi1 flav synth high PCD,AT4G22110,39,3.350981473922729,1.3981943744409455e-84,19.81227684020996
gehring_L3_state,28. oi1 flav synth high PCD,AT1G24070,40,3.3597753047943115,1.959316422714271e-84,19.79400634765625
gehring_L3_state,28. oi1 flav synth high PCD,AT4G12960,41,2.9677648544311523,4.090907280420379e-84,19.75562858581543
gehring_L3_state,28. oi1 flav synth high PCD,AT5G45650,42,3.185070276260376,8.75115018555767e-84,19.715978622436523
gehring_L3_state,28. oi1 flav synth high PCD,AT2G01021,43,3.3145320415496826,4.858225118400641e-80,19.273666381835938
gehring_L3_state,28. oi1 flav synth high PCD,AT2G41430,44,2.2438788414001465,8.530846215457508e-80,19.243318557739254
gehring_L3_state,28. oi1 flav synth high PCD,AT2G37080,45,2.314833879470825,2.1287580212353456e-77,18.95392608642578
gehring_L3_state,28. oi1 flav synth high PCD,AT2G02080,46,2.4038257598876958,1.442900107869351e-76,18.851808547973636
gehring_L3_state,28. oi1 flav synth high PCD,AT5G24915,47,3.415513753890991,6.492705067812881e-76,18.77094078063965
gehring_L3_state,28. oi1 flav synth high PCD,AT4G15210,48,2.493991613388061,1.454246821178784e-75,18.72693252563477
gehring_L3_state,28. oi1 flav synth high PCD,AT4G34138,49,2.500746965408325,5.812369880784851e-74,18.528404235839844
gehring_L3_state,28. oi1 flav synth high PCD,AT1G27080,50,2.2583439350128174,5.2021947142662993e-73,18.40898895263672
gehring_L3_state,28. oi1 flav synth s-phase,AT4G26630,1,3.0003345012664795,6.706906827574575e-286,36.41082763671875
gehring_L3_state,28. oi1 flav synth s-phase,AT4G12960,2,4.497935771942139,1.75256090242263e-252,34.21395492553711
gehring_L3_state,28. oi1 flav synth s-phase,AT3G20670,3,4.910241603851318,1.842092356542172e-226,32.404598236083984
gehring_L3_state,28. oi1 flav synth s-phase,AT5G59870,4,4.970647811889648,2.876927069335371e-219,31.88083267211914
gehring_L3_state,28. oi1 flav synth s-phase,AT3G21500,5,3.933236122131348,4.275233002269139e-214,31.498367309570312
gehring_L3_state,28. oi1 flav synth s-phase,AT5G63550,6,4.451808929443359,2.4534058115808993e-202,30.62168502807617
gehring_L3_state,28. oi1 flav synth s-phase,AT1G07820,7,4.023243427276611,1.074293863470464e-194,30.037109375
gehring_L3_state,28. oi1 flav synth s-phase,AT5G59910,8,3.3535170555114746,3.6752473504024615e-192,29.83796119689941
gehring_L3_state,28. oi1 flav synth s-phase,AT5G22880,9,4.057145595550537,9.919276027125995e-190,29.645998001098636
gehring_L3_state,28. oi1 flav synth s-phase,AT1G51060,10,3.981022357940674,6.429479513192992e-162,27.399890899658203
gehring_L3_state,28. oi1 flav synth s-phase,AT5G27380,11,2.635306596755981,2.0562376231110306e-149,26.32595634460449
gehring_L3_state,28. oi1 flav synth s-phase,AT1G06760,12,3.440458059310913,4.4603183597186014e-136,25.13083267211914
gehring_L3_state,28. oi1 flav synth s-phase,AT4G27230,13,3.986726522445679,7.528400162521744e-132,24.73787498474121
gehring_L3_state,28. oi1 flav synth s-phase,AT5G62210,14,3.0172996520996094,2.6147226644878404e-131,24.68457794189453
gehring_L3_state,28. oi1 flav synth s-phase,AT1G14900,15,4.112319946289063,4.386266200829582e-130,24.567461013793945
gehring_L3_state,28. oi1 flav synth s-phase,AT5G65360,16,3.66327714920044,1.4339587157198439e-122,23.85130500793457
gehring_L3_state,28. oi1 flav synth s-phase,AT3G60900,17,2.464853525161743,9.747233209332095e-122,23.768409729003903
gehring_L3_state,28. oi1 flav synth s-phase,AT1G09200,18,3.4898881912231445,2.0633963713808504e-103,21.922388076782227
gehring_L3_state,28. oi1 flav synth s-phase,AT5G07990,19,2.4008028507232666,2.6292590692110015e-103,21.908891677856445
gehring_L3_state,28. oi1 flav synth s-phase,AT1G52030,20,2.624168872833252,5.580402853939048e-101,21.66111946105957
gehring_L3_state,28. oi1 flav synth s-phase,AT4G12870,21,2.4676012992858887,8.26729358050009e-101,21.64075469970703
gehring_L3_state,28. oi1 flav synth s-phase,AT1G65370,22,1.93441641330719,4.5460801484958414e-97,21.23775100708008
gehring_L3_state,28. oi1 flav synth s-phase,AT2G22970,23,2.6794824600219727,3.1499530927228484e-96,21.144515991210938
gehring_L3_state,28. oi1 flav synth s-phase,AT2G43530,24,2.6291871070861816,2.642432709574523e-94,20.93242835998535
gehring_L3_state,28. oi1 flav synth s-phase,AT5G27670,25,3.3360841274261475,1.4329423620549482e-92,20.739261627197266
gehring_L3_state,28. oi1 flav synth s-phase,AT3G18035,26,3.068981170654297,2.35664588005187e-90,20.49041748046875
gehring_L3_state,28. oi1 flav synth s-phase,AT5G59690,27,3.1483376026153564,2.657197770958956e-87,20.14348793029785
gehring_L3_state,28. oi1 flav synth s-phase,AT3G53730,28,3.1783318519592285,2.960989886029297e-87,20.136323928833008
gehring_L3_state,28. oi1 flav synth s-phase,AT5G65350,29,5.262562274932861,4.032050934802366e-87,20.11928367614746
gehring_L3_state,28. oi1 flav synth s-phase,AT4G25640,30,2.324559450149536,1.0736165559929198e-84,19.838768005371094
gehring_L3_state,28. oi1 flav synth s-phase,AT5G23420,31,3.608204126358032,7.5258026715328145e-84,19.73896026611328
gehring_L3_state,28. oi1 flav synth s-phase,AT5G10400,32,3.531878471374512,3.2794234282711486e-82,19.54568099975586
gehring_L3_state,28. oi1 flav synth s-phase,AT2G46960,33,2.889648914337158,1.1854462118963483e-81,19.47842025756836
gehring_L3_state,28. oi1 flav synth s-phase,AT1G72260,34,2.3337082862854004,1.5452667044656078e-81,19.46331214904785
gehring_L3_state,28. oi1 flav synth s-phase,AT4G36520,35,1.840813517570496,4.6765753738351545e-79,19.166847229003903
gehring_L3_state,28. oi1 flav synth s-phase,AT1G14520,36,2.0336945056915283,7.846415024535735e-79,19.1384334564209
gehring_L3_state,28. oi1 flav synth s-phase,AT3G45980,37,2.696096897125244,1.4762636533220206e-78,19.104040145874023
gehring_L3_state,28. oi1 flav synth s-phase,AT1G08880,38,3.260875701904297,9.238749101170451e-77,18.885469436645508
gehring_L3_state,28. oi1 flav synth s-phase,AT1G16390,39,2.7176785469055176,1.1953105078086781e-75,18.74841690063477
gehring_L3_state,28. oi1 flav synth s-phase,AT5G49180,40,2.007197618484497,1.9091460252268583e-74,18.599105834960938
gehring_L3_state,28. oi1 flav synth s-phase,AT1G73620,41,2.743666887283325,1.754964089775653e-72,18.353796005249023
gehring_L3_state,28. oi1 flav synth s-phase,AT1G70210,42,2.9211947917938232,3.323584159422907e-72,18.317760467529297
gehring_L3_state,28. oi1 flav synth s-phase,AT5G38690,43,3.5612905025482178,1.675785189067709e-71,18.22820281982422
gehring_L3_state,28. oi1 flav synth s-phase,AT1G12090,44,2.521677255630493,1.6970203980097417e-71,18.22625732421875
gehring_L3_state,28. oi1 flav synth s-phase,AT4G36360,45,2.1969122886657715,2.254814088510165e-71,18.20947265625
gehring_L3_state,28. oi1 flav synth s-phase,AT2G46980,46,3.7684733867645264,1.6080824605153135e-70,18.10038185119629
gehring_L3_state,28. oi1 flav synth s-phase,AT4G40040,47,1.883630394935608,6.935783735752099e-69,17.890653610229492
gehring_L3_state,28. oi1 flav synth s-phase,AT2G38170,48,2.0862739086151123,2.344263640712447e-68,17.82148551940918
gehring_L3_state,28. oi1 flav synth s-phase,AT1G27080,49,1.9551492929458616,1.7969137729578192e-67,17.70603370666504
gehring_L3_state,28. oi1 flav synth s-phase,AT1G75150,50,3.520370483398437,3.0501087212185163e-66,17.54474449157715
gehring_L3_state,29. oi micr,AT2G46960,1,4.115498065948486,0.0,50.29243850708008
gehring_L3_state,29. oi micr,AT4G26590,2,3.753651142120361,0.0,48.1910400390625
gehring_L3_state,29. oi micr,AT5G13670,3,3.475306272506714,0.0,42.99136734008789
gehring_L3_state,29. oi micr,AT3G05400,4,3.867342472076416,0.0,38.46842193603516
gehring_L3_state,29. oi micr,AT3G04280,5,3.79660964012146,0.0,38.08323287963867
gehring_L3_state,29. oi micr,AT4G12960,6,3.6734254360198975,4.107834744396034e-299,37.18830871582031
gehring_L3_state,29. oi micr,AT4G12870,7,3.175078630447388,3.490744845327469e-284,36.24860000610352
gehring_L3_state,29. oi micr,AT4G12890,8,3.245202779769897,1.962049272692351e-273,35.55598449707031
gehring_L3_state,29. oi micr,AT1G43640,9,2.5685667991638184,9.04595094015699e-252,34.121978759765625
gehring_L3_state,29. oi micr,AT1G27080,10,2.7226595878601074,4.088585880326068e-243,33.530216217041016
gehring_L3_state,29. oi micr,AT5G01520,11,2.9450066089630127,1.7041456330404398e-230,32.64997482299805
gehring_L3_state,29. oi micr,AT4G15210,12,2.7492499351501465,9.523035103314592e-209,31.07724952697754
gehring_L3_state,29. oi micr,AT5G38970,13,3.424882650375366,5.3196111127405614e-192,29.809314727783203
gehring_L3_state,29. oi micr,AT3G05390,14,5.309264659881592,9.701405381202165e-190,29.631855010986328
gehring_L3_state,29. oi micr,AT5G42235,15,2.4171953201293945,1.5195116816141444e-189,29.614398956298828
gehring_L3_state,29. oi micr,AT5G49180,16,2.2801284790039062,6.543856264980869e-177,28.614154815673828
gehring_L3_state,29. oi micr,AT5G62740,17,2.3355824947357178,5.29845557680277e-172,28.21476554870605
gehring_L3_state,29. oi micr,AT4G30110,18,2.1824488639831543,3.346999412278814e-170,28.06559562683105
gehring_L3_state,29. oi micr,AT3G30775,19,2.099882125854492,4.096920728220328e-170,28.056474685668945
gehring_L3_state,29. oi micr,AT1G05490,20,2.0496883392333984,1.7600642408114395e-169,28.002708435058597
gehring_L3_state,29. oi micr,AT3G21500,21,2.693561315536499,6.002331590242171e-169,27.957176208496094
gehring_L3_state,29. oi micr,AT5G27360,22,2.060556650161743,1.4590463771695457e-155,26.831865310668945
gehring_L3_state,29. oi micr,AT4G10850,23,3.294015407562256,2.040638793077657e-152,26.559253692626957
gehring_L3_state,29. oi micr,AT3G53990,24,2.19260573387146,2.2301145098327822e-151,26.46758270263672
gehring_L3_state,29. oi micr,AT3G02470,25,1.5644164085388184,2.0625159895020872e-150,26.381980895996094
gehring_L3_state,29. oi micr,AT1G14380,26,1.947243571281433,1.2490630095700726e-146,26.04876518249512
gehring_L3_state,29. oi micr,AT4G21960,27,1.7291910648345947,2.6246745267752507e-141,25.573198318481445
gehring_L3_state,29. oi micr,AT4G00870,28,2.4388976097106934,6.775373707000797e-137,25.172006607055664
gehring_L3_state,29. oi micr,AT4G20320,29,3.4427969455718994,7.823972386273471e-132,24.703916549682617
gehring_L3_state,29. oi micr,AT1G10760,30,1.8993266820907595,1.502859916291215e-130,24.58281517028809
gehring_L3_state,29. oi micr,AT1G32450,31,3.5743019580841064,3.130218675650804e-127,24.269153594970703
gehring_L3_state,29. oi micr,AT4G10060,32,2.138124465942383,1.4653177843300708e-120,23.62760162353516
gehring_L3_state,29. oi micr,AT3G51860,33,2.071094512939453,1.0941248693303876e-119,23.54120635986328
gehring_L3_state,29. oi micr,AT5G08260,34,2.13489317893982,3.390888026441573e-113,22.89739418029785
gehring_L3_state,29. oi micr,AT1G69760,35,2.4198358058929443,2.223259681363764e-111,22.71305084228516
gehring_L3_state,29. oi micr,AT5G42240,36,1.9494872093200684,1.0106002119292453e-110,22.64517593383789
gehring_L3_state,29. oi micr,AT2G41220,37,2.2585623264312744,2.7075199080673665e-107,22.293359756469727
gehring_L3_state,29. oi micr,AT5G18290,38,2.011268615722656,9.667807035075358e-104,21.92288589477539
gehring_L3_state,29. oi micr,AT2G38170,39,1.915886759757996,3.871217941133661e-102,21.753082275390625
gehring_L3_state,29. oi micr,AT1G73220,40,4.343311786651611,5.448925316195848e-97,21.201122283935547
gehring_L3_state,29. oi micr,AT5G01180,41,2.1423792839050293,1.5923932974083033e-95,21.040515899658203
gehring_L3_state,29. oi micr,AT3G23430,42,3.719069719314575,3.4527201851253016e-95,21.00263977050781
gehring_L3_state,29. oi micr,AT5G23660,43,4.612898826599121,1.0965108961648269e-93,20.83658599853516
gehring_L3_state,29. oi micr,AT3G18490,44,1.4933971166610718,2.617251304842e-93,20.793785095214844
gehring_L3_state,29. oi micr,AT5G20540,45,2.488158226013184,1.1249060071668534e-92,20.72262191772461
gehring_L3_state,29. oi micr,AT1G73620,46,2.514273405075073,3.2318774845146445e-92,20.67068862915039
gehring_L3_state,29. oi micr,AT4G09960,47,1.6671383380889893,7.824671515438366e-89,20.29008102416992
gehring_L3_state,29. oi micr,AT3G52840,48,1.9027776718139648,9.370730336740816e-89,20.28017807006836
gehring_L3_state,29. oi micr,AT4G17670,49,2.250173807144165,9.45859095582536e-85,19.82046127319336
gehring_L3_state,29. oi micr,AT2G22620,50,1.6382319927215576,1.0449264876686957e-83,19.698177337646484
gehring_L3_state,3. EMB inn cotyl,AT5G44120,1,6.590956211090088,0.0,56.52705001831055
gehring_L3_state,3. EMB inn cotyl,AT4G36700,2,5.794925212860107,0.0,55.41141891479492
gehring_L3_state,3. EMB inn cotyl,AT4G25140,3,5.8557658195495605,0.0,54.93955612182617
gehring_L3_state,3. EMB inn cotyl,AT4G27160,4,5.917073249816895,0.0,53.28046798706055
gehring_L3_state,3. EMB inn cotyl,AT4G28520,5,6.644338130950928,0.0,52.71818923950195
gehring_L3_state,3. EMB inn cotyl,AT5G07190,6,5.752582550048828,0.0,48.88826370239258
gehring_L3_state,3. EMB inn cotyl,AT2G18540,7,5.403739929199219,0.0,43.9556770324707
gehring_L3_state,3. EMB inn cotyl,AT5G51210,8,4.584289073944092,0.0,43.359012603759766
gehring_L3_state,3. EMB inn cotyl,AT3G12203,9,5.688570499420166,0.0,43.13266372680664
gehring_L3_state,3. EMB inn cotyl,AT3G27660,10,4.727620124816895,0.0,42.80033493041992
gehring_L3_state,3. EMB inn cotyl,AT3G22640,11,5.4743828773498535,0.0,41.98582077026367
gehring_L3_state,3. EMB inn cotyl,AT5G40420,12,4.547318458557129,0.0,40.99528121948242
gehring_L3_state,3. EMB inn cotyl,AT1G03880,13,5.563722133636475,0.0,40.85100936889648
gehring_L3_state,3. EMB inn cotyl,AT4G26740,14,4.953089237213135,0.0,40.5262451171875
gehring_L3_state,3. EMB inn cotyl,AT5G49190,15,4.38060188293457,0.0,40.18750762939453
gehring_L3_state,3. EMB inn cotyl,AT4G27150,16,4.682270050048828,0.0,40.09994125366211
gehring_L3_state,3. EMB inn cotyl,AT3G01570,17,4.202425956726074,0.0,38.8306884765625
gehring_L3_state,3. EMB inn cotyl,AT1G29930,18,3.507110834121704,0.0,37.96533203125
gehring_L3_state,3. EMB inn cotyl,AT1G62500,19,5.895457744598389,6.09816922243811e-306,37.57642364501953
gehring_L3_state,3. EMB inn cotyl,AT4G27170,20,4.774947643280029,9.204888809744083e-299,37.1329231262207
gehring_L3_state,3. EMB inn cotyl,AT5G50770,21,3.851512670516968,4.621877677058263e-292,36.71410369873047
gehring_L3_state,3. EMB inn cotyl,AT1G65090,22,4.150414943695068,2.772839758769072e-256,34.3964729309082
gehring_L3_state,3. EMB inn cotyl,ATCG00020,23,2.2416200637817383,1.0136707730611715e-249,33.95231246948242
gehring_L3_state,3. EMB inn cotyl,AT2G28490,24,4.511996746063232,4.410629052309078e-248,33.83891296386719
gehring_L3_state,3. EMB inn cotyl,AT4G03050,25,5.055025100708008,1.494549484560614e-244,33.59701919555664
gehring_L3_state,3. EMB inn cotyl,AT1G12805,26,4.2475762367248535,1.56873701958446e-235,32.970550537109375
gehring_L3_state,3. EMB inn cotyl,AT1G54860,27,4.747622013092041,1.3202765133086947e-224,32.19830322265625
gehring_L3_state,3. EMB inn cotyl,AT2G34700,28,3.6579973697662354,9.2375989974684e-220,31.84844398498535
gehring_L3_state,3. EMB inn cotyl,AT5G64570,29,4.865220069885254,4.225664388047501e-217,31.65482521057129
gehring_L3_state,3. EMB inn cotyl,AT2G34420,30,3.3804547786712646,1.8025938139562542e-215,31.53528594970703
gehring_L3_state,3. EMB inn cotyl,AT1G67090,31,2.601752996444702,2.452309445502513e-214,31.451637268066406
gehring_L3_state,3. EMB inn cotyl,AT1G12810,32,3.9222629070281982,3.474275641525428e-214,31.43974494934082
gehring_L3_state,3. EMB inn cotyl,AT5G63530,33,2.8499557971954346,8.824665585221166e-191,29.67641258239746
gehring_L3_state,3. EMB inn cotyl,AT3G12670,34,3.325528383255005,2.5488612100472583e-187,29.40616607666016
gehring_L3_state,3. EMB inn cotyl,AT4G16160,35,4.827027797698975,6.563475224280879e-187,29.373220443725582
gehring_L3_state,3. EMB inn cotyl,AT1G29910,36,4.034573554992676,4.573277891726621e-179,28.75176429748535
gehring_L3_state,3. EMB inn cotyl,AT3G44460,37,3.479657888412476,4.2267934819984597e-175,28.43122100830078
gehring_L3_state,3. EMB inn cotyl,AT1G74960,38,2.8775529861450195,1.79391901903215e-171,28.133289337158203
gehring_L3_state,3. EMB inn cotyl,AT5G52920,39,2.726881504058838,7.378498266066806e-159,27.081159591674805
gehring_L3_state,3. EMB inn cotyl,AT3G29030,40,4.691950798034668,9.594092882594784e-153,26.556241989135746
gehring_L3_state,3. EMB inn cotyl,AT1G69530,41,4.3072285652160645,6.0089185092616446e-151,26.39950561523437
gehring_L3_state,3. EMB inn cotyl,AT2G10940,42,5.804642200469971,6.6346161056892215e-146,25.954492568969727
gehring_L3_state,3. EMB inn cotyl,AT2G41070,43,3.089515924453736,5.366567337880832e-143,25.69426918029785
gehring_L3_state,3. EMB inn cotyl,AT1G04120,44,2.6099846363067627,3.85691692900368e-140,25.436079025268555
gehring_L3_state,3. EMB inn cotyl,AT3G05020,45,2.7400500774383545,1.6066680606742104e-129,24.454856872558597
gehring_L3_state,3. EMB inn cotyl,AT5G62800,46,3.709542751312256,4.29326643236608e-129,24.41345977783203
gehring_L3_state,3. EMB inn cotyl,AT3G47470,47,2.7875640392303467,5.078162748413569e-126,24.121171951293945
gehring_L3_state,3. EMB inn cotyl,AT4G27450,48,3.3976800441741943,2.219394063105956e-119,23.47864532470703
gehring_L3_state,3. EMB inn cotyl,AT3G54320,49,2.4606730937957764,8.446837384028659e-119,23.420568466186523
gehring_L3_state,3. EMB inn cotyl,AT2G21660,50,1.216469645500183,4.607799060284233e-118,23.34756851196289
gehring_L3_state,3. EMB low proto,AT1G71691,1,6.191510200500488,1.4518691180971254e-34,13.05173683166504
gehring_L3_state,3. EMB low proto,AT2G42840,2,5.935375213623047,1.5110047775944662e-32,12.622612953186035
gehring_L3_state,3. EMB low proto,AT3G21090,3,6.385705947875977,1.5110047775944662e-32,12.606704711914062
gehring_L3_state,3. EMB low proto,AT1G04660,4,5.768508434295654,2.4016623965199966e-32,12.547357559204102
gehring_L3_state,3. EMB low proto,AT3G26932,5,5.695951461791992,4.457424216536093e-22,10.473430633544922
gehring_L3_state,3. EMB low proto,AT5G23940,6,3.956515073776245,1.723997840782718e-21,10.32987117767334
gehring_L3_state,3. EMB low proto,AT1G23000,7,4.762689590454102,3.49188890200584e-20,10.024041175842283
gehring_L3_state,3. EMB low proto,AT5G08460,8,5.140161037445068,1.0285861473959917e-18,9.67212963104248
gehring_L3_state,3. EMB low proto,AT5G22810,9,6.825685977935791,1.9528807202274422e-18,9.595453262329102
gehring_L3_state,3. EMB low proto,AT1G72970,10,3.4654815196990967,3.101674092679943e-18,9.537748336791992
gehring_L3_state,3. EMB low proto,AT1G32583,11,6.455676555633545,1.445844755574355e-14,8.5989990234375
gehring_L3_state,3. EMB low proto,AT2G16586,12,2.0775485038757324,1.9693376670054097e-12,7.998074531555176
gehring_L3_state,3. EMB low proto,AT1G06080,13,6.326444149017334,3.060701134875379e-12,7.935581207275391
gehring_L3_state,3. EMB low proto,AT5G57390,14,4.159662246704102,3.982139006355074e-12,7.895298004150391
gehring_L3_state,3. EMB low proto,AT5G62850,15,4.116470813751221,1.3216073238687291e-11,7.73030424118042
gehring_L3_state,3. EMB low proto,AT4G04890,16,3.146507501602173,1.3216073238687291e-11,7.730138778686523
gehring_L3_state,3. EMB low proto,AT3G05600,17,4.000049591064453,3.018417760272361e-11,7.617681980133057
gehring_L3_state,3. EMB low proto,AT1G27950,18,3.0724775791168213,2.17136646067527e-09,7.031467437744141
gehring_L3_state,3. EMB low proto,AT5G50740,19,3.2083728313446045,3.8090039351091095e-09,6.946369647979736
gehring_L3_state,3. EMB low proto,AT3G41768,20,0.6886724829673767,4.2521195198447576e-09,6.924797534942627
gehring_L3_state,3. EMB low proto,AT5G47210,21,1.9117381572723389,3.867511501049796e-08,6.587681293487549
gehring_L3_state,3. EMB low proto,AT3G24250,22,5.384188175201416,5.50977732953712e-08,6.519129276275635
gehring_L3_state,3. EMB low proto,AT2G47230,23,3.148025751113892,8.273566793702034e-08,6.438892841339111
gehring_L3_state,3. EMB low proto,AT5G13790,24,2.482250928878784,1.0351390657687396e-06,6.021586894989014
gehring_L3_state,3. EMB low proto,AT4G13495,25,3.4220898151397705,1.1678037560035763e-06,5.997931480407715
gehring_L3_state,3. EMB low proto,AT5G41070,26,3.665162086486816,1.418446889464536e-06,5.962236881256104
gehring_L3_state,3. EMB low proto,AT2G01008,27,1.2821792364120483,5.872167936275905e-06,5.691927433013916
gehring_L3_state,3. EMB low proto,AT3G06355,28,0.6668750047683716,6.853513285347904e-06,5.662093162536621
gehring_L3_state,3. EMB low proto,AT1G08910,29,2.8338611125946045,1.2644939411140716e-05,5.549357891082764
gehring_L3_state,3. EMB low proto,AT3G63450,30,3.7192513942718506,1.528334248726262e-05,5.512842178344727
gehring_L3_state,3. EMB low proto,AT5G48360,31,4.252300262451172,1.6601213891524446e-05,5.495034694671631
gehring_L3_state,3. EMB low proto,AT1G21920,32,3.382148742675781,1.6944392022215666e-05,5.4882402420043945
gehring_L3_state,3. EMB low proto,AT1G09420,33,2.541698932647705,2.0118407300267423e-05,5.454680919647217
gehring_L3_state,3. EMB low proto,AT1G01320,34,1.994322657585144,2.7429491432138948e-05,5.396210193634033
gehring_L3_state,3. EMB low proto,AT5G20290,35,1.442298173904419,3.744709571323231e-05,5.3339009284973145
gehring_L3_state,3. EMB low proto,AT3G28345,36,4.164982795715332,4.034291943915954e-05,5.317358493804932
gehring_L3_state,3. EMB low proto,AT5G15200,37,1.5137319564819336,5.360112830746444e-05,5.259469985961914
gehring_L3_state,3. EMB low proto,AT1G32240,38,4.988797187805176,6.528021732892048e-05,5.217314720153809
gehring_L3_state,3. EMB low proto,AT1G73100,39,2.9280076026916504,6.569171371585595e-05,5.213320255279541
gehring_L3_state,3. EMB low proto,AT5G16560,40,3.8609604835510254,7.455187974302712e-05,5.184248447418213
gehring_L3_state,3. EMB low proto,AT2G34700,41,2.1816892623901367,8.208361885524608e-05,5.163549423217773
gehring_L3_state,3. EMB low proto,AT1G67100,42,3.206083297729492,8.603705193593747e-05,5.149384498596191
gehring_L3_state,3. EMB low proto,AT2G26250,43,1.7487554550170898,9.543391211021988e-05,5.127272605895996
gehring_L3_state,3. EMB low proto,AT3G24650,44,2.906214952468872,0.000107633651415,5.101960182189941
gehring_L3_state,3. EMB low proto,AT3G60245,45,1.2899152040481567,0.0001120624651175,5.091746807098389
gehring_L3_state,3. EMB low proto,AT4G21750,46,2.080818891525269,0.000127919222095,5.06404447555542
gehring_L3_state,3. EMB low proto,AT4G00180,47,4.96712064743042,0.000130158113157,5.058211803436279
gehring_L3_state,3. EMB low proto,AT1G48920,48,1.5541995763778689,0.0001341223340961,5.049989700317383
gehring_L3_state,3. EMB low proto,AT2G34710,49,3.027620315551758,0.0001614825788269,5.009476661682129
gehring_L3_state,3. EMB low proto,AT2G26330,50,2.744332790374756,0.0001978583859851,4.967792987823486
gehring_L3_state,3. EMB sus,AT3G24250,1,9.034156799316406,3.9236433646367415e-09,7.372177124023437
gehring_L3_state,3. EMB sus,AT5G61412,2,8.945831298828125,2.8844147748810625e-07,6.675253391265869
gehring_L3_state,3. EMB sus,AT5G17430,3,6.633288383483887,4.038733221952526e-06,6.213442325592041
gehring_L3_state,3. EMB sus,AT3G48670,4,4.3906097412109375,9.581907633112276e-06,5.995205402374268
gehring_L3_state,3. EMB sus,AT4G04890,5,3.895078659057617,9.581907633112276e-06,5.972491264343262
gehring_L3_state,3. EMB sus,AT4G38680,6,3.908293008804321,9.581907633112276e-06,5.964115142822266
gehring_L3_state,3. EMB sus,AT3G58430,7,7.083573341369629,1.192014508681936e-05,5.902985095977783
gehring_L3_state,3. EMB sus,AT1G71691,8,6.01288366317749,2.586215461284101e-05,5.734951496124268
gehring_L3_state,3. EMB sus,AT5G08460,9,5.722283363342285,2.586215461284101e-05,5.731441974639893
gehring_L3_state,3. EMB sus,AT2G34700,10,3.705253839492798,3.189212117627688e-05,5.677793979644775
gehring_L3_state,3. EMB sus,AT1G62410,11,10.367362022399902,3.220048162037425e-05,5.64682149887085
gehring_L3_state,3. EMB sus,AT4G32205,12,9.204137802124023,3.220048162037425e-05,5.636005878448486
gehring_L3_state,3. EMB sus,AT2G18340,13,8.912030220031738,3.220048162037425e-05,5.63107442855835
gehring_L3_state,3. EMB sus,AT5G04220,14,4.799698352813721,5.571782619750489e-05,5.522754669189453
gehring_L3_state,3. EMB sus,AT3G50240,15,3.986697673797608,8.213915420718884e-05,5.441911697387695
gehring_L3_state,3. EMB sus,AT4G31000,16,5.627005100250244,0.0001239080315898,5.351433277130127
gehring_L3_state,3. EMB sus,AT1G15910,17,3.711580753326416,0.0001239080315898,5.335959911346436
gehring_L3_state,3. EMB sus,AT2G35060,18,5.157113552093506,0.0001239080315898,5.326651096343994
gehring_L3_state,3. EMB sus,AT2G39800,19,5.2359299659729,0.0001239080315898,5.325418472290039
gehring_L3_state,3. EMB sus,AT1G51190,20,8.949045181274414,0.0001426416727939,5.284817218780518
gehring_L3_state,3. EMB sus,AT1G13710,21,9.047724723815918,0.0001426416727939,5.279194355010986
gehring_L3_state,3. EMB sus,AT2G30560,22,8.670673370361328,0.0001426416727939,5.272938251495361
gehring_L3_state,3. EMB sus,AT2G43745,23,7.975567817687988,0.0001530451911903,5.251828670501709
gehring_L3_state,3. EMB sus,AT1G21740,24,3.9199001789093018,0.0001679139601549,5.223211288452148
gehring_L3_state,3. EMB sus,AT5G28840,25,3.111391544342041,0.0001679139601549,5.216726779937744
gehring_L3_state,3. EMB sus,AT5G24275,26,6.93793535232544,0.0001679139601549,5.212036609649658
gehring_L3_state,3. EMB sus,AT3G01690,27,4.5323805809021,0.0001838972334607,5.188122272491455
gehring_L3_state,3. EMB sus,AT2G34870,28,6.390623092651367,0.0002387992634805,5.132406711578369
gehring_L3_state,3. EMB sus,AT1G49475,29,5.223909378051758,0.0003473674727617,5.0547404289245605
gehring_L3_state,3. EMB sus,AT3G22790,30,4.0724616050720215,0.0003967042083157,5.022828102111816
gehring_L3_state,3. EMB sus,AT4G04090,31,10.437370300292969,0.0005840734296267,4.941652297973633
gehring_L3_state,3. EMB sus,AT3G62320,32,9.141257286071776,0.0005872726993592,4.932943344116211
gehring_L3_state,3. EMB sus,AT1G04610,33,9.065848350524902,0.0005872726993592,4.928383827209473
gehring_L3_state,3. EMB sus,AT4G31760,34,7.920753479003906,0.0006401830298042,4.905643463134766
gehring_L3_state,3. EMB sus,AT5G63700,35,3.156097650527954,0.0006938660322462,4.879256725311279
gehring_L3_state,3. EMB sus,AT2G15010,36,6.834197044372559,0.0006938660322462,4.878552436828613
gehring_L3_state,3. EMB sus,AT1G23080,37,6.867064952850342,0.0007042542536831,4.870208740234375
gehring_L3_state,3. EMB sus,AT4G14690,38,3.5736587047576904,0.0009909546712813,4.796945571899414
gehring_L3_state,3. EMB sus,AT5G53460,39,2.565553903579712,0.0010605085093436,4.778112888336182
gehring_L3_state,3. EMB sus,AT3G15990,40,3.642983675003052,0.0011310778938931,4.75648832321167
gehring_L3_state,3. EMB sus,AT1G23000,41,4.195563793182373,0.0011310778938931,4.755046367645264
gehring_L3_state,3. EMB sus,AT2G28790,42,3.505552053451538,0.0012184251775936,4.735111236572266
gehring_L3_state,3. EMB sus,AT3G21090,43,5.77359676361084,0.0012205053698432,4.729990482330322
gehring_L3_state,3. EMB sus,AT5G38565,44,5.149729251861572,0.001383840799916,4.699735164642334
gehring_L3_state,3. EMB sus,AT3G50090,45,11.870245933532717,0.0022036550867023,4.592668533325195
gehring_L3_state,3. EMB sus,AT1G68320,46,10.892416954040527,0.0022036550867023,4.590632915496826
gehring_L3_state,3. EMB sus,AT5G43240,47,10.714338302612305,0.0022036550867023,4.5900654792785645
gehring_L3_state,3. EMB sus,AT3G09110,48,8.958907127380371,0.0022769129996729,4.578832626342773
gehring_L3_state,3. EMB sus,AT4G34060,49,8.573341369628906,0.0022992536112334,4.572472095489502
gehring_L3_state,3. EMB sus,AT5G46510,50,3.188918352127075,0.0024640565172932,4.553704738616943
gehring_L3_state,30. oi1 flav synth g2m-phase,AT3G19050,1,6.368171691894531,1.0339324566464227e-53,16.065908432006836
gehring_L3_state,30. oi1 flav synth g2m-phase,AT4G12960,2,4.597711563110352,1.6724371714349204e-40,14.006072998046877
gehring_L3_state,30. oi1 flav synth g2m-phase,AT1G73620,3,4.198237419128418,7.353209081001801e-37,13.366912841796877
gehring_L3_state,30. oi1 flav synth g2m-phase,AT2G13810,4,4.436605930328369,7.111697863194799e-36,13.17532444000244
gehring_L3_state,30. oi1 flav synth g2m-phase,AT3G21500,5,3.825303792953491,2.792466659222138e-32,12.517708778381348
gehring_L3_state,30. oi1 flav synth g2m-phase,AT3G17360,6,5.825470924377441,5.340293915579443e-31,12.266480445861816
gehring_L3_state,30. oi1 flav synth g2m-phase,AT4G36520,7,2.8020129203796387,7.712778323034181e-31,12.224151611328123
gehring_L3_state,30. oi1 flav synth g2m-phase,AT4G23020,8,3.5498058795928955,4.920852432152527e-29,11.87051773071289
gehring_L3_state,30. oi1 flav synth g2m-phase,AT3G23890,9,4.44851016998291,2.4778384361106682e-26,11.327954292297363
gehring_L3_state,30. oi1 flav synth g2m-phase,AT5G27380,10,2.6391639709472656,1.6450521841713274e-24,10.944791793823242
gehring_L3_state,30. oi1 flav synth g2m-phase,AT1G70210,11,3.561598539352417,4.485842090986016e-23,10.625042915344238
gehring_L3_state,30. oi1 flav synth g2m-phase,AT1G72250,12,4.706670761108398,4.485842090986016e-23,10.624069213867188
gehring_L3_state,30. oi1 flav synth g2m-phase,AT3G47460,13,4.234550952911377,1.77561936309988e-22,10.487354278564451
gehring_L3_state,30. oi1 flav synth g2m-phase,AT5G55820,14,4.187931537628174,7.478911803226343e-22,10.343482971191406
gehring_L3_state,30. oi1 flav synth g2m-phase,AT5G21100,15,5.542240619659424,1.426603139398732e-21,10.274782180786133
gehring_L3_state,30. oi1 flav synth g2m-phase,AT5G39220,16,2.780675411224365,1.8681240085576e-21,10.242508888244627
gehring_L3_state,30. oi1 flav synth g2m-phase,AT5G22794,17,4.12401819229126,2.6695368087471094e-21,10.20203685760498
gehring_L3_state,30. oi1 flav synth g2m-phase,AT1G52030,18,2.9243388175964355,5.199146490338671e-21,10.131519317626951
gehring_L3_state,30. oi1 flav synth g2m-phase,AT5G07990,19,2.6490848064422607,8.00029468836006e-20,9.853251457214355
gehring_L3_state,30. oi1 flav synth g2m-phase,AT5G18700,20,4.730531692504883,8.00029468836006e-20,9.850131034851074
gehring_L3_state,30. oi1 flav synth g2m-phase,AT2G45470,21,2.8882651329040527,7.876436174682623e-19,9.612564086914062
gehring_L3_state,30. oi1 flav synth g2m-phase,AT1G27080,22,2.4692537784576416,2.069565334163136e-18,9.507771492004396
gehring_L3_state,30. oi1 flav synth g2m-phase,AT1G14520,23,2.453798055648804,5.09879592111611e-18,9.40882396697998
gehring_L3_state,30. oi1 flav synth g2m-phase,AT3G13690,24,3.07031774520874,7.829567554255169e-18,9.359134674072266
gehring_L3_state,30. oi1 flav synth g2m-phase,AT3G05830,25,3.896264553070069,1.0118888635432581e-17,9.327666282653809
gehring_L3_state,30. oi1 flav synth g2m-phase,AT3G60900,26,2.380966901779175,1.1858583636049157e-17,9.306665420532228
gehring_L3_state,30. oi1 flav synth g2m-phase,AT1G65370,27,2.0713164806365967,1.93046983654828e-17,9.25071620941162
gehring_L3_state,30. oi1 flav synth g2m-phase,AT5G62410,28,3.240968704223633,3.103291524719298e-17,9.195935249328612
gehring_L3_state,30. oi1 flav synth g2m-phase,AT5G56530,29,2.548945665359497,3.335912524731884e-17,9.184385299682615
gehring_L3_state,30. oi1 flav synth g2m-phase,AT2G27880,30,2.477304458618164,8.142076070559256e-17,9.084160804748535
gehring_L3_state,30. oi1 flav synth g2m-phase,AT5G18090,31,5.31144905090332,1.3061236964772998e-16,9.029013633728027
gehring_L3_state,30. oi1 flav synth g2m-phase,AT1G58602,32,3.4863436222076416,1.817889288256955e-16,8.986411094665527
gehring_L3_state,30. oi1 flav synth g2m-phase,AT5G40340,33,2.0258350372314453,1.817889288256955e-16,8.98588752746582
gehring_L3_state,30. oi1 flav synth g2m-phase,AT5G60930,34,4.157634735107422,2.488415320341557e-16,8.948004722595215
gehring_L3_state,30. oi1 flav synth g2m-phase,AT5G21105,35,2.299968957901001,7.424303842990174e-16,8.823264122009277
gehring_L3_state,30. oi1 flav synth g2m-phase,AT4G24040,36,2.35802698135376,9.799886827574032e-16,8.787605285644531
gehring_L3_state,30. oi1 flav synth g2m-phase,AT4G33200,37,2.8905105590820312,9.799886827574032e-16,8.785892486572266
gehring_L3_state,30. oi1 flav synth g2m-phase,AT3G28160,38,2.815049171447754,1.3841338340239033e-15,8.743988037109375
gehring_L3_state,30. oi1 flav synth g2m-phase,AT2G44450,39,3.254924774169922,1.936909694433346e-15,8.70301628112793
gehring_L3_state,30. oi1 flav synth g2m-phase,AT2G37080,40,2.1467292308807373,6.9241120900506465e-15,8.554390907287598
gehring_L3_state,30. oi1 flav synth g2m-phase,AT2G22970,41,2.548586130142212,7.252452344391989e-15,8.546194076538086
gehring_L3_state,30. oi1 flav synth g2m-phase,AT3G06355,42,0.8791536092758179,1.156245559136938e-14,8.48936939239502
gehring_L3_state,30. oi1 flav synth g2m-phase,AT1G76880,43,2.047013759613037,1.2801017797072966e-14,8.4747953414917
gehring_L3_state,30. oi1 flav synth g2m-phase,AT2G23290,44,2.697496175765991,2.2692394384518804e-14,8.405190467834473
gehring_L3_state,30. oi1 flav synth g2m-phase,AT5G23910,45,4.9455389976501465,3.5853354200617674e-14,8.348688125610352
gehring_L3_state,30. oi1 flav synth g2m-phase,AT1G72670,46,5.412364482879639,4.4677395564152937e-14,8.320051193237305
gehring_L3_state,30. oi1 flav synth g2m-phase,AT2G43530,47,2.393672466278076,1.40822390201848e-13,8.180289268493652
gehring_L3_state,30. oi1 flav synth g2m-phase,AT5G05180,48,3.7380211353302,1.6944802410793768e-13,8.155418395996094
gehring_L3_state,30. oi1 flav synth g2m-phase,AT4G21760,49,7.699027061462402,2.328867146718465e-13,8.114395141601562
gehring_L3_state,30. oi1 flav synth g2m-phase,AT1G09470,50,3.2837343215942383,3.19627971278022e-13,8.072341918945312
gehring_L3_state,30. oi1 flav synth s-phase,AT4G36520,1,3.4454281330108643,7.487688512178889e-74,18.72319602966309
gehring_L3_state,30. oi1 flav synth s-phase,AT5G63550,2,4.59126615524292,3.575932592726053e-50,15.508062362670898
gehring_L3_state,30. oi1 flav synth s-phase,AT5G23420,3,4.731871604919434,5.044195140207076e-43,14.384503364562988
gehring_L3_state,30. oi1 flav synth s-phase,AT1G14520,4,2.5839641094207764,1.1924614203183311e-34,12.9608154296875
gehring_L3_state,30. oi1 flav synth s-phase,AT2G01021,5,3.641980648040772,2.6665154786832728e-33,12.702815055847168
gehring_L3_state,30. oi1 flav synth s-phase,AT4G26630,6,2.183851718902588,4.8945652034317325e-33,12.640878677368164
gehring_L3_state,30. oi1 flav synth s-phase,AT5G59870,7,4.09417200088501,7.717235214160882e-31,12.22410488128662
gehring_L3_state,30. oi1 flav synth s-phase,AT3G20670,8,4.068991184234619,3.6477517305462314e-30,12.08625602722168
gehring_L3_state,30. oi1 flav synth s-phase,AT5G38690,9,4.0628437995910645,2.2669217797045816e-29,11.925378799438477
gehring_L3_state,30. oi1 flav synth s-phase,AT5G42235,10,2.5192222595214844,3.75156377686337e-29,11.874547004699709
gehring_L3_state,30. oi1 flav synth s-phase,AT1G65370,11,2.005377769470215,1.9570178410159907e-28,11.727538108825684
gehring_L3_state,30. oi1 flav synth s-phase,AT1G70830,12,3.2381396293640137,2.0104920765560914e-26,11.321059226989746
gehring_L3_state,30. oi1 flav synth s-phase,AT2G38170,13,2.559922456741333,2.941211154853381e-26,11.28062343597412
gehring_L3_state,30. oi1 flav synth s-phase,AT5G49160,14,3.842334985733032,5.666273159890641e-26,11.216242790222168
gehring_L3_state,30. oi1 flav synth s-phase,AT3G54670,15,2.6144566535949707,2.534887299184113e-25,11.076748847961426
gehring_L3_state,30. oi1 flav synth s-phase,AT3G62610,16,3.019232988357544,1.7801764881872743e-24,10.894932746887209
gehring_L3_state,30. oi1 flav synth s-phase,AT4G27230,17,3.570791721343994,2.70953881753353e-24,10.85108757019043
gehring_L3_state,30. oi1 flav synth s-phase,AT3G27060,18,4.4531569480896,4.090368746487358e-24,10.80813980102539
gehring_L3_state,30. oi1 flav synth s-phase,AT1G65470,19,3.7547476291656494,7.57476372612001e-24,10.74647045135498
gehring_L3_state,30. oi1 flav synth s-phase,AT3G18035,20,3.2189033031463623,1.0859825285136044e-23,10.707684516906738
gehring_L3_state,30. oi1 flav synth s-phase,AT1G51060,21,3.356581449508667,1.0859825285136044e-23,10.703913688659668
gehring_L3_state,30. oi1 flav synth s-phase,AT3G59100,22,4.0071635246276855,1.3892963179502686e-22,10.46078872680664
gehring_L3_state,30. oi1 flav synth s-phase,AT1G04020,23,4.652753829956055,2.693387825271857e-22,10.393644332885742
gehring_L3_state,30. oi1 flav synth s-phase,AT1G69770,24,3.5702035427093506,3.0588359244409463e-22,10.377442359924316
gehring_L3_state,30. oi1 flav synth s-phase,AT2G16586,25,1.9165003299713133,5.6721955696854445e-22,10.314386367797852
gehring_L3_state,30. oi1 flav synth s-phase,AT4G00020,26,4.351151943206787,7.2744278032402945e-22,10.28668212890625
gehring_L3_state,30. oi1 flav synth s-phase,AT3G30720,27,2.5691187381744385,1.986781458163356e-21,10.185785293579102
gehring_L3_state,30. oi1 flav synth s-phase,AT5G49360,28,2.594320774078369,2.826915929756716e-21,10.147879600524902
gehring_L3_state,30. oi1 flav synth s-phase,AT4G26590,29,2.1335487365722656,3.097160791441223e-21,10.13553524017334
gehring_L3_state,30. oi1 flav synth s-phase,AT1G75150,30,3.9194350242614746,3.453490991079216e-21,10.121569633483888
gehring_L3_state,30. oi1 flav synth s-phase,AT5G22880,31,2.9151651859283447,1.0290576920819874e-20,10.010918617248535
gehring_L3_state,30. oi1 flav synth s-phase,AT4G08035,32,1.9628732204437256,5.284413770240227e-20,9.84457302093506
gehring_L3_state,30. oi1 flav synth s-phase,AT1G07820,33,2.924907922744751,5.522084366487388e-20,9.837051391601562
gehring_L3_state,30. oi1 flav synth s-phase,AT5G61000,34,4.39426851272583,4.1534937547926265e-19,9.628824234008787
gehring_L3_state,30. oi1 flav synth s-phase,AT5G42240,35,2.1077420711517334,1.1877712910334922e-18,9.517230987548828
gehring_L3_state,30. oi1 flav synth s-phase,AT5G67100,36,2.9563887119293213,2.2923930065403785e-18,9.445691108703612
gehring_L3_state,30. oi1 flav synth s-phase,AT4G15210,37,2.199429035186768,4.9852483378930834e-18,9.361095428466797
gehring_L3_state,30. oi1 flav synth s-phase,AT3G06740,38,4.0499372482299805,6.362561992082785e-18,9.332463264465332
gehring_L3_state,30. oi1 flav synth s-phase,AT5G07990,39,2.022456645965576,1.1633783664825625e-17,9.26552963256836
gehring_L3_state,30. oi1 flav synth s-phase,AT2G37080,40,2.0238230228424072,2.0253533601378277e-17,9.203461647033691
gehring_L3_state,30. oi1 flav synth s-phase,AT1G08260,41,2.295283079147339,3.103416013667652e-17,9.1548433303833
gehring_L3_state,30. oi1 flav synth s-phase,AT2G23790,42,1.8725740909576416,3.2859013339825497e-17,9.146068572998049
gehring_L3_state,30. oi1 flav synth s-phase,AT2G46960,43,2.620002508163452,8.249396541675657e-17,9.04348087310791
gehring_L3_state,30. oi1 flav synth s-phase,AT1G20720,44,3.2295329570770264,3.9389111496995856e-14,8.340228080749512
gehring_L3_state,30. oi1 flav synth s-phase,AT2G21790,45,3.480565309524536,1.588840654268285e-13,8.17098331451416
gehring_L3_state,30. oi1 flav synth s-phase,AT4G30110,46,1.7018288373947144,2.277395004929713e-13,8.124775886535645
gehring_L3_state,30. oi1 flav synth s-phase,AT2G46980,47,3.475274085998535,1.3887035276527698e-12,7.899850845336914
gehring_L3_state,30. oi1 flav synth s-phase,AT2G25450,48,2.289357662200928,2.171483638426561e-12,7.841293811798096
gehring_L3_state,30. oi1 flav synth s-phase,AT5G65350,49,4.378699779510498,2.6276113574552964e-12,7.814723491668701
gehring_L3_state,30. oi1 flav synth s-phase,AT5G39220,50,1.883480668067932,2.8099294418095912e-12,7.803720951080322
gehring_L3_state,31. oi2 LTP,AT5G59320,1,5.117495536804199,0.0,43.75957489013672
gehring_L3_state,31. oi2 LTP,AT3G08770,2,4.561377048492432,0.0,41.83866500854492
gehring_L3_state,31. oi2 LTP,AT3G20470,3,4.115079879760742,0.0,41.310829162597656
gehring_L3_state,31. oi2 LTP,ATMG00020,4,1.9693752527236936,0.0,40.65863037109375
gehring_L3_state,31. oi2 LTP,AT4G12870,5,4.097241401672363,0.0,39.67372894287109
gehring_L3_state,31. oi2 LTP,AT4G12960,6,4.489032745361328,0.0,38.70049285888672
gehring_L3_state,31. oi2 LTP,AT5G67360,7,3.258318424224853,0.0,38.57854843139648
gehring_L3_state,31. oi2 LTP,AT1G56100,8,4.306347370147705,1.979275437814017e-299,37.2001953125
gehring_L3_state,31. oi2 LTP,AT5G11740,9,3.0993056297302246,1.189933685423921e-298,37.1488151550293
gehring_L3_state,31. oi2 LTP,AT5G13930,10,3.047586441040039,1.5603316255374856e-287,36.45082473754883
gehring_L3_state,31. oi2 LTP,AT2G38540,11,4.098470211029053,2.5009136171746e-253,34.22102737426758
gehring_L3_state,31. oi2 LTP,AT3G20210,12,3.572648763656616,1.1022409402429069e-243,33.56382369995117
gehring_L3_state,31. oi2 LTP,AT1G70830,13,4.0543365478515625,5.717000230099911e-236,33.02838134765625
gehring_L3_state,31. oi2 LTP,AT2G38900,14,3.651102304458618,1.3328129839174378e-234,32.93074035644531
gehring_L3_state,31. oi2 LTP,AT4G15210,15,3.284989595413208,1.119019867433954e-222,32.08481216430664
gehring_L3_state,31. oi2 LTP,AT4G15750,16,3.4304442405700684,1.8886441489831758e-220,31.922704696655277
gehring_L3_state,31. oi2 LTP,AT3G18490,17,2.460732698440552,1.667264329981994e-201,30.523174285888672
gehring_L3_state,31. oi2 LTP,AT1G62333,18,2.9887030124664307,3.074264511206873e-158,27.065656661987305
gehring_L3_state,31. oi2 LTP,AT3G02470,19,1.8258213996887207,4.6050274244611455e-157,26.96370506286621
gehring_L3_state,31. oi2 LTP,AT4G21620,20,3.1384191513061523,4.9418237520146954e-157,26.95928382873535
gehring_L3_state,31. oi2 LTP,AT1G11840,21,2.4370291233062744,6.594783765063247e-157,26.94686889648437
gehring_L3_state,31. oi2 LTP,AT5G59845,22,3.769717216491699,1.867098535406201e-153,26.64901733398437
gehring_L3_state,31. oi2 LTP,ATMG01390,23,2.6609110832214355,1.8654721684893832e-150,26.387325286865234
gehring_L3_state,31. oi2 LTP,AT3G23450,24,2.71708607673645,4.28737827382845e-146,26.002952575683597
gehring_L3_state,31. oi2 LTP,AT4G12910,25,2.6495165824890137,2.66817903680508e-144,25.842323303222656
gehring_L3_state,31. oi2 LTP,AT3G09390,26,3.281233310699463,1.5827169039247104e-142,25.682615280151367
gehring_L3_state,31. oi2 LTP,AT3G13520,27,2.838514804840088,1.153860608822823e-140,25.51389503479004
gehring_L3_state,31. oi2 LTP,AT4G21960,28,1.9218348264694212,3.0858505895994e-137,25.201791763305664
gehring_L3_state,31. oi2 LTP,AT5G49180,29,2.3245749473571777,4.377871478981237e-132,24.72467803955078
gehring_L3_state,31. oi2 LTP,AT2G01520,30,3.2273149490356445,1.0171527251503076e-126,24.21932029724121
gehring_L3_state,31. oi2 LTP,AT1G56580,31,3.5779433250427246,1.1067280969746266e-124,24.02396583557129
gehring_L3_state,31. oi2 LTP,AT1G14520,32,2.174560785293579,6.32149396482133e-124,23.95020294189453
gehring_L3_state,31. oi2 LTP,AT5G39130,33,2.5880322456359863,1.6602613398900394e-122,23.8123779296875
gehring_L3_state,31. oi2 LTP,AT2G47895,34,2.902752637863159,2.1896633917018285e-118,23.410099029541016
gehring_L3_state,31. oi2 LTP,AT4G25830,35,2.6009750366210938,7.572558585633323e-114,22.95897483825684
gehring_L3_state,31. oi2 LTP,AT5G54770,36,1.8461384773254397,2.0905416708915504e-112,22.8131046295166
gehring_L3_state,31. oi2 LTP,AT1G05850,37,1.997609257698059,1.9091721431909605e-99,21.4655704498291
gehring_L3_state,31. oi2 LTP,AT1G78570,38,2.3832454681396484,2.1986288702722435e-97,21.241500854492188
gehring_L3_state,31. oi2 LTP,AT4G12890,39,2.3083457946777344,2.3048425635478367e-97,21.238178253173828
gehring_L3_state,31. oi2 LTP,AT2G19570,40,2.053916931152344,2.5641586167098544e-96,21.12360382080078
gehring_L3_state,31. oi2 LTP,AT1G62480,41,2.222583532333374,9.195162046190253e-96,21.062131881713867
gehring_L3_state,31. oi2 LTP,AT5G42235,42,2.0054051876068115,6.369582234111368e-93,20.74892807006836
gehring_L3_state,31. oi2 LTP,AT5G62210,43,2.2147364616394043,5.898460903587802e-88,20.18948173522949
gehring_L3_state,31. oi2 LTP,AT1G75750,44,2.2248213291168213,2.188663612968353e-87,20.12356948852539
gehring_L3_state,31. oi2 LTP,AT2G17710,45,2.161787986755371,6.813369485615713e-86,19.951400756835938
gehring_L3_state,31. oi2 LTP,AT5G49360,46,2.1807281970977783,3.69559364776194e-84,19.749738693237305
gehring_L3_state,31. oi2 LTP,AT2G01021,47,2.79289984703064,1.272914429829206e-83,19.686193466186523
gehring_L3_state,31. oi2 LTP,AT1G08830,48,2.225865125656128,3.4748033883299046e-81,19.39893341064453
gehring_L3_state,31. oi2 LTP,AT5G02500,49,2.1049435138702397,1.182666839877379e-80,19.33489418029785
gehring_L3_state,31. oi2 LTP,AT5G42800,50,2.361950159072876,4.1667158959256195e-79,19.14838981628418
gehring_L3_state,31. oi2 gen I,AT5G45670,1,5.817202091217041,0.0,65.7964096069336
gehring_L3_state,31. oi2 gen I,AT4G33220,2,5.267190456390381,0.0,61.33541870117188
gehring_L3_state,31. oi2 gen I,AT3G58780,3,4.227566719055176,0.0,61.213661193847656
gehring_L3_state,31. oi2 gen I,AT2G38540,4,4.791731357574463,0.0,59.986473083496094
gehring_L3_state,31. oi2 gen I,AT1G72970,5,4.991860866546631,0.0,58.5134391784668
gehring_L3_state,31. oi2 gen I,AT1G52030,6,4.552270412445068,0.0,58.01030731201172
gehring_L3_state,31. oi2 gen I,AT4G13840,7,4.768685817718506,0.0,57.56182098388672
gehring_L3_state,31. oi2 gen I,AT1G55260,8,5.139590740203857,0.0,57.434364318847656
gehring_L3_state,31. oi2 gen I,AT4G19380,9,5.881825923919678,0.0,57.189109802246094
gehring_L3_state,31. oi2 gen I,AT3G13530,10,4.913678169250488,0.0,57.14068984985352
gehring_L3_state,31. oi2 gen I,AT3G50660,11,4.812109470367432,0.0,57.09233093261719
gehring_L3_state,31. oi2 gen I,AT1G75900,12,5.283478736877441,0.0,57.037872314453125
gehring_L3_state,31. oi2 gen I,AT4G15210,13,4.321648120880127,0.0,56.86003112792969
gehring_L3_state,31. oi2 gen I,AT5G59320,14,4.606817245483398,0.0,56.603153228759766
gehring_L3_state,31. oi2 gen I,AT1G72260,15,4.558637619018555,0.0,56.51732635498047
gehring_L3_state,31. oi2 gen I,AT4G25830,16,4.331910610198975,0.0,56.25258255004883
gehring_L3_state,31. oi2 gen I,AT1G51460,17,5.485596179962158,0.0,55.96124649047852
gehring_L3_state,31. oi2 gen I,AT3G54340,18,4.228937149047852,0.0,55.33457946777344
gehring_L3_state,31. oi2 gen I,AT5G24420,19,4.882055759429932,0.0,55.17826461791992
gehring_L3_state,31. oi2 gen I,AT3G20470,20,3.85708999633789,0.0,54.30020904541016
gehring_L3_state,31. oi2 gen I,AT1G17200,21,4.407050132751465,0.0,53.11277389526367
gehring_L3_state,31. oi2 gen I,AT1G52400,22,4.618566989898682,0.0,52.921607971191406
gehring_L3_state,31. oi2 gen I,AT3G23450,23,3.914537191390991,0.0,52.2547721862793
gehring_L3_state,31. oi2 gen I,AT1G05230,24,4.398386001586914,0.0,51.27694320678711
gehring_L3_state,31. oi2 gen I,AT2G01520,25,4.655462265014648,0.0,50.7724494934082
gehring_L3_state,31. oi2 gen I,AT3G08770,26,3.976888418197632,0.0,50.48274230957031
gehring_L3_state,31. oi2 gen I,AT5G51750,27,4.601339817047119,0.0,49.265899658203125
gehring_L3_state,31. oi2 gen I,AT5G44063,28,4.906332492828369,0.0,48.87589263916016
gehring_L3_state,31. oi2 gen I,AT2G34150,29,4.027269840240479,0.0,48.66363143920898
gehring_L3_state,31. oi2 gen I,AT2G43530,30,3.886884927749634,0.0,48.530643463134766
gehring_L3_state,31. oi2 gen I,AT4G39330,31,4.1898369789123535,0.0,48.25457763671875
gehring_L3_state,31. oi2 gen I,AT1G75750,32,3.733779668807984,0.0,47.574798583984375
gehring_L3_state,31. oi2 gen I,AT5G23940,33,4.496118545532227,0.0,47.41842269897461
gehring_L3_state,31. oi2 gen I,AT4G21750,34,3.829634666442871,0.0,47.22183227539063
gehring_L3_state,31. oi2 gen I,AT2G01850,35,2.9625449180603027,0.0,46.5633430480957
gehring_L3_state,31. oi2 gen I,AT2G26250,36,3.4911201000213623,0.0,46.50282287597656
gehring_L3_state,31. oi2 gen I,AT1G79110,37,3.779413938522339,0.0,46.27764892578125
gehring_L3_state,31. oi2 gen I,AT5G67620,38,4.322910308837891,0.0,46.012916564941406
gehring_L3_state,31. oi2 gen I,AT1G76880,39,2.861157894134521,0.0,45.43202590942383
gehring_L3_state,31. oi2 gen I,AT5G01180,40,3.464123487472534,0.0,45.18080139160156
gehring_L3_state,31. oi2 gen I,AT4G15200,41,3.821959972381592,0.0,45.12426376342773
gehring_L3_state,31. oi2 gen I,AT1G17840,42,3.794134378433228,0.0,45.04743576049805
gehring_L3_state,31. oi2 gen I,AT1G20550,43,3.907913446426392,0.0,44.96231842041016
gehring_L3_state,31. oi2 gen I,AT5G44060,44,4.0243449211120605,0.0,44.77500915527344
gehring_L3_state,31. oi2 gen I,AT1G14520,45,2.9863898754119877,0.0,44.41976165771485
gehring_L3_state,31. oi2 gen I,AT2G28900,46,2.8441426753997803,0.0,42.88068008422852
gehring_L3_state,31. oi2 gen I,AT1G02190,47,5.813953876495361,0.0,42.46856689453125
gehring_L3_state,31. oi2 gen I,AT1G78680,48,3.763230085372925,0.0,42.06529235839844
gehring_L3_state,31. oi2 gen I,AT1G14350,49,4.264605045318604,0.0,41.715606689453125
gehring_L3_state,31. oi2 gen I,AT3G16370,50,3.4860758781433105,0.0,41.66962814331055
gehring_L3_state,32. oi2 VLCFA synth,AT5G59320,1,5.250097751617432,0.0,43.9183349609375
gehring_L3_state,32. oi2 VLCFA synth,AT5G45670,2,4.7892045974731445,0.0,39.349212646484375
gehring_L3_state,32. oi2 VLCFA synth,AT2G38540,3,4.133972644805908,5.614446874358254e-292,36.76300430297852
gehring_L3_state,32. oi2 VLCFA synth,AT3G23450,4,3.732985019683838,4.8852394648315065e-262,34.830650329589844
gehring_L3_state,32. oi2 VLCFA synth,AT3G08770,5,3.632001638412476,5.786011484073532e-238,33.19580078125
gehring_L3_state,32. oi2 VLCFA synth,AT3G58780,6,3.1572744846343994,2.991023429245339e-227,32.43925857543945
gehring_L3_state,32. oi2 VLCFA synth,AT1G55260,7,4.084969997406006,2.55397317640953e-190,29.70013236999512
gehring_L3_state,32. oi2 VLCFA synth,AT4G20320,8,4.756710052490234,2.48196323882361e-162,27.442684173583984
gehring_L3_state,32. oi2 VLCFA synth,AT4G15210,9,2.903510570526123,4.7974689676937725e-157,26.991748809814453
gehring_L3_state,32. oi2 VLCFA synth,AT3G20470,10,2.5820181369781494,5.93653801735776e-141,25.58011054992676
gehring_L3_state,32. oi2 VLCFA synth,AT2G26250,11,2.7975690364837646,2.2556309913691954e-138,25.34343910217285
gehring_L3_state,32. oi2 VLCFA synth,AT5G01180,12,2.8968164920806885,3.5586484184990636e-137,25.2310848236084
gehring_L3_state,32. oi2 VLCFA synth,AT1G75900,13,3.521967887878418,2.115261441765395e-129,24.50927352905273
gehring_L3_state,32. oi2 VLCFA synth,AT5G57685,14,3.3622817993164062,8.618075280402106e-129,24.448963165283203
gehring_L3_state,32. oi2 VLCFA synth,AT4G33220,15,3.026862859725952,1.3960308414087038e-127,24.332149505615234
gehring_L3_state,32. oi2 VLCFA synth,AT3G16370,16,3.0904476642608643,1.3443603906823558e-126,24.236387252807617
gehring_L3_state,32. oi2 VLCFA synth,AT4G09960,17,2.3076422214508057,1.1880591242877203e-119,23.565826416015625
gehring_L3_state,32. oi2 VLCFA synth,AT4G21960,18,1.9234248399734497,1.2116295075398757e-116,23.26809883117676
gehring_L3_state,32. oi2 VLCFA synth,AT1G17200,19,3.02390193939209,3.460846737951739e-115,23.121517181396484
gehring_L3_state,32. oi2 VLCFA synth,AT1G62480,20,2.560337781906128,7.074746720503457e-113,22.888463973999023
gehring_L3_state,32. oi2 VLCFA synth,AT4G39330,21,3.1459901332855225,2.4245088360260936e-112,22.83255958557129
gehring_L3_state,32. oi2 VLCFA synth,AT4G26590,22,2.22411584854126,3.119679826630444e-111,22.71856689453125
gehring_L3_state,32. oi2 VLCFA synth,AT3G18490,23,1.9412899017333984,3.025711186643149e-110,22.616573333740234
gehring_L3_state,32. oi2 VLCFA synth,AT3G54340,24,2.6083083152771,1.7972067164543713e-103,21.91557884216309
gehring_L3_state,32. oi2 VLCFA synth,AT4G13840,25,2.700925827026367,2.5595341288495463e-102,21.79242515563965
gehring_L3_state,32. oi2 VLCFA synth,AT1G06520,26,3.2790091037750244,2.6449291427892404e-95,21.03805351257324
gehring_L3_state,32. oi2 VLCFA synth,AT1G17840,27,2.804240465164185,4.59218944550126e-93,20.790239334106445
gehring_L3_state,32. oi2 VLCFA synth,AT5G23940,28,3.2036917209625244,7.112077018438061e-92,20.65657615661621
gehring_L3_state,32. oi2 VLCFA synth,AT4G15200,29,2.755129814147949,7.253261737491454e-92,20.6539306640625
gehring_L3_state,32. oi2 VLCFA synth,AT4G21750,30,2.615395784378052,9.918493258897735e-91,20.525554656982425
gehring_L3_state,32. oi2 VLCFA synth,AT4G25830,31,2.3597846031188965,8.683501561463763e-84,19.731727600097656
gehring_L3_state,32. oi2 VLCFA synth,AT4G12870,32,2.0689971446990967,2.7464857165039797e-82,19.55472755432129
gehring_L3_state,32. oi2 VLCFA synth,AT2G01520,33,2.967003583908081,3.847434331438448e-82,19.53595542907715
gehring_L3_state,32. oi2 VLCFA synth,AT1G51460,34,3.1891160011291504,1.0852241099453448e-80,19.36317253112793
gehring_L3_state,32. oi2 VLCFA synth,AT2G01850,35,1.7757666110992432,1.952290626096373e-77,18.97169303894043
gehring_L3_state,32. oi2 VLCFA synth,AT1G76890,36,2.396114587783813,1.6710527872379154e-76,18.857009887695312
gehring_L3_state,32. oi2 VLCFA synth,AT3G52840,37,2.179100275039673,4.515617349162489e-76,18.802913665771484
gehring_L3_state,32. oi2 VLCFA synth,AT1G04220,38,3.374185800552368,1.7533120223170693e-74,18.60641860961914
gehring_L3_state,32. oi2 VLCFA synth,AT1G52030,39,2.078023672103882,6.11336163051287e-69,17.9080753326416
gehring_L3_state,32. oi2 VLCFA synth,AT5G65670,40,1.577459692955017,6.482104357384991e-69,17.903404235839844
gehring_L3_state,32. oi2 VLCFA synth,AT3G08860,41,3.518404960632324,9.85275690253847e-69,17.878698348999023
gehring_L3_state,32. oi2 VLCFA synth,AT1G35180,42,3.662692070007324,2.9721686799116003e-68,17.8156795501709
gehring_L3_state,32. oi2 VLCFA synth,AT2G32690,43,3.009021282196045,6.65445408324107e-67,17.639556884765625
gehring_L3_state,32. oi2 VLCFA synth,AT1G35612,44,2.9660301208496094,1.0575776292457653e-66,17.6120548248291
gehring_L3_state,32. oi2 VLCFA synth,AT1G14520,45,1.7073293924331665,2.045503635621558e-64,17.31023597717285
gehring_L3_state,32. oi2 VLCFA synth,AT3G05165,46,2.239471673965454,6.507118487552396e-64,17.242204666137695
gehring_L3_state,32. oi2 VLCFA synth,AT1G45010,47,3.6873958110809326,1.3528716073115762e-62,17.064645767211914
gehring_L3_state,32. oi2 VLCFA synth,AT1G68530,48,3.4866628646850586,1.7781183434741966e-62,17.04744529724121
gehring_L3_state,32. oi2 VLCFA synth,AT3G43720,49,2.3623950481414795,3.0283111413430893e-62,17.01508140563965
gehring_L3_state,32. oi2 VLCFA synth,AT2G46960,50,2.263817310333252,8.661346813704643e-61,16.816333770751953
gehring_L3_state,32. oi2 gen,AT4G15210,1,4.776546001434326,0.0,45.67814254760742
gehring_L3_state,32. oi2 gen,AT1G14520,2,3.776289939880371,0.0,42.53410720825195
gehring_L3_state,32. oi2 gen,AT5G59320,3,4.46139669418335,0.0,40.0498046875
gehring_L3_state,32. oi2 gen,AT1G05230,4,4.711182117462158,0.0,39.77439880371094
gehring_L3_state,32. oi2 gen,AT1G17200,5,4.38773775100708,0.0,37.86554336547852
gehring_L3_state,32. oi2 gen,AT5G45670,6,4.443212509155273,3.251054271207589e-305,37.56393432617188
gehring_L3_state,32. oi2 gen,AT1G60940,7,3.841632843017578,2.8943669972469595e-301,37.31709671020508
gehring_L3_state,32. oi2 gen,AT4G21750,8,4.198025226593018,4.606624496399818e-295,36.929107666015625
gehring_L3_state,32. oi2 gen,AT4G36520,9,3.0463433265686035,2.846651481902074e-289,36.56330108642578
gehring_L3_state,32. oi2 gen,AT2G26250,10,3.683290481567383,1.4966864202618368e-265,35.035858154296875
gehring_L3_state,32. oi2 gen,AT2G01850,11,3.044203758239746,4.8449956854548156e-265,34.99961853027344
gehring_L3_state,32. oi2 gen,AT1G51500,12,3.8807373046875,1.0791865323402744e-251,34.10838317871094
gehring_L3_state,32. oi2 gen,AT4G15200,13,3.919610023498535,3.34690390563406e-242,33.45967483520508
gehring_L3_state,32. oi2 gen,AT1G79840,14,4.518747806549072,1.3373716279870096e-241,33.416072845458984
gehring_L3_state,32. oi2 gen,AT3G51860,15,3.342958927154541,1.3507399502125825e-238,33.206520080566406
gehring_L3_state,32. oi2 gen,AT1G55260,16,4.201642036437988,8.730824596853941e-237,33.07890701293945
gehring_L3_state,32. oi2 gen,AT5G49360,17,4.143431186676025,3.1345283121111467e-236,33.03844451904297
gehring_L3_state,32. oi2 gen,AT4G05120,18,5.763147830963135,8.18930561880546e-231,32.65732955932617
gehring_L3_state,32. oi2 gen,AT1G76890,19,3.6138973236083984,4.31383480431101e-221,31.963512420654297
gehring_L3_state,32. oi2 gen,AT1G35612,20,4.297878265380859,2.3377650005625345e-208,31.03192901611328
gehring_L3_state,32. oi2 gen,AT4G39210,21,3.361512899398804,3.1518372064141378e-208,31.02073860168457
gehring_L3_state,32. oi2 gen,AT4G25830,22,3.311330795288086,3.4388663462720854e-208,31.01643180847168
gehring_L3_state,32. oi2 gen,AT4G26590,23,2.8855788707733154,1.9040345656060723e-203,30.66120719909668
gehring_L3_state,32. oi2 gen,AT3G58780,24,2.8417446613311768,3.010019687995143e-195,30.03844451904297
gehring_L3_state,32. oi2 gen,AT3G13530,25,3.337207317352295,6.112258267062338e-194,29.936790466308597
gehring_L3_state,32. oi2 gen,AT2G01520,26,3.819955110549927,2.292394082912153e-188,29.50410842895508
gehring_L3_state,32. oi2 gen,AT4G12870,27,2.94755220413208,2.968353479624709e-185,29.25920867919922
gehring_L3_state,32. oi2 gen,AT1G73860,28,4.265713691711426,1.4976599873710742e-183,29.123798370361328
gehring_L3_state,32. oi2 gen,AT4G38620,29,3.450146198272705,7.556048595627756e-183,29.067033767700195
gehring_L3_state,32. oi2 gen,AT3G52840,30,3.0609891414642334,1.8926942001772472e-182,29.034297943115234
gehring_L3_state,32. oi2 gen,AT4G28760,31,2.973085403442383,1.5236246197228584e-181,28.961328506469727
gehring_L3_state,32. oi2 gen,AT4G33180,32,3.483590841293335,3.89106872504355e-180,28.8482666015625
gehring_L3_state,32. oi2 gen,AT4G33220,33,3.452344417572021,1.076159817097507e-173,28.32898712158203
gehring_L3_state,32. oi2 gen,AT3G50620,34,3.1030123233795166,8.810989881484818e-169,27.926233291625977
gehring_L3_state,32. oi2 gen,AT5G67620,35,3.6626927852630615,1.48874580092437e-165,27.658113479614254
gehring_L3_state,32. oi2 gen,AT2G37300,36,4.123946189880371,5.0079583082079484e-160,27.193687438964844
gehring_L3_state,32. oi2 gen,AT1G12880,37,3.273571491241455,1.019425476655213e-151,26.48078346252441
gehring_L3_state,32. oi2 gen,AT1G04220,38,4.180654048919678,1.9758915203992238e-147,26.10484313964844
gehring_L3_state,32. oi2 gen,AT1G35630,39,6.346590042114258,3.0147667522844334e-145,25.910816192626957
gehring_L3_state,32. oi2 gen,AT3G20470,40,2.4354360103607178,3.7648851974753e-136,25.08970069885254
gehring_L3_state,32. oi2 gen,AT1G17420,41,3.643534421920776,6.139043987596216e-135,24.97738075256348
gehring_L3_state,32. oi2 gen,AT2G42830,42,2.517402410507202,1.3697557831243415e-132,24.75930976867676
gehring_L3_state,32. oi2 gen,AT4G09820,43,3.253382444381714,2.6184587028874266e-130,24.545618057250977
gehring_L3_state,32. oi2 gen,AT1G71030,44,4.237834930419922,4.938311711214185e-130,24.51886367797852
gehring_L3_state,32. oi2 gen,AT2G21300,45,2.950800895690918,2.0181344976285791e-125,24.08172416687012
gehring_L3_state,32. oi2 gen,AT3G54340,46,2.6030080318450928,3.0426222379532326e-123,23.871980667114254
gehring_L3_state,32. oi2 gen,AT5G47330,47,3.3721280097961426,3.4863331332917796e-122,23.76888084411621
gehring_L3_state,32. oi2 gen,AT2G23550,48,3.8457324504852295,5.883964334497638e-122,23.746004104614254
gehring_L3_state,32. oi2 gen,AT3G11720,49,3.262892484664917,1.6569048768142157e-118,23.40797996520996
gehring_L3_state,32. oi2 gen,AT2G38540,50,2.583277940750122,1.2607971649274375e-116,23.221668243408203
gehring_L3_state,33. oi2 VLCFA synth,AT4G20320,1,6.882761001586914,2.2118925951100588e-93,20.982574462890625
gehring_L3_state,33. oi2 VLCFA synth,AT5G59320,2,5.211506843566895,9.89206228185206e-92,20.767803192138672
gehring_L3_state,33. oi2 VLCFA synth,AT5G49360,3,5.397701263427734,2.1423423030584682e-89,20.48809051513672
gehring_L3_state,33. oi2 VLCFA synth,AT1G62480,4,4.599027633666992,5.319595670924189e-66,17.656286239624023
gehring_L3_state,33. oi2 VLCFA synth,AT4G26590,5,3.086559772491455,2.8782793468465646e-47,15.011677742004396
gehring_L3_state,33. oi2 VLCFA synth,AT2G46960,6,3.331540822982788,1.1382962437372385e-41,14.118487358093262
gehring_L3_state,33. oi2 VLCFA synth,AT1G76180,7,3.091930627822876,2.7104013220213563e-37,13.37812328338623
gehring_L3_state,33. oi2 VLCFA synth,AT5G45670,8,3.5593395233154297,1.1509321506995648e-36,13.260186195373535
gehring_L3_state,33. oi2 VLCFA synth,AT4G21750,9,3.596803665161133,3.702398557098865e-36,13.163382530212402
gehring_L3_state,33. oi2 VLCFA synth,AT1G68530,10,4.986469268798828,1.1944152279349594e-33,12.711417198181152
gehring_L3_state,33. oi2 VLCFA synth,AT1G27080,11,2.5249311923980717,2.465379883846464e-28,11.700590133666992
gehring_L3_state,33. oi2 VLCFA synth,AT5G59310,12,4.632012844085693,7.231563530769359e-28,11.602076530456545
gehring_L3_state,33. oi2 VLCFA synth,AT4G21960,13,1.9969851970672607,1.1882608834620428e-27,11.553139686584473
gehring_L3_state,33. oi2 VLCFA synth,AT1G79700,14,5.531028270721436,4.582220938670023e-27,11.43060302734375
gehring_L3_state,33. oi2 VLCFA synth,AT2G26250,15,2.8738839626312256,9.525344042537068e-27,11.361252784729004
gehring_L3_state,33. oi2 VLCFA synth,AT1G55260,16,3.476969003677368,1.592526126271266e-26,11.310953140258787
gehring_L3_state,33. oi2 VLCFA synth,AT1G35612,17,3.896502733230591,3.1235837375298564e-26,11.246654510498049
gehring_L3_state,33. oi2 VLCFA synth,AT2G01021,18,3.3761603832244877,2.5453560426590503e-25,11.055187225341797
gehring_L3_state,33. oi2 VLCFA synth,AT3G53420,19,5.475754737854004,3.497785601283588e-25,11.022013664245604
gehring_L3_state,33. oi2 VLCFA synth,AT5G56870,20,4.481268882751465,3.7234762456894284e-24,10.802617073059082
gehring_L3_state,33. oi2 VLCFA synth,AT3G62070,21,4.2941975593566895,9.634010346449852e-24,10.71069622039795
gehring_L3_state,33. oi2 VLCFA synth,AT1G51500,22,2.927184581756592,3.522977576717287e-22,10.368012428283691
gehring_L3_state,33. oi2 VLCFA synth,AT4G16670,23,3.7847650051116943,4.576838175737372e-22,10.338891983032228
gehring_L3_state,33. oi2 VLCFA synth,AT1G04220,24,4.095311641693115,9.821159787950837e-22,10.261516571044922
gehring_L3_state,33. oi2 VLCFA synth,AT1G14520,25,2.035681962966919,2.27956660735433e-20,9.949455261230469
gehring_L3_state,33. oi2 VLCFA synth,AT4G26420,26,2.767193078994751,8.232493322736991e-20,9.817038536071776
gehring_L3_state,33. oi2 VLCFA synth,AT4G05631,27,1.876833438873291,1.0028644885740998e-19,9.793442726135254
gehring_L3_state,33. oi2 VLCFA synth,AT5G57685,28,3.067740201950073,3.835156092794203e-19,9.653334617614746
gehring_L3_state,33. oi2 VLCFA synth,AT2G35760,29,3.3675572872161865,9.680318640339999e-19,9.554448127746582
gehring_L3_state,33. oi2 VLCFA synth,AT5G45920,30,4.307575225830078,1.593495979059052e-17,9.256451606750488
gehring_L3_state,33. oi2 VLCFA synth,AT1G45010,31,4.17083215713501,7.367173062277548e-17,9.088019371032717
gehring_L3_state,33. oi2 VLCFA synth,AT3G23820,32,3.277355194091797,1.2434704578459024e-16,9.02755069732666
gehring_L3_state,33. oi2 VLCFA synth,ATMG00020,33,0.9678619503974916,2.6629758411488416e-16,8.940515518188477
gehring_L3_state,33. oi2 VLCFA synth,AT4G39330,34,2.8894073963165283,3.181852268131806e-16,8.91761302947998
gehring_L3_state,33. oi2 VLCFA synth,AT2G32240,35,2.978512763977051,3.4147575246119993e-16,8.906660079956055
gehring_L3_state,33. oi2 VLCFA synth,AT2G37180,36,3.7902252674102783,3.1019069726492127e-15,8.652397155761719
gehring_L3_state,33. oi2 VLCFA synth,AT1G05230,37,2.806679010391236,5.247903206924093e-15,8.589219093322754
gehring_L3_state,33. oi2 VLCFA synth,AT2G01850,38,1.731396198272705,1.3783736316271714e-14,8.474603652954102
gehring_L3_state,33. oi2 VLCFA synth,AT2G37300,39,3.4146218299865723,2.502378018197043e-14,8.401999473571777
gehring_L3_state,33. oi2 VLCFA synth,AT1G17840,40,2.514448881149292,2.0757407777402758e-13,8.147026062011719
gehring_L3_state,33. oi2 VLCFA synth,AT5G12170,41,2.109577178955078,3.215669228894508e-13,8.09104061126709
gehring_L3_state,33. oi2 VLCFA synth,AT2G39400,42,3.270647525787353,1.944080930842496e-12,7.866068363189697
gehring_L3_state,33. oi2 VLCFA synth,AT3G23450,43,1.95926034450531,2.6305639435194013e-12,7.825301647186279
gehring_L3_state,33. oi2 VLCFA synth,AT2G38540,44,1.951191782951355,2.7297154684882484e-11,7.522543430328369
gehring_L3_state,33. oi2 VLCFA synth,AT2G41220,45,2.1409904956817627,3.4815076611302606e-11,7.487860202789307
gehring_L3_state,33. oi2 VLCFA synth,AT2G01520,46,2.7196669578552246,3.9252826563140415e-11,7.468507766723633
gehring_L3_state,33. oi2 VLCFA synth,AT1G51440,47,6.43604850769043,3.9252826563140415e-11,7.466609477996826
gehring_L3_state,33. oi2 VLCFA synth,AT1G76990,48,2.708076477050781,1.0095506845492523e-10,7.338527679443359
gehring_L3_state,33. oi2 VLCFA synth,AT4G27830,49,3.6998043060302734,1.7329033278985483e-10,7.263176441192627
gehring_L3_state,33. oi2 VLCFA synth,AT1G20450,50,3.902054071426392,2.2708894993365744e-10,7.2238922119140625
gehring_L3_state,33. oi2 gen II,AT5G45670,1,5.798399925231934,0.0,39.22921371459961
gehring_L3_state,33. oi2 gen II,AT4G33220,2,5.131349563598633,4.212530959468638e-285,36.34130859375
gehring_L3_state,33. oi2 gen II,AT1G72970,3,5.019046783447266,4.484155433469072e-281,36.074214935302734
gehring_L3_state,33. oi2 gen II,AT4G25830,4,4.565992832183838,9.53227695894749e-277,35.78911209106445
gehring_L3_state,33. oi2 gen II,AT3G50660,5,4.849298000335693,1.0023151864482496e-268,35.26332473754883
gehring_L3_state,33. oi2 gen II,AT5G67620,6,5.223431587219238,1.5139451500237178e-264,34.98439407348633
gehring_L3_state,33. oi2 gen II,AT3G58780,7,3.966132879257202,2.1491349168434764e-259,34.63946533203125
gehring_L3_state,33. oi2 gen II,AT2G38540,8,4.43489933013916,2.303501981613698e-249,33.96284103393555
gehring_L3_state,33. oi2 gen II,AT4G19380,9,5.365278244018555,2.310084877822292e-244,33.618858337402344
gehring_L3_state,33. oi2 gen II,AT5G59320,10,4.495461940765381,1.3548935712855538e-240,33.35684585571289
gehring_L3_state,33. oi2 gen II,AT1G55260,11,4.808388233184815,3.7977754175437852e-239,33.25399398803711
gehring_L3_state,33. oi2 gen II,AT1G52030,12,4.290061950683594,9.572142020401517e-235,32.945457458496094
gehring_L3_state,33. oi2 gen II,AT5G24420,13,4.8545026779174805,1.0422457745121073e-233,32.87053680419922
gehring_L3_state,33. oi2 gen II,AT4G13840,14,4.326242446899414,1.837662481965977e-225,32.28597640991211
gehring_L3_state,33. oi2 gen II,AT3G13530,15,4.600069999694824,1.238500017407513e-224,32.2247428894043
gehring_L3_state,33. oi2 gen II,AT3G45970,16,4.289305210113525,1.9868620116901597e-224,32.20808410644531
gehring_L3_state,33. oi2 gen II,AT1G51460,17,4.948493957519531,7.496791878812338e-224,32.16498565673828
gehring_L3_state,33. oi2 gen II,AT1G72260,18,4.287410736083984,1.0887773015866344e-222,32.07999038696289
gehring_L3_state,33. oi2 gen II,AT5G64870,19,4.847470760345459,5.036465176317544e-217,31.66945075988769
gehring_L3_state,33. oi2 gen II,AT3G54340,20,3.879422426223755,7.065275493798041e-206,30.847530364990234
gehring_L3_state,33. oi2 gen II,AT5G51750,21,4.502627849578857,4.858427133718925e-204,30.70863342285156
gehring_L3_state,33. oi2 gen II,AT3G20470,22,3.565711498260498,3.978873547238976e-201,30.488121032714844
gehring_L3_state,33. oi2 gen II,AT3G23450,23,3.7320942878723145,4.3622090637603015e-201,30.48365020751953
gehring_L3_state,33. oi2 gen II,AT1G73010,24,5.501919269561768,7.208035533304048e-198,30.23845100402832
gehring_L3_state,33. oi2 gen II,AT1G52400,25,4.320845127105713,3.263067350011321e-196,30.110885620117188
gehring_L3_state,33. oi2 gen II,AT4G15210,26,3.854104995727539,1.6871510191640532e-195,30.055028915405277
gehring_L3_state,33. oi2 gen II,AT1G05230,27,4.085618495941162,9.058187436197598e-193,29.844125747680664
gehring_L3_state,33. oi2 gen II,AT1G75900,28,4.4364166259765625,2.0829227054437225e-192,29.81502342224121
gehring_L3_state,33. oi2 gen II,AT4G11280,29,4.890423774719238,2.7959430945217606e-191,29.72671127319336
gehring_L3_state,33. oi2 gen II,AT5G44063,30,4.62772798538208,2.596513016695996e-190,29.650590896606445
gehring_L3_state,33. oi2 gen II,AT3G08770,31,3.9140450954437256,3.8503617941274427e-190,29.63620948791504
gehring_L3_state,33. oi2 gen II,AT1G11670,32,4.078699588775635,2.0939754274411832e-185,29.26531982421875
gehring_L3_state,33. oi2 gen II,AT1G17420,33,4.569107532501221,3.888859438460705e-185,29.24313163757324
gehring_L3_state,33. oi2 gen II,AT1G14520,34,3.239874124526977,3.6336134720441e-184,29.165681838989254
gehring_L3_state,33. oi2 gen II,AT2G34150,35,3.84770941734314,3.709309931260501e-182,29.005834579467773
gehring_L3_state,33. oi2 gen II,AT3G25780,36,5.736370086669922,1.1658467952560931e-176,28.565649032592773
gehring_L3_state,33. oi2 gen II,AT2G22500,37,3.627965688705444,8.978788851732254e-175,28.412397384643555
gehring_L3_state,33. oi2 gen II,AT4G21750,38,3.669832229614258,4.689319564766964e-173,28.27206420898437
gehring_L3_state,33. oi2 gen II,AT1G17200,39,3.759950399398804,2.568441387480696e-167,27.80043601989746
gehring_L3_state,33. oi2 gen II,AT5G64900,40,3.340229749679565,3.6618795403431176e-167,27.78678131103516
gehring_L3_state,33. oi2 gen II,AT1G72520,41,6.29288911819458,1.0341864615843075e-166,27.748550415039062
gehring_L3_state,33. oi2 gen II,AT1G75750,42,3.5893824100494385,2.74238047169658e-166,27.712560653686523
gehring_L3_state,33. oi2 gen II,AT2G41430,43,3.041099071502685,1.2703997913095008e-165,27.656408309936523
gehring_L3_state,33. oi2 gen II,AT3G52800,44,3.329786539077759,4.36194755256441e-164,27.52758407592773
gehring_L3_state,33. oi2 gen II,AT1G06520,45,4.102161884307861,1.4535951419862486e-158,27.061479568481445
gehring_L3_state,33. oi2 gen II,AT2G01850,46,2.859713554382324,3.0864607143491696e-157,26.94767189025879
gehring_L3_state,33. oi2 gen II,AT4G39330,47,3.738449096679688,3.398338227865129e-156,26.85782814025879
gehring_L3_state,33. oi2 gen II,AT1G76880,48,2.798544883728028,3.9936623213310195e-156,26.851043701171875
gehring_L3_state,33. oi2 gen II,AT5G23940,49,4.130756378173828,2.291645947294544e-155,26.78521728515625
gehring_L3_state,33. oi2 gen II,AT1G54020,50,4.77866792678833,1.8109916327945742e-154,26.70728302001953
gehring_L3_state,34. oi2 s-phase,AT5G45670,1,5.473226070404053,3.972010870709618e-213,31.478710174560547
gehring_L3_state,34. oi2 s-phase,AT2G38540,2,4.565682411193848,4.765422905830659e-181,29.016475677490234
gehring_L3_state,34. oi2 s-phase,AT4G33220,3,4.795585632324219,1.6920160097595732e-179,28.87931632995605
gehring_L3_state,34. oi2 s-phase,AT1G72970,4,4.75954008102417,1.2413298482225515e-175,28.55977249145508
gehring_L3_state,34. oi2 s-phase,AT3G58780,5,3.921677589416504,2.239712836229033e-174,28.45059585571289
gehring_L3_state,34. oi2 s-phase,AT4G19380,6,5.389381408691406,8.55410886652349e-174,28.39710235595703
gehring_L3_state,34. oi2 s-phase,AT1G75900,7,4.931159019470215,3.1098932799659935e-172,28.264991760253903
gehring_L3_state,34. oi2 s-phase,AT4G25830,8,4.1330647468566895,1.325692006341742e-158,27.128536224365234
gehring_L3_state,34. oi2 s-phase,AT1G52030,9,4.198805332183838,6.435992126091561e-157,26.98087501525879
gehring_L3_state,34. oi2 s-phase,AT1G55260,10,4.546703815460205,2.7516380402875096e-153,26.665691375732425
gehring_L3_state,34. oi2 s-phase,AT5G24420,11,4.493981838226318,2.1350736023043706e-148,26.237041473388672
gehring_L3_state,34. oi2 s-phase,AT5G59320,12,4.225886344909668,3.081796511119746e-147,26.13191795349121
gehring_L3_state,34. oi2 s-phase,AT1G51460,13,4.845065116882324,9.419446487416117e-147,26.08612632751465
gehring_L3_state,34. oi2 s-phase,AT3G50660,14,4.264514446258545,3.980772858905575e-145,25.9395694732666
gehring_L3_state,34. oi2 s-phase,AT1G72260,15,4.088055610656738,1.3525329008800162e-144,25.88978385925293
gehring_L3_state,34. oi2 s-phase,AT1G17200,16,4.134261131286621,1.4715533816715766e-143,25.79506492614746
gehring_L3_state,34. oi2 s-phase,AT4G13840,17,4.082174301147461,8.048385544555257e-143,25.72685432434082
gehring_L3_state,34. oi2 s-phase,AT3G20470,18,3.659046411514282,1.0256350462356888e-142,25.71522521972656
gehring_L3_state,34. oi2 s-phase,AT2G34150,19,4.07957935333252,2.410673642982563e-142,25.67991828918457
gehring_L3_state,34. oi2 s-phase,AT1G52400,20,4.2537713050842285,2.912388442328912e-141,25.58085250854492
gehring_L3_state,34. oi2 s-phase,AT3G54340,21,3.772871732711792,2.372579296921602e-139,25.40660858154297
gehring_L3_state,34. oi2 s-phase,AT4G39330,22,4.084157466888428,1.7689886089945247e-132,24.77506446838379
gehring_L3_state,34. oi2 s-phase,AT5G51750,23,4.290106296539307,4.086533866342113e-129,24.459157943725582
gehring_L3_state,34. oi2 s-phase,AT1G05230,24,3.9800329208374015,1.2394101022166247e-126,24.223031997680664
gehring_L3_state,34. oi2 s-phase,AT2G01520,25,4.236750602722168,1.051906201347744e-125,24.133045196533203
gehring_L3_state,34. oi2 s-phase,AT3G23450,26,3.53367280960083,7.924765910326497e-124,23.951963424682617
gehring_L3_state,34. oi2 s-phase,AT4G21750,27,3.703754186630249,1.7961982669826166e-123,23.916259765625
gehring_L3_state,34. oi2 s-phase,AT1G14350,28,4.446101665496826,1.7113354153365155e-121,23.723772048950195
gehring_L3_state,34. oi2 s-phase,AT1G02190,29,5.622437000274658,2.7479978884907427e-121,23.702356338500977
gehring_L3_state,34. oi2 s-phase,AT1G75750,30,3.697745800018311,1.6954784611032703e-120,23.624164581298828
gehring_L3_state,34. oi2 s-phase,AT3G08770,31,3.71099853515625,8.380367544038612e-117,23.260591506958008
gehring_L3_state,34. oi2 s-phase,AT1G65470,32,4.459043502807617,4.987203122887189e-114,22.983428955078125
gehring_L3_state,34. oi2 s-phase,AT5G23940,33,4.018092155456543,4.22041546683572e-109,22.48395729064941
gehring_L3_state,34. oi2 s-phase,AT4G15210,34,3.4825122356414795,3.756964478202279e-107,22.28247833251953
gehring_L3_state,34. oi2 s-phase,AT1G17840,35,3.602683782577514,4.268658254704057e-107,22.27545928955078
gehring_L3_state,34. oi2 s-phase,AT2G26250,36,3.28244948387146,6.2291513137398724e-105,22.049802780151367
gehring_L3_state,34. oi2 s-phase,AT2G43530,37,3.380171775817871,6.825382642805259e-105,22.04442596435547
gehring_L3_state,34. oi2 s-phase,AT1G79110,38,3.4808120727539062,1.8452225405408584e-103,21.893442153930664
gehring_L3_state,34. oi2 s-phase,AT3G13530,39,3.5154831409454346,4.71719729808669e-100,21.531635284423828
gehring_L3_state,34. oi2 s-phase,AT1G76880,40,2.696646213531494,3.113169325230026e-99,21.442827224731445
gehring_L3_state,34. oi2 s-phase,AT3G26450,41,4.321165084838867,7.863854709553791e-98,21.290870666503903
gehring_L3_state,34. oi2 s-phase,AT5G67100,42,3.754443407058716,2.771510521230383e-97,21.230621337890625
gehring_L3_state,34. oi2 s-phase,AT1G65370,43,2.468278646469116,3.47052025391428e-96,21.110387802124023
gehring_L3_state,34. oi2 s-phase,AT4G32170,44,4.722532272338867,4.2167982427053154e-96,21.10009384155273
gehring_L3_state,34. oi2 s-phase,AT5G23420,45,4.317408561706543,1.4993758082478826e-95,21.03895568847656
gehring_L3_state,34. oi2 s-phase,AT1G49430,46,3.745426177978516,2.118620396262834e-95,21.02151107788086
gehring_L3_state,34. oi2 s-phase,AT5G67620,47,3.8308372497558594,3.6439747941171136e-95,20.994733810424805
gehring_L3_state,34. oi2 s-phase,AT3G13600,48,4.400285243988037,4.2815681317399866e-95,20.986068725585938
gehring_L3_state,34. oi2 s-phase,AT3G16370,49,3.3452179431915283,2.863608118739773e-93,20.7843017578125
gehring_L3_state,34. oi2 s-phase,AT5G01180,50,3.0958406925201416,5.0636940306171595e-92,20.644975662231445
gehring_L3_state,4. EMB cort init,AT2G16586,1,2.843357563018799,1.771041559762067e-14,8.788522720336914
gehring_L3_state,4. EMB cort init,AT2G24700,2,6.894672393798828,4.517249062841368e-14,8.636467933654785
gehring_L3_state,4. EMB cort init,AT3G06355,3,1.0948468446731567,2.8054725173801423e-11,7.83201789855957
gehring_L3_state,4. EMB cort init,ATCG00030,4,2.320333242416382,8.017292108556491e-11,7.670370578765869
gehring_L3_state,4. EMB cort init,AT3G41768,5,0.9000988006591797,5.189993418113318e-09,7.09091854095459
gehring_L3_state,4. EMB cort init,AT5G64570,6,4.420877456665039,1.1099538157442696e-08,6.944466590881348
gehring_L3_state,4. EMB cort init,AT1G23000,7,4.116125106811523,1.9684179117070826e-07,6.508722305297852
gehring_L3_state,4. EMB cort init,AT1G56110,8,2.8308475017547607,8.346340864584993e-07,6.243278503417969
gehring_L3_state,4. EMB cort init,AT1G02780,9,2.0179460048675537,9.67138324334939e-07,6.207629680633545
gehring_L3_state,4. EMB cort init,ATCG01130,10,2.1368439197540283,1.0428330956000956e-06,6.184091567993164
gehring_L3_state,4. EMB cort init,AT1G73100,11,3.681561946868897,1.1259916941974756e-06,6.161060810089111
gehring_L3_state,4. EMB cort init,AT5G62230,12,4.099637508392334,1.1362850264433518e-06,6.149390697479248
gehring_L3_state,4. EMB cort init,AT1G29418,13,2.3487331867218018,1.442630417154978e-06,6.1017351150512695
gehring_L3_state,4. EMB cort init,AT1G63260,14,3.8503339290618896,1.9127919606694976e-06,6.047291278839111
gehring_L3_state,4. EMB cort init,AT5G28640,15,3.3336007595062256,2.660179883644776e-06,5.985114574432373
gehring_L3_state,4. EMB cort init,AT3G49010,16,2.194896697998047,3.882762604173218e-06,5.914824485778809
gehring_L3_state,4. EMB cort init,AT4G30990,17,2.341935634613037,4.954213488479447e-06,5.866495132446289
gehring_L3_state,4. EMB cort init,AT1G48920,18,2.0078132152557373,4.954766003854408e-06,5.858754634857178
gehring_L3_state,4. EMB cort init,AT3G04840,19,2.323471784591675,5.389113567420205e-06,5.837377548217773
gehring_L3_state,4. EMB cort init,AT1G68560,20,3.1826171875,6.415735611842965e-06,5.801114559173584
gehring_L3_state,4. EMB cort init,AT2G34700,21,2.8202497959136963,7.295682303661393e-06,5.772655010223389
gehring_L3_state,4. EMB cort init,AT1G01320,22,2.607179641723633,9.312840426087696e-06,5.7247419357299805
gehring_L3_state,4. EMB cort init,AT1G70710,23,4.216878414154053,1.226851081413089e-05,5.671300888061523
gehring_L3_state,4. EMB cort init,AT1G28290,24,4.589712142944336,1.708571482714702e-05,5.607819557189941
gehring_L3_state,4. EMB cort init,AT5G20290,25,1.88172459602356,2.639722068436146e-05,5.520102500915527
gehring_L3_state,4. EMB cort init,AT3G60245,26,1.7695579528808594,3.053227342071518e-05,5.48868465423584
gehring_L3_state,4. EMB cort init,ATCG00040,27,2.023254632949829,3.0926226593808185e-05,5.48080587387085
gehring_L3_state,4. EMB cort init,AT5G13000,28,2.101600408554077,4.343511570175115e-05,5.4095563888549805
gehring_L3_state,4. EMB cort init,AT1G57820,29,4.549320697784424,4.5358554456333095e-05,5.396589756011963
gehring_L3_state,4. EMB cort init,AT5G07180,30,5.561567306518555,0.000136742686867,5.179645538330078
gehring_L3_state,4. EMB cort init,AT1G18540,31,2.0988190174102783,0.0001445852670758,5.164375305175781
gehring_L3_state,4. EMB cort init,AT3G05590,32,1.9866751432418823,0.0001674870323519,5.122671604156494
gehring_L3_state,4. EMB cort init,AT5G47210,33,1.922140121459961,0.0001680700095221,5.111425876617432
gehring_L3_state,4. EMB cort init,AT4G35100,34,3.799681425094605,0.0001680700095221,5.10917329788208
gehring_L3_state,4. EMB cort init,AT4G34670,35,1.9525034427642824,0.0001683071932365,5.104752063751221
gehring_L3_state,4. EMB cort init,AT4G26190,36,1.9487985372543333,0.0002296471477545,5.041552543640137
gehring_L3_state,4. EMB cort init,AT3G24650,37,3.2105605602264404,0.0002505648484856,5.016844272613525
gehring_L3_state,4. EMB cort init,AT5G02500,38,2.0969953536987305,0.0002908034385355,4.982817649841309
gehring_L3_state,4. EMB cort init,AT2G45190,39,5.632282733917236,0.0002908034385355,4.980406761169434
gehring_L3_state,4. EMB cort init,AT1G02800,40,5.28188943862915,0.0003613046237543,4.93072509765625
gehring_L3_state,4. EMB cort init,AT1G72370,41,1.7683188915252686,0.0004575163582216,4.8807220458984375
gehring_L3_state,4. EMB cort init,AT2G34710,42,3.2057244777679443,0.0005345996275247,4.846286773681641
gehring_L3_state,4. EMB cort init,AT5G57390,43,3.4645700454711914,0.0005553815451929,4.835128307342529
gehring_L3_state,4. EMB cort init,AT1G20100,44,1.7605583667755127,0.0006625988864683,4.789027214050293
gehring_L3_state,4. EMB cort init,AT2G01250,45,1.6982179880142212,0.0006625988864683,4.7860612869262695
gehring_L3_state,4. EMB cort init,AT5G48360,46,4.267686367034912,0.0007561032229164,4.7561469078063965
gehring_L3_state,4. EMB cort init,AT2G23350,47,2.12518048286438,0.0007814770471786,4.746185779571533
gehring_L3_state,4. EMB cort init,AT4G22010,48,5.082305431365967,0.0008746006065222,4.720097541809082
gehring_L3_state,4. EMB cort init,AT1G67120,49,2.2234601974487305,0.0009227353832706,4.705976963043213
gehring_L3_state,4. EMB cort init,AT3G13960,50,4.621758937835693,0.0011725767096504,4.653670310974121
gehring_L3_state,4. EMB unknown I,AT5G47500,1,6.520365715026856,1.4312988223164022e-12,8.362823486328125
gehring_L3_state,4. EMB unknown I,AT4G33270,2,5.416694641113281,3.288842624391968e-12,8.181037902832031
gehring_L3_state,4. EMB unknown I,AT4G12960,3,3.9123594760894775,1.3183602304227354e-11,7.962052345275879
gehring_L3_state,4. EMB unknown I,AT5G13840,4,5.839976787567139,4.501421665739847e-09,7.1663336753845215
gehring_L3_state,4. EMB unknown I,AT3G21500,5,3.3764078617095947,4.705540386118603e-09,7.129604816436768
gehring_L3_state,4. EMB unknown I,AT4G33260,6,3.588841199874878,1.6621949594199335e-08,6.928050994873047
gehring_L3_state,4. EMB unknown I,AT3G51740,7,4.087342262268066,8.527720187115959e-06,5.957972526550293
gehring_L3_state,4. EMB unknown I,AT3G60900,8,2.1028785705566406,0.000197071994444,5.3726348876953125
gehring_L3_state,4. EMB unknown I,AT1G24260,9,2.5183796882629395,0.000197071994444,5.368359088897705
gehring_L3_state,4. EMB unknown I,AT4G12870,10,2.284693479537964,0.000197071994444,5.35764741897583
gehring_L3_state,4. EMB unknown I,AT1G72260,11,2.370970726013184,0.0006955647509524,5.106985569000244
gehring_L3_state,4. EMB unknown I,AT1G73620,12,2.923149347305298,0.000786605917488,5.067140579223633
gehring_L3_state,4. EMB unknown I,AT3G03270,13,2.4107465744018555,0.0009692822790418,5.0118513107299805
gehring_L3_state,4. EMB unknown I,AT1G52030,14,2.374722719192505,0.0014375454682312,4.921000957489014
gehring_L3_state,4. EMB unknown I,AT2G38170,15,2.1427972316741943,0.0031163722257254,4.753434658050537
gehring_L3_state,4. EMB unknown I,AT1G63100,16,3.4174437522888184,0.0032102824405967,4.734356880187988
gehring_L3_state,4. EMB unknown I,AT3G41768,17,0.5898517370223999,0.0225658359180661,4.297275066375732
gehring_L3_state,4. EMB unknown I,AT2G22970,18,2.337788343429565,0.0225658359180661,4.296167373657227
gehring_L3_state,4. EMB unknown I,AT5G27380,19,1.672988772392273,0.0436074174377905,4.123518943786621
gehring_L3_state,4. EMB unknown I,AT2G28790,20,2.915041923522949,0.0484050172859589,4.088118076324463
gehring_L3_state,4. EMB unknown I,AT1G76880,21,1.6677109003067017,0.0495549888862274,4.071846008300781
gehring_L3_state,4. EMB unknown I,AT5G28300,22,2.6699533462524414,0.0974997551275439,3.900637626647949
gehring_L3_state,4. EMB unknown I,AT1G76620,23,2.39127516746521,0.1161804075269232,3.84757661819458
gehring_L3_state,4. EMB unknown I,AT2G27710,24,1.537980079650879,0.1903260705062451,3.7145495414733887
gehring_L3_state,4. EMB unknown I,AT2G43530,25,1.918922543525696,0.2387275697557682,3.637065887451172
gehring_L3_state,4. EMB unknown I,AT2G30810,26,1.883963108062744,0.2526212222813618,3.613048553466797
gehring_L3_state,4. EMB unknown I,AT4G17000,27,3.738211154937744,0.358373723912823,3.5120689868927
gehring_L3_state,4. EMB unknown I,AT2G05790,28,2.1695234775543213,0.5275479176121537,3.3897101879119877
gehring_L3_state,4. EMB unknown I,AT3G50660,29,1.9072208404541016,0.6323746157776271,3.306196451187134
gehring_L3_state,4. EMB unknown I,AT3G43720,30,1.9731199741363523,0.6323746157776271,3.305842876434326
gehring_L3_state,4. EMB unknown I,AT3G06355,31,0.6365228295326233,0.6581435794305369,3.2867090702056885
gehring_L3_state,4. EMB unknown I,AT1G70710,32,3.6905243396759033,0.7181244523530971,3.254290580749512
gehring_L3_state,4. EMB unknown I,AT3G08770,33,1.3756200075149536,0.784756883304166,3.214083433151245
gehring_L3_state,4. EMB unknown I,AT1G30530,34,1.485117793083191,0.784756883304166,3.2139153480529785
gehring_L3_state,4. EMB unknown I,AT4G15750,35,1.299380898475647,0.8264334883956103,3.191721200942993
gehring_L3_state,4. EMB unknown I,AT1G69840,36,1.89241635799408,0.869705221868689,3.16978120803833
gehring_L3_state,4. EMB unknown I,AT1G10640,37,2.3386218547821045,0.9999636796214134,3.093814849853516
gehring_L3_state,4. EMB unknown I,AT1G18540,38,1.6121833324432373,0.9999636796214134,3.0743579864501958
gehring_L3_state,4. EMB unknown I,AT1G73660,39,1.4985401630401611,0.9999636796214134,3.030581474304199
gehring_L3_state,4. EMB unknown I,AT3G43960,40,2.1223692893981934,0.9999636796214134,3.018460750579834
gehring_L3_state,4. EMB unknown I,AT1G18650,41,2.226445436477661,0.9999636796214134,3.005749464035034
gehring_L3_state,4. EMB unknown I,AT4G21910,42,1.7530616521835327,0.9999636796214134,2.9979519844055176
gehring_L3_state,4. EMB unknown I,AT2G45470,43,1.6687910556793213,0.9999636796214134,2.882394790649414
gehring_L3_state,4. EMB unknown I,AT5G46330,44,2.601359367370605,0.9999636796214134,2.870136022567749
gehring_L3_state,4. EMB unknown I,AT1G70600,45,1.4305088520050049,0.9999636796214134,2.831010580062866
gehring_L3_state,4. EMB unknown I,AT5G15410,46,2.744068145751953,0.9999636796214134,2.822601079940796
gehring_L3_state,4. EMB unknown I,AT4G16860,47,3.971732378005981,0.9999636796214134,2.7541003227233887
gehring_L3_state,4. EMB unknown I,AT2G13810,48,1.756700873374939,0.9999636796214134,2.74299693107605
gehring_L3_state,4. EMB unknown I,AT1G01620,49,3.0858516693115234,0.9999636796214134,2.7375614643096924
gehring_L3_state,4. EMB unknown I,AT3G06130,50,1.678218126296997,0.9999636796214134,2.732863187789917
gehring_L3_state,4. EMB vasc prim,AT4G25140,1,5.384185791015625,4.444932731755919e-229,32.6235466003418
gehring_L3_state,4. EMB vasc prim,AT3G01570,2,4.4994635581970215,1.6968179135754967e-158,27.170448303222656
gehring_L3_state,4. EMB vasc prim,AT2G34700,3,4.433334827423096,8.73325382110377e-148,26.232879638671875
gehring_L3_state,4. EMB vasc prim,AT5G40420,4,4.184976100921631,3.3816087522307777e-125,24.160531997680664
gehring_L3_state,4. EMB vasc prim,AT3G51950,5,3.3669910430908203,2.2451468854713754e-123,23.97726058959961
gehring_L3_state,4. EMB vasc prim,ATCG00020,6,2.3933358192443848,1.863237613177719e-115,23.19788360595703
gehring_L3_state,4. EMB vasc prim,AT5G51210,7,3.818936109542847,2.310255635637869e-114,23.082637786865234
gehring_L3_state,4. EMB vasc prim,AT2G18540,8,4.502373218536377,3.9240298794632655e-113,22.954030990600582
gehring_L3_state,4. EMB vasc prim,AT4G26740,9,4.300398349761963,5.430044808858468e-107,22.32075881958008
gehring_L3_state,4. EMB vasc prim,AT5G44120,10,3.64131236076355,1.5104103439324658e-94,20.984712600708008
gehring_L3_state,4. EMB vasc prim,AT1G65090,11,3.845932960510254,1.5931743946021604e-93,20.86910057067871
gehring_L3_state,4. EMB vasc prim,AT3G54940,12,4.9748125076293945,4.670443268383838e-89,20.362512588500977
gehring_L3_state,4. EMB vasc prim,AT1G54860,13,4.534318447113037,2.396346971103197e-87,20.16599464416504
gehring_L3_state,4. EMB vasc prim,AT5G13790,14,3.491319417953491,3.856024511905945e-83,19.67361831665039
gehring_L3_state,4. EMB vasc prim,AT1G23000,15,4.643685340881348,7.072956075435838e-83,19.640581130981445
gehring_L3_state,4. EMB vasc prim,AT5G49190,16,3.4718925952911377,7.679797165269045e-76,18.79553985595703
gehring_L3_state,4. EMB vasc prim,AT2G28490,17,3.857332468032837,9.885290942191872e-68,17.773107528686523
gehring_L3_state,4. EMB vasc prim,AT2G27040,18,2.2423837184906006,7.357791344183472e-66,17.525651931762695
gehring_L3_state,4. EMB vasc prim,AT4G27160,19,3.0648136138916016,1.9048572140423352e-65,17.469533920288086
gehring_L3_state,4. EMB vasc prim,AT3G12203,20,3.969740629196167,1.1675954308896884e-62,17.095670700073242
gehring_L3_state,4. EMB vasc prim,AT4G16160,21,4.201117515563965,2.1533083859565584e-58,16.511348724365234
gehring_L3_state,4. EMB vasc prim,AT5G43810,22,3.781925201416016,2.5161682094438147e-55,16.07765007019043
gehring_L3_state,4. EMB vasc prim,AT5G62800,23,3.6597766876220703,2.566930853839997e-53,15.78488826751709
gehring_L3_state,4. EMB vasc prim,AT2G41070,24,2.995566368103028,3.6301370076164075e-53,15.761273384094238
gehring_L3_state,4. EMB vasc prim,AT1G48130,25,3.794997453689575,3.2005553749567337e-52,15.616576194763184
gehring_L3_state,4. EMB vasc prim,AT3G24650,26,3.781392097473145,6.0583874574451014e-52,15.574286460876465
gehring_L3_state,4. EMB vasc prim,AT5G50770,27,2.7819902896881104,7.02536306390653e-52,15.563308715820312
gehring_L3_state,4. EMB vasc prim,AT5G09640,28,3.636787176132202,2.128872961496546e-51,15.490724563598633
gehring_L3_state,4. EMB vasc prim,AT2G07680,29,5.060060501098633,6.400930917078045e-48,14.957258224487305
gehring_L3_state,4. EMB vasc prim,AT1G62290,30,3.3385345935821533,1.445681759259185e-47,14.901633262634276
gehring_L3_state,4. EMB vasc prim,AT1G75500,31,7.48264217376709,2.2095641338624573e-47,14.871990203857422
gehring_L3_state,4. EMB vasc prim,AT4G28520,32,3.110992670059204,3.763904813732568e-47,14.835037231445312
gehring_L3_state,4. EMB vasc prim,AT3G28860,33,2.368253231048584,1.3960688397175202e-44,14.43012523651123
gehring_L3_state,4. EMB vasc prim,AT3G27660,34,2.8394062519073486,1.1009161110935536e-43,14.284546852111816
gehring_L3_state,4. EMB vasc prim,AT1G29930,35,2.1680541038513184,3.7331720084794586e-43,14.19802474975586
gehring_L3_state,4. EMB vasc prim,AT3G44460,36,2.9505503177642822,1.4671707443082637e-42,14.10058879852295
gehring_L3_state,4. EMB vasc prim,AT4G27150,37,2.7317233085632324,7.085800105109071e-39,13.479628562927246
gehring_L3_state,4. EMB vasc prim,AT4G17790,38,3.680187225341797,2.4524698957396403e-37,13.21231746673584
gehring_L3_state,4. EMB vasc prim,AT1G27660,39,5.836034297943115,2.1803804617873365e-36,13.042672157287598
gehring_L3_state,4. EMB vasc prim,AT2G34420,40,2.3272740840911865,3.432031744836708e-36,13.00703239440918
gehring_L3_state,4. EMB vasc prim,AT2G29980,41,3.2893717288970947,8.391424156507192e-36,12.937512397766112
gehring_L3_state,4. EMB vasc prim,AT5G57390,42,3.746901750564575,2.122163165494748e-34,12.682918548583984
gehring_L3_state,4. EMB vasc prim,AT5G03795,43,2.966041326522827,8.324319428279788e-32,12.199328422546388
gehring_L3_state,4. EMB vasc prim,AT3G63040,44,3.555588960647583,1.068725954217398e-31,12.1780424118042
gehring_L3_state,4. EMB vasc prim,AT1G28110,45,4.607213973999023,1.6064149615539753e-30,11.950413703918455
gehring_L3_state,4. EMB vasc prim,AT4G36700,46,2.1627275943756104,2.60502772761598e-30,11.908158302307127
gehring_L3_state,4. EMB vasc prim,AT5G63530,47,1.875792384147644,1.5767502105003135e-28,11.556889533996582
gehring_L3_state,4. EMB vasc prim,AT5G22470,48,3.6776819229125977,6.091637215701169e-28,11.435210227966309
gehring_L3_state,4. EMB vasc prim,AT1G52150,49,4.572736740112305,5.8794752434933346e-27,11.231918334960938
gehring_L3_state,4. EMB vasc prim,AT1G09420,50,2.62912917137146,6.409751704200755e-27,11.22350788116455
gehring_L3_state,5. EMB gro tiss init,AT4G25140,1,5.736144065856934,4.405343358320355e-191,29.82442283630371
gehring_L3_state,5. EMB gro tiss init,AT4G36700,2,5.38002872467041,4.721456748639448e-181,29.016794204711918
gehring_L3_state,5. EMB gro tiss init,AT5G44120,3,5.4053568840026855,3.535624788836944e-153,26.701366424560547
gehring_L3_state,5. EMB gro tiss init,AT2G18540,4,5.433327674865723,4.391538057945571e-134,24.99175453186035
gehring_L3_state,5. EMB gro tiss init,AT4G27160,5,4.81680154800415,6.228767195668052e-130,24.59783363342285
gehring_L3_state,5. EMB gro tiss init,AT5G49190,6,4.644503593444824,1.1739257895690686e-126,24.28232955932617
gehring_L3_state,5. EMB gro tiss init,AT4G26740,7,5.1423163414001465,1.2643188639176778e-126,24.27293968200684
gehring_L3_state,5. EMB gro tiss init,AT3G27660,8,4.66571569442749,1.6848989454297136e-119,23.582948684692383
gehring_L3_state,5. EMB gro tiss init,AT4G28520,9,5.133329391479492,3.842461161268204e-117,23.34696578979492
gehring_L3_state,5. EMB gro tiss init,AT5G51210,10,4.340364933013916,1.1153197214985544e-112,22.89883804321289
gehring_L3_state,5. EMB gro tiss init,AT3G01570,11,4.244645118713379,2.1934339464965827e-106,22.25397491455078
gehring_L3_state,5. EMB gro tiss init,AT5G40420,12,4.334836959838867,1.1582460179359741e-105,22.17531013488769
gehring_L3_state,5. EMB gro tiss init,AT5G50770,13,4.116084575653076,1.9654223231676865e-104,22.04389762878418
gehring_L3_state,5. EMB gro tiss init,AT1G23000,14,5.60777473449707,7.78864650202258e-104,21.978107452392575
gehring_L3_state,5. EMB gro tiss init,AT2G21660,15,2.0138163566589355,8.575598679974104e-103,21.865766525268555
gehring_L3_state,5. EMB gro tiss init,AT3G12203,16,4.996164798736572,8.712568329071762e-92,20.67379379272461
gehring_L3_state,5. EMB gro tiss init,AT1G03880,17,4.905228137969971,1.028817825023384e-90,20.551366806030277
gehring_L3_state,5. EMB gro tiss init,AT4G27150,18,4.138002872467041,1.006742080499743e-83,19.75172233581543
gehring_L3_state,5. EMB gro tiss init,ATCG00020,19,2.343649387359619,4.283720419426186e-80,19.319732666015625
gehring_L3_state,5. EMB gro tiss init,AT3G22640,20,4.535396099090576,3.958134673958384e-78,19.082109451293945
gehring_L3_state,5. EMB gro tiss init,AT5G10278,21,9.229479789733888,5.24838027133864e-78,19.062599182128903
gehring_L3_state,5. EMB gro tiss init,AT3G44460,22,3.921653032302856,8.657855357371531e-76,18.79134559631348
gehring_L3_state,5. EMB gro tiss init,AT5G13790,23,3.747018575668335,6.009668452726089e-75,18.68606948852539
gehring_L3_state,5. EMB gro tiss init,AT5G07190,24,4.125233173370361,3.062101558661356e-69,17.96491813659668
gehring_L3_state,5. EMB gro tiss init,AT2G34700,25,3.614412307739258,2.1563894311378025e-68,17.85431480407715
gehring_L3_state,5. EMB gro tiss init,AT3G05470,26,5.389717102050781,5.96459275198715e-66,17.531991958618164
gehring_L3_state,5. EMB gro tiss init,AT4G03050,27,4.568576812744141,4.392061195731136e-65,17.414642333984375
gehring_L3_state,5. EMB gro tiss init,AT2G01770,28,8.143354415893555,9.778002808492449e-62,16.964412689208984
gehring_L3_state,5. EMB gro tiss init,AT1G54860,29,4.395618915557861,3.651563931764954e-61,16.885217666625977
gehring_L3_state,5. EMB gro tiss init,AT5G10280,30,9.018343925476074,2.501030974296238e-60,16.76969337463379
gehring_L3_state,5. EMB gro tiss init,AT1G47860,31,8.407039642333984,6.065108517979575e-59,16.577594757080078
gehring_L3_state,5. EMB gro tiss init,AT2G41070,32,3.47011137008667,2.366504796664689e-58,16.494033813476562
gehring_L3_state,5. EMB gro tiss init,AT2G28490,33,4.00685453414917,4.381059456715929e-58,16.455293655395508
gehring_L3_state,5. EMB gro tiss init,AT2G44470,34,2.489973783493042,1.228201186158394e-57,16.391294479370117
gehring_L3_state,5. EMB gro tiss init,AT2G05310,35,3.325889587402344,3.1218651881794587e-57,16.333059310913086
gehring_L3_state,5. EMB gro tiss init,AT3G54320,36,2.886337280273437,3.589288718248302e-53,15.749613761901855
gehring_L3_state,5. EMB gro tiss init,AT5G62800,37,4.004416942596436,4.1453887069866654e-53,15.73911190032959
gehring_L3_state,5. EMB gro tiss init,AT1G65090,38,3.4893553256988525,7.281671150909111e-53,15.702055931091309
gehring_L3_state,5. EMB gro tiss init,AT1G12805,39,3.6115078926086426,5.130609733667441e-49,15.128314018249512
gehring_L3_state,5. EMB gro tiss init,AT5G63530,40,2.6561319828033447,8.655358800125197e-49,15.092495918273926
gehring_L3_state,5. EMB gro tiss init,AT4G16160,41,4.366858959197998,1.1659980166524774e-48,15.071490287780762
gehring_L3_state,5. EMB gro tiss init,AT3G51950,42,2.5439603328704834,1.5291814950679086e-48,15.05225658416748
gehring_L3_state,5. EMB gro tiss init,AT1G29930,43,2.5305986404418945,1.1776261994204967e-47,14.915328025817873
gehring_L3_state,5. EMB gro tiss init,AT1G67090,44,2.249009132385254,2.0165105383340406e-46,14.721973419189451
gehring_L3_state,5. EMB gro tiss init,AT1G12810,45,3.405946016311645,1.5431513504565182e-45,14.58124542236328
gehring_L3_state,5. EMB gro tiss init,AT4G27170,46,3.6292572021484375,7.645127798991659e-44,14.309929847717283
gehring_L3_state,5. EMB gro tiss init,AT2G34420,47,2.666301965713501,2.0730610508070927e-39,13.57561206817627
gehring_L3_state,5. EMB gro tiss init,AT2G29980,48,3.728626251220703,3.677336477478162e-39,13.532395362854004
gehring_L3_state,5. EMB gro tiss init,AT1G22590,49,3.077704906463623,8.073225556314637e-39,13.4733304977417
gehring_L3_state,5. EMB gro tiss init,AT3G24650,50,3.7675955295562735,6.207727568177098e-37,13.14550495147705
gehring_L3_state,5. EMB unknown II,AT5G47500,1,7.93361234664917,2.8759410321292995e-09,7.413466453552246
gehring_L3_state,5. EMB unknown II,AT5G15510,2,7.9615478515625,1.2883630744878432e-08,7.117078304290772
gehring_L3_state,5. EMB unknown II,AT5G25090,3,8.140028953552246,9.981052596281682e-08,6.743827819824219
gehring_L3_state,5. EMB unknown II,AT3G51740,4,6.737425327301025,9.981052596281682e-08,6.729022979736328
gehring_L3_state,5. EMB unknown II,AT1G30690,5,5.399101734161377,1.117917401044016e-07,6.679880619049072
gehring_L3_state,5. EMB unknown II,AT3G52110,6,5.844180107116699,2.981954700346956e-07,6.507237434387207
gehring_L3_state,5. EMB unknown II,AT5G64310,7,5.667201519012451,4.330070403818456e-07,6.427550792694092
gehring_L3_state,5. EMB unknown II,AT4G33260,8,5.252219676971436,6.067797832338369e-07,6.353659629821777
gehring_L3_state,5. EMB unknown II,AT4G02800,9,7.662672519683838,6.067797832338369e-07,6.337425231933594
gehring_L3_state,5. EMB unknown II,AT5G16250,10,6.741271495819092,9.048590116753028e-07,6.259133815765381
gehring_L3_state,5. EMB unknown II,AT1G67230,11,3.5105130672454834,1.2910657422659934e-06,6.188450336456299
gehring_L3_state,5. EMB unknown II,AT4G12420,12,5.266643524169922,2.6315259644698008e-06,6.061211585998535
gehring_L3_state,5. EMB unknown II,AT4G33270,13,6.383209705352783,2.838748863144523e-06,6.036099910736084
gehring_L3_state,5. EMB unknown II,AT1G63100,14,6.013476848602295,3.237305119182905e-06,6.002836227416992
gehring_L3_state,5. EMB unknown II,AT4G31840,15,5.462427616119385,3.5661927723875674e-06,5.975876331329346
gehring_L3_state,5. EMB unknown II,AT4G35620,16,7.126859188079834,4.179666940640444e-06,5.939377307891846
gehring_L3_state,5. EMB unknown II,AT3G51720,17,7.024856090545654,4.240537388811669e-06,5.9270548820495605
gehring_L3_state,5. EMB unknown II,AT3G07320,18,6.265208721160889,4.696454972487009e-06,5.900834560394287
gehring_L3_state,5. EMB unknown II,AT5G13840,19,6.7919511795043945,5.17703316529819e-06,5.875792503356934
gehring_L3_state,5. EMB unknown II,AT1G50490,20,7.262485504150391,2.71637016916716e-05,5.58251428604126
gehring_L3_state,5. EMB unknown II,AT5G66230,21,7.368435382843018,2.71637016916716e-05,5.577465534210205
gehring_L3_state,5. EMB unknown II,AT1G18370,22,6.11948299407959,4.5154138941955246e-05,5.480136394500732
gehring_L3_state,5. EMB unknown II,AT2G33400,23,5.679973125457764,6.476543013193168e-05,5.408009052276611
gehring_L3_state,5. EMB unknown II,AT4G12960,24,4.206101417541504,8.148251141783513e-05,5.359041213989258
gehring_L3_state,5. EMB unknown II,AT5G55180,25,5.259031295776367,8.535869062985756e-05,5.343245983123779
gehring_L3_state,5. EMB unknown II,AT4G35730,26,4.906064510345459,0.0001427335658953,5.242088317871094
gehring_L3_state,5. EMB unknown II,AT3G05330,27,6.623783111572266,0.0001941847705408,5.177973747253418
gehring_L3_state,5. EMB unknown II,AT5G05080,28,4.52031946182251,0.0002154185326133,5.151760578155518
gehring_L3_state,5. EMB unknown II,AT4G17000,29,5.622830390930176,0.0003010964129376,5.081955432891846
gehring_L3_state,5. EMB unknown II,AT2G28620,30,5.534327507019043,0.0003903581370801,5.025923252105713
gehring_L3_state,5. EMB unknown II,AT5G44560,31,5.323386669158936,0.0004372318916835,4.997799396514893
gehring_L3_state,5. EMB unknown II,AT1G14720,32,4.564512729644775,0.000889200806054,4.852791786193848
gehring_L3_state,5. EMB unknown II,AT1G76310,33,7.212892532348633,0.0009297642048307,4.837826728820801
gehring_L3_state,5. EMB unknown II,AT2G43290,34,4.41214656829834,0.0010534506301165,4.806969165802002
gehring_L3_state,5. EMB unknown II,AT5G06150,35,6.456748008728027,0.0010906163181352,4.7942214012146
gehring_L3_state,5. EMB unknown II,AT3G03680,36,6.258659839630127,0.0010920049202621,4.7883148193359375
gehring_L3_state,5. EMB unknown II,AT3G59760,37,4.859958648681641,0.0027094723548651,4.596864223480225
gehring_L3_state,5. EMB unknown II,AT3G05260,38,8.639723777770996,0.0038298691644367,4.514841556549072
gehring_L3_state,5. EMB unknown II,AT3G05400,39,3.519916534423828,0.0038298691644367,4.513049125671387
gehring_L3_state,5. EMB unknown II,AT2G40095,40,4.403989315032959,0.0044593769002227,4.475273609161377
gehring_L3_state,5. EMB unknown II,AT2G20590,41,6.430064678192139,0.0051810952309381,4.43780517578125
gehring_L3_state,5. EMB unknown II,AT5G65685,42,4.5282182693481445,0.0054418975719189,4.4220170974731445
gehring_L3_state,5. EMB unknown II,AT5G48310,43,6.077198028564453,0.0059260127459366,4.398467540740967
gehring_L3_state,5. EMB unknown II,AT5G02490,44,3.034618854522705,0.0063569835870819,4.378195285797119
gehring_L3_state,5. EMB unknown II,AT1G73660,45,2.9370954036712646,0.0068656813047544,4.356465816497803
gehring_L3_state,5. EMB unknown II,AT4G12870,46,2.9947423934936523,0.0074587701147226,4.332561016082764
gehring_L3_state,5. EMB unknown II,AT4G35750,47,2.8166067600250244,0.0074587701147226,4.328718185424805
gehring_L3_state,5. EMB unknown II,AT3G53380,48,5.028947830200195,0.0087095992647649,4.289771556854248
gehring_L3_state,5. EMB unknown II,AT5G20010,49,3.1456031799316406,0.0121178721640661,4.21118688583374
gehring_L3_state,5. EMB unknown II,AT2G44450,50,3.680082321166992,0.0127985815165074,4.194248199462891
gehring_L3_state,5. EMB vasc hypoph,AT5G20540,1,4.799483776092529,0.0014625757952149,5.372728824615479
gehring_L3_state,5. EMB vasc hypoph,AT1G28290,2,6.687344551086426,0.0014625757952149,5.285816192626953
gehring_L3_state,5. EMB vasc hypoph,AT5G43810,3,5.05620002746582,0.0037990228278324,5.031130313873291
gehring_L3_state,5. EMB vasc hypoph,AT1G73590,4,7.213619232177734,0.0041953412742812,4.956444263458252
gehring_L3_state,5. EMB vasc hypoph,AT5G62230,5,5.343445301055908,0.0085501059374955,4.771457195281982
gehring_L3_state,5. EMB vasc hypoph,AT2G16586,6,2.5232722759246826,0.0366696267074357,4.430237770080566
gehring_L3_state,5. EMB vasc hypoph,AT5G28640,7,4.035166263580322,0.047244995999573,4.341538429260254
gehring_L3_state,5. EMB vasc hypoph,AT3G41768,8,0.8341225385665894,0.1132610084187815,4.114721298217773
gehring_L3_state,5. EMB vasc hypoph,AT1G52300,9,2.6736764907836914,0.1291193602994416,4.056955814361572
gehring_L3_state,5. EMB vasc hypoph,AT2G34710,10,4.293522357940674,0.2233198327909905,3.857291460037232
gehring_L3_state,5. EMB vasc hypoph,AT5G13250,11,6.027122020721436,0.2632507248269776,3.7653770446777344
gehring_L3_state,5. EMB vasc hypoph,AT1G63100,12,4.273224353790283,0.2632507248269776,3.761439561843872
gehring_L3_state,5. EMB vasc hypoph,AT1G19850,13,3.5047388076782227,0.3967993010915436,3.62532901763916
gehring_L3_state,5. EMB vasc hypoph,AT4G37590,14,4.210340976715088,0.6859914352756097,3.4659953117370605
gehring_L3_state,5. EMB vasc hypoph,AT1G75500,15,7.029909610748291,0.7193465541442904,3.4246861934661865
gehring_L3_state,5. EMB vasc hypoph,AT5G60450,16,5.920579433441162,0.7628940354211594,3.384298801422119
gehring_L3_state,5. EMB vasc hypoph,AT3G49380,17,5.806957244873047,0.7628940354211594,3.3774890899658203
gehring_L3_state,5. EMB vasc hypoph,AT5G07180,18,5.639072895050049,0.7628940354211594,3.3703649044036865
gehring_L3_state,5. EMB vasc hypoph,AT3G53190,19,5.355859756469727,0.8062149249840825,3.343325614929199
gehring_L3_state,5. EMB vasc hypoph,AT1G67120,20,2.6377272605896,0.9920987491132184,3.272705078125
gehring_L3_state,5. EMB vasc hypoph,AT3G16857,21,4.647972583770752,0.9920987491132184,3.262701272964477
gehring_L3_state,5. EMB vasc hypoph,AT1G29950,22,4.458012580871582,0.99992875129617,3.229588270187378
gehring_L3_state,5. EMB vasc hypoph,AT2G38810,23,3.790584564208984,0.99992875129617,3.1037745475769043
gehring_L3_state,5. EMB vasc hypoph,AT4G35100,24,3.759385108947754,0.99992875129617,3.0755491256713867
gehring_L3_state,5. EMB vasc hypoph,AT2G21050,25,6.591544151306152,0.99992875129617,3.0459446907043457
gehring_L3_state,5. EMB vasc hypoph,AT2G27040,26,1.9383137226104736,0.99992875129617,3.0361695289611816
gehring_L3_state,5. EMB vasc hypoph,AT4G02290,27,6.29302453994751,0.99992875129617,3.034104347229004
gehring_L3_state,5. EMB vasc hypoph,AT1G08260,28,2.437978744506836,0.99992875129617,3.032425165176392
gehring_L3_state,5. EMB vasc hypoph,AT1G43170,29,1.8706001043319704,0.99992875129617,2.9940099716186523
gehring_L3_state,5. EMB vasc hypoph,AT5G16000,30,5.694540500640869,0.99992875129617,2.9872074127197266
gehring_L3_state,5. EMB vasc hypoph,AT2G26180,31,5.265616416931152,0.99992875129617,2.970908164978028
gehring_L3_state,5. EMB vasc hypoph,AT1G05470,32,5.437577247619629,0.99992875129617,2.9687860012054443
gehring_L3_state,5. EMB vasc hypoph,AT4G37080,33,3.3233532905578613,0.99992875129617,2.929863452911377
gehring_L3_state,5. EMB vasc hypoph,AT2G01910,34,2.708870887756348,0.99992875129617,2.924675703048706
gehring_L3_state,5. EMB vasc hypoph,AT2G33510,35,4.804254531860352,0.99992875129617,2.921660184860229
gehring_L3_state,5. EMB vasc hypoph,AT1G28110,36,4.8236236572265625,0.99992875129617,2.900094747543335
gehring_L3_state,5. EMB vasc hypoph,ATMG00090,37,1.871817231178284,0.99992875129617,2.89192008972168
gehring_L3_state,5. EMB vasc hypoph,AT5G18620,38,2.5698413848876958,0.99992875129617,2.8802082538604736
gehring_L3_state,5. EMB vasc hypoph,ATMG00020,39,1.0141816139221191,0.99992875129617,2.858792781829834
gehring_L3_state,5. EMB vasc hypoph,AT2G03090,40,4.147078037261963,0.99992875129617,2.83120346069336
gehring_L3_state,5. EMB vasc hypoph,AT3G48670,41,3.0531487464904785,0.99992875129617,2.8239219188690186
gehring_L3_state,5. EMB vasc hypoph,AT5G13790,42,2.6050355434417725,0.99992875129617,2.817476511001587
gehring_L3_state,5. EMB vasc hypoph,AT5G60210,43,4.021645545959473,0.99992875129617,2.8032066822052
gehring_L3_state,5. EMB vasc hypoph,AT2G46780,44,4.109424114227295,0.99992875129617,2.8014559745788574
gehring_L3_state,5. EMB vasc hypoph,ATCG00030,45,1.5745937824249268,0.99992875129617,2.74523401260376
gehring_L3_state,5. EMB vasc hypoph,AT5G57390,46,3.6502468585968018,0.99992875129617,2.7140932083129883
gehring_L3_state,5. EMB vasc hypoph,AT3G06355,47,0.7122989296913147,0.99992875129617,2.699730396270752
gehring_L3_state,5. EMB vasc hypoph,AT1G23000,48,3.6318976879119873,0.99992875129617,2.6924989223480225
gehring_L3_state,5. EMB vasc hypoph,AT5G38560,49,3.550697088241577,0.99992875129617,2.689533472061157
gehring_L3_state,5. EMB vasc hypoph,AT1G48920,50,1.7307679653167725,0.99992875129617,2.6822664737701416
gehring_L3_state,6. CZE nodule,AT2G36724,1,6.77225399017334,1.5341658258381585e-93,20.999963760375977
gehring_L3_state,6. CZE nodule,AT5G51105,2,5.4441819190979,4.003942869598876e-92,20.811208724975582
gehring_L3_state,6. CZE nodule,AT5G44973,3,5.9206719398498535,1.0209150984519594e-90,20.635772705078125
gehring_L3_state,6. CZE nodule,AT5G46877,4,8.535079002380371,3.395496413060525e-90,20.56363868713379
gehring_L3_state,6. CZE nodule,AT5G09370,5,5.175097465515137,2.9621510750815885e-87,20.221471786499023
gehring_L3_state,6. CZE nodule,AT5G10230,6,6.865241050720215,2.2352493799043013e-86,20.112483978271484
gehring_L3_state,6. CZE nodule,AT5G20710,7,7.972196578979492,1.0871012949000387e-84,19.911178588867188
gehring_L3_state,6. CZE nodule,AT3G49307,8,6.982370376586914,1.7619905300036516e-82,19.647857666015625
gehring_L3_state,6. CZE nodule,AT3G48231,9,6.056672096252441,2.048781438699129e-82,19.634218215942383
gehring_L3_state,6. CZE nodule,AT5G10220,10,5.804476737976074,3.398989124508184e-81,19.48561668395996
gehring_L3_state,6. CZE nodule,AT2G02147,11,6.841179847717285,9.909718980368088e-81,19.42587661743164
gehring_L3_state,6. CZE nodule,AT5G48945,12,7.576443672180176,5.85607964603355e-79,19.210792541503903
gehring_L3_state,6. CZE nodule,AT1G02980,13,7.024092674255371,1.0726049779900436e-78,19.17518615722656
gehring_L3_state,6. CZE nodule,AT5G22980,14,7.280459403991699,2.2249102472997428e-77,19.012943267822266
gehring_L3_state,6. CZE nodule,AT1G42980,15,7.989957809448242,4.0297165581779695e-76,18.85675621032715
gehring_L3_state,6. CZE nodule,AT1G19950,16,6.865882873535156,1.0288662045312925e-74,18.68119239807129
gehring_L3_state,6. CZE nodule,AT3G15960,17,9.439919471740724,9.061886727939542e-73,18.43733787536621
gehring_L3_state,6. CZE nodule,AT3G03260,18,7.847495555877685,2.0349455075243134e-72,18.390438079833984
gehring_L3_state,6. CZE nodule,AT1G73560,19,7.50356388092041,7.622935310195878e-72,18.315752029418945
gehring_L3_state,6. CZE nodule,AT5G65020,20,5.071456909179688,1.0881539328001063e-69,18.04084587097168
gehring_L3_state,6. CZE nodule,AT1G54410,21,3.657049655914306,3.318263034074654e-69,17.976421356201172
gehring_L3_state,6. CZE nodule,AT4G36590,22,7.433451652526855,7.141357601435146e-69,17.931278228759766
gehring_L3_state,6. CZE nodule,AT2G27700,23,7.647708892822266,5.2111444735927544e-67,17.688663482666016
gehring_L3_state,6. CZE nodule,AT4G39917,24,6.163272857666016,2.9033282731268627e-63,17.19329261779785
gehring_L3_state,6. CZE nodule,AT5G46540,25,5.117937088012695,8.634767240456407e-63,17.127620697021484
gehring_L3_state,6. CZE nodule,AT3G07270,26,7.656758785247803,2.6969102822591515e-61,16.92388153076172
gehring_L3_state,6. CZE nodule,AT2G27120,27,5.299376964569092,6.933567939403525e-61,16.86595916748047
gehring_L3_state,6. CZE nodule,AT5G56010,28,3.283336877822876,3.3391357871924336e-60,16.770666122436523
gehring_L3_state,6. CZE nodule,AT2G30810,29,3.830821037292481,1.949573221324577e-59,16.66339874267578
gehring_L3_state,6. CZE nodule,AT3G30842,30,6.69539213180542,3.037615780120424e-59,16.634828567504883
gehring_L3_state,6. CZE nodule,AT1G31250,31,4.528997898101807,3.215540604724089e-59,16.629453659057617
gehring_L3_state,6. CZE nodule,AT5G27330,32,5.472649574279785,5.018043002169787e-59,16.600860595703125
gehring_L3_state,6. CZE nodule,AT1G22120,33,7.096468925476074,9.195163933616223e-57,16.281408309936523
gehring_L3_state,6. CZE nodule,AT2G42490,34,4.595293521881104,1.1830102153713074e-56,16.26420783996582
gehring_L3_state,6. CZE nodule,AT4G14780,35,4.5347208976745605,1.2576873807245645e-56,16.258731842041016
gehring_L3_state,6. CZE nodule,AT5G63087,36,4.249616622924805,1.0748107427429168e-55,16.125043869018555
gehring_L3_state,6. CZE nodule,AT2G23990,37,7.653447151184082,6.026991516541594e-55,16.01651954650879
gehring_L3_state,6. CZE nodule,AT1G13605,38,4.546245098114014,2.091239676623173e-54,15.937334060668944
gehring_L3_state,6. CZE nodule,AT5G40730,39,5.379904747009277,2.9414521849512594e-54,15.91441249847412
gehring_L3_state,6. CZE nodule,AT3G03910,40,9.71798038482666,9.979328177888248e-53,15.69072437286377
gehring_L3_state,6. CZE nodule,AT5G56150,41,4.067873477935791,1.4086225710883041e-52,15.667298316955566
gehring_L3_state,6. CZE nodule,AT2G25700,42,6.734859466552734,1.4999721253591165e-52,15.6618070602417
gehring_L3_state,6. CZE nodule,AT5G02490,43,3.236714601516724,6.056183978053238e-52,15.571334838867188
gehring_L3_state,6. CZE nodule,AT2G23970,44,5.735029697418213,1.9513702923686712e-51,15.494876861572266
gehring_L3_state,6. CZE nodule,AT1G16980,45,5.471179008483887,8.768268235270715e-51,15.39657974243164
gehring_L3_state,6. CZE nodule,AT3G05460,46,4.608398914337158,1.093527542988179e-50,15.380895614624023
gehring_L3_state,6. CZE nodule,AT1G61330,47,7.83692741394043,1.2486507923477236e-50,15.370941162109377
gehring_L3_state,6. CZE nodule,AT4G15562,48,8.439315795898438,4.0287166084015835e-50,15.293522834777832
gehring_L3_state,6. CZE nodule,AT1G12670,49,4.627480506896973,4.357108012693668e-49,15.136380195617676
gehring_L3_state,6. CZE nodule,AT1G73610,50,6.9879889488220215,8.24435452449637e-47,14.786177635192873
gehring_L3_state,6. EMB cort init,AT4G27160,1,5.876413822174072,3.914256213483676e-143,25.864425659179688
gehring_L3_state,6. EMB cort init,AT5G07190,2,6.254054069519043,1.2623730201611502e-139,25.52354431152344
gehring_L3_state,6. EMB cort init,AT4G36700,3,5.377248287200928,1.6581522222144486e-129,24.578821182250977
gehring_L3_state,6. EMB cort init,AT4G03050,4,6.533873558044434,5.971788715301203e-127,24.32674598693848
gehring_L3_state,6. EMB cort init,AT4G25140,5,5.411925792694092,4.3438218518903267e-126,24.23598861694336
gehring_L3_state,6. EMB cort init,AT5G44120,6,5.671604633331299,9.859748791565232e-124,24.003915786743164
gehring_L3_state,6. EMB cort init,AT3G27660,7,5.137402534484863,1.0815640921120006e-113,23.01579093933105
gehring_L3_state,6. EMB cort init,AT3G22640,8,5.763474941253662,6.891834566613273e-113,22.929527282714844
gehring_L3_state,6. EMB cort init,AT1G62500,9,6.304246425628662,8.616194666840494e-109,22.50993537902832
gehring_L3_state,6. EMB cort init,AT4G30880,10,6.549537181854248,1.4459015556291286e-103,21.96529197692871
gehring_L3_state,6. EMB cort init,AT4G26740,11,5.299509525299072,9.1064401105813e-101,21.666099548339844
gehring_L3_state,6. EMB cort init,AT4G27150,12,4.940138339996338,1.0136851762082629e-95,21.12004852294922
gehring_L3_state,6. EMB cort init,AT4G28520,13,5.466090679168701,4.016946084601031e-95,21.051105499267575
gehring_L3_state,6. EMB cort init,AT2G18540,14,5.043046474456787,6.427262501200883e-90,20.471698760986328
gehring_L3_state,6. EMB cort init,AT1G03880,15,5.355421543121338,3.800173499394877e-89,20.38153839111328
gehring_L3_state,6. EMB cort init,AT1G47540,16,4.693173408508301,2.3182807067844416e-85,19.947145462036133
gehring_L3_state,6. EMB cort init,AT5G51210,17,4.340186595916748,2.6472076342600504e-85,19.937477111816406
gehring_L3_state,6. EMB cort init,AT5G40420,18,4.433178424835205,2.839850576503679e-84,19.81553077697754
gehring_L3_state,6. EMB cort init,AT3G29030,19,5.6044511795043945,1.0369296696625207e-81,19.513511657714844
gehring_L3_state,6. EMB cort init,AT4G27170,20,4.8112382888793945,3.547273075701524e-80,19.329469680786133
gehring_L3_state,6. EMB cort init,AT5G50770,21,4.057314395904541,8.495722803000055e-80,19.28182983398437
gehring_L3_state,6. EMB cort init,AT5G64570,22,5.3133320808410645,1.3090867689594153e-73,18.527803421020508
gehring_L3_state,6. EMB cort init,AT3G01570,23,4.024738788604736,9.171609833004623e-73,18.42033195495605
gehring_L3_state,6. EMB cort init,AT1G65090,24,4.145195007324219,9.548554823146218e-68,17.781654357910156
gehring_L3_state,6. EMB cort init,AT2G22660,25,3.136313438415528,1.0982040506510207e-67,17.771522521972656
gehring_L3_state,6. EMB cort init,AT5G49190,26,3.9781107902526855,4.557016468785209e-67,17.689311981201172
gehring_L3_state,6. EMB cort init,AT2G28490,27,4.348532676696777,4.619091141073994e-62,17.021074295043945
gehring_L3_state,6. EMB cort init,AT2G44470,28,2.942023038864136,8.140855295354949e-60,16.713518142700195
gehring_L3_state,6. EMB cort init,AT3G12203,29,4.648720264434815,4.540271062766837e-59,16.6087703704834
gehring_L3_state,6. EMB cort init,AT2G21660,30,1.82931387424469,3.1771466538600996e-58,16.48971939086914
gehring_L3_state,6. EMB cort init,AT3G23470,31,7.596142292022705,9.682753921120284e-57,16.280073165893555
gehring_L3_state,6. EMB cort init,AT1G12805,32,4.045320987701416,4.9937651884315056e-55,16.035123825073242
gehring_L3_state,6. EMB cort init,AT3G54320,33,3.3220889568328857,8.43442553972873e-55,16.00072479248047
gehring_L3_state,6. EMB cort init,AT1G78500,34,5.493185520172119,1.6556478045069854e-54,15.95692253112793
gehring_L3_state,6. EMB cort init,AT1G18100,35,3.8403525352478023,1.309704262924287e-52,15.678285598754885
gehring_L3_state,6. EMB cort init,AT4G16160,36,4.621857643127441,8.85790123152113e-51,15.40659523010254
gehring_L3_state,6. EMB cort init,AT4G27140,37,5.601907253265381,2.582149072225082e-50,15.335641860961914
gehring_L3_state,6. EMB cort init,AT1G12810,38,3.672997713088989,4.850773434983172e-50,15.29303741455078
gehring_L3_state,6. EMB cort init,AT5G17810,39,6.593472480773926,7.516644312482607e-50,15.262921333312988
gehring_L3_state,6. EMB cort init,AT3G19820,40,2.5049028396606445,4.577674333267557e-49,15.143052101135254
gehring_L3_state,6. EMB cort init,AT3G03770,41,4.726122856140137,3.020021517668765e-45,14.548803329467772
gehring_L3_state,6. EMB cort init,AT4G39900,42,3.3974688053131104,5.482676135804995e-43,14.184097290039062
gehring_L3_state,6. EMB cort init,AT2G34700,43,3.276900053024292,6.970781848890245e-43,14.165821075439451
gehring_L3_state,6. EMB cort init,AT1G62290,44,3.6991126537323,8.602850344245734e-43,14.149643898010254
gehring_L3_state,6. EMB cort init,AT1G54100,45,2.6357879638671875,1.5094903236257217e-42,14.108677864074709
gehring_L3_state,6. EMB cort init,AT1G22590,46,3.4006330966949463,1.950647484030992e-42,14.089238166809082
gehring_L3_state,6. EMB cort init,AT2G05310,47,3.133333683013916,4.230183473290921e-40,13.702766418457031
gehring_L3_state,6. EMB cort init,AT1G29930,48,2.609018325805664,7.688191484786759e-40,13.65799045562744
gehring_L3_state,6. EMB cort init,AT5G62800,49,3.809316873550415,8.816837857471172e-39,13.477827072143556
gehring_L3_state,6. EMB cort init,AT1G69530,50,4.201448917388916,3.675541322433956e-38,13.36945629119873
gehring_L3_state,6. EMB unknown,ATMG00020,1,1.3476781845092771,3.164851530636374e-06,6.251626014709473
gehring_L3_state,6. EMB unknown,ATCG01130,2,2.3435096740722656,4.953654517287894e-06,6.1357245445251465
gehring_L3_state,6. EMB unknown,AT5G60390,3,2.214771032333374,1.7550185466749478e-05,5.894674301147461
gehring_L3_state,6. EMB unknown,AT5G15200,4,2.1923611164093018,0.00143473034076,5.007144927978516
gehring_L3_state,6. EMB unknown,AT1G04660,5,4.012479782104492,0.0027420068755563,4.82390832901001
gehring_L3_state,6. EMB unknown,AT1G02780,6,1.9081223011016848,0.004154076089632,4.709101676940918
gehring_L3_state,6. EMB unknown,AT2G27710,7,2.2181878089904785,0.0046572831270493,4.671590805053711
gehring_L3_state,6. EMB unknown,AT4G39200,8,2.3649868965148926,0.0056528178339522,4.6056742668151855
gehring_L3_state,6. EMB unknown,AT3G41768,9,0.6221420764923096,0.0091863858007575,4.448520660400391
gehring_L3_state,6. EMB unknown,AT2G27720,10,1.9858241081237795,0.0345029726253681,4.108316421508789
gehring_L3_state,6. EMB unknown,AT3G49910,11,1.9575591087341309,0.0350630873864703,4.096179008483887
gehring_L3_state,6. EMB unknown,AT5G02870,12,2.03446626663208,0.0413370272513321,4.042302131652832
gehring_L3_state,6. EMB unknown,AT5G20290,13,1.6857913732528689,0.0413370272513321,4.030054092407227
gehring_L3_state,6. EMB unknown,AT2G01008,14,1.2821828126907349,0.0603741279984854,3.921989917755127
gehring_L3_state,6. EMB unknown,AT2G34480,15,1.8481727838516235,0.091502374260899,3.774229526519776
gehring_L3_state,6. EMB unknown,AT1G56110,16,2.193612575531006,0.095178731774598,3.752477407455444
gehring_L3_state,6. EMB unknown,AT2G16586,17,1.5539768934249878,0.1063480048355103,3.713091373443604
gehring_L3_state,6. EMB unknown,AT1G43170,18,1.635576248168945,0.1262010425282208,3.6368463039398193
gehring_L3_state,6. EMB unknown,AT1G48920,19,1.8082927465438845,0.1262010425282208,3.632958650588989
gehring_L3_state,6. EMB unknown,AT1G70600,20,2.0608692169189453,0.1327472246026923,3.5989718437194824
gehring_L3_state,6. EMB unknown,AT2G18020,21,1.665475845336914,0.1396646094538041,3.577751874923706
gehring_L3_state,6. EMB unknown,AT1G63100,22,3.1210591793060303,0.1443538571063134,3.546912431716919
gehring_L3_state,6. EMB unknown,AT4G27090,23,1.7221635580062866,0.145066546202696,3.5344738960266118
gehring_L3_state,6. EMB unknown,AT4G09320,24,1.9064977169036863,0.1737600589221891,3.455865859985352
gehring_L3_state,6. EMB unknown,AT5G07090,25,2.095393657684326,0.1737600589221891,3.455090045928955
gehring_L3_state,6. EMB unknown,ATCG00040,26,1.7539222240447998,0.2016496217566292,3.393455743789673
gehring_L3_state,6. EMB unknown,AT3G09500,27,1.8656615018844604,0.2364665768168183,3.332751989364624
gehring_L3_state,6. EMB unknown,AT2G34700,28,2.235743999481201,0.2407024335793605,3.3130171298980717
gehring_L3_state,6. EMB unknown,AT4G25630,29,3.546208620071411,0.2407024335793605,3.3118512630462646
gehring_L3_state,6. EMB unknown,AT5G48360,30,4.018966197967529,0.2593750636974513,3.2725627422332764
gehring_L3_state,6. EMB unknown,AT3G62870,31,1.8530926704406736,0.3118511818721742,3.20566201210022
gehring_L3_state,6. EMB unknown,AT3G60245,32,1.3410028219223022,0.317388117432886,3.194938898086548
gehring_L3_state,6. EMB unknown,AT3G24250,33,4.867859840393066,0.3353332651589643,3.1707000732421875
gehring_L3_state,6. EMB unknown,AT3G09630,34,2.008654356002808,0.3644879057979798,3.135551929473877
gehring_L3_state,6. EMB unknown,AT1G72370,35,1.6342703104019165,0.3780008681918452,3.1221957206726074
gehring_L3_state,6. EMB unknown,AT4G35100,36,3.271160125732422,0.4526975449805448,3.04285192489624
gehring_L3_state,6. EMB unknown,AT3G53870,37,1.840927600860596,0.4716292855475149,3.02801513671875
gehring_L3_state,6. EMB unknown,AT3G57150,38,2.669349670410156,0.4868469078170641,3.0159311294555664
gehring_L3_state,6. EMB unknown,AT1G67430,39,1.491443753242493,0.4966266861466299,2.99272084236145
gehring_L3_state,6. EMB unknown,AT3G06700,40,1.6234318017959597,0.5369067426993023,2.9575459957122803
gehring_L3_state,6. EMB unknown,AT3G52590,41,1.4456331729888916,0.5651647231139779,2.9352710247039795
gehring_L3_state,6. EMB unknown,AT5G02500,42,1.6957783699035645,0.5651647231139779,2.9326422214508057
gehring_L3_state,6. EMB unknown,AT4G03210,43,2.7681283950805664,0.5651946739992865,2.930399179458618
gehring_L3_state,6. EMB unknown,AT3G04920,44,1.7096374034881592,0.5730956437106535,2.919481039047241
gehring_L3_state,6. EMB unknown,AT1G52300,45,1.7101954221725464,0.5805013020047006,2.913301706314087
gehring_L3_state,6. EMB unknown,AT2G27530,46,1.3963351249694824,0.6163164486127987,2.8817174434661865
gehring_L3_state,6. EMB unknown,AT4G17520,47,2.099539041519165,0.635632337998781,2.857505321502685
gehring_L3_state,6. EMB unknown,AT2G37600,48,2.263901233673096,0.6978810512313096,2.817702531814575
gehring_L3_state,6. EMB unknown,AT4G37750,49,5.871145248413086,0.7055941464471391,2.812192678451538
gehring_L3_state,6. EMB unknown,AT1G28290,50,3.940042972564697,0.7057196950092456,2.807484865188598
gehring_L3_state,7. CZE apical cyst,AT2G20290,1,6.968434810638428,5.948733078220427e-122,23.90773200988769
gehring_L3_state,7. CZE apical cyst,AT2G27700,2,10.177667617797852,3.670230240237078e-120,23.70581817626953
gehring_L3_state,7. CZE apical cyst,AT1G52696,3,12.143327713012695,1.75706158058737e-118,23.525156021118164
gehring_L3_state,7. CZE apical cyst,AT3G60700,4,9.834809303283691,5.9120547172925894e-118,23.46138000488281
gehring_L3_state,7. CZE apical cyst,AT1G52695,5,11.251707077026367,4.8129263643944795e-116,23.26374053955078
gehring_L3_state,7. CZE apical cyst,AT5G10230,6,7.717123031616211,4.8129263643944795e-116,23.256052017211918
gehring_L3_state,7. CZE apical cyst,AT1G19950,7,8.513010025024414,3.033157482510625e-115,23.17026710510254
gehring_L3_state,7. CZE apical cyst,AT1G02980,8,8.125177383422852,6.351109442320501e-113,22.933082580566406
gehring_L3_state,7. CZE apical cyst,AT2G44240,9,10.675915718078612,1.6713257455122681e-112,22.88579750061035
gehring_L3_state,7. CZE apical cyst,AT1G76720,10,6.66417121887207,2.7491954619551606e-112,22.85948181152344
gehring_L3_state,7. CZE apical cyst,AT2G44250,11,10.621416091918944,4.252936768636986e-110,22.634090423583984
gehring_L3_state,7. CZE apical cyst,AT4G17160,12,10.559053421020508,4.452358224332668e-109,22.526445388793945
gehring_L3_state,7. CZE apical cyst,AT1G59670,13,9.92068099975586,3.0055295644062524e-104,22.024660110473636
gehring_L3_state,7. CZE apical cyst,AT3G54550,14,9.79610824584961,3.0063193595743664e-104,22.021289825439453
gehring_L3_state,7. CZE apical cyst,AT2G27120,15,6.804547309875488,3.508066846656671e-104,22.011165618896484
gehring_L3_state,7. CZE apical cyst,AT4G26470,16,7.243500232696533,5.936676203331003e-104,21.984373092651367
gehring_L3_state,7. CZE apical cyst,AT2G31360,17,5.928079605102539,4.464888547650454e-102,21.78460502624512
gehring_L3_state,7. CZE apical cyst,AT3G54560,18,6.721957206726074,2.095235854598496e-101,21.71104431152344
gehring_L3_state,7. CZE apical cyst,AT4G13380,19,11.82910442352295,2.4698190188118228e-101,21.70099639892578
gehring_L3_state,7. CZE apical cyst,AT3G24690,20,10.432844161987305,4.739548071357058e-101,21.668642044067383
gehring_L3_state,7. CZE apical cyst,AT1G23950,21,6.504390716552734,1.5767625566986253e-98,21.39727020263672
gehring_L3_state,7. CZE apical cyst,AT4G32850,22,3.5302977561950684,1.0280527068603215e-97,21.30748176574707
gehring_L3_state,7. CZE apical cyst,AT5G65370,23,11.954595565795898,6.321248504420133e-97,21.22016906738281
gehring_L3_state,7. CZE apical cyst,AT2G26320,24,11.842360496520996,8.235449524435683e-96,21.097103118896484
gehring_L3_state,7. CZE apical cyst,AT3G17155,25,9.097578048706056,7.284043305255599e-94,20.881345748901367
gehring_L3_state,7. CZE apical cyst,AT5G52655,26,8.934113502502441,7.284043305255599e-94,20.880216598510746
gehring_L3_state,7. CZE apical cyst,AT1G53285,27,9.220260620117188,7.595777092553415e-93,20.766075134277344
gehring_L3_state,7. CZE apical cyst,AT2G29890,28,5.114219665527344,1.9694127397011413e-91,20.607324600219727
gehring_L3_state,7. CZE apical cyst,AT1G17780,29,8.39337158203125,3.0941523220045323e-90,20.471834182739254
gehring_L3_state,7. CZE apical cyst,AT5G05030,30,10.042049407958984,5.231288395353652e-90,20.4445743560791
gehring_L3_state,7. CZE apical cyst,AT1G22120,31,8.2618989944458,4.586982786625673e-88,20.22348022460937
gehring_L3_state,7. CZE apical cyst,AT1G27250,32,10.192081451416016,6.162590016979818e-87,20.09335327148437
gehring_L3_state,7. CZE apical cyst,AT5G40730,33,6.247500896453857,1.0532012361064823e-84,19.83493995666504
gehring_L3_state,7. CZE apical cyst,AT4G39860,34,5.235676765441895,1.6448123023587486e-84,19.811006546020508
gehring_L3_state,7. CZE apical cyst,AT1G53282,35,8.523069381713867,4.987164338028175e-84,19.75361442565918
gehring_L3_state,7. CZE apical cyst,AT5G65020,36,5.231797218322754,1.497871401391451e-83,19.696577072143555
gehring_L3_state,7. CZE apical cyst,AT2G04750,37,9.091146469116213,1.6365669064301416e-83,19.690704345703125
gehring_L3_state,7. CZE apical cyst,AT1G59800,38,11.270734786987305,5.32287657218813e-80,19.27399253845215
gehring_L3_state,7. CZE apical cyst,AT4G21040,39,9.950925827026367,9.612047729693511e-79,19.122360229492188
gehring_L3_state,7. CZE apical cyst,AT5G66150,40,6.432614803314209,1.1414500744711983e-78,19.112106323242188
gehring_L3_state,7. CZE apical cyst,AT1G13607,41,8.55845832824707,4.467938550020913e-78,19.03950500488281
gehring_L3_state,7. CZE apical cyst,AT3G11910,42,3.376106023788452,4.1893716096501036e-76,18.79891967773437
gehring_L3_state,7. CZE apical cyst,AT4G29380,43,5.776118755340576,3.1174131442115682e-75,18.690927505493164
gehring_L3_state,7. CZE apical cyst,AT3G30842,44,7.419745445251465,1.0330907038300162e-74,18.625696182250977
gehring_L3_state,7. CZE apical cyst,AT3G49307,45,7.001314163208008,2.738475589049894e-74,18.572254180908203
gehring_L3_state,7. CZE apical cyst,AT1G07690,46,9.331502914428713,1.1986897009710148e-73,18.49165725708008
gehring_L3_state,7. CZE apical cyst,AT1G19320,47,8.859601974487305,2.0923848914350103e-73,18.46045684814453
gehring_L3_state,7. CZE apical cyst,AT3G18550,48,8.416085243225098,3.9315847259177085e-73,18.425243377685547
gehring_L3_state,7. CZE apical cyst,AT2G30115,49,10.939560890197754,4.3804226079972634e-73,18.41829872131348
gehring_L3_state,7. CZE apical cyst,AT5G57740,50,5.5053558349609375,2.0540150469548301e-72,18.3333797454834
gehring_L3_state,7. CZE basal cyst,AT4G15750,1,6.64389705657959,1.9302835927211472e-16,9.258535385131836
gehring_L3_state,7. CZE basal cyst,AT2G38900,2,6.225959300994873,1.9302835927211472e-16,9.243358612060549
gehring_L3_state,7. CZE basal cyst,AT5G51950,3,6.254002094268799,1.9302835927211472e-16,9.203912734985352
gehring_L3_state,7. CZE basal cyst,AT1G56100,4,6.955371856689453,1.9302835927211472e-16,9.17671012878418
gehring_L3_state,7. CZE basal cyst,AT4G22880,5,6.538434505462647,1.9302835927211472e-16,9.168731689453123
gehring_L3_state,7. CZE basal cyst,AT2G17710,6,6.154572486877441,1.9302835927211472e-16,9.164994239807127
gehring_L3_state,7. CZE basal cyst,AT1G61720,7,6.944115161895752,2.0629747269909896e-16,9.137579917907717
gehring_L3_state,7. CZE basal cyst,AT5G48880,8,5.779358863830566,2.0629747269909896e-16,9.117874145507812
gehring_L3_state,7. CZE basal cyst,AT3G08770,9,6.256079196929932,2.0629747269909896e-16,9.113953590393066
gehring_L3_state,7. CZE basal cyst,AT1G02930,10,5.38045597076416,4.907971721551589e-16,9.007933616638184
gehring_L3_state,7. CZE basal cyst,AT5G13930,11,4.319235324859619,7.546414363404763e-16,8.945417404174805
gehring_L3_state,7. CZE basal cyst,AT2G23910,12,5.474758148193359,7.546414363404763e-16,8.935430526733398
gehring_L3_state,7. CZE basal cyst,AT5G05270,13,4.934856414794922,7.546414363404763e-16,8.931647300720215
gehring_L3_state,7. CZE basal cyst,AT1G29660,14,6.362768650054932,8.793467946922975e-16,8.906499862670898
gehring_L3_state,7. CZE basal cyst,AT5G53100,15,6.689111232757568,1.0060732171164446e-15,8.877564430236816
gehring_L3_state,7. CZE basal cyst,AT5G47350,16,6.516726970672607,1.0060732171164446e-15,8.876708984375
gehring_L3_state,7. CZE basal cyst,AT5G17220,17,6.540325164794922,2.4094206011378533e-15,8.772181510925293
gehring_L3_state,7. CZE basal cyst,AT2G47895,18,5.517168045043945,5.167855396427197e-15,8.67936897277832
gehring_L3_state,7. CZE basal cyst,AT1G61255,19,5.205384731292725,6.671776997118212e-15,8.644096374511719
gehring_L3_state,7. CZE basal cyst,AT5G42800,20,5.597577095031738,7.615580164096296e-15,8.6231050491333
gehring_L3_state,7. CZE basal cyst,AT1G62333,21,5.063115119934082,1.69032935792697e-14,8.525717735290527
gehring_L3_state,7. CZE basal cyst,AT2G14900,22,5.088006496429443,2.370653157273992e-14,8.481071472167969
gehring_L3_state,7. CZE basal cyst,AT3G49270,23,6.027397155761719,3.0545571960223534e-14,8.446343421936035
gehring_L3_state,7. CZE basal cyst,AT1G65060,24,4.574333190917969,8.465166809777413e-14,8.321415901184082
gehring_L3_state,7. CZE basal cyst,AT2G02147,25,7.008204460144043,2.379766280350417e-13,8.193123817443848
gehring_L3_state,7. CZE basal cyst,AT2G31360,26,5.041233539581299,3.138723304166768e-13,8.15501594543457
gehring_L3_state,7. CZE basal cyst,AT5G25610,27,5.008334159851074,4.050273613178141e-13,8.1195650100708
gehring_L3_state,7. CZE basal cyst,AT1G32170,28,4.955543518066406,4.567093460834695e-13,8.100553512573242
gehring_L3_state,7. CZE basal cyst,AT3G13530,29,5.042352676391602,5.078713682422328e-13,8.08335018157959
gehring_L3_state,7. CZE basal cyst,AT2G26250,30,4.407662868499756,8.182398848900683e-13,8.020846366882324
gehring_L3_state,7. CZE basal cyst,AT3G49780,31,4.791779041290283,8.726652636222536e-13,8.00890064239502
gehring_L3_state,7. CZE basal cyst,AT3G16370,32,4.465170383453369,1.8182586663402496e-12,7.914160251617432
gehring_L3_state,7. CZE basal cyst,AT1G06550,33,4.167059898376465,6.664220937207287e-12,7.747002601623535
gehring_L3_state,7. CZE basal cyst,AT4G00360,34,5.031584739685059,7.183785964510962e-12,7.7336626052856445
gehring_L3_state,7. CZE basal cyst,AT4G09820,35,4.5326457023620605,1.6022341492148112e-11,7.627194881439209
gehring_L3_state,7. CZE basal cyst,AT4G24130,36,4.263490676879883,2.459280922948105e-11,7.5680832862854
gehring_L3_state,7. CZE basal cyst,AT5G02540,37,5.453805923461914,2.6640660073549314e-11,7.554117202758789
gehring_L3_state,7. CZE basal cyst,AT5G39130,38,4.42503833770752,3.0576929736048383e-11,7.532678127288818
gehring_L3_state,7. CZE basal cyst,AT2G30490,39,4.274170875549316,3.0614846137755316e-11,7.529124736785889
gehring_L3_state,7. CZE basal cyst,AT1G77520,40,5.092358589172363,4.2037389681469396e-11,7.484282970428467
gehring_L3_state,7. CZE basal cyst,AT2G47240,41,4.074260711669922,5.0227278400856594e-11,7.457614421844482
gehring_L3_state,7. CZE basal cyst,AT5G57630,42,5.107311725616455,6.591329655720031e-11,7.418518543243408
gehring_L3_state,7. CZE basal cyst,AT1G45130,43,3.9402201175689697,1.0206922122953228e-10,7.357225894927978
gehring_L3_state,7. CZE basal cyst,AT1G36160,44,3.722234010696411,1.028133437650474e-10,7.353184700012207
gehring_L3_state,7. CZE basal cyst,AT3G49050,45,4.196902275085449,1.4123933358488986e-10,7.307619571685791
gehring_L3_state,7. CZE basal cyst,AT5G10180,46,4.769294261932373,1.6153647153538723e-10,7.286587715148926
gehring_L3_state,7. CZE basal cyst,AT3G51240,47,3.616305351257324,1.8440470762528817e-10,7.265814304351807
gehring_L3_state,7. CZE basal cyst,AT3G59030,48,5.206982612609863,2.0467728088998928e-10,7.248852252960205
gehring_L3_state,7. CZE basal cyst,AT1G27950,49,4.622040748596191,2.3753229423855847e-10,7.225857257843018
gehring_L3_state,7. CZE basal cyst,AT1G24540,50,5.011530876159668,2.74983522092141e-10,7.203184127807617
gehring_L3_state,7. EMB hypoph,AT4G25140,1,4.852893829345703,5.6724881456890075e-47,15.073299407958984
gehring_L3_state,7. EMB hypoph,AT1G26680,2,6.473663806915283,2.6535791554556183e-46,14.924877166748049
gehring_L3_state,7. EMB hypoph,AT1G47540,3,5.0060715675354,8.403819398151297e-38,13.527337074279783
gehring_L3_state,7. EMB hypoph,AT4G26740,4,4.442755699157715,1.553660421387913e-29,12.023971557617188
gehring_L3_state,7. EMB hypoph,AT5G51210,5,3.8626513481140137,4.7048517797715236e-29,11.913515090942385
gehring_L3_state,7. EMB hypoph,AT1G33750,6,9.529349327087402,1.8424690692285562e-28,11.770831108093262
gehring_L3_state,7. EMB hypoph,AT5G40420,7,3.882154941558838,5.176031789862077e-28,11.662002563476562
gehring_L3_state,7. EMB hypoph,AT1G65090,8,3.921120166778565,6.738237638384977e-26,11.230671882629396
gehring_L3_state,7. EMB hypoph,AT2G18540,9,4.285592555999756,3.601302985171561e-25,11.073076248168944
gehring_L3_state,7. EMB hypoph,AT5G07190,10,4.05127477645874,4.7449313293362636e-24,10.81124782562256
gehring_L3_state,7. EMB hypoph,AT3G01570,11,3.48539137840271,5.404885993973549e-23,10.579741477966309
gehring_L3_state,7. EMB hypoph,AT5G10510,12,3.9893546104431152,6.685900544825704e-22,10.320025444030762
gehring_L3_state,7. EMB hypoph,ATCG00020,13,2.0813655853271484,1.3292383856196114e-21,10.244624137878418
gehring_L3_state,7. EMB hypoph,AT1G54860,14,4.252009868621826,3.1388206947344032e-21,10.156861305236816
gehring_L3_state,7. EMB hypoph,AT1G29930,15,2.720765352249145,2.3287312041268543e-20,9.955296516418455
gehring_L3_state,7. EMB hypoph,AT3G54940,16,4.531606197357178,3.116562128939874e-20,9.922197341918944
gehring_L3_state,7. EMB hypoph,AT3G63040,17,4.488314151763916,1.321609411992097e-19,9.773015975952148
gehring_L3_state,7. EMB hypoph,AT2G34700,18,3.47510290145874,2.671536329026123e-19,9.697625160217283
gehring_L3_state,7. EMB hypoph,AT3G30350,19,8.633905410766602,4.5031508152430576e-18,9.39750862121582
gehring_L3_state,7. EMB hypoph,AT4G27160,20,3.1658146381378174,4.770264967270735e-18,9.38787078857422
gehring_L3_state,7. EMB hypoph,AT1G48130,21,3.9297666549682617,4.297510652442521e-17,9.14988136291504
gehring_L3_state,7. EMB hypoph,AT1G23000,22,4.200181484222412,5.840644179617396e-17,9.113235473632812
gehring_L3_state,7. EMB hypoph,AT5G62800,23,3.8686678409576416,7.023743623935118e-17,9.089863777160645
gehring_L3_state,7. EMB hypoph,AT4G27150,24,3.421306610107422,1.5791293836270943e-16,8.998079299926758
gehring_L3_state,7. EMB hypoph,AT5G14690,25,6.445718288421631,1.814873334603226e-16,8.979598045349121
gehring_L3_state,7. EMB hypoph,AT3G27660,26,3.13325834274292,1.9812122347177488e-16,8.966840744018555
gehring_L3_state,7. EMB hypoph,AT5G49190,27,3.0099527835845947,3.2429357622542546e-15,8.647322654724121
gehring_L3_state,7. EMB hypoph,AT1G62290,28,3.614721536636353,3.3621160914669778e-15,8.64023494720459
gehring_L3_state,7. EMB hypoph,AT1G11670,29,3.0337109565734863,4.051618749273307e-15,8.615997314453125
gehring_L3_state,7. EMB hypoph,AT4G30880,30,4.814792633056641,2.2755893582039723e-14,8.410320281982422
gehring_L3_state,7. EMB hypoph,AT2G28490,31,3.5155417919158936,2.3447443712516054e-14,8.404047012329102
gehring_L3_state,7. EMB hypoph,AT5G09640,32,3.684765100479126,3.0915792986838186e-14,8.362322807312012
gehring_L3_state,7. EMB hypoph,AT4G28520,33,3.25708556175232,3.0915792986838186e-14,8.361045837402344
gehring_L3_state,7. EMB hypoph,AT3G01516,34,6.701293468475342,4.1079319982090544e-14,8.324957847595215
gehring_L3_state,7. EMB hypoph,AT1G03880,35,3.534240961074829,8.391215637293642e-13,7.94293737411499
gehring_L3_state,7. EMB hypoph,AT4G27140,36,4.783629417419434,3.1577482033424245e-12,7.774653434753418
gehring_L3_state,7. EMB hypoph,AT2G41070,37,2.7118079662323,1.2087014856155134e-11,7.596138954162598
gehring_L3_state,7. EMB hypoph,AT5G50770,38,2.5860185623168945,2.1362061783866804e-11,7.517697334289551
gehring_L3_state,7. EMB hypoph,AT3G48670,39,3.020629644393921,6.90798773427442e-11,7.360490322113037
gehring_L3_state,7. EMB hypoph,AT1G79580,40,11.307537078857422,6.95372515452582e-11,7.357473373413086
gehring_L3_state,7. EMB hypoph,AT5G13790,41,2.5953855514526367,2.3493289269959103e-10,7.189906597137451
gehring_L3_state,7. EMB hypoph,AT2G27040,42,1.8550971746444704,3.2907173495231346e-10,7.140608787536621
gehring_L3_state,7. EMB hypoph,AT5G48940,43,6.8886895179748535,3.6012249446639834e-10,7.126134872436523
gehring_L3_state,7. EMB hypoph,AT3G24650,44,3.39004135131836,1.1058268628208046e-09,6.963818550109863
gehring_L3_state,7. EMB hypoph,AT3G20840,45,8.48151683807373,1.553091735964511e-09,6.911840438842773
gehring_L3_state,7. EMB hypoph,AT5G44120,46,2.388061046600342,1.583477176186598e-09,6.907134532928467
gehring_L3_state,7. EMB hypoph,AT1G68170,47,3.9217333793640137,1.8426698269729e-09,6.881740570068359
gehring_L3_state,7. EMB hypoph,AT2G23510,48,5.540513515472412,2.589834952846562e-09,6.831199169158936
gehring_L3_state,7. EMB hypoph,AT4G21960,49,1.379529356956482,2.9200306747127252e-09,6.810230255126953
gehring_L3_state,7. EMB hypoph,AT4G39800,50,2.2671680450439453,7.233585449294712e-09,6.669394493103027
gehring_L3_state,8. CZE basal cyst,AT2G19802,1,7.993395328521728,1.0714827245556948e-32,12.7199068069458
gehring_L3_state,8. CZE basal cyst,ATMG00020,2,1.863898754119873,7.58684082880056e-21,10.307881355285645
gehring_L3_state,8. CZE basal cyst,AT3G48231,3,6.056495666503906,4.231391165159887e-20,10.101670265197754
gehring_L3_state,8. CZE basal cyst,AT2G02147,4,6.478114604949951,6.5897323181489815e-18,9.56447696685791
gehring_L3_state,8. CZE basal cyst,AT1G77525,5,4.558899402618408,5.532655591122408e-17,9.318181991577148
gehring_L3_state,8. CZE basal cyst,AT2G19796,6,7.974017143249512,1.1145515523551904e-15,8.973937034606934
gehring_L3_state,8. CZE basal cyst,AT2G14365,7,6.34877347946167,4.811156872270807e-15,8.794190406799316
gehring_L3_state,8. CZE basal cyst,AT5G38195,8,6.183125019073486,3.0508653819723015e-14,8.568964958190918
gehring_L3_state,8. CZE basal cyst,AT5G59320,9,3.601999998092652,4.2021105184374247e-14,8.518381118774414
gehring_L3_state,8. CZE basal cyst,AT5G19175,10,6.323363304138184,9.562214478921168e-14,8.410262107849121
gehring_L3_state,8. CZE basal cyst,AT5G40730,11,5.868724822998047,1.9018540158369478e-13,8.316612243652344
gehring_L3_state,8. CZE basal cyst,AT5G44973,12,4.681648254394531,1.9018540158369478e-13,8.307621002197266
gehring_L3_state,8. CZE basal cyst,AT1G56100,13,3.3731558322906494,8.032907922135275e-13,8.125161170959473
gehring_L3_state,8. CZE basal cyst,AT3G16895,14,6.893259525299072,9.67462539737539e-13,8.093558311462402
gehring_L3_state,8. CZE basal cyst,AT1G21395,15,6.2765302658081055,1.538117608834731e-12,8.02845573425293
gehring_L3_state,8. CZE basal cyst,AT1G13607,16,7.432839393615723,2.5588102313366512e-12,7.951115131378174
gehring_L3_state,8. CZE basal cyst,AT1G53285,17,7.513821125030518,2.5588102313366512e-12,7.950271606445312
gehring_L3_state,8. CZE basal cyst,AT3G49307,18,6.186426639556885,7.240215922009005e-12,7.813195705413818
gehring_L3_state,8. CZE basal cyst,AT5G38170,19,3.2118942737579346,1.3854196740343772e-10,7.418399810791016
gehring_L3_state,8. CZE basal cyst,ATMG01390,20,2.7179675102233887,1.7963617706132926e-10,7.377415657043457
gehring_L3_state,8. CZE basal cyst,AT3G08770,21,2.893249273300171,2.9384406531629846e-10,7.305337905883789
gehring_L3_state,8. CZE basal cyst,AT1G53282,22,7.369595050811768,9.230793741795011e-10,7.137881755828857
gehring_L3_state,8. CZE basal cyst,AT2G15325,23,6.563556671142578,4.649157360729848e-09,6.906357288360596
gehring_L3_state,8. CZE basal cyst,AT4G15750,24,2.6508476734161377,4.905041951176665e-09,6.893174171447754
gehring_L3_state,8. CZE basal cyst,AT5G60390,25,1.9932646751403809,1.2312326743977958e-08,6.755622386932373
gehring_L3_state,8. CZE basal cyst,AT1G43667,26,7.134045124053955,1.2577801108403066e-08,6.747252464294434
gehring_L3_state,8. CZE basal cyst,AT2G38900,27,2.721610307693481,2.7308603236424977e-08,6.6286301612854
gehring_L3_state,8. CZE basal cyst,AT5G38160,28,2.795269727706909,7.058401445420092e-08,6.476921558380127
gehring_L3_state,8. CZE basal cyst,AT5G38180,29,4.308320999145508,1.0972705014031321e-07,6.400454044342041
gehring_L3_state,8. CZE basal cyst,AT3G54560,30,3.88624119758606,1.4789403163831145e-07,6.350133895874023
gehring_L3_state,8. CZE basal cyst,AT4G12960,31,2.693081378936768,1.494871935480356e-07,6.344023704528809
gehring_L3_state,8. CZE basal cyst,AT3G17155,32,6.730196952819824,1.7126003254533185e-07,6.31870174407959
gehring_L3_state,8. CZE basal cyst,AT3G20210,33,2.3670923709869385,2.2709912048301323e-07,6.270674228668213
gehring_L3_state,8. CZE basal cyst,AT5G63230,34,5.749590396881104,3.022787615440789e-07,6.221818447113037
gehring_L3_state,8. CZE basal cyst,AT5G10230,35,4.535488128662109,5.772963259777913e-07,6.115386962890625
gehring_L3_state,8. CZE basal cyst,AT5G11740,36,1.9210740327835083,7.209017839096391e-07,6.075803756713867
gehring_L3_state,8. CZE basal cyst,AT2G02100,37,2.6149134635925293,9.334674238149924e-07,6.030218601226807
gehring_L3_state,8. CZE basal cyst,AT5G40155,38,6.814053535461426,5.012964487709448e-06,5.744448661804199
gehring_L3_state,8. CZE basal cyst,AT2G12475,39,6.584798336029053,5.570888040898474e-06,5.722661018371582
gehring_L3_state,8. CZE basal cyst,AT1G62333,40,2.361189365386963,6.571375686768504e-06,5.690708637237549
gehring_L3_state,8. CZE basal cyst,AT1G26797,41,7.59440803527832,1.152716507767561e-05,5.586429119110107
gehring_L3_state,8. CZE basal cyst,AT3G27835,42,6.978575229644775,1.3215769347360453e-05,5.558955192565918
gehring_L3_state,8. CZE basal cyst,AT1G19320,43,6.977564334869385,1.3955132533690194e-05,5.545838832855225
gehring_L3_state,8. CZE basal cyst,AT3G60700,44,5.821621894836426,2.1014492357595157e-05,5.470200538635254
gehring_L3_state,8. CZE basal cyst,AT2G01667,45,7.935665130615234,3.121907109747153e-05,5.392580509185791
gehring_L3_state,8. CZE basal cyst,AT4G12825,46,7.649099826812744,3.157685346401016e-05,5.383437633514404
gehring_L3_state,8. CZE basal cyst,AT1G43666,47,7.581390380859375,3.157685346401016e-05,5.38218879699707
gehring_L3_state,8. CZE basal cyst,AT5G13930,48,1.723009705543518,3.1715331198976987e-05,5.376412868499756
gehring_L3_state,8. CZE basal cyst,AT5G67360,49,1.770249843597412,3.4757268842976824e-05,5.356692314147949
gehring_L3_state,8. CZE basal cyst,AT1G75950,50,2.567789077758789,3.901610090264176e-05,5.33260440826416
gehring_L3_state,8. CZE nod-like,AT1G42980,1,8.809524536132812,1.78407897967184e-89,20.550403594970703
gehring_L3_state,8. CZE nod-like,AT5G44973,2,6.400244235992432,7.885529539621011e-81,19.51079559326172
gehring_L3_state,8. CZE nod-like,AT1G73610,3,8.791934967041016,7.885529539621011e-81,19.493038177490234
gehring_L3_state,8. CZE nod-like,AT5G09370,4,6.141582489013672,7.885529539621011e-81,19.48944091796875
gehring_L3_state,8. CZE nod-like,AT5G51105,5,6.148031711578369,2.1126894751327547e-80,19.427490234375
gehring_L3_state,8. CZE nod-like,AT1G73550,6,7.0501322746276855,4.689348497406708e-72,18.404733657836918
gehring_L3_state,8. CZE nod-like,AT1G31250,7,5.815189361572266,1.1298678504236839e-71,18.348657608032227
gehring_L3_state,8. CZE nod-like,AT2G36724,8,6.440335273742676,2.681900525529534e-66,17.655820846557617
gehring_L3_state,8. CZE nod-like,AT3G02670,9,7.034880638122559,1.0135753231429329e-65,17.573917388916016
gehring_L3_state,8. CZE nod-like,AT3G05460,10,5.740085601806641,5.284951513845849e-64,17.342153549194336
gehring_L3_state,8. CZE nod-like,AT3G06355,11,1.7841639518737793,1.733280955373497e-61,17.000394821166992
gehring_L3_state,8. CZE nod-like,AT2G23970,12,6.613261222839356,5.488280969436995e-60,16.791473388671875
gehring_L3_state,8. CZE nod-like,AT5G10220,13,5.381541728973389,7.99998852289502e-60,16.764339447021484
gehring_L3_state,8. CZE nod-like,AT1G12670,14,5.627541542053223,1.851082885935236e-59,16.709980010986328
gehring_L3_state,8. CZE nod-like,AT4G14140,15,5.1941633224487305,7.804218873282085e-59,16.61981964111328
gehring_L3_state,8. CZE nod-like,AT1G13605,16,5.334584712982178,2.5069396991404214e-58,16.545822143554688
gehring_L3_state,8. CZE nod-like,AT5G46540,17,5.290899276733398,1.198243142875329e-57,16.447675704956055
gehring_L3_state,8. CZE nod-like,AT3G03240,18,5.64873743057251,2.808387004708691e-56,16.251977920532227
gehring_L3_state,8. CZE nod-like,AT2G37540,19,5.9533772468566895,5.6389085743494684e-55,16.06369972229004
gehring_L3_state,8. CZE nod-like,AT5G11530,20,3.8923964500427246,5.4692231385107e-54,15.918975830078123
gehring_L3_state,8. CZE nod-like,AT2G30810,21,4.293190002441406,7.467531174108049e-53,15.751482009887695
gehring_L3_state,8. CZE nod-like,AT3G30842,22,6.971272945404053,5.374674317787105e-52,15.623217582702637
gehring_L3_state,8. CZE nod-like,AT5G28000,23,5.820505619049072,1.3054689741328923e-48,15.112459182739258
gehring_L3_state,8. CZE nod-like,AT5G40450,24,6.342148303985596,1.3114531718872203e-48,15.109467506408691
gehring_L3_state,8. CZE nod-like,AT5G63087,25,4.503673076629639,1.4693881422887607e-48,15.09938621520996
gehring_L3_state,8. CZE nod-like,AT5G46877,26,6.805595874786377,4.0507302580853685e-48,15.029871940612791
gehring_L3_state,8. CZE nod-like,AT2G42490,27,4.607333660125732,4.071663434879166e-48,15.02712059020996
gehring_L3_state,8. CZE nod-like,AT3G03260,28,6.648206233978272,4.8974202394297465e-48,15.012554168701172
gehring_L3_state,8. CZE nod-like,AT4G08990,29,4.832371711730957,4.069492224799187e-47,14.869203567504885
gehring_L3_state,8. CZE nod-like,AT1G58055,30,4.483936309814453,5.1536741635679754e-46,14.696029663085938
gehring_L3_state,8. CZE nod-like,AT4G36590,31,6.559589385986328,1.5047991334357762e-45,14.62110996246338
gehring_L3_state,8. CZE nod-like,AT5G22980,32,5.966468334197998,1.619299112179556e-44,14.456345558166504
gehring_L3_state,8. CZE nod-like,AT3G24790,33,6.838330268859863,2.876139271943373e-44,14.414681434631348
gehring_L3_state,8. CZE nod-like,AT5G09730,34,4.43952751159668,1.041093919865227e-43,14.323575019836426
gehring_L3_state,8. CZE nod-like,AT3G48280,35,5.275974750518799,9.854316685979066e-43,14.164579391479492
gehring_L3_state,8. CZE nod-like,AT4G25530,36,5.009224891662598,4.043727888461623e-42,14.063109397888184
gehring_L3_state,8. CZE nod-like,AT1G54410,37,3.330170154571533,4.249031199447072e-42,14.05771827697754
gehring_L3_state,8. CZE nod-like,AT4G35725,38,4.79308032989502,4.425723583785097e-42,14.05299472808838
gehring_L3_state,8. CZE nod-like,AT2G39640,39,6.692977428436279,1.2414713983940108e-41,13.977972984313965
gehring_L3_state,8. CZE nod-like,AT5G20710,40,6.088581085205078,1.575953679071309e-40,13.794137954711914
gehring_L3_state,8. CZE nod-like,AT4G26190,41,2.9605259895324707,6.549921094196997e-40,13.689265251159668
gehring_L3_state,8. CZE nod-like,AT1G67775,42,6.042258262634277,6.834036887907278e-40,13.68446922302246
gehring_L3_state,8. CZE nod-like,AT3G05860,43,7.152955055236816,1.0677720238059201e-39,13.650317192077637
gehring_L3_state,8. CZE nod-like,AT5G55132,44,4.073451519012451,3.099256507308415e-39,13.570799827575684
gehring_L3_state,8. CZE nod-like,AT2G27120,45,4.65951681137085,3.159284774738201e-39,13.567782402038574
gehring_L3_state,8. CZE nod-like,AT1G77525,46,3.9316372871398926,9.367293375909031e-39,13.486284255981444
gehring_L3_state,8. CZE nod-like,AT1G19950,47,5.148746967315674,3.140340218096217e-38,13.395215034484863
gehring_L3_state,8. CZE nod-like,AT1G69190,48,6.77347993850708,7.894929361707769e-38,13.325057983398438
gehring_L3_state,8. CZE nod-like,AT2G32550,49,5.041775703430176,1.0803333115393574e-37,13.30012035369873
gehring_L3_state,8. CZE nod-like,AT1G02980,50,5.619223117828369,1.88443544674755e-37,13.25697135925293
gehring_L3_state,8. EMB  s-phase,AT4G25140,1,3.705088138580322,2.9455188565322242e-50,15.49447250366211
gehring_L3_state,8. EMB  s-phase,AT2G34700,2,3.844926118850708,8.632513567982307e-50,15.406624794006348
gehring_L3_state,8. EMB  s-phase,AT1G29930,3,3.1359426975250244,3.7362787209949294e-47,14.994364738464355
gehring_L3_state,8. EMB  s-phase,AT5G40420,4,3.571683883666992,8.627858861534859e-42,14.127151489257812
gehring_L3_state,8. EMB  s-phase,ATCG00020,5,2.1124863624572754,1.1085450937163596e-39,13.748260498046877
gehring_L3_state,8. EMB  s-phase,AT5G51210,6,3.3866448402404785,1.6905950120581317e-39,13.71137809753418
gehring_L3_state,8. EMB  s-phase,AT3G01570,7,3.197909116744995,1.1414193461045617e-33,12.68863582611084
gehring_L3_state,8. EMB  s-phase,AT4G36700,8,3.102051258087158,1.3236557871628502e-33,12.67161750793457
gehring_L3_state,8. EMB  s-phase,AT4G27160,9,3.238957405090332,6.283930906365183e-33,12.543749809265137
gehring_L3_state,8. EMB  s-phase,AT1G65090,10,3.373632431030273,8.141834149477049e-33,12.513863563537598
gehring_L3_state,8. EMB  s-phase,AT2G34420,11,2.918977737426758,2.7167849215152603e-31,12.227800369262695
gehring_L3_state,8. EMB  s-phase,AT5G63550,12,3.5244174003601074,2.643538640632477e-30,12.03731632232666
gehring_L3_state,8. EMB  s-phase,AT5G44120,13,3.1328933238983154,3.117626816320832e-29,11.823982238769531
gehring_L3_state,8. EMB  s-phase,AT5G59870,14,3.694847822189331,2.2277190496952953e-28,11.653894424438477
gehring_L3_state,8. EMB  s-phase,AT5G22880,15,3.1184208393096924,2.7619430469169247e-27,11.430206298828123
gehring_L3_state,8. EMB  s-phase,AT2G27040,16,2.0262317657470703,2.5111316547400252e-24,10.812365531921388
gehring_L3_state,8. EMB  s-phase,AT5G43810,17,3.5514166355133057,9.118692639534577e-22,10.24790382385254
gehring_L3_state,8. EMB  s-phase,AT4G14770,18,4.112942218780518,1.0743128972713742e-21,10.228968620300291
gehring_L3_state,8. EMB  s-phase,AT1G67090,19,1.910663604736328,3.770678306568466e-19,9.62466049194336
gehring_L3_state,8. EMB  s-phase,AT3G20670,20,3.2215633392333984,3.1618794275931666e-18,9.397205352783203
gehring_L3_state,8. EMB  s-phase,AT3G12203,21,3.176376819610596,6.969617914649169e-18,9.304851531982422
gehring_L3_state,8. EMB  s-phase,AT4G27150,22,2.6271896362304688,1.841080648903446e-17,9.196383476257324
gehring_L3_state,8. EMB  s-phase,AT1G29910,23,3.045952081680298,1.977279657605692e-17,9.182048797607422
gehring_L3_state,8. EMB  s-phase,AT3G54560,24,3.29597806930542,3.787143324210274e-17,9.109670639038086
gehring_L3_state,8. EMB  s-phase,AT5G59690,25,2.7643516063690186,3.877171165765853e-17,9.105013847351074
gehring_L3_state,8. EMB  s-phase,AT5G57390,26,3.623403310775757,6.422557805530084e-17,9.047986030578612
gehring_L3_state,8. EMB  s-phase,AT2G18540,27,2.794771671295166,8.37085740739568e-17,9.014945030212402
gehring_L3_state,8. EMB  s-phase,AT5G49190,28,2.4523441791534424,9.45454477944426e-17,8.999612808227539
gehring_L3_state,8. EMB  s-phase,AT5G49160,29,3.066573143005371,1.938972856980217e-16,8.918455123901367
gehring_L3_state,8. EMB  s-phase,AT1G07820,30,2.526739835739136,3.979189195022935e-16,8.832737922668457
gehring_L3_state,8. EMB  s-phase,AT1G51060,31,2.6269750595092773,5.340880416766536e-16,8.797913551330566
gehring_L3_state,8. EMB  s-phase,AT5G13790,32,2.342596530914306,7.571704851133096e-16,8.756816864013672
gehring_L3_state,8. EMB  s-phase,AT2G05990,33,2.0212597846984863,1.1789144853180124e-15,8.703149795532227
gehring_L3_state,8. EMB  s-phase,AT3G27660,34,2.45611310005188,1.243502427522254e-15,8.695337295532227
gehring_L3_state,8. EMB  s-phase,AT5G04290,35,1.690629243850708,1.4514986483006824e-15,8.67602252960205
gehring_L3_state,8. EMB  s-phase,AT5G38690,36,3.176156997680664,1.640139217975604e-15,8.660394668579102
gehring_L3_state,8. EMB  s-phase,AT3G15680,37,7.276753902435303,4.9905067316894416e-15,8.529233932495117
gehring_L3_state,8. EMB  s-phase,AT4G28520,38,2.648907423019409,6.247538566571299e-15,8.49988842010498
gehring_L3_state,8. EMB  s-phase,AT3G50240,39,2.6861491203308105,8.554361788998561e-15,8.46009349822998
gehring_L3_state,8. EMB  s-phase,AT1G09420,40,2.520902633666992,1.2305776459216467e-14,8.414416313171387
gehring_L3_state,8. EMB  s-phase,AT4G02110,41,3.4793686866760254,2.938758115664131e-14,8.310185432434082
gehring_L3_state,8. EMB  s-phase,AT2G01910,42,2.3189210891723637,9.039969955233166e-14,8.169604301452637
gehring_L3_state,8. EMB  s-phase,ATCG00340,43,1.596216082572937,1.1937821225785506e-13,8.1329984664917
gehring_L3_state,8. EMB  s-phase,AT1G74960,44,1.933633804321289,1.3851541375324754e-13,8.113490104675293
gehring_L3_state,8. EMB  s-phase,AT3G54890,45,2.4512176513671875,2.431216576030332e-13,8.041961669921875
gehring_L3_state,8. EMB  s-phase,AT4G10340,46,2.209938764572144,2.874468523463867e-13,8.01998233795166
gehring_L3_state,8. EMB  s-phase,AT5G23420,47,3.0602920055389404,4.453882953163129e-13,7.963172912597656
gehring_L3_state,8. EMB  s-phase,AT1G05470,48,5.104575157165527,6.736559167675428e-13,7.9063005447387695
gehring_L3_state,8. EMB  s-phase,AT1G06760,49,2.315054416656494,8.513175231959941e-13,7.874406814575195
gehring_L3_state,8. EMB  s-phase,AT4G26740,50,2.4559905529022217,1.1317704928223353e-12,7.836079120635986
gehring_L3_state,9. CZE nod-like,AT2G16586,1,3.892979145050049,5.274451924245323e-93,20.94120979309082
gehring_L3_state,9. CZE nod-like,AT3G06355,2,1.5398807525634766,1.6262973546462918e-71,18.39687728881836
gehring_L3_state,9. CZE nod-like,AT2G32370,3,5.328574180603027,1.6750837402941852e-66,17.721405029296875
gehring_L3_state,9. CZE nod-like,AT1G11070,4,4.375910758972168,5.2801248542468816e-61,16.981304168701172
gehring_L3_state,9. CZE nod-like,AT2G27120,5,5.425178527832031,5.492190760423393e-61,16.96828842163086
gehring_L3_state,9. CZE nod-like,AT5G27330,6,5.137927055358887,1.3269565741295516e-51,15.638595581054688
gehring_L3_state,9. CZE nod-like,AT5G11530,7,3.5588483810424805,1.2301884788600998e-50,15.487547874450684
gehring_L3_state,9. CZE nod-like,AT5G09370,8,3.7557566165924072,1.965282182302248e-50,15.44980525970459
gehring_L3_state,9. CZE nod-like,AT2G01021,9,4.06300163269043,2.754121780236873e-49,15.271824836730955
gehring_L3_state,9. CZE nod-like,AT5G10220,10,4.7748236656188965,6.885726796217858e-49,15.20571994781494
gehring_L3_state,9. CZE nod-like,AT1G56110,11,3.1871228218078613,1.8447711376603398e-45,14.673921585083008
gehring_L3_state,9. CZE nod-like,AT4G26190,12,2.7611587047576904,7.489212218120576e-43,14.255128860473633
gehring_L3_state,9. CZE nod-like,AT5G25950,13,7.452445983886719,6.788457387211448e-39,13.589112281799316
gehring_L3_state,9. CZE nod-like,AT1G55550,14,5.515379905700684,2.693601414595724e-38,13.483386039733888
gehring_L3_state,9. CZE nod-like,AT3G59790,15,7.086925506591797,6.369031619480861e-38,13.415521621704102
gehring_L3_state,9. CZE nod-like,AT1G19950,16,5.236993789672852,1.625825091123679e-36,13.169102668762209
gehring_L3_state,9. CZE nod-like,AT1G22590,17,3.4485673904418945,7.151169431196256e-35,12.876313209533691
gehring_L3_state,9. CZE nod-like,AT1G48920,18,2.3990514278411865,1.4857260847274391e-34,12.815956115722656
gehring_L3_state,9. CZE nod-like,AT1G08260,19,2.7294766902923584,1.8310646933154894e-34,12.796123504638672
gehring_L3_state,9. CZE nod-like,AT1G76820,20,3.2478339672088623,2.730920047820451e-32,12.397762298583984
gehring_L3_state,9. CZE nod-like,AT2G32550,21,4.832791328430176,2.729379204264401e-31,12.208429336547852
gehring_L3_state,9. CZE nod-like,AT3G42850,22,4.2078633308410645,3.167836900327042e-30,12.000683784484863
gehring_L3_state,9. CZE nod-like,AT4G25340,23,3.1606597900390625,8.734569751041744e-30,11.91330623626709
gehring_L3_state,9. CZE nod-like,AT1G67120,24,2.7544894218444824,9.717063457273732e-30,11.90138339996338
gehring_L3_state,9. CZE nod-like,AT1G79950,25,2.5937087535858154,2.8257552028525716e-29,11.80902862548828
gehring_L3_state,9. CZE nod-like,AT3G54500,26,2.570697546005249,3.731515492921137e-29,11.782769203186035
gehring_L3_state,9. CZE nod-like,AT1G42980,27,6.033015251159668,4.622275216412743e-29,11.761332511901855
gehring_L3_state,9. CZE nod-like,AT3G14205,28,2.635536432266236,4.622275216412743e-29,11.759267807006836
gehring_L3_state,9. CZE nod-like,AT1G35320,29,3.6435329914093018,7.850784242320165e-28,11.515015602111816
gehring_L3_state,9. CZE nod-like,AT4G25530,30,4.2274250984191895,1.2119529188816458e-27,11.47494411468506
gehring_L3_state,9. CZE nod-like,AT3G42806,31,3.993210077285767,3.2493262942459184e-27,11.386795997619627
gehring_L3_state,9. CZE nod-like,AT5G52330,32,3.195749521255493,1.8656245191507878e-26,11.23095989227295
gehring_L3_state,9. CZE nod-like,AT1G14580,33,4.227107048034668,6.940056158538723e-26,11.111851692199709
gehring_L3_state,9. CZE nod-like,AT4G08990,34,3.760942220687866,7.215659229776312e-26,11.103671073913574
gehring_L3_state,9. CZE nod-like,AT4G14140,35,3.364330768585205,8.095551433211234e-26,11.091121673583984
gehring_L3_state,9. CZE nod-like,AT1G06720,36,2.85975193977356,5.333801165896965e-25,10.917959213256836
gehring_L3_state,9. CZE nod-like,AT3G05310,37,5.518224716186523,5.333801165896965e-25,10.916772842407228
gehring_L3_state,9. CZE nod-like,AT4G14780,38,2.891845226287842,5.48429087400052e-25,10.912105560302734
gehring_L3_state,9. CZE nod-like,AT2G18880,39,5.136317253112793,6.214845525025279e-25,10.898641586303713
gehring_L3_state,9. CZE nod-like,AT2G42270,40,2.2198097705841064,3.2260724159099555e-24,10.745670318603516
gehring_L3_state,9. CZE nod-like,AT2G01008,41,1.8555487394332888,7.411604475802802e-24,10.666604042053224
gehring_L3_state,9. CZE nod-like,AT5G65890,42,4.672621726989746,9.32291482715626e-24,10.643255233764648
gehring_L3_state,9. CZE nod-like,AT5G51105,43,2.5561652183532715,2.194930375705479e-23,10.561224937438965
gehring_L3_state,9. CZE nod-like,AT5G41260,44,2.6890947818756104,2.9563874037246165e-23,10.531294822692873
gehring_L3_state,9. CZE nod-like,AT4G00930,45,2.512707471847534,5.048010921478783e-23,10.478907585144045
gehring_L3_state,9. CZE nod-like,AT2G19540,46,2.500514268875122,1.0783264395089415e-22,10.404990196228027
gehring_L3_state,9. CZE nod-like,AT5G61460,47,2.7177212238311768,1.7470679530089006e-22,10.35525131225586
gehring_L3_state,9. CZE nod-like,AT5G27120,48,3.040971517562866,2.347237265835265e-22,10.325161933898926
gehring_L3_state,9. CZE nod-like,AT1G28630,49,7.004271984100342,2.619977414880017e-22,10.312844276428224
gehring_L3_state,9. CZE nod-like,AT5G24630,50,2.9297962188720703,6.674995786974844e-22,10.22085666656494
gehring_L3_state,9. EMB g2/m-phase,AT4G23800,1,5.983791351318359,3.5271378155666386e-95,21.178455352783203
gehring_L3_state,9. EMB g2/m-phase,AT4G36700,2,3.585529088973999,5.418792965710205e-72,18.43442916870117
gehring_L3_state,9. EMB g2/m-phase,AT4G35100,3,5.019449710845947,1.7123165772367136e-67,17.836767196655273
gehring_L3_state,9. EMB g2/m-phase,AT3G19050,4,5.211147308349609,3.770737442906754e-67,17.782373428344727
gehring_L3_state,9. EMB g2/m-phase,AT1G63100,5,5.143383026123047,6.162445899069834e-64,17.35382080078125
gehring_L3_state,9. EMB g2/m-phase,AT5G51210,6,3.406641960144043,1.2206645776171133e-61,17.02093505859375
gehring_L3_state,9. EMB g2/m-phase,AT2G25060,7,4.907483100891113,2.7467239365838354e-60,16.832502365112305
gehring_L3_state,9. EMB g2/m-phase,AT5G60930,8,4.935655117034912,2.8304441706567487e-59,16.68463706970215
gehring_L3_state,9. EMB g2/m-phase,AT3G23890,9,4.494133472442627,4.392916832467327e-58,16.51590347290039
gehring_L3_state,9. EMB g2/m-phase,AT4G25140,10,3.3006980419158936,1.9897881662130442e-57,16.420602798461914
gehring_L3_state,9. EMB g2/m-phase,AT1G30690,11,3.7072036266326895,2.508961386747546e-54,15.974234580993652
gehring_L3_state,9. EMB g2/m-phase,AT2G28620,12,4.975221157073975,1.9310307857469346e-52,15.69764232635498
gehring_L3_state,9. EMB g2/m-phase,AT1G08560,13,4.297920227050781,5.453058335999472e-51,15.480941772460938
gehring_L3_state,9. EMB g2/m-phase,AT3G44050,14,4.910523414611816,5.380581996319965e-50,15.32785987854004
gehring_L3_state,9. EMB g2/m-phase,AT4G05190,15,5.276307582855225,5.380581996319965e-50,15.32518196105957
gehring_L3_state,9. EMB g2/m-phase,AT1G29930,16,2.705235481262207,8.836842504555527e-50,15.28885269165039
gehring_L3_state,9. EMB g2/m-phase,AT4G27160,17,3.2250845432281494,1.7902306032049886e-48,15.088946342468262
gehring_L3_state,9. EMB g2/m-phase,AT4G14330,18,4.98658561706543,2.28085549912923e-47,14.91495132446289
gehring_L3_state,9. EMB g2/m-phase,AT2G34700,19,3.157176733016968,6.90852729759814e-47,14.838356971740724
gehring_L3_state,9. EMB g2/m-phase,AT5G55520,20,5.709556579589844,8.898353425157338e-45,14.506376266479492
gehring_L3_state,9. EMB g2/m-phase,AT1G72250,21,4.665179252624512,2.799351514299834e-44,14.422924995422363
gehring_L3_state,9. EMB g2/m-phase,AT3G25980,22,4.542828559875488,1.4380562020603132e-43,14.30734920501709
gehring_L3_state,9. EMB g2/m-phase,AT4G11080,23,5.054830074310303,1.590577532395325e-42,14.137030601501465
gehring_L3_state,9. EMB g2/m-phase,AT4G33270,24,4.248063087463379,6.171669238459664e-41,13.875015258789062
gehring_L3_state,9. EMB g2/m-phase,AT3G01570,25,2.896965980529785,1.0776603470611395e-40,13.832905769348145
gehring_L3_state,9. EMB g2/m-phase,AT3G20150,26,5.026440620422363,1.0560400747379507e-38,13.49508285522461
gehring_L3_state,9. EMB g2/m-phase,AT1G50490,27,5.685154438018799,1.412237414849619e-38,13.47167682647705
gehring_L3_state,9. EMB g2/m-phase,AT3G51740,28,3.873470306396485,1.473576031084819e-38,13.464749336242676
gehring_L3_state,9. EMB g2/m-phase,AT5G17160,29,4.470812797546387,2.1365475937924044e-37,13.263922691345217
gehring_L3_state,9. EMB g2/m-phase,AT5G51600,30,4.394828796386719,3.593384694572856e-37,13.22307586669922
gehring_L3_state,9. EMB g2/m-phase,AT2G34420,31,2.655392646789551,9.0207518671162e-37,13.151900291442873
gehring_L3_state,9. EMB g2/m-phase,AT4G31840,32,3.7428250312805176,9.682557863699132e-37,13.143108367919922
gehring_L3_state,9. EMB g2/m-phase,AT5G01910,33,6.139132022857666,8.847562543628946e-36,12.972983360290527
gehring_L3_state,9. EMB g2/m-phase,ATCG00020,34,1.671047568321228,2.988326209935061e-35,12.877714157104492
gehring_L3_state,9. EMB g2/m-phase,AT5G40420,35,2.7862095832824707,3.953867860996095e-35,12.854455947875977
gehring_L3_state,9. EMB g2/m-phase,AT5G13840,36,5.162738800048828,4.801086393212277e-35,12.83783721923828
gehring_L3_state,9. EMB g2/m-phase,AT5G44120,37,2.809133529663086,6.658840278807791e-35,12.810916900634766
gehring_L3_state,9. EMB g2/m-phase,AT1G01620,38,4.351960182189941,4.462212844533516e-34,12.657892227172852
gehring_L3_state,9. EMB g2/m-phase,AT1G67090,39,2.031288385391236,1.2116248114954113e-33,12.577741622924805
gehring_L3_state,9. EMB g2/m-phase,AT1G17140,40,3.595003128051758,1.4690119422893833e-33,12.561060905456545
gehring_L3_state,9. EMB g2/m-phase,AT5G23910,41,5.025430202484131,1.331948997469153e-32,12.383980751037598
gehring_L3_state,9. EMB g2/m-phase,AT1G20610,42,5.267828464508057,4.5148187493737556e-32,12.284222602844238
gehring_L3_state,9. EMB g2/m-phase,AT1G03780,43,5.624056339263916,8.76923274109819e-31,12.039102554321287
gehring_L3_state,9. EMB g2/m-phase,AT5G44560,44,3.736567497253418,1.6152575881061136e-29,11.792152404785156
gehring_L3_state,9. EMB g2/m-phase,AT4G35620,45,5.818889141082764,2.033544383571233e-29,11.771395683288574
gehring_L3_state,9. EMB g2/m-phase,AT1G23000,46,3.7344954013824463,3.061864000463791e-29,11.73418140411377
gehring_L3_state,9. EMB g2/m-phase,AT3G17360,47,4.798568248748779,5.734429050666764e-29,11.67967128753662
gehring_L3_state,9. EMB g2/m-phase,AT5G62550,48,4.808409214019775,1.1995113712205682e-28,11.615485191345217
gehring_L3_state,9. EMB g2/m-phase,AT4G32830,49,5.036382675170898,6.5385946466300525e-28,11.46585464477539
gehring_L3_state,9. EMB g2/m-phase,AT5G48310,50,5.196498870849609,2.5611294876930387e-27,11.345817565917969
gehring_L3_state,9. MCE,AT2G30810,1,6.731123447418213,0.0,38.282676696777344
gehring_L3_state,9. MCE,AT5G39280,2,7.232083320617676,1.5349322413286014e-299,37.244239807128906
gehring_L3_state,9. MCE,AT5G55132,3,6.877810955047607,3.020177337890485e-294,36.90475845336914
gehring_L3_state,9. MCE,AT4G15735,4,6.89729118347168,2.800761551705519e-284,36.27009201049805
gehring_L3_state,9. MCE,AT5G46960,5,6.660466194152832,7.783939658060684e-259,34.612037658691406
gehring_L3_state,9. MCE,AT5G39260,6,6.813299179077148,1.4575056016192056e-257,34.52207946777344
gehring_L3_state,9. MCE,AT2G21465,7,6.956453800201416,1.3507223554029584e-254,34.319297790527344
gehring_L3_state,9. MCE,AT1G56233,8,7.092493057250977,1.053498144537178e-251,34.12096405029297
gehring_L3_state,9. MCE,AT2G02498,9,6.97705602645874,2.5283810502169856e-248,33.888816833496094
gehring_L3_state,9. MCE,AT5G39300,10,6.458216190338135,9.005238337844015e-248,33.848236083984375
gehring_L3_state,9. MCE,AT5G09730,11,6.093620300292969,1.1899228438532908e-243,33.56413650512695
gehring_L3_state,9. MCE,AT1G54445,12,7.629549980163574,2.383560314154083e-236,33.057254791259766
gehring_L3_state,9. MCE,AT5G63087,13,5.5888872146606445,4.346286285945318e-228,32.474830627441406
gehring_L3_state,9. MCE,AT4G39650,14,7.240318298339844,2.8636922869139213e-225,32.27224349975586
gehring_L3_state,9. MCE,AT5G54220,15,6.365174293518066,7.24440198266594e-224,32.16993713378906
gehring_L3_state,9. MCE,AT4G15050,16,7.671300411224365,5.257657305408156e-215,31.527931213378903
gehring_L3_state,9. MCE,AT3G24510,17,5.967353343963623,1.2870175165975933e-212,31.35123062133789
gehring_L3_state,9. MCE,AT1G77525,18,5.167318344116211,1.466052634375569e-211,31.271787643432617
gehring_L3_state,9. MCE,AT2G24693,19,6.227867126464844,1.7240263788139518e-208,31.043380737304688
gehring_L3_state,9. MCE,AT4G19905,20,6.567751884460449,6.311108536991697e-205,30.776538848876957
gehring_L3_state,9. MCE,AT5G46810,21,9.34315013885498,5.727626520971369e-202,30.55308151245117
gehring_L3_state,9. MCE,AT2G44540,22,6.565727710723877,4.5348196123156224e-200,30.408287048339844
gehring_L3_state,9. MCE,AT2G22121,23,6.912553310394287,1.9441437795088063e-197,30.20706367492676
gehring_L3_state,9. MCE,AT1G56415,24,6.297257423400879,2.6519863331282353e-196,30.119117736816406
gehring_L3_state,9. MCE,AT2G02515,25,5.775941848754883,5.507962901871603e-194,29.940263748168945
gehring_L3_state,9. MCE,AT4G22115,26,6.710954666137695,1.0018210899190994e-189,29.60989761352539
gehring_L3_state,9. MCE,AT2G20465,27,6.646543502807617,2.404359027866628e-187,29.423152923583984
gehring_L3_state,9. MCE,AT3G17150,28,7.149041652679443,2.925550886618707e-186,29.336963653564453
gehring_L3_state,9. MCE,AT1G77510,29,4.4017415046691895,7.855011400400695e-179,28.747455596923828
gehring_L3_state,9. MCE,AT1G29600,30,13.215048789978027,3.6679224030334316e-175,28.45121192932129
gehring_L3_state,9. MCE,AT2G02490,31,6.625645637512207,1.4299255547924004e-163,27.4971981048584
gehring_L3_state,9. MCE,AT5G51105,32,4.183995723724365,2.5316582924195158e-163,27.47528839111328
gehring_L3_state,9. MCE,AT1G22015,33,9.10682201385498,9.112817062688022e-163,27.427574157714844
gehring_L3_state,9. MCE,AT4G33840,34,7.991855621337891,3.9735448812058645e-157,26.949512481689453
gehring_L3_state,9. MCE,AT4G29283,35,6.356632709503174,4.231970431471752e-156,26.860633850097656
gehring_L3_state,9. MCE,AT3G01325,36,6.164607048034668,1.9736815216417725e-155,26.80227470397949
gehring_L3_state,9. MCE,AT2G38255,37,8.161955833435059,2.0321937149464324e-155,26.8001651763916
gehring_L3_state,9. MCE,AT1G13605,38,4.912844181060791,2.277779216733754e-154,26.708969116210938
gehring_L3_state,9. MCE,AT5G46950,39,5.587583541870117,1.2439858451583712e-153,26.644445419311523
gehring_L3_state,9. MCE,AT4G24130,40,3.6335697174072266,1.8654628972611808e-148,26.19300842285156
gehring_L3_state,9. MCE,AT1G66870,41,6.221385478973389,3.427994346016938e-140,25.4562931060791
gehring_L3_state,9. MCE,AT1G10190,42,7.9976043701171875,3.5771437251839725e-140,25.45367813110352
gehring_L3_state,9. MCE,AT2G32550,43,5.829658508300781,8.441536505117835e-139,25.328445434570312
gehring_L3_state,9. MCE,AT4G29285,44,6.07574987411499,4.159062846363227e-138,25.26459503173828
gehring_L3_state,9. MCE,AT2G19500,45,6.549746513366699,1.2833021713752543e-136,25.1278133392334
gehring_L3_state,9. MCE,AT3G11920,46,8.276163101196289,7.231667303163615e-136,25.058143615722656
gehring_L3_state,9. MCE,AT1G10745,47,5.99650239944458,5.426561616682121e-134,24.884641647338867
gehring_L3_state,9. MCE,AT2G20208,48,5.81540060043335,1.3363505039196936e-131,24.661046981811523
gehring_L3_state,9. MCE,AT4G16165,49,6.107672691345215,3.7311457342550126e-129,24.43115997314453
gehring_L3_state,9. MCE,AT3G57270,50,7.410013675689697,3.2126356813633358e-127,24.247596740722656
germ_cluster,1,ATCG01130,1,3.1604080200195312,0.0,40.57999420166016
germ_cluster,1,ATCG00800,2,3.3026483058929443,0.0,39.028587341308594
germ_cluster,1,ATCG00820,3,3.029471635818481,0.0,37.97465515136719
germ_cluster,1,ATCG00740,4,3.115880012512207,0.0,37.96149826049805
germ_cluster,1,ATCG00170,5,3.184911727905273,0.0,37.94522476196289
germ_cluster,1,ATCG00790,6,2.9977591037750244,5.431703661761845e-288,36.47869873046875
germ_cluster,1,ATCG00180,7,3.07669734954834,1.5168718929987715e-280,36.001712799072266
germ_cluster,1,AT3G53460,8,2.7176315784454346,2.479756012266585e-272,35.46916580200195
germ_cluster,1,AT2G04030,9,2.466261863708496,7.043574431901414e-243,33.50077819824219
germ_cluster,1,ATCG00160,10,2.831491470336914,2.314082009824888e-224,32.20090866088867
germ_cluster,1,AT4G29060,11,2.8151443004608154,3.315931255638222e-221,31.971662521362305
germ_cluster,1,ATCG00190,12,2.9347474575042725,3.860905297927581e-220,31.892139434814453
germ_cluster,1,AT5G26742,13,2.529348134994507,4.102243262991309e-219,31.815513610839844
germ_cluster,1,AT1G01320,14,2.6881637573242188,7.72386315681968e-213,31.35619735717773
germ_cluster,1,AT4G20360,15,2.622385740280152,1.267077014407857e-212,31.338224411010746
germ_cluster,1,ATCG00810,16,2.654517889022827,8.235164423691642e-211,31.202808380126957
germ_cluster,1,AT3G22120,17,2.893486738204956,3.0096658913479733e-204,30.713232040405277
germ_cluster,1,AT2G28000,18,2.274700880050659,1.096316934154972e-201,30.518930435180664
germ_cluster,1,AT1G35680,19,2.3568782806396484,7.973381346869419e-194,29.918760299682617
germ_cluster,1,AT3G56910,20,2.37138032913208,3.7023975217567614e-192,29.78862571716309
germ_cluster,1,AT3G27850,21,2.4711735248565674,5.815843404314819e-192,29.771841049194336
germ_cluster,1,AT1G67090,22,2.912992477416992,1.17880809045115e-186,29.35742950439453
germ_cluster,1,AT2G37220,23,2.2430624961853027,2.9456366128675227e-186,29.32473945617676
germ_cluster,1,AT1G79850,24,2.2993733882904053,5.372857753953975e-178,28.668046951293945
germ_cluster,1,AT4G34620,25,2.0620572566986084,9.792841422205679e-176,28.484682083129883
germ_cluster,1,AT3G21720,26,1.940427303314209,4.421382734819956e-168,27.858428955078125
germ_cluster,1,AT1G15500,27,1.96852707862854,1.1394948480629031e-166,27.74034118652344
germ_cluster,1,ATCG00340,28,2.464679479598999,2.3174674384947792e-166,27.71346092224121
germ_cluster,1,AT5G50920,29,2.2462823390960693,1.7512556359997158e-161,27.304391860961918
germ_cluster,1,AT1G48350,30,2.199561834335327,3.851790756410019e-161,27.27430725097656
germ_cluster,1,AT4G24770,31,2.109875440597534,4.592282615996502e-160,27.18220329284668
germ_cluster,1,AT1G05190,32,2.2477240562438965,1.3403959705993794e-159,27.141651153564453
germ_cluster,1,AT1G55490,33,2.184218406677246,3.09687173922346e-159,27.10968780517578
germ_cluster,1,ATCG00470,34,2.142720460891724,3.916510341478778e-159,27.099937438964844
germ_cluster,1,AT3G63490,35,2.1262338161468506,1.2559926333605623e-158,27.055891036987305
germ_cluster,1,ATCG00380,36,2.251091718673706,3.520410695957998e-158,27.01678276062012
germ_cluster,1,ATCG00540,37,2.601747274398804,2.1279575937318554e-156,26.86372184753418
germ_cluster,1,AT2G38140,38,2.055548667907715,3.954835545683288e-153,26.5814266204834
germ_cluster,1,ATCG00040,39,2.3937315940856934,4.144231353345631e-147,26.054473876953125
germ_cluster,1,AT5G65220,40,1.9917271137237549,2.391776738055203e-142,25.62892723083496
germ_cluster,1,AT1G07320,41,2.0967068672180176,1.549806172150668e-140,25.464956283569336
germ_cluster,1,AT5G03860,42,1.7638888359069824,1.0862100375525773e-138,25.296850204467773
germ_cluster,1,AT3G11120,43,1.614391207695007,1.86490274662651e-133,24.815643310546875
germ_cluster,1,AT3G27830,44,2.046741008758545,1.4374948241160967e-131,24.639310836791992
germ_cluster,1,AT5G14320,45,1.9793386459350584,2.7311112344430255e-130,24.518823623657227
germ_cluster,1,AT1G06950,46,2.25423526763916,2.1791933610406795e-127,24.244340896606445
germ_cluster,1,AT2G47400,47,1.947932839393616,3.3827579231304616e-127,24.225360870361328
germ_cluster,1,AT3G15190,48,1.9353381395339968,9.171312225831582e-127,24.183372497558597
germ_cluster,1,AT1G75350,49,1.949978590011597,4.598054915420767e-123,23.828235626220703
germ_cluster,1,AT5G38410,50,2.2347230911254883,1.6570900242376496e-121,23.676755905151367
germ_cluster,10,AT2G38540,1,5.075257301330566,5.80243795837789e-150,26.417631149291992
germ_cluster,10,AT5G02380,2,2.4427382946014404,2.639989614881469e-147,26.16980361938477
germ_cluster,10,AT2G38530,3,4.335640907287598,6.558128501209737e-147,26.12406539916992
germ_cluster,10,AT3G16420,4,3.991586208343506,8.612016088355925e-139,25.39076805114746
germ_cluster,10,AT1G27950,5,3.674191474914551,3.8501221860758426e-136,25.13774299621582
germ_cluster,10,AT2G42840,6,4.241161346435547,1.1171717975084636e-134,24.99682235717773
germ_cluster,10,AT1G54410,7,3.133053779602051,1.4704964640716893e-130,24.61028861999512
germ_cluster,10,AT1G54010,8,4.452897071838379,9.377824495813995e-120,23.567352294921875
germ_cluster,10,AT3G02480,9,1.5492955446243286,6.071939520985737e-113,22.883739471435547
germ_cluster,10,AT5G23820,10,4.285088539123535,8.788626636186509e-113,22.864789962768555
germ_cluster,10,AT3G09260,11,3.8601748943328857,1.7707992414217703e-111,22.728147506713867
germ_cluster,10,AT3G43720,12,3.363369464874268,1.2443784022541112e-90,20.461017608642575
germ_cluster,10,AT2G41430,13,1.021454930305481,2.5942474682997146e-89,20.308752059936523
germ_cluster,10,AT3G16400,14,4.461191177368164,4.5174189715000464e-86,19.932941436767575
germ_cluster,10,AT4G39330,15,4.904160976409912,9.28400183394766e-84,19.657867431640625
germ_cluster,10,AT5G15230,16,2.4688467979431152,6.10287052265185e-82,19.43642807006836
germ_cluster,10,AT5G43760,17,3.871133804321289,6.901373951058116e-82,19.42950820922852
germ_cluster,10,AT1G56580,18,2.967636823654175,6.387935645824044e-81,19.311420440673828
germ_cluster,10,AT3G15950,19,3.583034038543701,2.40840182212371e-77,18.874313354492188
germ_cluster,10,AT2G26250,20,3.224923849105835,2.919189643840622e-66,17.45416831970215
germ_cluster,10,AT3G10720,21,3.4775290489196777,3.314077551929029e-66,17.446537017822266
germ_cluster,10,AT4G02380,22,1.0019490718841553,5.517215346620543e-66,17.415876388549805
germ_cluster,10,AT1G09310,23,4.78903341293335,1.0272185838020014e-65,17.3795223236084
germ_cluster,10,AT5G26280,24,3.073259830474853,4.028467736123749e-65,17.300235748291016
germ_cluster,10,AT4G23670,25,5.324013710021973,3.5973716126649555e-64,17.172542572021484
germ_cluster,10,AT4G30470,26,3.4329993724823,9.278796966547268e-63,16.981069564819336
germ_cluster,10,AT4G18970,27,4.888315200805664,1.3901790785938847e-62,16.956619262695312
germ_cluster,10,AT3G04290,28,6.643363952636719,1.4158264492752369e-61,16.817922592163086
germ_cluster,10,AT5G22500,29,4.809938430786133,2.0157092385206092e-60,16.657434463500977
germ_cluster,10,AT3G16460,30,3.210606336593628,3.53371766420112e-57,16.19925880432129
germ_cluster,10,AT5G42980,31,0.5990874171257019,4.6372107198820635e-54,15.744828224182127
germ_cluster,10,AT4G21620,32,3.762129068374634,2.7243996900033314e-53,15.631251335144045
germ_cluster,10,AT1G17200,33,3.4452874660491943,3.049458423476294e-52,15.474875450134276
germ_cluster,10,AT1G05135,34,3.335069179534912,1.8894803659837665e-48,14.89681339263916
germ_cluster,10,AT2G20835,35,3.3005294799804688,4.538365589482103e-47,14.680685997009276
germ_cluster,10,AT5G45670,36,3.284564256668091,1.0902676718490866e-46,14.62007999420166
germ_cluster,10,AT1G33590,37,2.5113871097564697,2.74974288127982e-46,14.556174278259276
germ_cluster,10,AT1G02205,38,6.084072589874268,3.9453640811254336e-46,14.530945777893066
germ_cluster,10,AT4G16500,39,1.430254578590393,5.0191860608770635e-46,14.513671875
germ_cluster,10,AT1G01120,40,4.153748512268066,8.265538292940081e-46,14.478655815124512
germ_cluster,10,AT4G29020,41,3.43493390083313,9.269310290650783e-45,14.309505462646484
germ_cluster,10,AT1G72970,42,3.680901050567627,2.625381108971765e-44,14.236416816711426
germ_cluster,10,AT3G55120,43,3.345541000366211,4.094039170627056e-44,14.205076217651367
germ_cluster,10,AT3G20370,44,2.9658823013305664,1.4486953216278573e-43,14.115276336669922
germ_cluster,10,AT2G27385,45,4.661099433898926,6.1153861613131275e-43,14.012646675109863
germ_cluster,10,AT3G28910,46,3.0202646255493164,3.7230377302990806e-42,13.882322311401367
germ_cluster,10,AT3G08580,47,0.3326490521430969,2.746385035692154e-40,13.56698226928711
germ_cluster,10,AT3G16370,48,3.839430809020996,4.348691909537112e-40,13.532772064208984
germ_cluster,10,AT1G70410,49,1.7101274728775024,6.402401791130698e-38,13.158190727233888
germ_cluster,10,AT4G36250,50,3.1928911209106445,7.64138761363891e-38,13.14458179473877
germ_cluster,11,AT3G41979,1,1.7589131593704224,1.993874871444185e-302,37.42598724365234
germ_cluster,11,AT1G75830,2,2.44337010383606,4.72571889237333e-100,21.45161819458008
germ_cluster,11,AT5G10520,3,2.7323293685913086,3.402542923254148e-06,4.956291675567627
germ_cluster,11,AT1G48920,4,0.1982425600290298,2.8456027028152835e-05,4.500400066375732
germ_cluster,11,AT4G09030,5,-0.2658104300498962,0.0037880385771057,3.230975151062012
germ_cluster,11,AT5G11740,6,-0.3205481767654419,0.0148135263761182,2.782846212387085
germ_cluster,11,AT3G08520,7,-0.2970393002033233,0.0167785025852259,2.737929582595825
germ_cluster,11,AT3G41768,8,0.6637670993804932,0.1066805595740967,1.9750391244888303
germ_cluster,11,AT4G28520,9,1.076851725578308,0.1285447933237102,1.8857684135437007
germ_cluster,11,AT1G72060,10,1.16493022441864,0.1951074728675377,1.6683374643325806
germ_cluster,11,AT5G05290,11,2.4701826572418213,0.5705914940030018,0.9530702233314514
germ_cluster,11,AT3G09390,12,-0.1015761345624923,0.6459587686214747,0.8467838764190674
germ_cluster,11,AT1G62420,13,1.4274232387542725,0.6855230423321359,0.7930740118026733
germ_cluster,11,AT5G35660,14,0.3261972665786743,0.6857381933518362,0.7917980551719666
germ_cluster,11,AT5G66310,15,1.3947736024856567,0.7280432608681242,0.7353302240371704
germ_cluster,11,AT4G27970,16,2.072184801101685,0.7618414408973093,0.6886540651321411
germ_cluster,11,ATMG01390,17,0.3473328351974487,0.8084259166045844,0.6273835301399231
germ_cluster,11,AT2G41260,18,0.7062981724739075,0.8329626943397217,0.5948619842529297
germ_cluster,11,AT1G74670,19,1.7033919095993042,0.8377203196452155,0.586944580078125
germ_cluster,11,AT1G18100,20,1.597220540046692,0.8684394127553648,0.5466364622116089
germ_cluster,11,AT5G21150,21,2.4209916591644287,0.8965726771821123,0.5049096941947937
germ_cluster,11,AT4G22592,22,1.879908561706543,0.9173464197456552,0.4753284752368927
germ_cluster,11,AT5G39610,23,3.43031907081604,0.9207946731521088,0.4700739979743957
germ_cluster,11,AT3G25710,24,0.661203920841217,0.934848027687892,0.4497495293617248
germ_cluster,11,AT1G66600,25,2.1579205989837646,0.9467731984643591,0.433784008026123
germ_cluster,11,AT4G27160,26,0.5796571373939514,0.967848528893383,0.4009137749671936
germ_cluster,11,AT2G40205,27,-0.3385501205921173,0.9784110278548732,0.3852454125881195
germ_cluster,11,AT4G15620,28,1.0185463428497314,0.9911750732306908,0.3649685084819793
germ_cluster,11,AT4G22710,29,1.180658221244812,0.9990551353093886,0.3460032343864441
germ_cluster,11,AT5G28646,30,2.127182006835937,0.9990551353093886,0.3321735858917236
germ_cluster,11,AT4G27460,31,1.078363060951233,0.9990551353093886,0.3245652914047241
germ_cluster,11,AT3G19615,32,1.2732486724853516,0.9990551353093886,0.3206818699836731
germ_cluster,11,AT5G03795,33,1.645929932594299,0.9990551353093886,0.316362589597702
germ_cluster,11,AT1G55580,34,2.726527452468872,0.9990551353093886,0.2877205014228821
germ_cluster,11,AT5G55490,35,1.354927659034729,0.9990551353093886,0.2651967704296112
germ_cluster,11,AT3G48580,36,2.5362143516540527,0.9990551353093886,0.2567880153656006
germ_cluster,11,AT4G39363,37,1.7650419473648071,0.9990551353093886,0.2561302185058594
germ_cluster,11,AT2G27380,38,2.074806928634644,0.9990551353093886,0.2413376271724701
germ_cluster,11,AT5G02460,39,1.2388590574264526,0.9990551353093886,0.2392889261245727
germ_cluster,11,AT1G14950,40,3.59031343460083,0.9990551353093886,0.2375374287366867
germ_cluster,11,AT1G70810,41,0.9283536076545716,0.9990551353093886,0.2274128496646881
germ_cluster,11,AT2G34315,42,3.5790226459503174,0.9990551353093886,0.2273375540971756
germ_cluster,11,AT4G18690,43,1.608389139175415,0.9990551353093886,0.2249124199151992
germ_cluster,11,AT4G15396,44,1.2418590784072876,0.9990551353093886,0.2091687768697738
germ_cluster,11,AT3G52490,45,1.1720328330993652,0.9990551353093886,0.2000744938850402
germ_cluster,11,AT1G09080,46,3.685606241226196,0.9990551353093886,0.1970866471529007
germ_cluster,11,AT2G26560,47,1.260247826576233,0.9990551353093886,0.1948279291391372
germ_cluster,11,AT2G35980,48,2.720062494277954,0.9990551353093886,0.191467598080635
germ_cluster,11,ATMG00570,49,1.577777862548828,0.9990551353093886,0.1897636502981186
germ_cluster,11,AT2G07667,50,1.525258183479309,0.9990551353093886,0.1851273477077484
germ_cluster,12,AT5G02380,1,3.690683126449585,0.0,38.3054084777832
germ_cluster,12,AT2G41430,2,2.0755295753479004,6.591141665395863e-263,34.89219665527344
germ_cluster,12,AT2G02130,3,3.508334159851074,9.477570184738724e-232,32.76115798950195
germ_cluster,12,AT5G20010,4,2.209523677825928,2.7241526904772737e-231,32.72016143798828
germ_cluster,12,AT5G54940,5,2.1843318939208984,8.746213001310684e-230,32.60723114013672
germ_cluster,12,AT5G11740,6,1.7050178050994873,1.5927256318747668e-223,32.15687942504883
germ_cluster,12,AT3G09440,7,2.21038031578064,1.1877451217545097e-208,31.0698299407959
germ_cluster,12,AT4G24960,8,3.885675668716431,8.192958042538057e-198,30.25237846374512
germ_cluster,12,AT1G55210,9,4.283396244049072,1.8634910609760822e-192,29.838380813598636
germ_cluster,12,AT5G10695,10,2.300140142440796,1.4309865353140914e-161,27.34720230102539
germ_cluster,12,AT4G27960,11,2.430353164672852,1.671129203408504e-156,26.914514541625977
germ_cluster,12,AT4G36988,12,2.672527551651001,2.3496656170544845e-152,26.551979064941406
germ_cluster,12,AT3G02480,13,1.845072865486145,4.041020414703257e-145,25.915197372436523
germ_cluster,12,AT2G26150,14,2.421663761138916,2.758861175714683e-141,25.57025146484375
germ_cluster,12,AT5G42980,15,1.2396348714828491,1.279392097631262e-138,25.324745178222656
germ_cluster,12,AT1G30070,16,2.416602373123169,3.0104707009257057e-134,24.922569274902344
germ_cluster,12,AT5G01600,17,2.4198498725891118,5.699429669998783e-132,24.70955467224121
germ_cluster,12,AT1G07400,18,2.522693157196045,1.8098997808668144e-127,24.285125732421875
germ_cluster,12,AT1G70490,19,1.8756523132324217,4.200489892829161e-120,23.5670223236084
germ_cluster,12,AT5G21090,20,1.9057904481887815,2.0223663134299152e-114,22.99745178222656
germ_cluster,12,AT5G12140,21,2.189141273498535,2.895734581201162e-113,22.879079818725582
germ_cluster,12,AT1G78370,22,3.3317599296569824,5.896490343902307e-112,22.745990753173828
germ_cluster,12,AT1G23490,23,1.3803060054779053,4.2488088223684084e-108,22.347036361694336
germ_cluster,12,AT5G42570,24,2.183459043502808,1.6207975977151453e-107,22.285030364990234
germ_cluster,12,AT1G54050,25,2.10123872756958,1.2240385440121419e-105,22.08847045898437
germ_cluster,12,AT5G11970,26,2.32671856880188,3.4504809749338015e-104,21.935121536254883
germ_cluster,12,AT3G51810,27,2.5822460651397705,7.850519932430806e-104,21.895790100097656
germ_cluster,12,AT4G32020,28,1.565750241279602,8.700454631349108e-101,21.5677433013916
germ_cluster,12,AT2G32240,29,2.9185287952423096,6.933803813732943e-96,21.032060623168945
germ_cluster,12,AT5G56030,30,1.224173903465271,1.2714258013789855e-95,21.00183868408203
germ_cluster,12,AT3G25230,31,1.5485577583312988,2.741077062507272e-94,20.853349685668945
germ_cluster,12,AT2G41110,32,1.5220766067504885,1.4578276647130584e-92,20.660329818725582
germ_cluster,12,AT3G61640,33,1.5564169883728027,4.1602464983300436e-91,20.49654960632324
germ_cluster,12,AT1G18740,34,1.5789374113082886,4.4834541877045215e-88,20.15126037597656
germ_cluster,12,AT1G61340,35,1.6142542362213137,3.030413423920994e-87,20.055200576782227
germ_cluster,12,AT1G19180,36,1.7355464696884155,3.2495280631767004e-84,19.700902938842773
germ_cluster,12,AT2G13820,37,4.590330600738525,2.872521027974833e-81,19.34779167175293
germ_cluster,12,AT3G12630,38,1.5813252925872805,3.7206653038116974e-81,19.33393859863281
germ_cluster,12,AT2G44670,39,2.143113613128662,1.4001113814286783e-76,18.77715110778809
germ_cluster,12,AT3G62290,40,1.134032964706421,2.859450649995014e-76,18.73871612548828
germ_cluster,12,AT4G19200,41,2.0245554447174072,3.307619271900839e-76,18.730499267578125
germ_cluster,12,AT3G03341,42,1.5362335443496704,2.897911385219328e-75,18.613204956054688
germ_cluster,12,AT5G15650,43,1.6582647562026978,3.904133157142076e-74,18.46979331970215
germ_cluster,12,AT1G71950,44,1.3389976024627686,8.800466964296327e-74,18.424579620361328
germ_cluster,12,AT1G69410,45,1.7263909578323364,2.2980256591786025e-73,18.371723175048828
germ_cluster,12,AT4G34150,46,1.3937419652938845,7.784836565169052e-72,18.177471160888672
germ_cluster,12,AT3G47960,47,2.3478875160217285,2.7562144912990133e-71,18.107589721679688
germ_cluster,12,AT2G23120,48,1.1492966413497925,3.3267740447532547e-71,18.096824645996094
germ_cluster,12,AT3G56800,49,1.30104660987854,9.979016836709619e-71,18.03580474853516
germ_cluster,12,AT3G15210,50,1.4591171741485596,1.1907245329647802e-70,18.025636672973636
germ_cluster,13,AT5G47190,1,3.5558228492736816,1.85256347974814e-207,31.04405975341797
germ_cluster,13,AT3G22840,2,4.52125883102417,2.2308757231921248e-206,30.941511154174805
germ_cluster,13,AT2G35370,3,4.005763053894043,5.60622478347203e-204,30.7493953704834
germ_cluster,13,AT3G25920,4,3.426708936691284,3.617548072075767e-201,30.525218963623047
germ_cluster,13,AT5G38420,5,5.160070896148682,3.617548072075767e-201,30.52178192138672
germ_cluster,13,AT1G32470,6,4.2996344566345215,6.946821536233607e-198,30.26732063293457
germ_cluster,13,AT4G01150,7,3.4615070819854736,1.4168936031783423e-197,30.238697052001957
germ_cluster,13,AT3G62030,8,3.235888957977295,9.56292010726313e-194,29.941560745239254
germ_cluster,13,AT5G54600,9,3.4077205657958984,1.2396695345077295e-193,29.928970336914062
germ_cluster,13,AT3G27160,10,3.4174962043762207,5.520730827716747e-193,29.87555503845215
germ_cluster,13,AT1G29070,11,3.343613862991333,6.121442034863963e-191,29.714508056640625
germ_cluster,13,AT1G44575,12,4.078498363494873,8.718768362288299e-191,29.699691772460938
germ_cluster,13,AT2G24090,13,3.351154327392578,9.631412359431031e-191,29.69365119934082
germ_cluster,13,AT5G20720,14,2.951847791671753,2.8310865490493356e-186,29.342992782592773
germ_cluster,13,AT1G78630,15,3.262226104736328,4.202901421832741e-186,29.32719039916992
germ_cluster,13,AT2G43030,16,3.3390376567840576,1.2585952437419864e-183,29.130130767822266
germ_cluster,13,AT4G28660,17,3.406860589981079,6.444087439906244e-178,28.67372703552246
germ_cluster,13,AT4G01310,18,3.2415695190429688,2.173486755321045e-174,28.38734436035156
germ_cluster,13,AT4G34190,19,3.2665135860443115,2.0837066551892282e-170,28.059415817260746
germ_cluster,13,AT3G52590,20,1.7745684385299685,2.0837066551892282e-170,28.05917739868164
germ_cluster,13,AT5G65220,21,3.0231261253356934,6.680316592601448e-170,28.01593971252441
germ_cluster,13,AT1G64510,22,3.203437805175781,2.124396297216216e-168,27.89067649841309
germ_cluster,13,AT3G54210,23,3.054266452789306,5.408817878046847e-167,27.772920608520508
germ_cluster,13,AT1G33810,24,3.085212469100952,1.5566669394461496e-163,27.483470916748047
germ_cluster,13,AT4G34620,25,2.7477948665618896,3.088351140181997e-163,27.457080841064453
germ_cluster,13,AT3G52150,26,3.2022385597229004,7.002529587586725e-160,27.17316246032715
germ_cluster,13,AT1G32990,27,3.204029083251953,8.093338805351342e-160,27.166454315185547
germ_cluster,13,AT3G52960,28,2.638046741485596,4.855399547092845e-157,26.927631378173828
germ_cluster,13,AT2G28900,29,3.2183539867401123,1.1055162203231439e-156,26.895841598510746
germ_cluster,13,AT5G15200,30,1.690364956855774,1.163206019667664e-156,26.89273452758789
germ_cluster,13,AT5G28750,31,3.060351848602295,1.2595285932030801e-155,26.802949905395508
germ_cluster,13,AT5G63310,32,2.9832379817962646,2.589228905363677e-155,26.774938583374023
germ_cluster,13,AT1G67090,33,3.638024091720581,3.900872032883598e-155,26.75853538513184
germ_cluster,13,AT1G74970,34,3.052817106246948,1.7554507120744486e-154,26.70125961303711
germ_cluster,13,AT3G62530,35,2.4435133934021,4.262736898913959e-154,26.66700553894043
germ_cluster,13,AT5G24314,36,3.13196349143982,5.964481101926095e-154,26.653396606445312
germ_cluster,13,AT5G14320,37,3.0276033878326416,2.4670636173535e-153,26.59914779663086
germ_cluster,13,AT3G63160,38,3.295624256134033,4.759205302085211e-152,26.486825942993164
germ_cluster,13,AT5G14910,39,2.9131901264190674,8.021403040274222e-151,26.3791618347168
germ_cluster,13,AT3G11630,40,2.771406412124634,6.822909269893276e-150,26.297061920166016
germ_cluster,13,AT1G05190,41,3.071776866912842,1.2616639626869948e-149,26.27279281616211
germ_cluster,13,AT5G17870,42,2.8020622730255127,3.6238848987335885e-148,26.143966674804688
germ_cluster,13,AT1G42970,43,3.323591947555542,5.328229760411783e-147,26.04021644592285
germ_cluster,13,AT3G08740,44,3.0296339988708496,1.124429800127554e-146,26.010698318481445
germ_cluster,13,AT2G44650,45,2.75771713256836,8.693884251782436e-144,25.75327682495117
germ_cluster,13,AT3G26060,46,3.0503525733947754,2.862336828955004e-143,25.706199645996094
germ_cluster,13,AT4G03280,47,3.143336057662964,1.0382826807764605e-142,25.655282974243164
germ_cluster,13,AT4G09040,48,2.9490747451782227,1.1955367785361018e-142,25.64899063110352
germ_cluster,13,AT2G33450,49,2.8569624423980717,7.064339253981746e-142,25.57895278930664
germ_cluster,13,AT5G38410,50,3.610041379928589,1.8508567144588445e-141,25.54055404663086
germ_cluster,14,AT5G26260,1,7.815896034240723,3.911654903498549e-279,35.96550369262695
germ_cluster,14,AT1G54000,2,7.098308086395264,6.199961831647716e-277,35.805145263671875
germ_cluster,14,AT3G16420,3,5.909718036651611,1.2723092848558577e-262,34.86173629760742
germ_cluster,14,AT3G09260,4,5.61668872833252,7.228266033199799e-251,34.068756103515625
germ_cluster,14,AT1G54410,5,5.096191883087158,2.1377799977936483e-250,34.03038787841797
germ_cluster,14,AT2G46140,6,5.172412872314453,3.850982784609877e-219,31.841766357421875
germ_cluster,14,AT1G28290,7,6.131393909454346,3.60247148412271e-217,31.694196701049805
germ_cluster,14,AT5G26280,8,5.161378860473633,3.367095301732571e-204,30.73409080505371
germ_cluster,14,AT2G22170,9,4.696519374847412,5.373095145623048e-201,30.489580154418945
germ_cluster,14,AT5G02260,10,4.884159088134766,5.364784349932642e-190,29.644662857055664
germ_cluster,14,AT3G02230,11,3.8896119594573975,1.1128642414322211e-188,29.539093017578125
germ_cluster,14,AT1G66280,12,7.965250492095947,1.7042487659569952e-187,29.4437255859375
germ_cluster,14,AT4G12880,13,5.2447943687438965,1.060793731773406e-186,29.378910064697266
germ_cluster,14,AT5G15230,14,4.648225784301758,3.1175649098533372e-186,29.339712142944336
germ_cluster,14,AT4G24920,15,2.770683765411377,6.448193443875648e-179,28.758146286010746
germ_cluster,14,AT5G15650,16,3.308699607849121,1.1315258372459596e-178,28.736366271972656
germ_cluster,14,AT4G31320,17,6.293960094451904,3.956830118354672e-176,28.52994537353516
germ_cluster,14,AT3G16460,18,5.179236888885498,2.5488423579592277e-174,28.381738662719727
germ_cluster,14,AT3G15950,19,4.599127292633057,5.180726408642715e-168,27.86399269104004
germ_cluster,14,AT3G52930,20,2.3753159046173096,1.4617832236081568e-163,27.492380142211918
germ_cluster,14,AT2G25980,21,5.176065921783447,1.826787964871429e-161,27.31465148925781
germ_cluster,14,AT3G43720,22,4.366304874420166,1.3288506137897398e-160,27.24029922485352
germ_cluster,14,AT1G77330,23,6.125577449798584,4.9238774808154255e-155,26.76443099975586
germ_cluster,14,AT5G14030,24,2.4861342906951904,8.665174422306698e-154,26.65562057495117
germ_cluster,14,AT1G56580,25,4.033992767333984,3.595321817086219e-153,26.60072898864746
germ_cluster,14,AT2G21160,26,2.5904929637908936,2.0786043351511215e-152,26.53188133239746
germ_cluster,14,AT2G45070,27,2.158283233642578,8.276019502096369e-152,26.478456497192383
germ_cluster,14,AT5G13870,28,4.197282791137695,4.0134344934206097e-150,26.33033943176269
germ_cluster,14,AT5G23820,29,4.3121771812438965,3.077351489186062e-149,26.251684188842773
germ_cluster,14,AT5G65020,30,4.305327892303467,5.329582070114426e-147,26.053630828857425
germ_cluster,14,AT1G09560,31,3.66003942489624,8.70974045327359e-146,25.94511604309082
germ_cluster,14,AT5G45280,32,3.8333451747894287,1.727915527510657e-143,25.73951911926269
germ_cluster,14,AT3G29034,33,5.236954212188721,1.1491400101811549e-141,25.57501602172852
germ_cluster,14,AT1G21750,34,2.990079164505005,3.866843624024306e-141,25.526269912719727
germ_cluster,14,AT2G41800,35,4.925230026245117,3.866843624024306e-141,25.525362014770508
germ_cluster,14,AT5G48580,36,2.846017599105835,6.0051417737214955e-139,25.32615852355957
germ_cluster,14,AT5G10130,37,7.089358329772949,6.887281789282972e-138,25.228740692138672
germ_cluster,14,AT4G19200,38,3.1196155548095703,1.9803756621445719e-137,25.18587684631348
germ_cluster,14,AT1G78040,39,1.9352308511734009,1.2118127853770646e-136,25.11295890808105
germ_cluster,14,AT3G05890,40,5.372349739074707,1.299005672740563e-134,24.92542839050293
germ_cluster,14,AT4G30650,41,3.685840606689453,2.215855230465357e-133,24.81057548522949
germ_cluster,14,AT3G04120,42,2.074882984161377,1.3403491526023147e-132,24.73709297180176
germ_cluster,14,AT2G47485,43,5.482022762298584,2.2916008320487492e-132,24.714509963989254
germ_cluster,14,AT5G53560,44,2.128819942474365,2.47296319469644e-131,24.617319107055664
germ_cluster,14,AT5G50460,45,2.213168144226074,2.7772961933519785e-131,24.61172103881836
germ_cluster,14,AT4G19030,46,6.251731395721436,1.5887041693475794e-130,24.53999900817871
germ_cluster,14,AT1G54030,47,3.3939571380615234,1.6138427210299365e-130,24.538503646850582
germ_cluster,14,AT1G66270,48,6.601337432861328,4.652472212291795e-130,24.494548797607425
germ_cluster,14,AT2G45790,49,3.3186166286468506,4.103529462952518e-128,24.310457229614254
germ_cluster,14,AT4G21850,50,4.024238586425781,7.3745819338864084e-127,24.19072151184082
germ_cluster,15,AT3G15353,1,8.63349437713623,2.4235514873307708e-237,33.184608459472656
germ_cluster,15,AT4G38740,2,6.184837818145752,2.1406392353947063e-222,32.11025619506836
germ_cluster,15,AT4G34870,3,3.291325807571411,9.47709946603787e-221,31.97944641113281
germ_cluster,15,AT5G42980,4,3.467665910720825,1.7463343609316916e-212,31.370115280151367
germ_cluster,15,AT5G57350,5,9.780784606933594,3.9528000789953836e-207,30.967788696289062
germ_cluster,15,AT2G16600,6,3.252861499786377,1.0473344755789407e-193,29.94812393188477
germ_cluster,15,AT5G02380,7,5.405467987060547,9.950150326066008e-193,29.86778450012207
germ_cluster,15,AT3G03270,8,6.1727705001831055,2.740721915888132e-191,29.7522029876709
germ_cluster,15,AT2G27030,9,4.002138137817383,1.3023691174468819e-173,28.348711013793945
germ_cluster,15,AT5G22090,10,6.797536373138428,8.029779827812001e-161,27.28763198852539
germ_cluster,15,AT5G04080,11,8.798927307128906,4.913874292328378e-155,26.79201316833496
germ_cluster,15,AT1G54410,12,5.077694416046143,1.5577422694781405e-153,26.659616470336918
germ_cluster,15,AT1G22710,13,7.39668083190918,9.121157398785218e-148,26.15439987182617
germ_cluster,15,AT5G43380,14,8.908570289611816,7.117507565442434e-142,25.62830352783203
germ_cluster,15,AT1G79430,15,8.149932861328125,8.061547190790402e-140,25.44066047668457
germ_cluster,15,AT3G08580,16,1.944844484329224,5.4587281160290925e-136,25.08953857421875
germ_cluster,15,AT5G54940,17,2.9192113876342773,1.5087641175632705e-135,25.046632766723636
germ_cluster,15,AT5G02600,18,8.198165893554688,5.89837093548141e-133,24.805274963378903
germ_cluster,15,AT2G47710,19,3.712521553039551,2.662262864427065e-120,23.6011962890625
germ_cluster,15,AT3G56240,20,5.927081108093262,1.5094554288651445e-119,23.5255184173584
germ_cluster,15,AT5G62680,21,6.676167011260986,2.3593316533477343e-119,23.504487991333008
germ_cluster,15,AT4G33660,22,5.140172958374023,2.1751244948087108e-113,22.911794662475582
germ_cluster,15,AT1G66200,23,6.901096820831299,2.354543565642891e-113,22.906404495239254
germ_cluster,15,AT1G01470,24,3.5530760288238525,1.1424368155372404e-106,22.223499298095703
germ_cluster,15,AT5G45350,25,3.3216664791107178,1.1424368155372404e-106,22.221773147583008
germ_cluster,15,AT1G69410,26,3.380636215209961,4.803927035223402e-106,22.15541076660156
germ_cluster,15,AT4G10040,27,2.9803502559661865,6.3084083745587305e-106,22.141433715820312
germ_cluster,15,AT3G16360,28,8.683072090148926,8.819258113590003e-106,22.12468719482422
germ_cluster,15,AT1G31812,29,3.1620476245880127,9.479279463485752e-105,22.015718460083008
germ_cluster,15,AT3G03341,30,3.058710813522339,7.250639325231432e-100,21.498409271240234
germ_cluster,15,AT5G59890,31,4.336098670959473,7.442754427629958e-97,21.17109489440918
germ_cluster,15,AT5G12140,32,3.28638768196106,3.9246480129483216e-95,20.98192596435547
germ_cluster,15,AT4G26970,33,4.446271896362305,4.715821572570202e-94,20.8619384765625
germ_cluster,15,AT4G01600,34,8.589447021484375,3.5055930511471695e-92,20.65345573425293
germ_cluster,15,AT2G38640,35,7.2113752365112305,3.413157042143978e-87,20.08823013305664
germ_cluster,15,AT1G78370,36,3.793033123016357,5.002799399054147e-84,19.7215633392334
germ_cluster,15,AT1G69510,37,2.628807783126831,8.1646289901311315e-84,19.695459365844727
germ_cluster,15,AT1G54575,38,7.4695048332214355,7.467032386069993e-81,19.345781326293945
germ_cluster,15,AT5G35680,39,2.801130771636963,2.111080684954778e-79,19.17144012451172
germ_cluster,15,AT2G24940,40,2.828125476837158,1.1108524920260628e-78,19.083606719970703
germ_cluster,15,AT4G19840,41,8.793655395507812,2.322207291065861e-78,19.043800354003903
germ_cluster,15,AT1G10380,42,10.248377799987791,5.382713523103985e-77,18.877269744873047
germ_cluster,15,AT5G42146,43,9.739452362060549,6.931640185689949e-75,18.617673873901367
germ_cluster,15,AT1G70490,44,2.390667200088501,1.0909766594686762e-72,18.343549728393555
germ_cluster,15,AT4G11010,45,1.9529348611831665,1.9226560744050185e-72,18.311553955078125
germ_cluster,15,AT5G20010,46,2.0898826122283936,4.202242934930989e-72,18.26778221130371
germ_cluster,15,AT1G07640,47,5.923578262329102,1.1851254535070666e-71,18.20997810363769
germ_cluster,15,AT5G66440,48,6.17094087600708,2.093138210489387e-71,18.17770004272461
germ_cluster,15,AT2G21060,49,2.4209649562835693,3.2951126108935527e-71,18.1506404876709
germ_cluster,15,AT2G20562,50,3.4620046615600586,7.488783870374944e-71,18.104440689086918
germ_cluster,2,AT2G45180,1,5.271771430969238,5.462811097936069e-180,28.9373722076416
germ_cluster,2,AT5G15230,2,4.61892557144165,4.4567512241006115e-175,28.52008819580078
germ_cluster,2,AT1G62480,3,6.45981502532959,1.817468027921788e-145,26.007831573486328
germ_cluster,2,AT5G10430,4,3.990531206130981,3.7422370307550427e-140,25.52252197265625
germ_cluster,2,AT2G22170,5,3.9866511821746826,1.104736182486132e-134,25.016033172607425
germ_cluster,2,AT4G32460,6,3.4714667797088623,9.307615173839696e-132,24.73836708068848
germ_cluster,2,AT1G78040,7,2.0118911266326904,5.827332913275519e-129,24.470823287963867
germ_cluster,2,AT4G30660,8,2.664276599884033,1.846507401806738e-127,24.323945999145508
germ_cluster,2,AT3G23810,9,4.406899452209473,6.274512113415889e-126,24.17394256591797
germ_cluster,2,AT1G76640,10,4.127450466156006,3.656156928070527e-124,24.00110244750977
germ_cluster,2,AT4G13930,11,2.708728551864624,2.3527494754919157e-120,23.6295223236084
germ_cluster,2,AT2G30870,12,3.4178385734558105,5.947433551616046e-118,23.390926361083984
germ_cluster,2,AT2G14890,13,2.6249022483825684,7.305815462406244e-117,23.28021240234375
germ_cluster,2,AT5G09980,14,4.013636589050293,5.686393193275194e-115,23.089548110961918
germ_cluster,2,AT1G11580,15,4.681107521057129,4.337768173000291e-114,22.99855232238769
germ_cluster,2,AT2G30860,16,3.792536735534668,9.181695937308604e-114,22.963180541992188
germ_cluster,2,AT2G03680,17,2.4389450550079346,2.9001590186850384e-113,22.910493850708008
germ_cluster,2,AT4G15160,18,7.086697101593018,9.923734486084986e-111,22.65233612060547
germ_cluster,2,AT4G13940,19,1.6057860851287842,9.473260553118274e-107,22.24250030517578
germ_cluster,2,AT1G75780,20,4.398576259613037,3.1394406461465164e-106,22.186368942260746
germ_cluster,2,AT3G17390,21,2.241995334625244,1.3069398218882198e-105,22.11992073059082
germ_cluster,2,AT1G21310,22,5.49772310256958,4.931074828450272e-104,21.953405380249023
germ_cluster,2,AT5G15970,23,3.325490474700928,2.0617020346803706e-103,21.886253356933597
germ_cluster,2,AT5G17920,24,2.0766537189483643,3.498045025280048e-103,21.860191345214844
germ_cluster,2,AT1G66240,25,2.0272369384765625,1.0540848394235164e-98,21.3823184967041
germ_cluster,2,AT1G20010,26,3.3671810626983643,8.849517988950363e-97,21.17272186279297
germ_cluster,2,AT3G08580,27,1.3329153060913086,3.600812506363941e-95,20.99555969238281
germ_cluster,2,AT4G21850,28,3.782550573348999,5.260786202021018e-95,20.975805282592773
germ_cluster,2,AT5G65390,29,3.344012260437012,2.8958618069006646e-94,20.89284324645996
germ_cluster,2,AT4G29350,30,1.9816418886184688,1.7147087550974517e-93,20.80611228942871
germ_cluster,2,AT2G35120,31,2.444138526916504,3.3131729023057065e-93,20.77292823791504
germ_cluster,2,AT4G38920,32,2.2128350734710693,4.798492635306821e-93,20.753604888916016
germ_cluster,2,AT3G51240,33,3.437088966369629,5.5906845037223815e-93,20.744779586791992
germ_cluster,2,AT4G30650,34,2.899150848388672,1.4168741186043787e-92,20.69856834411621
germ_cluster,2,AT2G06850,35,2.8814055919647217,4.3068456553216536e-91,20.531930923461918
germ_cluster,2,AT3G21720,36,1.833986520767212,6.47884275605402e-90,20.39840507507324
germ_cluster,2,AT3G52930,37,1.862706184387207,2.104759640594052e-88,20.22610664367676
germ_cluster,2,AT3G02230,38,2.398526430130005,4.394860129927379e-87,20.0743465423584
germ_cluster,2,AT4G12730,39,3.979248046875,9.950112735003357e-87,20.032405853271484
germ_cluster,2,AT1G19450,40,3.545351028442383,3.8492071396126544e-85,19.848278045654297
germ_cluster,2,AT2G36880,41,2.7018001079559326,2.3658327934644783e-84,19.75434875488281
germ_cluster,2,AT1G04820,42,2.2925939559936523,1.1515311857871812e-83,19.67308807373047
germ_cluster,2,AT1G08200,43,2.498140573501587,3.229676737472757e-83,19.61956214904785
germ_cluster,2,AT5G42890,44,1.56943678855896,1.3436816219076624e-82,19.545806884765625
germ_cluster,2,AT2G45960,45,2.0149178504943848,1.6484257533204488e-82,19.53425025939941
germ_cluster,2,AT3G17020,46,2.459101438522339,1.9939215104487263e-82,19.52343368530273
germ_cluster,2,AT5G44340,47,2.092627048492432,4.2588761269780106e-82,19.48354721069336
germ_cluster,2,AT1G74100,48,3.4975452423095703,5.1380526358809034e-82,19.472881317138672
germ_cluster,2,AT3G09820,49,2.0809030532836914,7.058878721931012e-82,19.4555721282959
germ_cluster,2,AT5G15150,50,4.976183891296387,5.086838446410333e-81,19.353042602539062
germ_cluster,3,ATCG00740,1,3.654984474182129,0.0,48.45700073242188
germ_cluster,3,ATCG00800,2,3.575856924057007,0.0,46.38905334472656
germ_cluster,3,AT1G01320,3,3.623037338256836,0.0,45.20660400390625
germ_cluster,3,ATCG01130,4,3.156477928161621,0.0,45.07018661499024
germ_cluster,3,AT2G10940,5,5.409097671508789,0.0,43.92897033691406
germ_cluster,3,AT5G38420,6,4.136106014251709,0.0,43.85643005371094
germ_cluster,3,AT2G28000,7,2.917269706726074,0.0,43.49047088623047
germ_cluster,3,ATCG00790,8,3.212749719619751,0.0,43.19855499267578
germ_cluster,3,ATCG00170,9,3.2414000034332275,0.0,42.62101745605469
germ_cluster,3,AT1G61800,10,4.61119270324707,0.0,41.8383903503418
germ_cluster,3,AT1G67090,11,3.4931447505950928,0.0,41.83048629760742
germ_cluster,3,ATCG00340,12,3.4130194187164307,0.0,41.568397521972656
germ_cluster,3,ATCG00160,13,3.26636266708374,0.0,41.22806930541992
germ_cluster,3,ATCG00470,14,2.992048740386963,0.0,41.05726623535156
germ_cluster,3,ATCG00810,15,3.0950989723205566,0.0,40.5311279296875
germ_cluster,3,AT4G29060,16,3.2120535373687744,0.0,40.365333557128906
germ_cluster,3,AT3G53460,17,2.796560525894165,0.0,39.6311149597168
germ_cluster,3,ATCG00180,18,2.969552516937256,0.0,39.1115837097168
germ_cluster,3,AT2G37220,19,2.585921287536621,0.0,38.61191177368164
germ_cluster,3,AT5G26742,20,2.723045110702514,0.0,38.0205307006836
germ_cluster,3,AT3G27850,21,2.788269519805908,8.067175279743063e-302,37.30718994140625
germ_cluster,3,AT4G20360,22,2.7448291778564453,9.147564963171887e-294,36.805809020996094
germ_cluster,3,AT4G38970,23,2.925790309906006,9.682176835163382e-291,36.61502456665039
germ_cluster,3,AT1G35680,24,2.6220498085021973,1.8746259706805658e-289,36.532901763916016
germ_cluster,3,AT1G79850,25,2.6028025150299072,4.238725163257388e-278,35.809532165527344
germ_cluster,3,AT1G44575,26,3.1782352924346924,2.015409126186504e-276,35.70051574707031
germ_cluster,3,AT1G72610,27,4.0088324546813965,3.915767600827189e-266,35.03011703491211
germ_cluster,3,AT5G08280,28,2.5483710765838623,1.0501023667161739e-264,34.93513488769531
germ_cluster,3,AT3G52960,29,2.1441071033477783,4.40928686141627e-263,34.82706832885742
germ_cluster,3,ATCG00040,30,2.777508020401001,2.7749914502577146e-262,34.77328109741211
germ_cluster,3,AT3G13470,31,2.4078056812286377,4.930573394103282e-262,34.75581741333008
germ_cluster,3,AT5G58250,32,2.560998678207397,2.791910045064164e-251,34.03565216064453
germ_cluster,3,AT1G55490,33,2.449768543243408,2.7295146418428178e-250,33.967750549316406
germ_cluster,3,AT3G07430,34,2.310809373855591,4.304765446604871e-248,33.817684173583984
germ_cluster,3,AT5G38410,35,2.829911231994629,5.038089507229322e-247,33.74407196044922
germ_cluster,3,AT2G38140,36,2.338176727294922,9.647913371309779e-245,33.587284088134766
germ_cluster,3,AT5G03860,37,2.046072483062744,5.131348327126046e-240,33.26119613647461
germ_cluster,3,AT1G60950,38,2.5336058139801025,1.3656371164737377e-239,33.230979919433594
germ_cluster,3,AT1G10960,39,2.403075218200684,5.0071995111748113e-238,33.121726989746094
germ_cluster,3,AT3G63160,40,2.6810905933380127,4.7452817562837256e-237,33.052833557128906
germ_cluster,3,AT3G11630,41,2.2180075645446777,4.7452817562837256e-237,33.05231094360352
germ_cluster,3,AT1G05190,42,2.502305507659912,2.2917857346645474e-236,33.00394821166992
germ_cluster,3,ATCG00780,43,2.9706289768218994,8.066078526061723e-230,32.54372024536133
germ_cluster,3,AT3G15190,44,2.3340094089508057,2.171825959293646e-229,32.51259231567383
germ_cluster,3,ATCG00820,45,2.364039659500122,2.4101090634636549e-228,32.437862396240234
germ_cluster,3,AT3G63490,46,2.3060872554779053,1.4365602095282288e-227,32.38216018676758
germ_cluster,3,ATCG00190,47,2.6084678173065186,2.065765227538946e-226,32.29914093017578
germ_cluster,3,AT1G07320,48,2.3863680362701416,1.5491579725157769e-224,32.1646728515625
germ_cluster,3,AT1G32990,49,2.4266719818115234,1.1946860611490543e-223,32.10051727294922
germ_cluster,3,AT1G06190,50,2.28206729888916,4.8055435423600174e-223,32.056541442871094
germ_cluster,4,AT3G55280,1,1.7507116794586182,2.4003267668948998e-148,26.302873611450195
germ_cluster,4,AT3G06680,2,1.8453415632247925,6.00096132834347e-147,26.1539363861084
germ_cluster,4,AT3G23830,3,2.260532855987549,1.4459576500312569e-146,26.104833602905277
germ_cluster,4,AT3G16080,4,1.5081340074539185,9.318735034702922e-138,25.305753707885746
germ_cluster,4,AT5G03850,5,1.4154157638549805,2.412250044193073e-136,25.16819953918457
germ_cluster,4,AT5G64140,6,1.5065295696258545,8.793935778247668e-132,24.740657806396484
germ_cluster,4,AT2G40205,7,1.6765532493591309,4.0134167435876447e-129,24.486032485961918
germ_cluster,4,AT1G27400,8,1.6402629613876345,9.965869280416268e-129,24.44346809387207
germ_cluster,4,AT5G56710,9,1.2509486675262451,4.440073200627584e-127,24.28306770324707
germ_cluster,4,AT2G18020,10,1.327858805656433,5.024697267856227e-126,24.17876434326172
germ_cluster,4,AT4G27090,11,1.1981358528137207,6.865031126176012e-126,24.161937713623047
germ_cluster,4,AT2G21660,12,1.6993396282196045,1.337808811711861e-123,23.93948554992676
germ_cluster,4,AT3G04400,13,1.2255326509475708,3.104662048817153e-121,23.70789337158203
germ_cluster,4,AT4G25630,14,2.1215813159942627,2.6363371865878132e-120,23.61452293395996
germ_cluster,4,AT3G23390,15,1.3488149642944336,3.8286145185381166e-116,23.202926635742188
germ_cluster,4,AT2G36620,16,1.409988284111023,1.0172069068257216e-113,22.958728790283203
germ_cluster,4,AT1G79075,17,1.7829428911209106,1.3363190563361473e-113,22.944225311279297
germ_cluster,4,AT2G20490,18,1.715717077255249,6.927367103140518e-113,22.87003517150879
germ_cluster,4,AT2G37190,19,1.4216071367263794,8.121888880325036e-113,22.86073112487793
germ_cluster,4,AT3G56020,20,1.512690782546997,3.406437096478628e-112,22.795804977416992
germ_cluster,4,AT4G15000,21,1.3091424703598022,4.532563807402588e-112,22.781158447265625
germ_cluster,4,AT1G48920,22,1.865771770477295,3.179070283588508e-111,22.693613052368164
germ_cluster,4,AT4G17390,23,1.3607975244522097,9.95025636644118e-111,22.64127349853516
germ_cluster,4,AT3G59540,24,1.3131794929504397,9.95025636644118e-111,22.63953971862793
germ_cluster,4,AT3G22230,25,1.3252947330474854,6.480474624889695e-110,22.554977416992188
germ_cluster,4,AT3G15357,26,2.54719352722168,3.2917636157665782e-108,22.37875366210937
germ_cluster,4,AT5G16130,27,1.4108861684799194,3.9456762765117656e-108,22.36898803710937
germ_cluster,4,AT3G04920,28,1.4870173931121826,2.7419979107501397e-107,22.280696868896484
germ_cluster,4,AT2G27710,29,1.2180616855621338,3.858236894925374e-107,22.26382064819336
germ_cluster,4,AT2G43460,30,1.3082921504974363,7.579461420283749e-107,22.232009887695312
germ_cluster,4,AT2G41650,31,1.8366968631744385,7.389138375425778e-105,22.02398681640625
germ_cluster,4,AT3G62250,32,1.1952775716781616,1.764706761672684e-103,21.878286361694336
germ_cluster,4,AT5G57290,33,1.129111886024475,1.1271976491780591e-101,21.686437606811523
germ_cluster,4,AT1G56110,34,1.924243211746216,4.986902955402272e-100,21.50996971130371
germ_cluster,4,AT5G22440,35,1.5820066928863523,1.3818702857376882e-99,21.46128845214844
germ_cluster,4,AT4G10450,36,1.6731244325637815,5.146310107278607e-98,21.289831161499023
germ_cluster,4,AT1G54690,37,2.6758649349212646,3.1172513152559897e-97,21.20398712158203
germ_cluster,4,AT2G01250,38,1.3345134258270264,2.122797071927856e-96,21.11229515075684
germ_cluster,4,AT3G53430,39,1.4645473957061768,4.0229875880172e-96,21.08086204528809
germ_cluster,4,AT4G12600,40,1.633387804031372,6.77737561241785e-95,20.945594787597656
germ_cluster,4,AT1G22780,41,1.3904569149017334,2.2478133357127103e-93,20.776975631713867
germ_cluster,4,AT5G60670,42,1.612087607383728,2.703630483695529e-92,20.65606117248535
germ_cluster,4,AT3G49010,43,1.31734299659729,5.348306132254633e-90,20.39797019958496
germ_cluster,4,AT3G05560,44,1.312005877494812,5.6191159950780425e-90,20.394454956054688
germ_cluster,4,AT2G27840,45,1.978828191757202,2.7832951115096586e-86,19.9718017578125
germ_cluster,4,AT3G57150,46,1.8147748708724976,8.642028559160249e-85,19.79840850830078
germ_cluster,4,AT4G25890,47,1.7618151903152466,7.3957122921562115e-84,19.688907623291016
germ_cluster,4,AT3G09200,48,1.1880221366882324,1.1681206804573868e-83,19.66471290588379
germ_cluster,4,AT2G19730,49,1.272187352180481,5.216876764336157e-83,19.5876522064209
germ_cluster,4,AT5G20160,50,1.6070629358291626,8.07300286730553e-83,19.564416885375977
germ_cluster,5,AT2G20490,1,2.5415844917297363,4.303177881402157e-284,36.28133010864258
germ_cluster,5,AT1G31970,2,3.0569281578063965,5.254294583352095e-248,33.89541244506836
germ_cluster,5,AT4G33865,3,1.8367602825164795,6.281070344045322e-243,33.53694152832031
germ_cluster,5,AT1G75830,4,4.3267974853515625,1.885563949682765e-233,32.87165832519531
germ_cluster,5,AT5G20160,5,2.591237783432007,1.5234220144092298e-230,32.660736083984375
germ_cluster,5,AT5G27120,6,2.816948890686035,1.7515665005230366e-222,32.08230209350586
germ_cluster,5,AT4G25630,7,2.7286548614501958,6.28808553059947e-221,31.96578788757324
germ_cluster,5,AT1G48920,8,2.364909648895264,4.5778591895636845e-206,30.87347221374512
germ_cluster,5,AT3G24080,9,2.985076665878296,1.451372729933639e-205,30.832298278808597
germ_cluster,5,AT4G09320,10,2.136152029037476,3.624068797706596e-204,30.724445343017575
germ_cluster,5,AT3G08520,11,2.110461473464966,8.673122934184023e-203,30.61792755126953
germ_cluster,5,AT5G39850,12,3.043710708618164,8.304784028613508e-195,30.00948143005371
germ_cluster,5,AT4G12600,13,2.249696731567383,3.99578526412921e-187,29.412086486816406
germ_cluster,5,AT3G44750,14,2.3878538608551025,6.84872845794719e-187,29.39126205444336
germ_cluster,5,AT3G59540,15,1.542307734489441,2.972380720396073e-183,29.10286521911621
germ_cluster,5,AT3G16080,16,1.671359896659851,3.5759193845028855e-179,28.77637481689453
germ_cluster,5,AT3G23830,17,2.404092073440552,8.707330764452805e-178,28.663240432739254
germ_cluster,5,AT3G56070,18,2.2774341106414795,8.920238020104449e-177,28.58005142211914
germ_cluster,5,AT5G25460,19,2.982407808303833,3.6119718227751295e-176,28.52924346923828
germ_cluster,5,AT4G10450,20,2.1678690910339355,3.12128757290755e-169,27.962671279907227
germ_cluster,5,AT3G22230,21,1.5563404560089111,1.3010882363767197e-165,27.661605834960938
germ_cluster,5,AT3G03920,22,2.146822690963745,2.965857256808532e-165,27.63015937805176
germ_cluster,5,AT3G04920,23,1.7173030376434326,9.878283664494043e-159,27.080242156982425
germ_cluster,5,AT1G56110,24,2.183060884475708,1.588623852896756e-149,26.285301208496094
germ_cluster,5,AT5G67510,25,2.027306079864502,8.347390830402643e-148,26.13280868530273
germ_cluster,5,AT5G03850,26,1.4862641096115112,1.0371480562210206e-146,26.03484916687012
germ_cluster,5,AT2G36170,27,1.9682583808898928,6.887464063373133e-140,25.423763275146484
germ_cluster,5,AT4G25340,28,2.193399429321289,1.030744782040322e-137,25.224868774414062
germ_cluster,5,AT1G69530,29,2.895559787750244,6.719849637736382e-136,25.057580947875977
germ_cluster,5,AT5G60670,30,1.932150721549988,1.9661782149771255e-135,25.013412475585938
germ_cluster,5,AT2G23350,31,2.071476697921753,7.65096059720999e-129,24.398900985717773
germ_cluster,5,AT3G22660,32,2.26692008972168,3.315716839279738e-128,24.337522506713867
germ_cluster,5,AT2G41650,33,1.9852570295333865,2.9573851609766648e-127,24.24633026123047
germ_cluster,5,AT4G09030,34,1.6727837324142456,4.929183586408403e-127,24.224056243896484
germ_cluster,5,AT2G27840,35,2.210897922515869,3.459701569024935e-126,24.14241981506348
germ_cluster,5,AT3G57150,36,2.0739493370056152,4.294725137239824e-126,24.132312774658203
germ_cluster,5,AT3G49010,37,1.5595805644989014,3.797690077670573e-125,24.040843963623047
germ_cluster,5,AT2G38230,38,2.130983591079712,5.543845085300804e-124,23.928152084350582
germ_cluster,5,AT1G57660,39,1.7552435398101809,4.505683235279956e-121,23.645872116088867
germ_cluster,5,AT5G67360,40,2.2013421058654785,4.8926107517632575e-121,23.64132499694824
germ_cluster,5,AT4G17390,41,1.4664125442504885,6.458484107118296e-121,23.62855529785156
germ_cluster,5,AT2G40205,42,1.6486960649490356,4.7233254707259316e-120,23.54332733154297
germ_cluster,5,AT3G15357,43,2.500383853912353,2.7156859461477905e-115,23.072980880737305
germ_cluster,5,AT1G27400,44,1.6192485094070437,3.83922642015341e-114,22.957109451293945
germ_cluster,5,AT3G57520,45,2.3361475467681885,4.9044181053509324e-114,22.945484161376957
germ_cluster,5,AT5G09510,46,1.6339468955993652,1.3648131481455426e-112,22.79938316345215
germ_cluster,5,AT1G27300,47,2.081393957138061,9.391794223110381e-108,22.30547523498535
germ_cluster,5,AT1G26770,48,2.72976303100586,1.6290672106899828e-107,22.27987670898437
germ_cluster,5,AT3G06680,49,1.7056182622909546,2.0524758783089307e-107,22.268600463867188
germ_cluster,5,AT2G38210,50,2.673347234725952,2.992373817280466e-107,22.250791549682617
germ_cluster,6,AT1G27950,1,5.382996559143066,5.517160267317681e-114,23.10539436340332
germ_cluster,6,AT2G38530,2,5.049883365631104,5.3645824884390635e-77,19.0400390625
germ_cluster,6,AT2G20835,3,5.663323402404785,8.298570204825937e-73,18.50609397888184
germ_cluster,6,AT2G26250,4,4.519151210784912,9.017351916555767e-70,18.109708786010746
germ_cluster,6,AT3G18490,5,4.169336795806885,5.18630216413448e-69,18.00078582763672
germ_cluster,6,AT2G42840,6,4.537949562072754,6.260414244913709e-69,17.980253219604492
germ_cluster,6,AT3G43720,7,4.066874504089356,3.549810976897998e-59,16.679729461669922
germ_cluster,6,AT5G56260,8,2.604522466659546,1.7546693013394083e-54,16.012828826904297
germ_cluster,6,AT1G17200,9,4.68281888961792,1.0453131057789314e-52,15.74908447265625
germ_cluster,6,AT4G04890,10,4.2829461097717285,3.862717308551344e-46,14.754901885986328
germ_cluster,6,AT2G26190,11,3.699230909347534,1.0660990364796201e-44,14.522820472717283
germ_cluster,6,AT5G45670,12,4.169966697692871,1.131013416654128e-42,14.193490982055664
germ_cluster,6,AT3G21720,13,1.9531404972076416,1.571053079503807e-42,14.164810180664062
germ_cluster,6,AT3G23730,14,2.7979485988616943,2.4403844222923614e-42,14.128619194030762
germ_cluster,6,AT3G45310,15,2.4110753536224365,3.945555252184405e-42,14.08987045288086
germ_cluster,6,AT4G39330,16,4.231754779815674,9.135688458505423e-41,13.861578941345217
germ_cluster,6,AT2G38540,17,3.9541306495666495,2.4106851464840877e-39,13.620245933532717
germ_cluster,6,AT1G43780,18,3.3377058506011963,2.994735308048908e-39,13.600213050842283
germ_cluster,6,AT4G14440,19,4.506339550018311,9.561027447722776e-37,13.167747497558594
germ_cluster,6,AT1G68560,20,2.2210559844970703,4.716721681769348e-36,13.042769432067873
germ_cluster,6,AT4G21750,21,3.975986003875733,3.8804306372882816e-35,12.87736988067627
germ_cluster,6,AT4G01250,22,2.6439597606658936,8.567893894267452e-35,12.812472343444824
germ_cluster,6,AT4G31550,23,2.546295642852783,2.1994091980531547e-34,12.735655784606934
germ_cluster,6,AT3G02110,24,3.2203705310821533,2.5426053892183393e-34,12.721009254455566
germ_cluster,6,AT4G36880,25,2.661975145339966,3.8583943966632e-34,12.68518352508545
germ_cluster,6,AT1G56580,26,2.854072093963623,1.3416342190665448e-33,12.58406925201416
germ_cluster,6,AT3G51600,27,3.830247640609741,2.3530665759039635e-32,12.352778434753418
germ_cluster,6,AT1G56340,28,1.84323525428772,3.872640586959573e-32,12.30970573425293
germ_cluster,6,AT1G54010,29,3.504305362701416,5.897149941789346e-32,12.27287769317627
germ_cluster,6,AT5G67360,30,2.0206000804901123,4.426508487537797e-31,12.10583782196045
germ_cluster,6,AT5G42890,31,1.4334146976470947,4.946022833736422e-30,11.903440475463867
germ_cluster,6,AT2G37640,32,2.1807987689971924,6.813743081217009e-30,11.874028205871582
germ_cluster,6,AT5G43760,33,3.262253999710083,1.2034453006960558e-29,11.823777198791504
germ_cluster,6,AT5G51750,34,4.439203262329102,2.3633382518509725e-29,11.764444351196287
germ_cluster,6,AT5G66780,35,1.933268666267395,3.002625302756012e-29,11.741769790649414
germ_cluster,6,AT2G02850,36,3.891335010528565,3.130281033222603e-29,11.735865592956545
germ_cluster,6,AT4G37870,37,1.6503353118896484,5.062261901169741e-29,11.692801475524902
germ_cluster,6,AT1G07080,38,1.7916651964187622,1.6786494589317264e-28,11.588289260864258
germ_cluster,6,AT3G02790,39,1.7966324090957642,2.036848973630445e-28,11.569479942321776
germ_cluster,6,AT3G21090,40,4.427073001861572,2.6992604676770143e-28,11.543118476867676
germ_cluster,6,AT4G32460,41,2.4171109199523926,7.458603171640021e-27,11.251959800720217
germ_cluster,6,AT3G47800,42,2.954123020172119,8.405537434094621e-26,11.03415870666504
germ_cluster,6,AT4G35090,43,1.4149705171585083,2.1088736482077054e-25,10.94902515411377
germ_cluster,6,AT4G01610,44,1.4667457342147827,2.5978511095337945e-24,10.717045783996582
germ_cluster,6,AT4G30470,45,3.14363169670105,1.604649324071486e-23,10.54515552520752
germ_cluster,6,AT4G18970,46,3.842140197753906,3.6871691040348754e-23,10.46458339691162
germ_cluster,6,AT5G02240,47,2.1724703311920166,8.295516558413306e-23,10.385456085205078
germ_cluster,6,AT1G06360,48,4.517087459564209,1.5467144826202668e-22,10.32382106781006
germ_cluster,6,AT5G14450,49,1.82437002658844,1.9489938914591285e-22,10.299625396728516
germ_cluster,6,AT3G28910,50,3.033109188079834,2.5390894896504885e-22,10.272202491760254
germ_cluster,7,AT4G25050,1,3.5420351028442383,0.0,49.14546585083008
germ_cluster,7,AT2G37640,2,3.891271352767944,0.0,48.81884765625
germ_cluster,7,AT4G18730,3,2.395782947540283,0.0,48.275821685791016
germ_cluster,7,AT1G15930,4,1.9934614896774288,0.0,48.01523208618164
germ_cluster,7,AT2G32650,5,3.4778501987457275,0.0,47.6506233215332
germ_cluster,7,AT4G34620,6,2.894492149353028,0.0,47.45890808105469
germ_cluster,7,AT1G56200,7,3.1084864139556885,0.0,47.341678619384766
germ_cluster,7,AT1G03600,8,3.5428168773651123,0.0,46.89121627807617
germ_cluster,7,AT3G27830,9,3.32394814491272,0.0,46.46504211425781
germ_cluster,7,AT1G78630,10,3.2103726863861084,0.0,46.42505645751953
germ_cluster,7,AT4G16410,11,3.728309631347656,0.0,46.3364372253418
germ_cluster,7,AT3G27850,12,3.2787227630615234,0.0,46.027793884277344
germ_cluster,7,AT4G18100,13,2.009265422821045,0.0,45.97267532348633
germ_cluster,7,AT5G24490,14,3.439784049987793,0.0,45.88861083984375
germ_cluster,7,AT2G32180,15,3.435170412063598,0.0,45.82649612426758
germ_cluster,7,AT5G40950,16,3.119575500488281,0.0,45.75460815429688
germ_cluster,7,AT2G43030,17,3.252307653427124,0.0,45.59595489501953
germ_cluster,7,AT1G20340,18,3.6432597637176514,0.0,45.58921432495117
germ_cluster,7,AT1G67090,19,3.731527328491211,0.0,45.53170776367188
germ_cluster,7,AT3G21055,20,3.4736883640289307,0.0,45.44028472900391
germ_cluster,7,AT4G24770,21,3.051924467086792,0.0,45.39200210571289
germ_cluster,7,AT3G08740,22,3.2494232654571533,0.0,45.13675308227539
germ_cluster,7,AT1G26770,23,3.981300115585327,0.0,45.00740814208984
germ_cluster,7,AT5G20720,24,2.80306077003479,0.0,44.83823776245117
germ_cluster,7,AT1G68590,25,3.3699779510498047,0.0,44.78242492675781
germ_cluster,7,AT5G15200,26,1.6834423542022705,0.0,44.73150634765625
germ_cluster,7,AT5G57170,27,3.32786226272583,0.0,44.67398071289063
germ_cluster,7,AT5G24314,28,3.2233097553253174,0.0,44.65232467651367
germ_cluster,7,AT2G19730,29,1.9475308656692505,0.0,44.54364013671875
germ_cluster,7,AT1G50900,30,3.376051902770996,0.0,44.49593353271485
germ_cluster,7,AT3G49010,31,1.989652633666992,0.0,44.3266830444336
germ_cluster,7,AT1G64720,32,3.066174268722534,0.0,44.26369094848633
germ_cluster,7,AT3G25920,33,3.1416375637054443,0.0,44.136329650878906
germ_cluster,7,AT2G26500,34,3.205528497695923,0.0,44.072635650634766
germ_cluster,7,AT5G54600,35,3.131420135498047,0.0,43.99162292480469
germ_cluster,7,AT1G10522,36,3.183586835861206,0.0,43.94239807128906
germ_cluster,7,AT5G17870,37,2.916364908218384,0.0,43.93793869018555
germ_cluster,7,AT4G17390,38,1.884183406829834,0.0,43.76604843139648
germ_cluster,7,AT5G28750,39,3.0841667652130127,0.0,43.75136566162109
germ_cluster,7,AT1G73885,40,3.1788289546966557,0.0,43.66474151611328
germ_cluster,7,AT1G02280,41,2.996634006500244,0.0,43.55305099487305
germ_cluster,7,AT3G02790,42,2.9847068786621094,0.0,43.55246353149414
germ_cluster,7,AT2G24090,43,3.1042699813842773,0.0,43.53841781616211
germ_cluster,7,AT5G65220,44,2.982158899307251,0.0,43.51974868774414
germ_cluster,7,AT3G56340,45,1.819653868675232,0.0,43.368934631347656
germ_cluster,7,AT1G32990,46,3.2019660472869877,0.0,43.35491943359375
germ_cluster,7,AT1G33810,47,2.983707904815674,0.0,43.33591842651367
germ_cluster,7,AT1G29070,48,3.0829787254333496,0.0,43.31280517578125
germ_cluster,7,AT3G56910,49,3.087489604949951,0.0,43.09947204589844
germ_cluster,7,AT5G01530,50,3.4419853687286377,0.0,43.06465911865234
germ_cluster,8,AT1G75830,1,7.596178531646728,0.0,49.29945755004883
germ_cluster,8,AT5G66400,2,6.825329303741455,0.0,47.7268180847168
germ_cluster,8,AT4G25140,3,6.374351501464844,0.0,46.58087921142578
germ_cluster,8,AT3G46230,4,5.61586332321167,0.0,45.932838439941406
germ_cluster,8,AT5G54740,5,7.538036823272705,0.0,44.98344421386719
germ_cluster,8,AT2G41280,6,6.414122104644775,0.0,43.304805755615234
germ_cluster,8,AT2G21820,7,5.708882808685303,0.0,42.30911636352539
germ_cluster,8,AT1G54870,8,6.5043253898620605,0.0,41.01549911499024
germ_cluster,8,AT1G04560,9,4.82253885269165,0.0,40.5268783569336
germ_cluster,8,AT5G35660,10,7.4915242195129395,0.0,40.4980583190918
germ_cluster,8,AT3G09390,11,3.394301414489746,0.0,40.338287353515625
germ_cluster,8,AT3G01570,12,4.189189434051514,0.0,40.10224914550781
germ_cluster,8,AT3G27660,13,7.442090511322021,0.0,39.97239685058594
germ_cluster,8,AT3G22640,14,6.9028143882751465,0.0,39.945987701416016
germ_cluster,8,AT2G42000,15,7.552454948425293,0.0,37.77600860595703
germ_cluster,8,AT2G05580,16,6.646446228027344,6.72067866383368e-288,36.41211318969727
germ_cluster,8,AT2G23240,17,7.061009407043457,8.711815951687283e-288,36.40449905395508
germ_cluster,8,AT3G50980,18,4.107054710388184,6.127718655437126e-272,35.38370513916016
germ_cluster,8,ATMG01390,19,3.500080108642578,1.017493688777502e-269,35.238624572753906
germ_cluster,8,AT4G27160,20,5.532460689544678,2.5595769187205834e-265,34.94889450073242
germ_cluster,8,ATMG00020,21,3.4941351413726807,1.6039787152551123e-253,34.1614875793457
germ_cluster,8,AT5G40420,22,4.350601196289063,1.2844615844498187e-249,33.89607238769531
germ_cluster,8,AT3G56350,23,6.118902683258057,5.885961754644145e-232,32.67359161376953
germ_cluster,8,AT2G02120,24,5.732786178588867,7.24898293727986e-230,32.52571487426758
germ_cluster,8,AT4G27170,25,5.954650402069092,6.482802115323847e-226,32.24432373046875
germ_cluster,8,AT2G21490,26,4.470863342285156,7.704704302470136e-224,32.09559631347656
germ_cluster,8,AT3G22500,27,6.617326736450195,7.866015433702999e-219,31.733863830566406
germ_cluster,8,AT4G11310,28,6.553757667541504,1.7856312599346722e-210,31.12055778503418
germ_cluster,8,AT3G10020,29,2.96248197555542,2.1045175285104133e-205,30.74310111999512
germ_cluster,8,AT2G35300,30,2.299723863601685,4.554853033572789e-199,30.263416290283203
germ_cluster,8,AT1G05510,31,6.717417240142822,4.432240556152877e-185,29.17903709411621
germ_cluster,8,AT4G06746,32,3.9894216060638423,9.215688405431888e-179,28.67549133300781
germ_cluster,8,AT5G45690,33,5.825515270233154,6.404075100017136e-175,28.365386962890625
germ_cluster,8,AT1G54860,34,6.060823440551758,1.0289591918107366e-174,28.348377227783203
germ_cluster,8,AT3G15670,35,2.4317994117736816,1.1460760811146785e-173,28.262718200683597
germ_cluster,8,AT3G41979,36,1.4908580780029297,1.782966287030136e-169,27.918344497680664
germ_cluster,8,AT5G44120,37,4.031363487243652,7.46614312050742e-168,27.78325462341309
germ_cluster,8,AT3G05260,38,6.092504978179932,2.257530905551581e-165,27.576889038085938
germ_cluster,8,AT1G17810,39,6.475738525390625,6.875411519030454e-160,27.114341735839844
germ_cluster,8,AT4G28520,40,4.593682765960693,2.660033085491195e-159,27.064184188842773
germ_cluster,8,AT5G01300,41,4.6725850105285645,1.8063890993200528e-158,26.99312973022461
germ_cluster,8,AT5G55240,42,5.205547332763672,3.1664762398273354e-158,26.97208023071289
germ_cluster,8,AT1G48130,43,4.007842063903809,9.08894119954377e-156,26.760082244873047
germ_cluster,8,AT2G23110,44,2.679304599761963,2.12074959837649e-150,26.29372978210449
germ_cluster,8,AT5G57550,45,5.322920799255371,2.465176214080372e-145,25.845945358276367
germ_cluster,8,AT3G08690,46,2.687928915023804,1.4428706327854342e-134,24.864892959594727
germ_cluster,8,AT3G54940,47,2.588246583938598,8.059356468728284e-133,24.702598571777344
germ_cluster,8,AT3G12490,48,2.2081503868103027,1.7877049225554275e-129,24.38851547241211
germ_cluster,8,AT2G41260,49,4.974445819854736,3.932969564523107e-127,24.165769577026367
germ_cluster,8,AT3G58450,50,5.227692604064941,2.781398449519012e-126,24.08388900756836
germ_cluster,9,AT3G05880,1,6.597236156463623,4.650521615827756e-107,22.40593910217285
germ_cluster,9,AT3G56240,2,8.887548446655273,5.090799852758565e-103,21.956287384033203
germ_cluster,9,AT1G14890,3,7.988901615142822,9.600642248882334e-97,21.27042579650879
germ_cluster,9,AT5G15490,4,6.826745986938477,2.541371350388819e-94,20.99344062805176
germ_cluster,9,AT5G12140,5,4.449356555938721,1.2978624333883254e-86,20.121265411376957
germ_cluster,9,AT5G03170,6,9.03786849975586,6.114064435422522e-86,20.035205841064453
germ_cluster,9,AT1G55210,7,6.074513912200928,1.746789173711116e-84,19.8598575592041
germ_cluster,9,AT4G23690,8,8.833353996276855,1.1391475419129875e-80,19.406883239746094
germ_cluster,9,AT1G20850,9,11.692569732666016,5.6183959916701155e-77,18.958663940429688
germ_cluster,9,AT4G35350,10,10.906968116760254,5.761352250588993e-75,18.707916259765625
germ_cluster,9,AT5G40420,11,4.831073760986328,1.3872234333317902e-74,18.65592765808105
germ_cluster,9,AT5G15230,12,5.349359512329102,8.242858176671667e-74,18.55575942993164
germ_cluster,9,AT1G68810,13,7.457191944122314,8.977748817578458e-74,18.54686737060547
germ_cluster,9,AT5G67600,14,3.36966609954834,6.278697103480165e-73,18.437997817993164
germ_cluster,9,AT3G53620,15,5.6235198974609375,2.0232741357984785e-72,18.36798477172852
germ_cluster,9,AT1G70490,16,3.3929569721221924,2.0232741357984785e-72,18.36736488342285
germ_cluster,9,AT3G18280,17,6.3200201988220215,5.457387333778482e-71,18.184307098388672
germ_cluster,9,AT5G54940,18,3.0315215587615967,6.182915685144732e-69,17.91992950439453
germ_cluster,9,AT2G31980,19,4.9493088722229,1.8431880577962611e-60,16.793338775634766
germ_cluster,9,AT1G10670,20,4.264586448669434,1.874573847387048e-58,16.51386833190918
germ_cluster,9,AT1G04820,21,3.287473678588867,3.880900609778236e-58,16.464401245117188
germ_cluster,9,AT5G59290,22,5.273627281188965,4.858078012188021e-57,16.305662155151367
germ_cluster,9,AT3G62290,23,2.4348089694976807,4.562139520175469e-56,16.163497924804688
germ_cluster,9,AT3G14595,24,3.7305309772491455,9.218012881853522e-56,16.117839813232422
germ_cluster,9,AT3G56800,25,2.6987671852111816,1.2260573707708043e-54,15.954909324645996
germ_cluster,9,AT1G62981,26,10.613292694091797,3.720208928307098e-53,15.734190940856934
germ_cluster,9,AT5G16490,27,11.555364608764648,3.764842630081377e-53,15.731488227844238
germ_cluster,9,AT2G03680,28,2.737911939620972,5.28713030889647e-52,15.557744979858398
germ_cluster,9,AT5G23860,29,5.517152309417725,5.31985814732502e-52,15.55559539794922
germ_cluster,9,AT3G02480,30,2.50732946395874,1.0839485491588738e-51,15.508248329162598
germ_cluster,9,AT1G23460,31,6.202559947967529,1.741810685938392e-51,15.476088523864746
germ_cluster,9,AT2G16700,32,4.9703898429870605,6.055716336954552e-51,15.39405918121338
germ_cluster,9,AT4G18780,33,12.23185920715332,6.590940505869621e-51,15.386981010437012
germ_cluster,9,AT4G18640,34,7.305099964141846,2.2407089662280504e-50,15.304484367370604
germ_cluster,9,AT2G04850,35,8.297906875610352,2.9742108018481047e-50,15.284549713134766
germ_cluster,9,AT1G05850,36,3.7843518257141113,3.245574427934936e-50,15.277396202087402
germ_cluster,9,AT4G16380,37,3.737581253051758,8.517473623339828e-50,15.212942123413086
germ_cluster,9,AT3G06035,38,6.000848770141602,4.028439410918575e-49,15.108094215393066
germ_cluster,9,AT1G60810,39,5.7674336433410645,4.585992587750948e-49,15.098189353942873
germ_cluster,9,AT5G48500,40,5.455786228179932,9.550703155671187e-49,15.048396110534668
germ_cluster,9,AT4G15910,41,3.598017930984497,1.2272211950503966e-48,15.030487060546877
germ_cluster,9,AT1G24764,42,4.607111930847168,1.61634469485193e-48,15.010944366455078
germ_cluster,9,AT1G78040,43,1.9942878484725952,2.690879004639409e-48,14.974591255187988
germ_cluster,9,AT1G31935,44,7.262070178985596,3.0238240678480536e-48,14.96561336517334
germ_cluster,9,AT5G06370,45,3.484003782272339,1.709784627038638e-47,14.848711013793944
germ_cluster,9,AT5G26667,46,3.189515829086304,1.7614264768721982e-46,14.686840057373049
germ_cluster,9,AT1G55330,47,3.990806579589844,4.18495646207414e-45,14.467191696166992
germ_cluster,9,AT1G23040,48,5.190460681915283,5.03445670659876e-45,14.452320098876951
germ_cluster,9,AT3G51030,49,5.735994338989258,7.787185894074056e-45,14.420160293579102
germ_cluster,9,AT3G62020,50,10.18652629852295,6.696693184405351e-44,14.267830848693848
germ_state_time,12hsl,AT1G75830,1,5.224615097045898,0.0,54.11565399169922
germ_state_time,12hsl,AT3G41979,2,1.929314494132996,0.0,53.19247055053711
germ_state_time,12hsl,ATMG01390,3,1.812931776046753,3.007019246937043e-128,24.275177001953125
germ_state_time,12hsl,AT4G27160,4,2.6472787857055664,2.918126888587657e-120,23.502243041992188
germ_state_time,12hsl,AT3G09390,5,1.3415477275848389,7.078395250988471e-111,22.56161499023437
germ_state_time,12hsl,AT5G66400,6,2.4205896854400635,4.2151034869789427e-109,22.37854385375977
germ_state_time,12hsl,AT2G21820,7,2.3754923343658447,2.528511453415816e-96,21.01735496520996
germ_state_time,12hsl,AT5G35660,8,4.029599189758301,4.531936459840889e-92,20.543336868286133
germ_state_time,12hsl,AT5G54740,9,2.649038553237915,1.075694512104701e-90,20.38804054260254
germ_state_time,12hsl,AT2G41280,10,2.3872976303100586,3.227506360435292e-79,19.043025970458984
germ_state_time,12hsl,AT3G08520,11,0.539783775806427,4.621669007261659e-79,19.024045944213867
germ_state_time,12hsl,AT1G31970,12,1.5762805938720703,9.262282785299571e-77,18.74248504638672
germ_state_time,12hsl,AT4G25140,13,2.1970579624176025,3.0609066209871756e-69,17.79009437561035
germ_state_time,12hsl,AT3G41768,14,1.3780291080474854,3.4901744967224807e-69,17.782438278198242
germ_state_time,12hsl,AT2G05580,15,3.379191398620605,4.186906697893117e-66,17.377927780151367
germ_state_time,12hsl,AT1G48920,16,0.7813520431518555,1.380898978472232e-58,16.350326538085938
germ_state_time,12hsl,AT1G54870,17,2.5886833667755127,2.960297195269118e-56,16.01748275756836
germ_state_time,12hsl,AT3G22640,18,2.729443311691284,4.1065699712977485e-51,15.25852394104004
germ_state_time,12hsl,AT2G20490,19,0.4726963341236114,1.452344025745998e-46,14.554010391235352
germ_state_time,12hsl,AT3G27660,20,2.755889892578125,1.2112513982154302e-44,14.245227813720703
germ_state_time,12hsl,AT2G42000,21,2.83889102935791,5.3673647133177394e-42,13.809228897094728
germ_state_time,12hsl,AT3G55560,22,1.8248515129089355,2.216043589985405e-41,13.70555019378662
germ_state_time,12hsl,AT2G23350,23,0.8429714441299438,1.503442206996094e-40,13.564865112304688
germ_state_time,12hsl,AT4G27170,24,2.096554756164551,1.1885131818274058e-35,12.702930450439451
germ_state_time,12hsl,AT4G06746,25,1.7960529327392578,5.467372241676211e-35,12.581873893737791
germ_state_time,12hsl,AT3G46230,26,1.4267715215682983,6.692101550735298e-35,12.565417289733888
germ_state_time,12hsl,AT2G02120,27,2.4296045303344727,9.875146101642162e-35,12.534247398376465
germ_state_time,12hsl,AT4G28520,28,2.171313762664795,6.130018202208875e-34,12.386865615844728
germ_state_time,12hsl,AT1G72060,29,2.570285558700561,2.89850918017232e-33,12.2604341506958
germ_state_time,12hsl,AT2G23240,30,2.491841554641724,1.5477687873550764e-27,11.127070426940918
germ_state_time,12hsl,AT1G27300,31,1.2656203508377075,3.874340186059847e-26,10.831790924072266
germ_state_time,12hsl,AT3G56350,32,2.3379364013671875,3.357462622999877e-24,10.407862663269045
germ_state_time,12hsl,AT4G11310,33,2.662927389144897,3.1938095200627604e-23,10.18813419342041
germ_state_time,12hsl,AT3G22500,34,2.532589912414551,6.43650456807294e-23,10.118536949157717
germ_state_time,12hsl,AT1G04560,35,1.2382066249847412,9.20327225176127e-23,10.083270072937012
germ_state_time,12hsl,AT4G09030,36,0.1430383771657943,2.6853455435944213e-22,9.975700378417969
germ_state_time,12hsl,AT5G20160,37,0.4721114337444305,3.519980004817234e-21,9.71259880065918
germ_state_time,12hsl,AT2G21490,38,1.6058814525604248,1.522423305766258e-19,9.314949989318848
germ_state_time,12hsl,AT3G59710,39,2.3955867290496826,1.1177150005054952e-18,9.096197128295898
germ_state_time,12hsl,AT2G41260,40,2.176830530166626,2.8544457232822614e-18,8.992313385009766
germ_state_time,12hsl,AT5G06165,41,3.181553840637207,1.370870712548538e-16,8.547852516174316
germ_state_time,12hsl,AT3G24080,42,1.1054482460021973,2.632734738116813e-16,8.470501899719238
germ_state_time,12hsl,AT3G08760,43,1.4557043313980105,9.871805398432976e-16,8.311537742614746
germ_state_time,12hsl,AT5G27120,44,0.8108260631561279,1.6605013566280346e-15,8.24796199798584
germ_state_time,12hsl,AT2G40205,45,-0.2410347908735275,2.451404443224316e-15,8.199901580810547
germ_state_time,12hsl,AT3G05260,46,2.2739474773406982,2.928498877210253e-15,8.177735328674316
germ_state_time,12hsl,AT1G54860,47,2.231203317642212,4.270652813019543e-15,8.131449699401855
germ_state_time,12hsl,AT5G44120,48,1.4417814016342163,5.387402053568343e-15,8.102435111999512
germ_state_time,12hsl,AT5G57550,49,1.9271987676620483,2.3113448909192952e-14,7.919583320617676
germ_state_time,12hsl,AT4G29780,50,0.604447603225708,6.65852431952979e-14,7.783711433410644
germ_state_time,24hsl,AT1G69530,1,3.6893770694732666,0.0,51.65154647827149
germ_state_time,24hsl,AT2G37640,2,3.0576260089874268,0.0,46.94981384277344
germ_state_time,24hsl,AT1G26770,3,3.675677537918091,0.0,46.76121139526367
germ_state_time,24hsl,ATMG01390,4,2.2675669193267822,0.0,43.64386367797852
germ_state_time,24hsl,AT3G41979,5,1.5601803064346311,0.0,42.64534759521485
germ_state_time,24hsl,AT1G75830,6,2.717625379562378,0.0,42.400386810302734
germ_state_time,24hsl,AT5G56100,7,3.215243339538574,0.0,42.36514663696289
germ_state_time,24hsl,AT1G01170,8,2.259481430053711,0.0,42.27115631103516
germ_state_time,24hsl,AT3G50980,9,2.574914693832397,0.0,42.10529708862305
germ_state_time,24hsl,AT4G27450,10,2.7292652130126958,0.0,42.05016708374024
germ_state_time,24hsl,AT1G52690,11,2.340378522872925,0.0,41.63385772705078
germ_state_time,24hsl,AT3G02790,12,2.1735846996307373,0.0,41.27155303955078
germ_state_time,24hsl,AT1G64720,13,2.265127897262573,0.0,41.15435791015625
germ_state_time,24hsl,AT5G14450,14,2.372445583343506,0.0,41.00911331176758
germ_state_time,24hsl,AT4G25050,15,2.272666454315185,0.0,40.9947624206543
germ_state_time,24hsl,AT1G43780,16,3.880036354064941,0.0,40.96430969238281
germ_state_time,24hsl,AT1G07985,17,2.2194371223449707,0.0,40.86355972290039
germ_state_time,24hsl,AT2G23110,18,2.328202486038208,0.0,40.51730728149414
germ_state_time,24hsl,AT4G24770,19,2.017828226089477,0.0,40.001609802246094
germ_state_time,24hsl,AT1G32560,20,2.205854654312134,0.0,39.92655944824219
germ_state_time,24hsl,AT3G53460,21,2.0774970054626465,0.0,39.7218017578125
germ_state_time,24hsl,AT4G16160,22,2.1367738246917725,0.0,39.337181091308594
germ_state_time,24hsl,AT2G32650,23,2.3644890785217285,0.0,39.22282409667969
germ_state_time,24hsl,AT1G27461,24,2.887234926223755,0.0,38.79123306274414
germ_state_time,24hsl,AT4G34620,25,1.7810662984848022,0.0,38.69203567504883
germ_state_time,24hsl,AT1G56200,26,1.9392778873443604,0.0,38.47330856323242
germ_state_time,24hsl,AT5G66780,27,2.06824254989624,0.0,38.41813659667969
germ_state_time,24hsl,AT1G43670,28,2.046872615814209,0.0,38.3205451965332
germ_state_time,24hsl,AT5G24490,29,2.6122703552246094,0.0,38.164249420166016
germ_state_time,24hsl,AT4G27160,30,2.2919468879699707,0.0,38.14936065673828
germ_state_time,24hsl,AT2G47400,31,2.036805391311645,0.0,38.047462463378906
germ_state_time,24hsl,AT1G03600,32,2.465909481048584,2.406663702856229e-305,37.51276779174805
germ_state_time,24hsl,AT2G38230,33,1.9841185808181765,2.605628962290158e-304,37.44843673706055
germ_state_time,24hsl,AT3G21720,34,1.8164700269699097,4.146386282046183e-301,37.25039291381836
germ_state_time,24hsl,AT2G14880,35,1.8480157852172847,1.3656907835426964e-298,37.09376907348633
germ_state_time,24hsl,AT3G03920,36,1.638157606124878,4.158394847222943e-295,36.87628936767578
germ_state_time,24hsl,AT1G15930,37,1.0330458879470823,2.546314434260664e-294,36.82640838623047
germ_state_time,24hsl,AT2G28420,38,2.397367477416992,5.900955448780547e-293,36.74029922485352
germ_state_time,24hsl,AT3G56910,39,1.946380376815796,1.2208008779035234e-292,36.71981430053711
germ_state_time,24hsl,AT1G67090,40,2.249697208404541,5.618347217557096e-281,35.98089599609375
germ_state_time,24hsl,AT3G27850,41,1.908193588256836,1.1599746117628468e-278,35.831878662109375
germ_state_time,24hsl,AT2G04030,42,1.8160914182662964,3.827104729054745e-277,35.73357391357422
germ_state_time,24hsl,AT1G68560,43,2.0120623111724854,6.8854433862641125e-273,35.45723342895508
germ_state_time,24hsl,AT5G25460,44,2.078054189682007,4.8332139553312696e-268,35.140098571777344
germ_state_time,24hsl,AT5G54740,45,2.1778600215911865,6.168248159528565e-268,35.13254928588867
germ_state_time,24hsl,AT2G32180,46,2.3027632236480717,6.836984547386701e-266,34.9977912902832
germ_state_time,24hsl,AT1G78630,47,1.8162543773651123,5.779706374154469e-264,34.869712829589844
germ_state_time,24hsl,AT3G21055,48,2.248976469039917,1.9852225315205964e-261,34.701419830322266
germ_state_time,24hsl,AT1G79040,49,2.011176109313965,5.92090896342334e-259,34.536407470703125
germ_state_time,24hsl,AT2G37220,50,1.7564467191696167,4.646041586298376e-257,34.40940475463867
germ_state_time,48hsl,AT5G02380,1,3.3840975761413574,0.0,54.89731979370117
germ_state_time,48hsl,AT3G02480,2,2.4841678142547607,0.0,53.5263900756836
germ_state_time,48hsl,AT3G52930,3,2.124539852142334,0.0,51.83037185668945
germ_state_time,48hsl,AT2G41430,4,2.0201311111450195,0.0,51.51593780517578
germ_state_time,48hsl,AT5G20010,5,2.21303391456604,0.0,50.04954147338867
germ_state_time,48hsl,AT3G08580,6,1.5600117444992063,0.0,49.218868255615234
germ_state_time,48hsl,AT5G42980,7,1.672503113746643,0.0,49.21693420410156
germ_state_time,48hsl,AT5G15230,8,5.1651482582092285,0.0,48.84097671508789
germ_state_time,48hsl,AT3G04120,9,1.8738075494766235,0.0,48.239139556884766
germ_state_time,48hsl,AT2G03680,10,2.576704263687134,0.0,47.144927978515625
germ_state_time,48hsl,AT5G17920,11,1.965337991714477,0.0,46.48032379150391
germ_state_time,48hsl,AT5G15650,12,3.1197285652160645,0.0,45.60771179199219
germ_state_time,48hsl,AT1G04820,13,3.033135414123535,0.0,45.56549835205078
germ_state_time,48hsl,AT1G19180,14,2.721954584121704,0.0,44.999359130859375
germ_state_time,48hsl,AT1G70490,15,2.5223512649536133,0.0,44.84464645385742
germ_state_time,48hsl,AT2G26150,16,2.9900217056274414,0.0,44.72248458862305
germ_state_time,48hsl,AT3G02230,17,3.479322671890259,0.0,43.24044799804688
germ_state_time,48hsl,AT1G23490,18,1.7490969896316528,0.0,42.5210189819336
germ_state_time,48hsl,AT1G07400,19,2.7233188152313232,0.0,41.7479248046875
germ_state_time,48hsl,AT4G11010,20,1.780121922492981,0.0,41.54473114013672
germ_state_time,48hsl,AT2G14890,21,2.1118524074554443,0.0,38.88736724853516
germ_state_time,48hsl,AT1G78040,22,1.4856481552124023,0.0,38.78427505493164
germ_state_time,48hsl,AT3G17390,23,1.747854709625244,0.0,38.47750473022461
germ_state_time,48hsl,AT1G70410,24,3.0934031009674072,0.0,37.77162551879883
germ_state_time,48hsl,AT4G13930,25,2.3226540088653564,0.0,37.72751235961914
germ_state_time,48hsl,AT1G54410,26,3.523597240447998,6.275928837045905e-308,37.66434097290039
germ_state_time,48hsl,AT5G15970,27,3.3683841228485107,5.692110294990451e-307,37.60515213012695
germ_state_time,48hsl,AT5G54940,28,1.6328576803207395,5.166505057546052e-306,37.54586791992188
germ_state_time,48hsl,AT3G61640,29,1.8687351942062376,5.224233276434786e-303,37.35946273803711
germ_state_time,48hsl,AT5G39570,30,2.79195237159729,4.1007996230832025e-300,37.18016815185547
germ_state_time,48hsl,AT5G12140,31,2.559072732925415,1.3882284415026115e-294,36.83580780029297
germ_state_time,48hsl,AT1G54580,32,2.359283924102783,6.736935190561068e-294,36.7923698425293
germ_state_time,48hsl,AT1G02500,33,3.712769508361816,1.4425409641786628e-293,36.77113723754883
germ_state_time,48hsl,AT3G09820,34,2.0758180618286133,9.554174961581984e-293,36.71918487548828
germ_state_time,48hsl,AT3G62290,35,1.5080946683883667,1.3154720956015432e-292,36.70995330810547
germ_state_time,48hsl,AT3G43810,36,1.9299932718276975,1.738232614810208e-281,36.00513458251953
germ_state_time,48hsl,AT4G16500,37,2.085490703582764,1.933720584759798e-280,35.93770217895508
germ_state_time,48hsl,AT3G15353,38,5.945988655090332,1.1782807398185442e-273,35.49917221069336
germ_state_time,48hsl,AT4G19200,39,2.6523079872131348,3.642189024448034e-269,35.2050666809082
germ_state_time,48hsl,AT4G34870,40,1.2995994091033936,2.8984207845655116e-268,35.145694732666016
germ_state_time,48hsl,AT1G09200,41,3.878260374069214,5.29407522188067e-268,35.128116607666016
germ_state_time,48hsl,AT1G66410,42,1.5981264114379885,9.04042633874967e-266,34.98115539550781
germ_state_time,48hsl,AT5G44340,43,1.9406147003173828,2.151374372393438e-265,34.95594787597656
germ_state_time,48hsl,AT2G02130,44,2.4892590045928955,2.3334651222203407e-263,34.82087707519531
germ_state_time,48hsl,AT4G24920,45,1.6594513654708862,2.128918786038933e-255,34.290061950683594
germ_state_time,48hsl,AT3G09440,46,1.5758103132247925,4.977091970394308e-254,34.19768524169922
germ_state_time,48hsl,AT1G10630,47,2.844132423400879,3.3415832858410387e-249,33.87044143676758
germ_state_time,48hsl,AT2G41110,48,1.693916916847229,3.3415832858410387e-249,33.87017822265625
germ_state_time,48hsl,AT5G37770,49,1.6818867921829224,2.420255825012312e-246,33.6745719909668
germ_state_time,48hsl,AT3G22840,50,3.226635694503784,4.643769995427697e-244,33.517852783203125
germ_state_time,dry_seed,AT1G75830,1,7.296903967066055,0.0,7.296903967066055
germ_state_time,dry_seed,AT2G41260,2,6.702330602530484,0.0,6.702330602530484
germ_state_time,dry_seed,AT5G35660,3,6.21407639268454,0.0,6.21407639268454
germ_state_time,dry_seed,AT2G41280,4,6.176708661338534,0.0,6.176708661338534
germ_state_time,dry_seed,AT2G34740,5,6.1680988828581205,0.0,6.1680988828581205
germ_state_time,dry_seed,AT5G12030,6,6.093941736176325,0.0,6.093941736176325
germ_state_time,dry_seed,AT2G40170,7,6.082082118882146,0.0,6.082082118882146
germ_state_time,dry_seed,AT3G61990,8,5.854634168702478,0.0,5.854634168702478
germ_state_time,dry_seed,AT3G22490,9,5.761470419544605,0.0,5.761470419544605
germ_state_time,dry_seed,AT4G36600,10,5.472613294827356,0.0,5.472613294827356
germ_state_time,dry_seed,AT2G23240,11,5.3155375602811,0.0,5.3155375602811
germ_state_time,dry_seed,AT3G22500,12,5.282274286770565,0.0,5.282274286770565
germ_state_time,dry_seed,AT1G68250,13,5.035414785307583,0.0,5.035414785307583
germ_state_time,dry_seed,AT5G14180,14,5.000822275383142,0.0,5.000822275383142
germ_state_time,dry_seed,AT2G02930,15,4.954957748515448,0.0,4.954957748515448
germ_state_time,dry_seed,AT4G36670,16,4.874678261020489,0.0,4.874678261020489
germ_state_time,dry_seed,AT4G02520,17,4.830577449359498,0.0,4.830577449359498
germ_state_time,dry_seed,AT2G43590,18,4.82987603561065,0.0,4.82987603561065
germ_state_time,dry_seed,AT1G08170,19,4.7887472726623805,0.0,4.7887472726623805
germ_state_time,dry_seed,AT3G47340,20,4.733908401888579,0.0,4.733908401888579
germ_state_time,dry_seed,AT1G65970,21,4.709644202461977,0.0,4.709644202461977
germ_state_time,dry_seed,AT5G45860,22,4.6591458955007115,0.0,4.6591458955007115
germ_state_time,dry_seed,AT4G33467,23,4.659129012982508,0.0,4.659129012982508
germ_state_time,dry_seed,AT4G11360,24,4.62011880675822,0.0,4.62011880675822
germ_state_time,dry_seed,AT1G48750,25,4.619313383703416,0.0,4.619313383703416
germ_state_time,dry_seed,AT1G53540,26,4.537835974627112,0.0,4.537835974627112
germ_state_time,dry_seed,AT1G68570,27,4.530528785220367,0.0,4.530528785220367
germ_state_time,dry_seed,AT1G64110,28,4.50957435820446,0.0,4.50957435820446
germ_state_time,dry_seed,AT5G06570,29,4.399715835624458,0.0,4.399715835624458
germ_state_time,dry_seed,AT5G54000,30,4.342301655766297,0.0,4.342301655766297
germ_state_time,dry_seed,AT5G56100,31,4.334646266235583,0.0,4.334646266235583
germ_state_time,dry_seed,AT1G68240,32,4.296328074915662,0.0,4.296328074915662
germ_state_time,dry_seed,AT2G36540,33,4.289288597046604,0.0,4.289288597046604
germ_state_time,dry_seed,AT5G64750,34,4.287080540166715,0.0,4.287080540166715
germ_state_time,dry_seed,AT1G05680,35,4.252040978675801,0.0,4.252040978675801
germ_state_time,dry_seed,AT5G14570,36,4.2492156102336995,0.0,4.2492156102336995
germ_state_time,dry_seed,AT1G56600,37,4.226205309054354,0.0,4.226205309054354
germ_state_time,dry_seed,AT5G24160,38,4.221725452391598,0.0,4.221725452391598
germ_state_time,dry_seed,AT2G15620,39,4.220496045424039,0.0,4.220496045424039
germ_state_time,dry_seed,AT1G80440,40,4.198341879178272,0.0,4.198341879178272
germ_state_time,dry_seed,AT5G55135,41,4.184617370827943,0.0,4.184617370827943
germ_state_time,dry_seed,AT1G65960,42,4.137397745178856,0.0,4.137397745178856
germ_state_time,dry_seed,AT3G26165,43,4.0989153285686,0.0,4.0989153285686
germ_state_time,dry_seed,AT5G05320,44,4.095117795555207,0.0,4.095117795555207
germ_state_time,dry_seed,AT4G35770,45,4.088116200395376,0.0,4.088116200395376
germ_state_time,dry_seed,AT5G39050,46,4.08803636535481,0.0,4.08803636535481
germ_state_time,dry_seed,AT3G46600,47,4.067081241765976,0.0,4.067081241765976
germ_state_time,dry_seed,AT3G16120,48,4.037704277046525,0.0,4.037704277046525
germ_state_time,dry_seed,AT5G10030,49,3.9569275572098177,0.0,3.9569275572098177
germ_state_time,dry_seed,AT1G17010,50,3.9276722644380055,0.0,3.9276722644380055
