gene,log2FC
AT1G01010,0.4333076111698439
AT1G01020,0.09897658499164139
AT1G01030,-0.7391118588787038
AT1G01040,-0.015795765204542043
AT1G01050,-0.08623048217753948
AT1G01060,0.6026166153500334
AT1G01070,-1.662787584253545
AT1G01080,-0.33874881980489746
AT1G01090,0.003000450512383303
AT1G01100,-0.023827258634996355
AT1G01110,-0.7649286270774031
AT1G01120,1.367149233935435
AT1G01130,2.1796331820835553
AT1G01140,-0.025480990836273962
AT1G01150,2.6551264287920437
AT1G01160,-0.23732950285876012
AT1G01170,-0.6465404612763493
AT1G01180,-1.4386249481884397
AT1G01190,-0.12360059142366511
AT1G01200,0.1899239440716892
AT1G01210,-0.3873924561635901
AT1G01220,-0.5429544870635423
AT1G01225,-0.13406029856993185
AT1G01230,0.40068229349293893
AT1G01240,-0.9748963051692647
AT1G01250,-1.6670895831473032
AT1G01260,0.5618531854400828
AT1G01290,0.24307046038881122
AT1G01300,1.1569400338356632
AT1G01310,3.6021136418851913
AT1G01320,-1.0001608493233205
AT1G01340,2.469886296899929
AT1G01350,0.43493488420349596
AT1G01355,1.9200428278965156
AT1G01360,0.39858814289681305
AT1G01370,0.22866016043221302
AT1G01380,-1.2980439863696556
AT1G01390,0.7827747766798948
AT1G01420,-0.6640512611221229
AT1G01430,-1.335156606818669
AT1G01440,-0.11896840577640032
AT1G01450,-0.5172765195288921
AT1G01453,1.679121798746372
AT1G01470,1.3986623897849189
AT1G01480,1.9940299244889261
AT1G01490,0.10431446200953495
AT1G01500,-0.12326519171510751
AT1G01510,-0.04445794259343311
AT1G01520,-1.1237502706242863
AT1G01540,0.9004467696726234
AT1G01550,0.7952474288810182
AT1G01560,3.266886132098139
AT1G01570,-0.26156416214461214
AT1G01580,1.0516305012387996
AT1G01600,-0.43645634788302173
AT1G01610,-0.31084178065670826
AT1G01620,-1.0084217963881603
AT1G01630,-0.20812989469697632
AT1G01640,0.0734337565026464
AT1G01650,0.6193429908075556
AT1G01660,-0.10594552194249476
AT1G01670,-0.13181769858434358
AT1G01680,4.785602687912562
AT1G01690,0.028663061611422555
AT1G01695,-1.1722208178127567
AT1G01700,-0.0720041740839323
AT1G01710,-0.2723391954302748
AT1G01715,-0.16151809412938328
AT1G01720,0.8915616057354909
AT1G01725,-0.24396179931950024
AT1G01730,0.5810677857680198
AT1G01740,-0.18668221882298927
AT1G01750,0.12781909598973668
AT1G01760,-0.054251593295099196
AT1G01770,-0.9360442331689235
AT1G01780,-0.49783341077851145
AT1G01790,-0.015964693432563487
AT1G01800,-0.30176863544494065
AT1G01810,0.364202942834814
AT1G01820,-0.29486192669690087
AT1G01830,-0.6565010077249042
AT1G01840,-1.6834079919651965
AT1G01860,-0.6376838638391027
AT1G01880,0.06847294316473787
AT1G01900,-0.3494099647446606
AT1G01910,0.2627391276671254
AT1G01920,0.2805133843073813
AT1G01930,-0.19149972770796342
AT1G01940,-0.3471123635423986
AT1G01950,1.0689756045713987
AT1G01960,0.3103739082511172
AT1G01970,-0.1070715947009545
AT1G01980,2.6551264287920437
AT1G01990,-0.6204978553308145
AT1G02000,0.5716640154158799
AT1G02010,0.04035184388518296
AT1G02020,-0.4432676484778701
AT1G02030,-0.3215829091213246
AT1G02050,-0.6425204479280525
AT1G02060,-0.5529649620116428
AT1G02065,0.028178110728567015
AT1G02070,0.07814106767635726
AT1G02080,0.165741091969042
AT1G02090,0.15955294555766475
AT1G02100,0.05200179082948155
AT1G02110,-0.8005604864139253
AT1G02120,-0.1791649575123774
AT1G02130,-0.027281775416147964
AT1G02140,0.06143932733849952
AT1G02145,-0.4563445547017489
AT1G02150,-0.4808201974996283
AT1G02160,-0.09757122734480705
AT1G02170,0.6184945479927177
AT1G02180,-0.788570691262546
AT1G02190,0.4315259204731615
AT1G02205,-0.7915957726670754
AT1G02220,0.5328464552925879
AT1G02230,-0.08676357629292318
AT1G02250,-2.6826615294764204
AT1G02260,-0.5241249819127765
AT1G02270,1.044371555688068
AT1G02280,-0.5132050334989949
AT1G02290,-0.41641317420246665
AT1G02300,-1.698125590270562
AT1G02305,-0.7150780250779183
AT1G02310,-0.6242711516600322
AT1G02330,0.15520835003424488
AT1G02335,0.3322695843431283
AT1G02340,-1.2271509224713197
AT1G02350,-1.1660610133253495
AT1G02360,0.29452950730647903
AT1G02370,0.10494166625674474
AT1G02380,0.18299703072325102
AT1G02390,0.7290331492488528
AT1G02400,3.321923631423758
AT1G02405,3.720169691533466
AT1G02410,0.02538064504519575
AT1G02420,0.032584037644064055
AT1G02430,1.2039653083493667
AT1G02440,1.4354228332580656
AT1G02460,0.7716909430796686
AT1G02470,0.18576918479182586
AT1G02475,-0.2805981951543833
AT1G02490,2.696276678122706
AT1G02500,-0.08635096651939846
AT1G02520,0.7645292436122338
AT1G02530,0.5795010785753107
AT1G02540,2.6623377602122282
AT1G02560,-0.07574586084777622
AT1G02570,-0.5603005745326517
AT1G02575,1.8175791308064737
AT1G02580,-0.3631876330957249
AT1G02610,0.35538242183942087
AT1G02620,-0.285173624565878
AT1G02630,0.07977653051170351
AT1G02640,1.9030921982441757
AT1G02650,2.2440880971827872
AT1G02660,2.883861395113344
AT1G02670,1.0834613378485847
AT1G02680,-0.33941076577814133
AT1G02690,-0.16724448362269156
AT1G02700,-0.5657834730029063
AT1G02705,-0.9468276914007089
AT1G02720,0.37780556039241286
AT1G02730,-0.41292726898943927
AT1G02740,0.263276846690422
AT1G02750,-0.3296395597159162
AT1G02770,-0.734663194497844
AT1G02780,0.06361074791660347
AT1G02800,-0.44465809336133527
AT1G02810,-0.18451400941242763
AT1G02816,0.10632339486231919
AT1G02820,1.2039806124430652
AT1G02830,4.588768522586916
AT1G02840,-0.12652438326781748
AT1G02850,0.0825748686063926
AT1G02860,0.8325087842899717
AT1G02870,0.20495891593322565
AT1G02880,-0.14727901116369516
AT1G02890,0.7346358137564949
AT1G02900,0.6419346992715472
AT1G02910,-0.058414103103042764
AT1G02920,1.7008661698964813
AT1G02930,3.7712459682339494
AT1G02940,-2.6826615294764204
AT1G02950,0.30190297417399975
AT1G02960,-0.13777408896660984
AT1G02965,-2.674639620965142
AT1G02970,-0.7011548733102784
AT1G02980,-2.6826615294764204
AT1G02990,0.21088715933385993
AT1G03000,-0.5769762058824011
AT1G03010,1.0902522580440257
AT1G03020,0.7444308128043484
AT1G03030,0.06526074143114681
AT1G03040,-0.24175236870270442
AT1G03055,0.04692968261374559
AT1G03060,0.193648013851546
AT1G03070,-0.8640571407843367
AT1G03080,0.3225322971639453
AT1G03090,0.5902595605607661
AT1G03100,0.4257824359333831
AT1G03106,-0.14308749715412655
AT1G03110,0.5369104334805793
AT1G03120,0.25080176755248546
AT1G03130,-0.9407716882813335
AT1G03140,-0.45061645432018
AT1G03150,-0.3891244831068226
AT1G03160,-0.45466514169244293
AT1G03165,-0.8282009499370762
AT1G03170,-0.6941901460689683
AT1G03180,-0.03268139021554515
AT1G03190,-0.22373745146185536
AT1G03200,0.45075278459119056
AT1G03210,0.1763523527075114
AT1G03220,0.3090213267485634
AT1G03230,0.20804361825823178
AT1G03240,1.5748518552006214
AT1G03250,0.37240839184762753
AT1G03260,0.587848065646304
AT1G03270,-0.8082188624084149
AT1G03280,0.18417884379244115
AT1G03290,-0.3408876973228984
AT1G03310,-0.7575186293199413
AT1G03320,0.9998696074565585
AT1G03330,-0.013527855586699679
AT1G03340,-1.568175147142864
AT1G03350,1.008499790201135
AT1G03360,0.04107744591534325
AT1G03365,-0.34283732894152197
AT1G03370,1.1743943790837523
AT1G03380,-0.16055730839724103
AT1G03390,0.9411504209245686
AT1G03400,-0.0685910281807584
AT1G03410,0.06402111598023454
AT1G03430,0.33413214998066854
AT1G03440,-0.47750952098985844
AT1G03445,1.5360375800344972
AT1G03457,1.323864763000447
AT1G03470,-0.7680445288242321
AT1G03475,-0.28607297771577883
AT1G03495,-0.20453021801471613
AT1G03510,0.18005602681472885
AT1G03520,0.4356329651391141
AT1G03530,-0.01320209911332029
AT1G03540,0.5914120741528566
AT1G03550,0.06967060674055835
AT1G03560,0.931504988513114
AT1G03590,0.9069709179573427
AT1G03600,-0.4609539795135809
AT1G03610,0.030258494134559118
AT1G03620,0.318639192038153
AT1G03630,-0.6748180520630667
AT1G03650,0.04903474187814017
AT1G03660,0.15704801090210516
AT1G03680,-0.31195712337094206
AT1G03687,-0.34215734952772814
AT1G03700,-1.216670726232251
AT1G03710,0.6999297929807381
AT1G03730,1.466601591156655
AT1G03740,0.8901791196179771
AT1G03750,-0.3445071664708908
AT1G03760,0.0368270573317758
AT1G03770,0.6936040241131224
AT1G03780,-0.2762734402356203
AT1G03790,1.1066999339887522
AT1G03800,2.0810700998131706
AT1G03820,-1.0515703626055743
AT1G03830,-0.3540099447206828
AT1G03840,0.1978340102254875
AT1G03850,0.8449008671530374
AT1G03860,0.018585312385534878
AT1G03870,1.6862593498619896
AT1G03900,0.5714391743830802
AT1G03905,1.2799692824743776
AT1G03910,-0.032584481354401826
AT1G03920,-0.040804593997549904
AT1G03930,0.16898042602085325
AT1G03940,-0.6992414738542807
AT1G03950,0.09982260782091305
AT1G03960,-0.22805228417123466
AT1G03970,0.2998003036972718
AT1G03980,-0.6652062890157926
AT1G03982,1.8728773498034657
AT1G03990,-0.44664004329542223
AT1G04000,-0.22594505303730153
AT1G04010,-0.39675982258542786
AT1G04020,-0.7506388283965169
AT1G04030,-0.12849641910596443
AT1G04040,0.9949677117169982
AT1G04050,-0.5301508205624237
AT1G04070,0.6736179776619089
AT1G04080,0.3180757643312798
AT1G04090,1.5628066007045653
AT1G04100,0.6520713283610479
AT1G04110,-0.3539198248868896
AT1G04120,-0.1325323328175237
AT1G04130,-0.5722417455736986
AT1G04140,-0.03724925983890069
AT1G04150,-0.3072630777828585
AT1G04160,2.600212419539054
AT1G04170,0.2593174474014136
AT1G04180,-3.298260793041984
AT1G04190,0.09610596729058564
AT1G04200,1.8827868940738146
AT1G04210,0.4393270983496492
AT1G04220,-0.8056168793452182
AT1G04230,0.42763562527996196
AT1G04240,1.1068676839891871
AT1G04250,0.017348763827102074
AT1G04260,0.13057452479482423
AT1G04270,0.1573311164598827
AT1G04280,-0.3710713978099519
AT1G04290,0.3368345783241708
AT1G04300,0.15321047203416982
AT1G04310,0.5076429812242476
AT1G04330,-0.06219762443429157
AT1G04340,0.4173705195057094
AT1G04350,-0.5676765654737415
AT1G04360,0.23535782733984825
AT1G04370,3.8707434907726563
AT1G04380,1.651598726644446
AT1G04390,-0.35618571539479305
AT1G04400,0.32021094136493866
AT1G04410,0.13165289271656028
AT1G04420,-0.22499227952006298
AT1G04430,2.3041178768333466
AT1G04440,0.08787785802751265
AT1G04445,3.8693325504205762
AT1G04470,2.6551264287920437
AT1G04480,0.1955644543470222
AT1G04490,0.2693977293839772
AT1G04500,-0.7467493454934012
AT1G04510,0.04077194494547167
AT1G04520,-0.4712416930474089
AT1G04530,0.06590372632439168
AT1G04540,0.42202897323944877
AT1G04550,-0.8743577036735388
AT1G04555,0.638359000378043
AT1G04560,-1.7853685764373242
AT1G04570,-0.674032547180232
AT1G04580,-0.05411820660772968
AT1G04590,-0.3665876407697817
AT1G04600,0.014028719022580408
AT1G04610,-0.13183439847594008
AT1G04620,-0.7439029733604982
AT1G04630,0.08128909096330066
AT1G04635,0.18304053099109913
AT1G04640,-0.26116947982281646
AT1G04650,-0.24463164649877936
AT1G04660,-0.20757132256716293
AT1G04670,-3.461079007329271
AT1G04680,-0.4713279493555288
AT1G04690,0.16361562214490416
AT1G04700,0.6922038084722528
AT1G04710,-0.37549238435730675
AT1G04730,-0.5280878627564505
AT1G04750,0.49004919833984206
AT1G04760,-0.27125520462003844
AT1G04770,0.24638224442912998
AT1G04778,-0.4722690916030648
AT1G04780,0.7369343732767345
AT1G04790,0.2568131581901169
AT1G04800,0.36688321623090675
AT1G04810,-0.2706647265128359
AT1G04820,0.45635525531257454
AT1G04830,0.31330088361839675
AT1G04840,0.03810689005024822
AT1G04850,0.007294933077899352
AT1G04860,0.15956056907353633
AT1G04870,-0.11363166818911678
AT1G04880,-0.1738012834428585
AT1G04900,0.22709012044249047
AT1G04910,0.9127017429524718
AT1G04920,-0.7418250565506115
AT1G04930,0.6535132097137456
AT1G04945,0.19812165106729615
AT1G04940,-0.22578229932455343
AT1G04950,-0.33731205584454493
AT1G04960,0.18193012641879444
AT1G04970,-0.4727277881804367
AT1G04980,-0.01264533477529906
AT1G04985,0.5805650784694365
AT1G04990,0.3399180326066741
AT1G05000,1.0195645653962915
AT1G05010,0.8465321985194869
AT1G05020,2.606826633532871
AT1G05030,-0.18939281361531354
AT1G05035,-1.925113669921666
AT1G05040,-0.057878163030615944
AT1G05055,0.16712612471008542
AT1G05060,-0.08302171747720449
AT1G05065,-1.4507241970350997
AT1G05070,0.00252633088609306
AT1G05080,1.8728773498034657
AT1G05087,0.4105293059523779
AT1G05090,0.8187055541966033
AT1G05100,3.858625136712652
AT1G05120,0.4528556643561083
AT1G05140,-0.9361988691948309
AT1G05150,0.24279616394252576
AT1G05160,-0.026218347985949197
AT1G05170,-1.0826889015532195
AT1G05180,-0.13450141495217824
AT1G05190,-0.1841931936111635
AT1G05200,-1.5905880217041997
AT1G05205,0.006899288165692453
AT1G05210,0.03187530222220363
AT1G05220,-0.4007523428639782
AT1G05230,-0.5479337072304001
AT1G05240,-1.305512307347435
AT1G05250,0.10186136517845508
AT1G05260,0.4387590421169743
AT1G05270,0.06776414023065432
AT1G05280,-0.4936521280409703
AT1G05300,0.18673901996575204
AT1G05310,-1.604741807190281
AT1G05320,-0.9839649340031762
AT1G05330,0.835227615318134
AT1G05340,1.4136531225769902
AT1G05350,0.9165862756868363
AT1G05360,0.049378345271219086
AT1G05370,-0.36887442104187684
AT1G05380,0.3830005056496239
AT1G05385,-0.6133046787478614
AT1G05400,0.3490666357036986
AT1G05410,-0.017171978997485352
AT1G05420,2.334183155359196
AT1G05430,-0.2034009181367265
AT1G05440,-0.13222967785267112
AT1G05450,0.5509442525732
AT1G05460,-1.006825649101931
AT1G05470,-0.5342324907307544
AT1G05490,-0.0001796013383808578
AT1G05500,0.05986290135110342
AT1G05520,0.742333154389319
AT1G05530,1.235403458689026
AT1G05540,-0.5261881532618111
AT1G05550,-0.8598760528247718
AT1G05560,-1.7544317339936448
AT1G05570,0.04876092458852294
AT1G05575,3.334019024890121
AT1G05577,-0.44440967489313726
AT1G05590,-0.21831163790673408
AT1G05600,-0.7766777825730137
AT1G05610,0.6831989473693728
AT1G05620,-0.19923945273142438
AT1G05630,0.06517536620629805
AT1G05640,-0.12412260214343612
AT1G05650,-2.6826615294764204
AT1G05660,0.020517561205540606
AT1G05670,-0.614304838859294
AT1G05675,4.44850464688484
AT1G05680,-0.16979015572436246
AT1G05690,-1.2437798325859604
AT1G05700,0.18242644064082217
AT1G05710,0.5432203377845015
AT1G05720,0.43040976743688175
AT1G05730,1.4926219703123278
AT1G05740,-0.0018407054280741453
AT1G05750,-0.18847624922504697
AT1G05760,-0.6939424273685096
AT1G05770,0.40295470251673293
AT1G05780,0.8842657221338304
AT1G05783,-0.8046945248979834
AT1G05785,0.1376923670452148
AT1G05790,-0.7456404354300532
AT1G05805,0.4382949387356799
AT1G05810,1.0956617023975923
AT1G05820,0.8894960945289263
AT1G05830,0.035825532025462146
AT1G05835,-0.6455936913570155
AT1G05840,-0.4527349283134347
AT1G05850,0.495720875007456
AT1G05860,-0.35219966733103747
AT1G05870,0.05259461523667817
AT1G05880,4.467308975588321
AT1G05890,-0.3581491010431537
AT1G05894,-0.1983138267051574
AT1G05900,-0.10946153042539183
AT1G05910,0.0003667835892115324
AT1G05940,-0.40553562767133183
AT1G05950,-0.9892214619694347
AT1G05960,0.06696945387002046
AT1G05970,-0.610253784728707
AT1G05990,-0.8717436517671335
AT1G06000,-0.33417909124371725
AT1G06010,-0.20420643040674596
AT1G06020,-0.7502826322086569
AT1G06030,0.41079936131274986
AT1G06040,0.05350192037000648
AT1G06050,0.4719521978045705
AT1G06060,0.24833743933400784
AT1G06070,0.12136199870275372
AT1G06080,-1.1101229044231977
AT1G06090,0.329246645619542
AT1G06100,-3.41408491297642
AT1G06110,-0.8826501557640941
AT1G06120,-0.7700088846576598
AT1G06130,-0.519147966877676
AT1G06135,2.696276678122706
AT1G06140,0.34151469797595574
AT1G06143,0.06045033247677454
AT1G06150,-0.18064197867901768
AT1G06148,1.4328672724281533
AT1G06160,0.9179607959572963
AT1G06170,-3.6464673130340506
AT1G06180,-0.45932247141741706
AT1G06190,-0.25755283694879405
AT1G06200,-0.0787881997513431
AT1G06210,0.5063217170651535
AT1G06220,-0.08138115473566293
AT1G06225,4.405172770137137
AT1G06230,0.18461078240656878
AT1G06240,-0.8906127001526156
AT1G06250,0.011505692393255334
AT1G06260,-0.7056303469554773
AT1G06270,-0.41309713986451296
AT1G06290,0.23753960975609098
AT1G06310,-0.15932502473650675
AT1G06320,1.5646225011114954
AT1G06330,1.9253501554376078
AT1G06350,-1.00703621752066
AT1G06360,-0.06283492318120924
AT1G06380,0.20330553676673652
AT1G06390,0.071033467713558
AT1G06400,0.2629995373385957
AT1G06410,0.9942484534135902
AT1G06420,-1.4777184742215703
AT1G06430,-0.41407328495239026
AT1G06440,1.2404269634520522
AT1G06450,0.13614897053268796
AT1G06460,-0.5863176750028832
AT1G06470,0.5157573113101475
AT1G06490,-0.13697973669347913
AT1G06500,-0.404903873281294
AT1G06515,0.9601153929804188
AT1G06510,-0.0006052462228316529
AT1G06520,2.4567285272920034
AT1G06530,0.15718294224641458
AT1G06540,0.4826844045445224
AT1G06550,-0.18960797668174204
AT1G06560,-0.4346743057648858
AT1G06570,-0.13085640653640518
AT1G06580,0.9890267288979155
AT1G06590,-0.1422074326105701
AT1G06620,0.7025507509267139
AT1G06630,0.3658206411864123
AT1G06640,0.8347849073561027
AT1G06645,-0.06631956984214069
AT1G06650,-0.1351369664520005
AT1G06660,0.31356057422559946
AT1G06670,-0.32584848776474246
AT1G06680,-0.5940903979985226
AT1G06690,0.08367128368261097
AT1G06700,-0.13947782001982972
AT1G06710,0.0989559535464521
AT1G06720,-0.009964432401604842
AT1G06730,0.03321233565347865
AT1G06740,0.4180258956294288
AT1G06750,0.6085570330306507
AT1G06760,0.7697742277338083
AT1G06770,-0.20778953500807643
AT1G06780,0.5314259014881582
AT1G06790,-0.43535170123040595
AT1G06800,0.508940647982894
AT1G06810,2.6623377602122282
AT1G06820,-0.02648430301802864
AT1G06830,-0.4693906981971893
AT1G06840,-0.09497070960371545
AT1G06850,0.44601237966076834
AT1G06870,0.6403265112357064
AT1G06890,0.42897610792529867
AT1G06900,-0.1367488387094753
AT1G06910,-0.07441993085222214
AT1G06923,0.24538301896117706
AT1G06925,-3.5577547003633283
AT1G06930,0.30127779868966237
AT1G06950,-0.15795927160848905
AT1G06960,0.14988762885138573
AT1G06970,-1.8786337462865927
AT1G06980,-0.957220578918288
AT1G07000,2.4982754942266845
AT1G07010,-0.5529130816545403
AT1G07020,0.5164681156821922
AT1G07030,-0.04064302829882608
AT1G07040,0.010626287217030742
AT1G07050,0.6333111508406435
AT1G07060,-0.6064180810555186
AT1G07070,-0.10476890770237582
AT1G07080,-0.4784128024435453
AT1G07090,-0.6705750792076126
AT1G07110,-0.10629205372283493
AT1G07120,0.060034462950504394
AT1G07130,1.4961575988942042
AT1G07135,4.7028552435055655
AT1G07140,0.4295881478943341
AT1G07150,2.6056632488663785
AT1G07160,5.332284610468229
AT1G07170,-0.15898407411413046
AT1G07175,1.180906613978219
AT1G07180,0.39273511725888516
AT1G07200,-0.4676925286030339
AT1G07210,0.17605903881876692
AT1G07220,0.8437419868062717
AT1G07230,-0.019858011443815767
AT1G07240,0.6931367209722155
AT1G07250,0.26382591339886496
AT1G07260,0.9653650617359202
AT1G07270,-1.0759452643656877
AT1G07280,-0.7257669023524012
AT1G07290,0.5761597678673323
AT1G07300,0.018020794620398947
AT1G07310,0.4955755864770147
AT1G07320,-0.2588836639963332
AT1G07330,0.5226905202997442
AT1G07350,-1.5160133786227918
AT1G07360,0.5882249881867303
AT1G07370,-0.3361027524862156
AT1G07380,-0.8148039896151829
AT1G07390,0.11524467234820415
AT1G07400,-0.4303933740031274
AT1G07410,0.5658333856107873
AT1G07420,1.1659641936702683
AT1G07430,-1.1888113495490702
AT1G07440,-1.25879451254287
AT1G07450,-0.8345238932459458
AT1G07470,0.37882283627929847
AT1G07480,0.3958329208702807
AT1G07485,-2.1276293721443262
AT1G07490,-2.265055472674195
AT1G07510,0.48690936972764653
AT1G07520,0.0032849856948105266
AT1G07530,0.04652745539400887
AT1G07540,2.696276678122706
AT1G07550,-0.10201402075080952
AT1G07560,-0.04548709602943085
AT1G07570,0.8707278294699647
AT1G07590,-0.07421193180242563
AT1G07610,-0.1587756937136056
AT1G07615,0.26536465004102183
AT1G07620,0.5666912974801233
AT1G07630,0.8546957773855794
AT1G07640,-0.3268664914164866
AT1G07650,1.0330100006807328
AT1G07660,0.3771763804157683
AT1G07670,0.18560847058347663
AT1G07680,3.6021136418851913
AT1G07700,-0.000634634310405159
AT1G07705,0.08911711923668635
AT1G07710,-0.42979951542773526
AT1G07720,0.515450208583763
AT1G07725,0.11407547679184322
AT1G07740,-0.08675520332137739
AT1G07730,-3.6056265338478264
AT1G07745,-0.2710894503008414
AT1G07750,-0.1956882003301483
AT1G07770,-0.05293700024157184
AT1G07780,0.005883267560814432
AT1G07790,0.04153382506441097
AT1G07795,-4.769164326615167
AT1G07810,0.4273403757055514
AT1G07820,0.004904451943968441
AT1G07830,-0.12613366514644483
AT1G07840,0.024896123016373152
AT1G07870,0.46663921813555403
AT1G07880,0.43197926190184993
AT1G07885,1.8070403988274937
AT1G07890,0.7315008188713318
AT1G07900,0.47366519236973864
AT1G07902,0.38401822339944386
AT1G07901,0.23036351749646014
AT1G07910,-0.2403038383005688
AT1G07920,0.24820254523188595
AT1G07930,0.2658971821279832
AT1G07940,0.19947997947256813
AT1G07950,0.2238978084053368
AT1G07960,0.026521514478047927
AT1G07970,-0.3001777377338923
AT1G07980,0.12135069550479805
AT1G07985,-0.4719432445251717
AT1G07990,0.14070392056056952
AT1G08000,-0.005403754833715768
AT1G08010,0.3866396794672815
AT1G08030,-0.2808781993431328
AT1G08035,-4.101501103911392
AT1G08040,-0.6935531846004254
AT1G08050,1.2438063003388375
AT1G08060,0.03528483623882828
AT1G08070,-0.02742127367316121
AT1G08090,1.4483890083003788
AT1G08110,-0.42034770721407516
AT1G08120,-0.0658771637273737
AT1G08125,0.009297616899761886
AT1G08130,0.2478596523605109
AT1G08160,0.4170304054289733
AT1G08165,1.38339540328174
AT1G08170,-0.939793214749693
AT1G08180,-1.3862442878316352
AT1G08190,-0.17638656056359486
AT1G08200,1.2531344312407822
AT1G08210,-0.3394027264599351
AT1G08220,0.49885533337798965
AT1G08230,-2.0573723775697927
AT1G08250,-7.582797828536959
AT1G08260,-0.46968963560850197
AT1G08270,-0.12662281394759498
AT1G08280,0.023397373214728047
AT1G08290,0.02597489182169075
AT1G08300,-0.33152031108811764
AT1G08310,0.11002763390254684
AT1G08315,1.2194876009966793
AT1G08320,0.4789981051005913
AT1G08340,-0.004559387370168146
AT1G08350,-0.29413980055865946
AT1G08360,-0.0028097967242851083
AT1G08370,0.3363616247341059
AT1G08380,-0.4964336958837835
AT1G08390,0.09086787959327258
AT1G08400,0.3578641211140346
AT1G08410,0.235861218510441
AT1G08420,0.31883911072796345
AT1G08430,-0.934032913976669
AT1G08440,2.6551264287920437
AT1G08450,-0.1997826905277903
AT1G08460,-0.4807706878737768
AT1G08465,-0.19311411512258256
AT1G08470,-0.24239103197155315
AT1G08480,-0.03793850821524196
AT1G08490,0.0017796827305335955
AT1G08500,0.5481747727108249
AT1G08510,0.7284844287782718
AT1G08520,-0.3777501456918826
AT1G08530,-0.1477029295093933
AT1G08540,-0.456927586139084
AT1G08550,-0.7364296839296375
AT1G08560,-0.2514824777692462
AT1G08570,-0.5345417300490511
AT1G08580,0.37548108008747794
AT1G08590,-0.01619303341212045
AT1G08600,-0.32715836752752125
AT1G08610,0.08923533711235762
AT1G08620,0.3617831292008264
AT1G08630,1.7944995714127876
AT1G08640,-0.05684653016922616
AT1G08650,-0.5882953321294052
AT1G08660,-0.009081023679273551
AT1G08670,1.0470678427277484
AT1G08680,-0.5778399190301016
AT1G08700,-0.5615427634719395
AT1G08710,-0.04266429049022269
AT1G08720,0.4389703093987054
AT1G08730,-0.32859098605975967
AT1G08750,0.27467874476096915
AT1G08760,0.09589976344979986
AT1G08770,0.0259370489568678
AT1G08780,0.46899230202730735
AT1G08800,0.5327072036226868
AT1G08810,-0.08701063869771983
AT1G08820,0.6778682884430255
AT1G08830,0.04138700984513192
AT1G08840,0.04322712210646709
AT1G08845,0.0696318562308573
AT1G08860,4.748520285097092
AT1G08880,0.0866661592972046
AT1G08890,-0.2866682012095039
AT1G08900,-1.1718725617369714
AT1G08910,-0.7235354507172796
AT1G08920,1.0454245309363641
AT1G08930,2.3321541468556126
AT1G08940,1.2158493692424595
AT1G08960,0.5392714912218818
AT1G08970,0.23097357476786912
AT1G08980,-0.2428119388195129
AT1G08990,-0.049044614349106216
AT1G09000,-0.06161224889293054
AT1G09010,-0.5308967706621277
AT1G09020,0.19474129823269917
AT1G09030,-2.6724263804689485
AT1G09040,-0.28272159209178366
AT1G09050,-0.14058124036990677
AT1G09060,0.07880147717753297
AT1G09070,1.8166397271843366
AT1G09080,-0.9898124501375652
AT1G09090,0.8250716247074813
AT1G09100,-0.009157794020844155
AT1G09130,-0.022143958515177187
AT1G09140,-0.7747409518002759
AT1G09150,-0.03103679624918335
AT1G09155,-0.715579903369474
AT1G09157,-0.7154533849315335
AT1G09160,0.9048899214015613
AT1G09170,-1.2603915054183543
AT1G09176,-0.9394465231265614
AT1G09180,-1.5939846203919614
AT1G09190,0.46930203886288907
AT1G09195,0.32830347011185385
AT1G09200,0.2946994833475105
AT1G09210,-0.0224164839478798
AT1G09220,0.3430925842646367
AT1G09230,-0.5234878457567297
AT1G09240,0.29394052567079554
AT1G09250,-0.4349465866834899
AT1G09260,0.8582503507127108
AT1G09270,0.40473307547626264
AT1G09280,-0.05384941262135894
AT1G09290,-0.22910037344033835
AT1G09300,-0.025494410088847723
AT1G09310,-1.7220959652741474
AT1G09320,-0.219236952665405
AT1G09330,0.7037417984424121
AT1G09340,-0.023294513344676825
AT1G09350,0.7565215542619494
AT1G09380,-0.5485517055535248
AT1G09390,0.11312014631723512
AT1G09400,1.1675407696954092
AT1G09410,0.454062113797055
AT1G09415,-1.01745760949111
AT1G09420,-0.3267263781451774
AT1G09430,-0.01974758903682799
AT1G09440,-0.9661454964609439
AT1G09450,0.33370448359361893
AT1G09460,2.131747073691016
AT1G09470,-0.11476769571022231
AT1G09480,-0.17229798905336108
AT1G09490,-0.5336220764501455
AT1G09500,0.13419372007486607
AT1G09520,0.01786283089458587
AT1G09530,0.5944181595942464
AT1G09540,1.0953913649997224
AT1G09560,0.8825881290599943
AT1G09570,-0.44578580120605105
AT1G09575,0.8274660827541658
AT1G09580,0.33125042183815345
AT1G09590,0.3244962581337227
AT1G09600,0.7117357415690406
AT1G09610,0.3854539414025541
AT1G09620,-0.07146283617663433
AT1G09625,-2.6826615294764204
AT1G09630,0.9115219219197002
AT1G09640,0.2650234163707738
AT1G09645,0.6011034493781215
AT1G09650,-0.2440158286291104
AT1G09660,-0.39145567130042047
AT1G09680,-0.4035204282781188
AT1G09690,-0.022991630136286714
AT1G09700,-0.10656748470705198
AT1G09710,-1.402149123999272
AT1G09730,-0.15396036066346175
AT1G09740,-0.1704391388676183
AT1G09750,-1.6507501299938894
AT1G09760,-0.20509420514465015
AT1G09770,-0.12792892178790483
AT1G09780,1.5306379351818231
AT1G09794,1.0450446100284394
AT1G09795,-0.1350465129094847
AT1G09800,-0.19973331778275924
AT1G09810,-0.01516885823629816
AT1G09812,0.5608672868819387
AT1G09815,0.45876141981715046
AT1G09820,0.4077555341631539
AT1G09830,-0.18729457377549977
AT1G09840,0.18498101352223043
AT1G09850,-0.23156635791703453
AT1G09860,0.5381804143896357
AT1G09870,0.37317654663556454
AT1G09880,-0.8040989359151725
AT1G09890,0.566720237215131
AT1G09900,0.013881070362272513
AT1G09910,-0.25941105129893155
AT1G09920,0.23509663782343096
AT1G09930,1.3649502678520948
AT1G09932,4.563702367275342
AT1G09940,1.3914485680804594
AT1G09950,5.2984512076974575
AT1G09960,0.2834633489101974
AT1G09970,1.2825333713709175
AT1G09980,0.43705261513902144
AT1G09995,1.0991013494570625
AT1G10000,-0.2633956890592728
AT1G10020,0.07284757280445031
AT1G10030,-0.37541743279063355
AT1G10040,-0.4974623209634922
AT1G10050,-0.24819978617962465
AT1G10060,1.3285331527814523
AT1G10070,2.418719805887528
AT1G10090,0.17414997837932725
AT1G10095,-0.12636630616881647
AT1G10110,1.4796356928076742
AT1G10120,0.13162076269200915
AT1G10130,0.06438684201530287
AT1G10140,0.5323479927598844
AT1G10150,0.19631153288669534
AT1G10155,0.925818252197909
AT1G10170,-0.11138679239589824
AT1G10180,-0.09419856592394274
AT1G10200,-0.7713314665510859
AT1G10210,-0.8529989495654224
AT1G10220,0.1455533418740332
AT1G10225,-1.2043781516244192
AT1G10230,0.049527823519757375
AT1G10240,-0.7795718172086679
AT1G10270,0.3368817570672118
AT1G10280,-0.424403754236345
AT1G10290,0.7558043191212407
AT1G10300,0.09814267328131068
AT1G10310,-0.16953530495032673
AT1G10320,-0.1310609180468886
AT1G10330,0.6555904890761165
AT1G10340,3.7477110915767327
AT1G10350,0.8423062930345239
AT1G10360,-0.8258653216987354
AT1G10370,1.0080984447506645
AT1G10380,-0.6366716424433158
AT1G10385,-0.9394465231265614
AT1G10390,0.14098757880334975
AT1G10400,-0.2406028997839994
AT1G10410,0.6926476008890564
AT1G10417,0.5393039310959974
AT1G10430,0.3779062151280404
AT1G10450,0.04915341813522227
AT1G10455,2.6623377602122282
AT1G10460,0.4761607578129082
AT1G10470,0.15076572219003867
AT1G10480,1.806298485642821
AT1G10490,0.0005807788095225025
AT1G10500,-0.007257673599663852
AT1G10510,-0.07393613655067424
AT1G10520,-0.3252850338434336
AT1G10522,-0.2622089178133848
AT1G10530,-0.5707878853745745
AT1G10540,-0.996896789061101
AT1G10550,3.173758801437016
AT1G10560,3.912072947302796
AT1G10570,0.22205383562953326
AT1G10580,0.8305783043083044
AT1G10585,2.0413139538041785
AT1G10590,0.35932038515766734
AT1G10600,-0.816871463267539
AT1G10610,-1.0020587501823282
AT1G10630,0.7577610215637657
AT1G10640,-5.286727831125136
AT1G10650,0.20902490596397777
AT1G10657,0.43606314043413086
AT1G10660,-0.7288479184260059
AT1G10670,0.21294259398178284
AT1G10680,-1.7888921669443156
AT1G10690,-0.19670067996521431
AT1G10700,0.003432572526065561
AT1G10710,0.5094322835445037
AT1G10720,0.7739609131730988
AT1G10730,-0.17428000223136011
AT1G10740,0.5902588206994086
AT1G10750,-0.06007631225134185
AT1G10760,-0.6813873686850721
AT1G10770,0.4615875824885194
AT1G10780,-0.1421557190003967
AT1G10790,-2.124459533657426
AT1G10800,-0.5035172149277477
AT1G10810,0.35601694829091995
AT1G10820,-0.18353101002935576
AT1G10830,-0.29470874519010265
AT1G10840,0.02314545209473733
AT1G10850,-0.1329704825673758
AT1G10865,0.9152081493202187
AT1G10870,0.3883321539611003
AT1G10880,-2.6826615294764204
AT1G10890,0.04851524973325826
AT1G10900,-0.9364822160690912
AT1G10910,-0.8401851470387818
AT1G10920,-0.5935249364361187
AT1G10930,0.13984855542619926
AT1G10940,0.18074923451997474
AT1G10950,0.3906755648752511
AT1G10960,-1.447867199349421
AT1G10970,-0.013485784472838807
AT1G10980,-1.4660191213119182
AT1G10990,0.9194345860956297
AT1G11000,0.9429145370557188
AT1G11020,-0.08720599595491552
AT1G11050,1.4859918182977232
AT1G11060,0.05639591774874985
AT1G11070,-1.7885385615928775
AT1G11080,-0.4834367362797207
AT1G11090,0.10431896891914519
AT1G11100,-0.48365451636428086
AT1G11112,-0.5194475254609037
AT1G11120,-0.8998668957934517
AT1G11125,-0.20901803725076112
AT1G11130,-0.9041910252112898
AT1G11160,-0.47152278831239886
AT1G11170,-0.4407899376318798
AT1G11180,-0.741527567974512
AT1G11190,-0.3293011996625761
AT1G11200,0.3432501401931279
AT1G11210,1.0026749972926794
AT1G11220,-0.06570791365102421
AT1G11240,0.03243062984772562
AT1G11260,1.2368258336894042
AT1G11270,-0.5149696781749333
AT1G11280,0.5039839068793909
AT1G11290,-0.3165858811855261
AT1G11300,-0.5712817327530891
AT1G11303,-0.7561493696725659
AT1G11310,-0.3826173910338069
AT1G11320,0.7811467598511449
AT1G11330,0.45201227572544755
AT1G11340,0.33548811416195345
AT1G11350,-0.6001922901751284
AT1G11360,0.3060902945152634
AT1G11362,3.9795636871831404
AT1G11370,4.754452507423488
AT1G11380,1.2155337442759093
AT1G11390,0.5434143753837509
AT1G11400,0.36155945315109833
AT1G11410,-0.8786031952591606
AT1G11420,-0.2521894859734375
AT1G11430,-0.21124702466319373
AT1G11440,-0.8577276716283884
AT1G11450,-0.0716294703274642
AT1G11460,0.0028247464460021045
AT1G11475,0.03151210261426272
AT1G11480,0.2817077362539101
AT1G11490,0.5329902392594364
AT1G11500,-0.7154067210301992
AT1G11510,-2.6724263804689485
AT1G11530,0.1768317940781934
AT1G11540,0.0363626060715314
AT1G11545,0.6298423911110266
AT1G11560,1.8164770157181342
AT1G11570,0.24760350349200816
AT1G11572,-0.0658771637273737
AT1G11580,0.5143378243375956
AT1G11590,0.7407624939875941
AT1G11591,-0.7037891958152994
AT1G11600,-1.11316657054399
AT1G11608,-2.6724263804689485
AT1G11630,0.2679387372165823
AT1G11650,0.1059516931670277
AT1G11655,4.77589392595353
AT1G11660,-0.03341962858734383
AT1G11670,0.23092746308684176
AT1G11680,-0.0780417810960997
AT1G11690,2.6551264287920437
AT1G11700,-0.7910407291169389
AT1G11710,-0.6684730607894696
AT1G11720,-0.8018760952705157
AT1G11730,-0.9579605462372
AT1G11740,0.8476680007736265
AT1G11750,-0.09460844362526893
AT1G11755,-0.4172967590486176
AT1G11760,0.003599166161558724
AT1G11770,2.6623377602122282
AT1G11780,0.6368601071227751
AT1G11785,1.6624366247094513
AT1G11790,1.0923711418205775
AT1G11800,-0.28516370578916034
AT1G11820,0.2557867172736372
AT1G11840,-0.4815751201163828
AT1G11850,-0.06417626560165811
AT1G11860,-0.3123473311882661
AT1G11870,-0.17875207190644313
AT1G11880,-0.03192836377254923
AT1G11890,1.3368741462825637
AT1G11900,0.06753077698763006
AT1G11905,0.7301995600301427
AT1G11910,-0.8714940716033754
AT1G11915,0.5642291658389249
AT1G11920,1.3647103252873687
AT1G11925,2.6551264287920437
AT1G11930,-0.27762258537837653
AT1G11940,-0.051685312291569994
AT1G11950,0.08773425428742185
AT1G11960,1.2361693274520231
AT1G11990,-3.9694949097412136
AT1G12000,0.18168781470722586
AT1G12010,1.065778842139602
AT1G12020,-0.9837086565898424
AT1G12030,-0.4269493192345923
AT1G12040,0.13965115578492227
AT1G12050,-0.8478489012187826
AT1G12060,0.4239296207800646
AT1G12064,-3.6464673130340506
AT1G12070,-0.2560951538675092
AT1G12080,1.249871602090738
AT1G12090,0.5109900952956896
AT1G12100,1.8787836534340308
AT1G12110,0.1947269043008227
AT1G12120,0.2784294980982238
AT1G12130,-1.9900039310266306
AT1G12140,0.14571415315417402
AT1G12150,-0.40569277206053944
AT1G12160,0.05481424967348337
AT1G12180,2.6551264287920437
AT1G12200,0.3700288499434376
AT1G12210,-0.22756270420937136
AT1G12211,0.39842232834807606
AT1G12220,-0.7083713525828299
AT1G12230,-0.4143903377368501
AT1G12240,0.5422460160147042
AT1G12244,-1.0338919911255486
AT1G12250,-0.5430664227759875
AT1G12260,0.25769653707134427
AT1G12270,0.18934332525341013
AT1G12280,-0.20677468317156278
AT1G12290,0.3627840717314058
AT1G12300,-0.5573221307654965
AT1G12320,-0.14480132399147586
AT1G12310,0.4465303849739458
AT1G12330,-0.9160605902768005
AT1G12340,0.16443921399140535
AT1G12350,-0.11882047971403929
AT1G12360,0.8082595130544198
AT1G12370,-0.2438143477844348
AT1G12380,-0.49742011207296566
AT1G12390,0.006687962906378311
AT1G12400,-0.2583798309654978
AT1G12410,-0.041367213144392984
AT1G12420,0.04844188360829131
AT1G12430,-0.2689991886770403
AT1G12440,0.12428386812057221
AT1G12450,0.49042120411948575
AT1G12460,-0.3805185342186359
AT1G12470,0.13768279124292787
AT1G12480,0.44317190678267315
AT1G12490,-0.7407292974421019
AT1G12500,1.068458831324649
AT1G12520,-0.42359046787997284
AT1G12530,-0.13099654844693884
AT1G12550,0.49670585712016263
AT1G12560,-0.4263823443500394
AT1G12570,-0.8585379706134387
AT1G12580,0.8777203527495285
AT1G12600,0.4629900136894187
AT1G12610,2.4118871580241916
AT1G12620,0.14319035589532503
AT1G12630,-0.40509601339417695
AT1G12640,0.24149212217276098
AT1G12650,0.08185246953814129
AT1G12665,2.696276678122706
AT1G12672,-3.6464673130340506
AT1G12680,-0.12579173086651224
AT1G12700,-0.14846247988094058
AT1G12710,0.24620956253591905
AT1G12730,-0.5997530252944276
AT1G12740,-0.14181536232319025
AT1G12750,0.2620201113609246
AT1G12760,0.21632242033165353
AT1G12770,-0.46217842291298356
AT1G12775,-0.005741597738626388
AT1G12780,-0.22580700763005804
AT1G12790,0.10440939393860803
AT1G12800,-0.17146038074978806
AT1G12805,-1.5715043948721286
AT1G12810,-0.12632528973388976
AT1G12820,-0.41417972289403554
AT1G12840,0.15990985009873754
AT1G12845,-1.0749563421814479
AT1G12850,0.7209248195836438
AT1G12855,1.0231182626580848
AT1G12860,-0.6394734214436756
AT1G12880,-0.05762983177623815
AT1G12890,0.3138371964381599
AT1G12900,-0.30881427105333165
AT1G12910,-0.1990381858904205
AT1G12920,0.08516863634261634
AT1G12930,-0.5303548244585716
AT1G12940,0.8234627318461849
AT1G12950,0.7108939801112204
AT1G12970,0.29449908508975287
AT1G12980,1.0494156043935896
AT1G12990,1.309395669318653
AT1G13000,0.45971592531083294
AT1G13020,0.23072827494968318
AT1G13030,-0.20530331265281426
AT1G13040,0.08803682749836426
AT1G13050,0.03619958303896612
AT1G13060,0.13123109485810738
AT1G13080,-1.4761214087834829
AT1G13090,-1.6259852663649204
AT1G13100,-0.5732128347737645
AT1G13110,-0.672591803163308
AT1G13120,0.05400739744026261
AT1G13130,1.4573642680474155
AT1G13140,-0.06163360014832653
AT1G13143,-0.5202141073071714
AT1G13150,-1.036680388680535
AT1G13160,0.030726547732671812
AT1G13170,0.5519786272075814
AT1G13180,0.9083683616547911
AT1G13190,0.06651827011231362
AT1G13195,0.03618058003149444
AT1G13200,2.6551264287920437
AT1G13210,1.3630961100548291
AT1G13220,-0.14998040531474952
AT1G13230,-2.654927655627755
AT1G13245,0.172889638204084
AT1G13250,0.5052415871194867
AT1G13260,1.5379358050399634
AT1G13270,-0.5355775315730351
AT1G13280,-0.46678304034603524
AT1G13300,0.157970191065857
AT1G13310,-4.3129392918532865
AT1G13320,-0.007679159046258987
AT1G13330,0.40980440687845787
AT1G13340,0.9922649499262234
AT1G13350,-0.1429291386293398
AT1G13360,-0.755323872694259
AT1G13370,1.8388478886079243
AT1G13380,-0.056421281935174546
AT1G13390,1.087064038186807
AT1G13400,0.5901781307005505
AT1G13410,0.5857094546307794
AT1G13420,0.8950082845100303
AT1G13430,-0.8692515886003729
AT1G13440,-0.5533834454999428
AT1G13450,0.2365332051909229
AT1G13460,0.16462349247154867
AT1G13470,-0.061801350486987344
AT1G13480,0.5658365293358634
AT1G13500,1.2888231021467063
AT1G13510,1.2551152486018837
AT1G13520,0.890510557434426
AT1G13530,0.16516896490388214
AT1G13540,-0.4880034594195006
AT1G13550,1.6923873094664592
AT1G13560,0.3370515086807685
AT1G13570,-0.13908814602997263
AT1G13580,1.206146073073267
AT1G13590,1.2358837879504248
AT1G13600,-1.1347065627713668
AT1G13607,-5.173008049760328
AT1G13608,-5.465356626894522
AT1G13609,-2.092725910923086
AT1G13610,-1.3105743291257967
AT1G13620,-0.5127431762785917
AT1G13630,0.4901234798823498
AT1G13635,-0.007739455482229678
AT1G13640,-0.023723908042408703
AT1G13650,-1.7939776598803598
AT1G13670,1.386446386262017
AT1G13680,2.6623377602122282
AT1G13690,-0.1505057521514729
AT1G13700,0.1177436826249748
AT1G13710,0.12204374770800658
AT1G13730,0.06667698085434491
AT1G13740,-0.053753717954805186
AT1G13750,0.06879039334672243
AT1G13770,-0.36428129838127055
AT1G13780,-0.05192056070533658
AT1G13790,0.9059586180080988
AT1G13800,0.4195235690206245
AT1G13810,0.16181945924617883
AT1G13820,-0.040917527747901326
AT1G13825,-3.6464673130340506
AT1G13830,-0.618896741265449
AT1G13860,-0.062409785591118316
AT1G13870,0.7670329420139586
AT1G13880,0.9628137335559883
AT1G13900,0.5192974233719927
AT1G13910,-0.9965957875645388
AT1G13920,0.14861387072919624
AT1G13930,-0.3519375198350474
AT1G13940,-0.16145712627476747
AT1G13950,-0.11816903017388265
AT1G13960,0.25804725916799814
AT1G13970,-0.3500254895986974
AT1G13980,0.07306766472074656
AT1G13990,-0.426254988106122
AT1G14000,0.7022058313459767
AT1G14010,0.41254219618751103
AT1G14020,0.6561684356858254
AT1G14030,-0.788515204870547
AT1G14040,0.47413424219676203
AT1G14060,1.0451525492837008
AT1G14080,0.3862624777642029
AT1G14100,-1.5649660862122954
AT1G14120,-1.3676182376995893
AT1G14130,-0.11868010101804484
AT1G14140,0.5029466801112603
AT1G14150,-0.584498320810844
AT1G14160,0.35545246854750207
AT1G14170,1.2340632621026182
AT1G14180,0.3766191252336371
AT1G14185,0.05415475887107923
AT1G14190,-0.48387739506370386
AT1G14200,-0.2631279575379919
AT1G14205,-1.2763897775679747
AT1G14210,0.48698279894551544
AT1G14220,0.5810786447355815
AT1G14230,0.43848306235832474
AT1G14240,-0.37710286550833555
AT1G14250,-1.2658743865179332
AT1G14260,0.5313281467107706
AT1G14270,-0.19355596554744675
AT1G14280,0.13570287153399588
AT1G14290,0.49197871469372595
AT1G14300,0.11676642250132627
AT1G14310,-0.2515233863547211
AT1G14315,3.715044581530864
AT1G14320,0.19870417281808178
AT1G14330,1.5935861930364636
AT1G14340,-0.6533851850235927
AT1G14345,-0.8464079283600107
AT1G14350,-0.751392941895083
AT1G14360,-0.2499572571200853
AT1G14370,2.071858816057513
AT1G14380,-0.3058770048850686
AT1G14390,-0.8687360420120451
AT1G14400,0.24278120202988798
AT1G14410,-0.4312356573737491
AT1G14420,1.8934155046088421
AT1G14430,0.7798693960352671
AT1G14440,-1.2826302817753885
AT1G14450,-0.017695328213444175
AT1G14453,3.3984254061124917
AT1G14460,0.2657019649329244
AT1G14470,0.6990702194066795
AT1G14480,0.6085593133836388
AT1G14490,0.3208911978550041
AT1G14500,5.0638933838278275
AT1G14510,0.4003178210944087
AT1G14520,2.246232965322859
AT1G14530,0.27026770761856656
AT1G14540,3.9646831532399225
AT1G14550,2.6551264287920437
AT1G14560,0.5040721971349661
AT1G14570,-0.06729876309890764
AT1G14580,0.19945700703353397
AT1G14590,0.31075031742345566
AT1G14600,-1.601863292914683
AT1G14610,-0.09605037733150808
AT1G14620,0.0913093533007713
AT1G14630,-1.7553294362134872
AT1G14640,0.14690132953452878
AT1G14642,0.31962137573756194
AT1G14650,0.05834897618888678
AT1G14660,0.06595124663221055
AT1G14670,0.9433210942614134
AT1G14680,0.9080451655433655
AT1G14685,0.6830117826389018
AT1G14686,-0.0018407054280741453
AT1G14687,0.12296472122191143
AT1G14690,-0.8169441162666518
AT1G14700,-2.229899880135874
AT1G14710,0.6469900376950889
AT1G14720,0.281582923010123
AT1G14730,-0.04186872912837606
AT1G14740,1.0756910863392308
AT1G14750,0.32316729377950204
AT1G14760,-1.132993347011232
AT1G14770,0.49826609763616997
AT1G14780,3.09382299796599
AT1G14790,-0.784555660074172
AT1G14810,0.024441664849423853
AT1G14820,0.0680512052254494
AT1G14830,1.3149810052212054
AT1G14840,-0.7024506995891027
AT1G14850,0.09974561574036786
AT1G14860,0.6797211554343316
AT1G14870,2.8884688370463154
AT1G14880,3.5328140478313754
AT1G14890,-0.2012044509176168
AT1G14900,0.13735385376699077
AT1G14910,0.01827762950365107
AT1G14920,-0.3583996662422717
AT1G14960,-0.16084383044312203
AT1G14970,-0.0684499036400512
AT1G14980,-0.2250532287279879
AT1G14990,0.20584642707581108
AT1G15000,-0.6584886302861318
AT1G15010,3.099110896328866
AT1G15020,0.08779426859124045
AT1G15030,0.04736956013404566
AT1G15040,4.914321897594599
AT1G15050,0.33956954175634385
AT1G15060,-0.03343575586859298
AT1G15080,-1.1691349818767494
AT1G15100,-0.06401241687683626
AT1G15110,-0.26351601910839617
AT1G15120,0.18667300788877167
AT1G15125,0.5204648047734295
AT1G15130,0.28317926199691096
AT1G15140,0.6617697748974875
AT1G15150,-0.9410575219873292
AT1G15160,0.24508735054589176
AT1G15165,0.7898450282832331
AT1G15170,1.0430838086208407
AT1G15180,-0.7435158761272127
AT1G15190,0.5261955401266732
AT1G15200,-0.10365483667802403
AT1G15210,0.30504328672463155
AT1G15215,-0.7913248911792625
AT1G15220,0.632053496302644
AT1G15230,-0.37226650728578187
AT1G15240,-0.17565899537413296
AT1G15250,-0.04007647658598992
AT1G15260,-1.25900621581411
AT1G15270,0.06288594058440079
AT1G15280,-0.009249980134000317
AT1G15290,-1.2339546743372072
AT1G15310,0.21334226340025977
AT1G15320,-0.08431408083632463
AT1G15330,2.3264773468619375
AT1G15340,-0.406000231780433
AT1G15350,0.4237109139409957
AT1G15360,-0.3299270663408259
AT1G15370,0.6001660835786372
AT1G15380,1.152006816740385
AT1G15385,0.022254775967579757
AT1G15390,-0.03604856303942254
AT1G15400,-0.06318374795237622
AT1G15410,-0.18867668254207506
AT1G15415,1.0940328903917662
AT1G15420,0.2931384570425155
AT1G15430,1.4280360106102878
AT1G15440,0.24498882755671442
AT1G15460,-0.5486579901622273
AT1G15470,0.322655774651759
AT1G15480,0.6892040219699002
AT1G15490,0.26684630519381924
AT1G15500,-0.48720542669675687
AT1G15510,-0.7029316958884191
AT1G15520,0.13292070941812154
AT1G15530,0.8347159147083265
AT1G15550,-0.5688283210995818
AT1G15570,-0.21566132386473957
AT1G15580,-1.855235279381555
AT1G15590,2.696276678122706
AT1G15625,0.2616630526484938
AT1G15630,-1.0006799047444508
AT1G15640,0.5513646988936021
AT1G15660,0.13325101794919686
AT1G15670,1.0810166191739599
AT1G15690,0.7136725844344401
AT1G15700,-0.4402760068120581
AT1G15710,-0.2177330649385053
AT1G15720,-0.08877832059404887
AT1G15730,-0.03830509606414747
AT1G15740,-1.4327313229772665
AT1G15750,0.22516667991904155
AT1G15760,-0.6952811015292998
AT1G15772,0.7567379212117628
AT1G15780,0.23353086761267983
AT1G15790,-0.20869565276516658
AT1G15800,0.919970597663253
AT1G15810,0.14616238150623384
AT1G15820,-0.6618653433794639
AT1G15830,-1.3814523464779613
AT1G15825,-1.2863170822859216
AT1G15840,-5.193817624062834
AT1G15860,-0.025597116586045517
AT1G15870,0.32568296925758133
AT1G15880,0.059529862021247985
AT1G15885,-1.1691609933749707
AT1G15890,-0.09018935799822589
AT1G15900,1.9515563387291328
AT1G15910,-0.7268396537668967
AT1G15920,-0.0996894683444054
AT1G15930,-0.08758885302268286
AT1G15940,-0.12232949783041995
AT1G15950,-0.19090076795592834
AT1G15960,0.2623415154396892
AT1G15970,-0.00013891413595255628
AT1G15980,-0.39163329831958504
AT1G15990,0.49356316189101396
AT1G16000,0.2586736488646066
AT1G16010,0.6403666557461023
AT1G16020,-0.1570486404528884
AT1G16022,0.07962667924992416
AT1G16030,-0.16352926874975574
AT1G16040,-0.19154500589156165
AT1G16060,-0.24318958928256426
AT1G16070,-0.24340935468679398
AT1G16080,-0.2628799474558737
AT1G16090,-0.37721944586544587
AT1G16110,1.7864158321618597
AT1G16120,0.8225664713590313
AT1G16130,3.663025335131185
AT1G16150,0.7614069151614155
AT1G16160,-0.4347466730464049
AT1G16170,0.8408541392610377
AT1G16180,-0.12736349807265285
AT1G16190,0.9017908043522931
AT1G16210,0.16997707664119716
AT1G16220,-1.0583993684969404
AT1G16225,-0.20031198133614325
AT1G16230,0.030169499310781188
AT1G16240,0.4908085331708363
AT1G16250,-0.22866554638688
AT1G16260,-0.6346902539714089
AT1G16270,0.11246852860925015
AT1G16280,-0.37539799705744703
AT1G16290,2.6623377602122282
AT1G16300,0.23310845942756472
AT1G16310,-0.9295447967947628
AT1G16320,-0.7235236487311575
AT1G16330,-0.0706640634428961
AT1G16340,-0.6263415584417582
AT1G16350,-0.7205283174741236
AT1G16360,0.8114849145809506
AT1G16370,2.661205117026603
AT1G16380,2.6551264287920437
AT1G16390,2.1007191284941875
AT1G16400,-0.8250686980613564
AT1G16410,-0.6716252524203395
AT1G16420,3.039889254432155
AT1G16430,0.06151070534298188
AT1G16440,0.3142583420193732
AT1G16445,-0.15743313230169984
AT1G16460,-0.4304352658823138
AT1G16470,0.3335237983467104
AT1G16480,0.600211895070289
AT1G16490,0.28773882859155636
AT1G16500,-0.9282000085760974
AT1G16510,-1.6586029952398993
AT1G16515,-1.4332935092419943
AT1G16520,-0.05298916110155575
AT1G16530,-0.6950991589401069
AT1G16540,0.4029980241408899
AT1G16560,-0.11385946150576184
AT1G16570,0.1412732496980322
AT1G16590,-0.7500410957447755
AT1G16610,0.31092458222752556
AT1G16630,-0.20989673830843233
AT1G16640,0.4320355462270298
AT1G16650,-0.1740156820634726
AT1G16670,0.2928095514262385
AT1G16680,-0.5626365784977765
AT1G16690,-0.22413375092897805
AT1G16700,0.18329168708933888
AT1G16705,-0.05411820660772968
AT1G16710,0.21985218982801888
AT1G16720,-0.4829183573186444
AT1G16730,-0.13918774386228971
AT1G16740,0.10865687850374685
AT1G16750,-0.21502032301400945
AT1G16770,0.40228509891015013
AT1G16780,-0.8479504521204153
AT1G16790,-0.45691032815539323
AT1G16800,-0.3028064163206702
AT1G16810,-0.07655638689318559
AT1G16820,-0.2672236333400438
AT1G16825,0.24760704876807776
AT1G16830,0.48972993941045584
AT1G16840,0.22841136323821254
AT1G16850,1.397601965206315
AT1G16860,0.8612941263167402
AT1G16870,0.26793147769024733
AT1G16880,-0.33815832931012973
AT1G16890,0.2660506795969905
AT1G16900,-0.05344495537524067
AT1G16905,1.1475357406928968
AT1G16910,-0.38887681296062443
AT1G16916,0.13003041515628797
AT1G16920,0.7730504449618172
AT1G16930,-0.0017497650930676765
AT1G16960,-0.27764703084855374
AT1G16970,-0.45536350673854153
AT1G17010,-2.6826615294764204
AT1G17020,-0.6742533387521229
AT1G17030,-0.3897901128874207
AT1G17040,-0.6829450671028666
AT1G17050,-0.022765246691077733
AT1G17060,1.2574465652045776
AT1G17070,0.48781222201332886
AT1G17080,0.8276720925042075
AT1G17090,-0.7473856940988204
AT1G17100,-0.9598055092642006
AT1G17110,0.11408094910654418
AT1G17120,0.024551535450575982
AT1G17130,0.579729381344732
AT1G17140,-1.3903582180909795
AT1G17145,-0.41266621836084133
AT1G17147,-0.29144634844983824
AT1G17160,0.17998583038098948
AT1G17170,0.5528877679802532
AT1G17180,-0.1259002905448289
AT1G17190,-0.02270467114628695
AT1G17200,-0.9428933723110562
AT1G17210,-0.21878721221881284
AT1G17220,-0.40164389320935606
AT1G17230,1.0779942287042228
AT1G17235,-0.17109981717670342
AT1G17240,-0.3941210245900996
AT1G17250,-0.12120432578599674
AT1G17260,-0.2516980523451848
AT1G17270,0.452639442446393
AT1G17280,0.281556476821623
AT1G17285,0.5728059051845166
AT1G17290,1.3337780378287158
AT1G17300,1.690731091418602
AT1G17310,0.6206566331851672
AT1G17330,0.4371045276922788
AT1G17340,0.35515090805727545
AT1G17345,3.9285358007785227
AT1G17350,0.24357570131401923
AT1G17360,-0.13815354197799548
AT1G17370,0.11829165467722132
AT1G17380,4.483589193307101
AT1G17400,1.0005533101779103
AT1G17410,-0.4358083308995551
AT1G17420,2.0914924506722463
AT1G17430,0.41159148574060866
AT1G17440,-0.030357657952256277
AT1G17450,0.24595102511608924
AT1G17455,0.011351605495326253
AT1G17460,-1.259756763881451
AT1G17470,-0.31482785098413363
AT1G17480,-0.1772706616427125
AT1G17490,0.12344250365632209
AT1G17500,0.7196446258843942
AT1G17510,0.24966031640055952
AT1G17520,-0.12088436695396271
AT1G17530,-0.40183691153124174
AT1G17540,1.3647103252873687
AT1G17550,-0.045748344558376536
AT1G17560,0.2067767029308184
AT1G17580,-0.040060196830620065
AT1G17590,0.08277065675252714
AT1G17600,0.49814264976041317
AT1G17610,-0.2074369329384063
AT1G17620,2.6085015724069858
AT1G17630,-0.03864340272520267
AT1G17640,-0.5881486497919136
AT1G17650,-0.455964540028985
AT1G17665,0.10801315557028532
AT1G17680,-0.31494759605170414
AT1G17690,-0.2554959050507888
AT1G17700,-0.8983874975314472
AT1G17710,0.6652561103245177
AT1G17720,0.5258716186489363
AT1G17730,0.677916580832235
AT1G17745,-0.18709172421897322
AT1G17750,0.43225889100115594
AT1G17760,0.13870386988136693
AT1G17780,-0.05976740329256597
AT1G17790,-0.09971977666594788
AT1G17810,1.7602398579124099
AT1G17820,-0.506903199727556
AT1G17830,0.20258333285035438
AT1G17840,-0.8341844809045021
AT1G17850,-0.8129428839793894
AT1G17860,0.32977655472998496
AT1G17870,-1.3818838241757299
AT1G17880,0.3167580577728546
AT1G17890,0.941092843934672
AT1G17920,0.5472916680529043
AT1G17930,0.3155328997817394
AT1G17940,0.01809755510421874
AT1G17950,-0.5612952384452989
AT1G17960,1.1869306863666245
AT1G17970,-1.0085600834866577
AT1G17980,1.1493175081596045
AT1G17990,0.3780931879716516
AT1G18000,-0.5371576021391194
AT1G18010,-1.6823760874157954
AT1G18020,1.2201197218733697
AT1G18030,0.1676991306024696
AT1G18040,0.04054992727022029
AT1G18060,-0.20173232633250207
AT1G18070,0.7411262126815517
AT1G18080,-0.017819773076176385
AT1G18090,-0.49950687675731104
AT1G18100,-1.4788956722601356
AT1G18140,-0.36811368575054626
AT1G18150,0.21885749232945348
AT1G18160,0.00037837965516046004
AT1G18170,-0.41587734691357586
AT1G18180,0.5612094874480182
AT1G18190,0.07924622682665537
AT1G18193,2.6551264287920437
AT1G18197,-0.25587074627805473
AT1G18200,2.523448366675627
AT1G18210,1.8432480874857695
AT1G18250,-0.14119221591952524
AT1G18260,-0.1577103018673871
AT1G18265,-2.152237484034132
AT1G18270,1.1030758363000288
AT1G18280,2.985000496765695
AT1G18290,1.4144303270764598
AT1G18300,1.4642446869304153
AT1G18310,-2.6826615294764204
AT1G18320,0.8965076695089654
AT1G18330,-1.2368840190772417
AT1G18335,-0.20210940978848943
AT1G18340,0.1540953950568949
AT1G18350,1.3628428890201845
AT1G18360,-0.43039153559761123
AT1G18370,-0.22256804994218496
AT1G18390,1.6191953281403584
AT1G18400,1.4384479097493976
AT1G18410,1.7164132071321354
AT1G18420,0.15143487832158525
AT1G18440,0.34373678501720867
AT1G18450,-0.0802087365820267
AT1G18460,0.13705097678278602
AT1G18470,0.06519923826172148
AT1G18480,0.8256129873745056
AT1G18485,-0.3920697292079895
AT1G18490,-0.22599028345060962
AT1G18500,0.17723296168446184
AT1G18540,0.2681565977193784
AT1G18550,0.3470385466154169
AT1G18560,0.8943924027657884
AT1G18570,2.689339484706153
AT1G18580,1.0983365631448203
AT1G18590,0.14278433958645864
AT1G18600,0.1233522270768281
AT1G18610,-0.5724351367068917
AT1G18620,-0.7603807095756613
AT1G18630,0.5323399866648583
AT1G18640,-0.10089007745079581
AT1G18650,-1.7058504157996466
AT1G18660,-0.1286075409234888
AT1G18670,-0.4012634229501566
AT1G18680,-0.43106124340668395
AT1G18690,-0.3707283685213145
AT1G18700,0.2377018857708955
AT1G18710,-1.3505174692444863
AT1G18720,-0.2589111042399813
AT1G18730,-0.19285283290125085
AT1G18740,1.450164774998671
AT1G18750,-0.6301536652965475
AT1G18773,-0.9013604181260758
AT1G18800,0.3155391000706476
AT1G18810,-1.7902877086460203
AT1G18830,0.22069224137579463
AT1G18835,-2.3958464912360093
AT1G18840,0.3318555628565051
AT1G18850,0.5912793769699843
AT1G18860,0.7273749467388284
AT1G18870,-0.6066969084397885
AT1G18880,-0.32131599343427836
AT1G18890,1.658039020538918
AT1G18900,0.2782230447782649
AT1G18910,0.6898453831770032
AT1G18940,0.03311758000299218
AT1G18950,-0.004779581617640162
AT1G18960,-0.36037999525088904
AT1G18970,-0.9178730401927812
AT1G18975,3.715044581530864
AT1G18980,-0.6392505704015914
AT1G18990,-1.5190061883372001
AT1G19000,-1.065989579347425
AT1G19010,-0.5526899744863828
AT1G19020,4.292120911063943
AT1G19025,0.8936607495047239
AT1G19050,1.4143543372767444
AT1G19080,-0.42849371422710436
AT1G19070,-0.7116706643429921
AT1G19100,-0.09936032540279463
AT1G19110,-0.05156059282984297
AT1G19115,-2.659077415001306
AT1G19120,0.1531177170104849
AT1G19130,0.18884547063795565
AT1G19140,-0.055412142832214364
AT1G19150,-0.9870034131969057
AT1G19160,0.9000777752280159
AT1G19170,0.13231541939257946
AT1G19180,4.189593892347202
AT1G19190,1.6715905992757945
AT1G19200,0.4916162793369643
AT1G19210,2.2352280739934476
AT1G19220,-0.19908361248869216
AT1G19230,-0.25431784201990787
AT1G19240,0.22515695099756497
AT1G19250,1.3437988718874307
AT1G19270,0.25260861726014217
AT1G19290,-0.6835288327287129
AT1G19300,0.5447591099406911
AT1G19310,0.46339225833925163
AT1G19320,0.6485425379643043
AT1G19330,-0.9985952713868863
AT1G19340,-1.3565000651126313
AT1G19350,-0.06499535956339698
AT1G19360,0.6223421741605369
AT1G19370,1.123870273996347
AT1G19380,4.107839089712512
AT1G19390,4.7760004643273835
AT1G19394,-0.03713745782526885
AT1G19396,-0.00899667561020068
AT1G19397,0.16807444613875963
AT1G19400,-0.18812677123413443
AT1G19430,0.26538228771836614
AT1G19440,1.4218531617886758
AT1G19450,2.0490428054694685
AT1G19470,2.6551264287920437
AT1G19480,-0.21395287411291244
AT1G19485,-0.184425713120507
AT1G19490,0.18584310936632298
AT1G19510,0.13750539579454416
AT1G19520,0.34499844025937615
AT1G19530,0.9598490793856623
AT1G19540,1.107724457771988
AT1G19565,0.09557961552186246
AT1G19570,-0.7832974465666019
AT1G19580,0.49786632781746276
AT1G19600,-0.6675060705284676
AT1G19610,-0.5635976702223985
AT1G19630,-1.0541508144140046
AT1G19620,0.6589202332387767
AT1G19640,-1.5190108564473586
AT1G19650,-0.5897608053943121
AT1G19660,-1.3719731501808468
AT1G19670,-2.4539052832503816
AT1G19680,-0.7469680335416375
AT1G19690,-0.3080361652778224
AT1G19700,-0.8876428131381745
AT1G19710,0.5392687362277829
AT1G19715,-0.862817515265592
AT1G19720,-0.5668947790144582
AT1G19730,0.3131315540465317
AT1G19740,-0.09490562743644759
AT1G19750,0.8876005527264416
AT1G19770,1.8518906723397925
AT1G19780,0.6770321021626062
AT1G19790,-0.02558002812211625
AT1G19800,-0.26585234803471547
AT1G19830,-2.2661681353186305
AT1G19835,0.419958677001897
AT1G19840,-1.3143783036858634
AT1G19850,-0.4029647878400907
AT1G19860,-0.2788799907892149
AT1G19870,0.015765973477842147
AT1G19880,0.22440696475883382
AT1G19900,0.31848310145356235
AT1G19910,0.05258190895030318
AT1G19920,-0.03251492825833514
AT1G19940,1.5947617028645733
AT1G19950,-0.6800017584049239
AT1G19960,-2.639501600317589
AT1G19970,-0.3704593324819981
AT1G19980,-0.007523246337077071
AT1G19990,0.6746067501639462
AT1G20010,-0.3475404471597106
AT1G20020,-0.29848406467129235
AT1G20030,0.008795995076193792
AT1G20050,0.0607591350658461
AT1G20060,-0.4740115948376578
AT1G20065,0.1216238904910539
AT1G20070,-0.6439279706494324
AT1G20080,0.09934808202780797
AT1G20090,0.8368701472663017
AT1G20100,1.1159818515635052
AT1G20110,0.5515998394523289
AT1G20120,-0.772878989558745
AT1G20130,2.6623377602122282
AT1G20140,0.2922635537994481
AT1G20160,-0.9971823302440807
AT1G20190,-0.40980995639840695
AT1G20200,0.443423898852747
AT1G20220,0.12173207504427426
AT1G20225,-0.1890905584234477
AT1G20230,-0.18962962084687568
AT1G20240,-0.057878163030615944
AT1G20260,0.27876510435281654
AT1G20270,0.14250633798229526
AT1G20280,2.6551264287920437
AT1G20300,0.29215508488918285
AT1G20310,7.164822208164057
AT1G20320,1.8728773498034657
AT1G20330,0.9712955482139174
AT1G20340,-0.2979677443470113
AT1G20350,1.3631076762943428
AT1G20370,-0.19580114419255007
AT1G20380,-0.38073687925162103
AT1G20400,-0.4266497524401094
AT1G20410,-0.3512920813360892
AT1G20430,-0.07080872200325006
AT1G20440,2.56714980749431
AT1G20450,2.842742094923224
AT1G20460,0.3371788898880334
AT1G20470,-0.5824468903056749
AT1G20480,-0.266522688863591
AT1G20490,-0.22059936864870325
AT1G20510,1.887391424833466
AT1G20520,2.2184661624154836
AT1G20530,-0.5525554150959989
AT1G20540,-0.5155618919749472
AT1G20550,0.1567281099578473
AT1G20560,-0.058598952458974646
AT1G20570,-0.3645948531961454
AT1G20575,0.3899195575775089
AT1G20580,0.08589774174439342
AT1G20610,-0.4401709475040917
AT1G20620,-1.0890087114332836
AT1G20630,0.10915674736259563
AT1G20640,-0.5613147302826408
AT1G20650,-1.4471173450288697
AT1G20670,0.22726495450631112
AT1G20680,-0.00019302634458045036
AT1G20690,-0.3676426050459973
AT1G20693,0.5011376343412942
AT1G20696,0.548154478208192
AT1G20700,-0.5053628157723554
AT1G20710,1.8730318233610872
AT1G20720,-0.2864900896523507
AT1G20740,3.3930995497502447
AT1G20750,3.5328140478313754
AT1G20760,0.5417620243812683
AT1G20770,0.3148284332642483
AT1G20780,1.2796796990274932
AT1G20795,2.6551264287920437
AT1G20810,-0.3130888402371504
AT1G20816,-0.2398963434127786
AT1G20823,0.7526227606032568
AT1G20830,-0.3594740187660855
AT1G20840,1.882743285467498
AT1G20850,0.29065425984150917
AT1G20860,3.6021136418851913
AT1G20870,-1.4920236708218462
AT1G20880,0.03291053328704171
AT1G20890,0.4813618539133846
AT1G20900,1.225997196655527
AT1G20910,-0.3326038418565173
AT1G20920,-0.00778243456041253
AT1G20930,-0.08455684651948905
AT1G20950,0.05808450874308455
AT1G20960,-0.022496929412727913
AT1G20970,1.4216823302015877
AT1G20980,0.750277177938055
AT1G20990,0.7099882470020805
AT1G21000,-0.019106064512722027
AT1G21010,1.1586794429754415
AT1G21050,-0.04030814675196236
AT1G21060,-0.2181493328427774
AT1G21065,0.020016105126648462
AT1G21070,0.8881384576250793
AT1G21080,1.4957490955773785
AT1G21090,-0.6641765298713521
AT1G21100,-0.2071518324399725
AT1G21110,1.1959753955667343
AT1G21120,2.3296264624843195
AT1G21130,0.5177923806623577
AT1G21140,1.6048731109795968
AT1G21150,-0.23609531304995937
AT1G21160,-0.08698182686951261
AT1G21170,0.2313909003826893
AT1G21190,-0.2275434980854141
AT1G21200,0.5707770191209994
AT1G21210,0.18164856383632794
AT1G21250,0.3240383981796208
AT1G21270,-0.8902508423569219
AT1G21280,7.88075423077552
AT1G21310,0.22358018804871124
AT1G21313,-4.37638389649288
AT1G21320,3.350939984026388
AT1G21326,2.8985996536396357
AT1G21340,-0.06669067987273973
AT1G21350,-0.2300958161230137
AT1G21360,0.6376315644435329
AT1G21370,0.6557580898535583
AT1G21380,0.7105079965975877
AT1G21390,-0.20120421189209733
AT1G21395,2.696276678122706
AT1G21400,1.320264461208561
AT1G21410,-1.5017058057483152
AT1G21440,-1.2234389468657492
AT1G21450,-0.07562520050497794
AT1G21460,-0.9799362002206132
AT1G21470,0.48274141843366486
AT1G21480,-0.2947692879366421
AT1G21500,-0.5471691977880309
AT1G21510,0.16848497577117205
AT1G21520,0.8506228448743318
AT1G21528,-2.6724263804689485
AT1G21530,0.6716570080858244
AT1G21540,1.1534795261571293
AT1G21550,-0.28524334081549224
AT1G21560,-0.8257384085077047
AT1G21580,-0.022824691673460254
AT1G21590,-1.2171629816293037
AT1G21600,-0.42766005445277494
AT1G21610,0.11643637985153688
AT1G21620,4.405172770137137
AT1G21630,0.536945665024897
AT1G21640,-0.5586088352049904
AT1G21650,0.09083526586277621
AT1G21651,-0.1815269187870609
AT1G21660,0.7805269923691622
AT1G21670,0.3899691594884765
AT1G21680,-0.5144538453601353
AT1G21690,-0.0918049306813572
AT1G21695,0.1559204748281086
AT1G21700,-0.04781908775337489
AT1G21710,0.03031437690756782
AT1G21720,0.17981311045718765
AT1G21730,0.18360530924397836
AT1G21740,0.42430646665524635
AT1G21750,0.18108661302340867
AT1G21760,-0.29483109212111197
AT1G21770,-0.5580061613798954
AT1G21780,-0.4057384749738478
AT1G21790,0.08985669056008627
AT1G21810,-0.5474033659610132
AT1G21830,0.6727899894234141
AT1G21840,0.17404129686544717
AT1G21870,3.96079595087707
AT1G21880,0.19213492790463713
AT1G21890,-0.6722406503305302
AT1G21900,0.6229190550206831
AT1G21910,3.6383883337404668
AT1G21920,-0.6669116126477268
AT1G21930,-0.39681219307794596
AT1G21950,-0.04468288295834541
AT1G21980,1.3819109601320487
AT1G22020,-0.14462266662481227
AT1G22030,-0.07609673330430274
AT1G22040,-0.153747260600499
AT1G22050,-0.28394422862883295
AT1G22060,0.4048415711653994
AT1G22065,1.0832421758031154
AT1G22070,0.2170130790081722
AT1G22100,-2.6724263804689485
AT1G22110,1.6888883816824123
AT1G22120,-1.8241763290483763
AT1G22130,-5.061004240049919
AT1G22140,-0.23851285845382889
AT1G22150,-0.2755631420730507
AT1G22160,-1.9690848923517035
AT1G22170,-0.32579196249684683
AT1G22180,0.8445569331277443
AT1G22190,2.3777309803001225
AT1G22200,0.05661832698926674
AT1G22210,2.6623377602122282
AT1G22220,0.06314922179955934
AT1G22230,0.8890446387249271
AT1G22240,3.533122674160285
AT1G22250,0.055391072657190274
AT1G22260,1.3378305217292783
AT1G22270,0.25591857651280653
AT1G22275,1.0131194200313904
AT1G22280,1.2328213450724135
AT1G22300,0.1744227829911215
AT1G22310,0.6078509549237032
AT1G22330,0.8513237556364712
AT1G22340,0.18705987727874324
AT1G22360,1.0259726062613288
AT1G22370,-1.6050785172043947
AT1G22380,0.48034434117550867
AT1G22400,2.4284897718758103
AT1G22410,0.23867017319345565
AT1G22430,-0.6490125081370759
AT1G22440,-0.13225603711821315
AT1G22450,0.25306493268819497
AT1G22460,0.23947811362527827
AT1G22470,3.6636519112685786
AT1G22480,-0.9391801484627172
AT1G22490,0.8703477394607424
AT1G22500,-0.5340189287861636
AT1G22510,1.3832416378905352
AT1G22520,0.5949704495538026
AT1G22530,1.710401700703385
AT1G22540,-0.48651596863317353
AT1G22550,-0.2565667089364754
AT1G22570,1.5525753633144825
AT1G22590,0.45941994056143676
AT1G22600,-0.07045538703170866
AT1G22620,0.06895923526725502
AT1G22610,2.191040647309369
AT1G22630,-1.4978483192788012
AT1G22640,-1.5302328323745225
AT1G22650,0.037016499179016206
AT1G22660,-0.29925400407531116
AT1G22680,-2.118077893696241
AT1G22690,0.4095058297566403
AT1G22700,-0.3763995277114552
AT1G22710,-0.09045896711389897
AT1G22730,0.3522909816582668
AT1G22740,0.6936903306031557
AT1G22750,-0.430499600139376
AT1G22760,0.02971028323172184
AT1G22770,0.4902474649032168
AT1G22780,0.2866485267200513
AT1G22790,-0.10561006363657992
AT1G22800,0.4619441258848993
AT1G22810,11.795458675459825
AT1G22830,0.4056211688528809
AT1G22840,0.5647459044710323
AT1G22850,-0.23976768225957493
AT1G22860,0.37983928104288583
AT1G22870,0.3295880067400774
AT1G22880,0.27425913943184366
AT1G22882,1.4541494891625102
AT1G22885,0.4228258241792799
AT1G22890,0.18596648251790338
AT1G22900,-0.43814488400932916
AT1G22910,0.5289117837783687
AT1G22920,0.3178335510366916
AT1G22930,-0.25648003825842347
AT1G22940,-0.28429612652082115
AT1G22950,0.39315867302277263
AT1G22960,0.704060202652802
AT1G22970,0.21052011155540057
AT1G22980,-0.35241651999423607
AT1G22985,0.0076124698206826895
AT1G22990,0.03589614236639978
AT1G23000,-0.6501516212354639
AT1G23010,-0.6965090662706777
AT1G23020,0.17580062792730655
AT1G23030,1.257953281247091
AT1G23040,-0.2367173949154438
AT1G23050,-0.46693219443281025
AT1G23060,-0.5821978115700753
AT1G23070,-0.057878163030615944
AT1G23080,-0.5059262031132221
AT1G23090,0.6516621134211468
AT1G23100,0.5253731585379492
AT1G23110,1.1200395968181793
AT1G23120,0.3833987394816795
AT1G23130,-0.022714984841267643
AT1G23140,-0.45337816384746144
AT1G23150,0.7521884463685305
AT1G23160,-0.9391377017546062
AT1G23170,-0.22350456040742442
AT1G23180,-0.724570324193437
AT1G23190,0.3108302597354407
AT1G23200,1.2034129805879654
AT1G23205,-1.5045938103171792
AT1G23210,-1.0593045368971363
AT1G23220,0.19265709911872073
AT1G23230,0.13958690011490132
AT1G23260,0.3745153706931607
AT1G23280,-0.06843853686432791
AT1G23290,0.19509671346184063
AT1G23310,-0.25930222365740846
AT1G23330,-0.4924122569067572
AT1G23340,-1.1733758128169802
AT1G23350,-0.7090092625405449
AT1G23360,0.0767568165729106
AT1G23380,-0.36056023344873556
AT1G23390,-0.7998904792361611
AT1G23400,-0.7836874635905864
AT1G23440,-0.21814152022785657
AT1G23450,0.06864552155194661
AT1G23460,0.005205311107595852
AT1G23465,0.09564548578160328
AT1G23480,0.9180491048704846
AT1G23490,1.0864144288561999
AT1G23510,3.3984254061124917
AT1G23530,-0.21872986222130325
AT1G23540,-0.4766031544736734
AT1G23550,1.3627372609976165
AT1G23560,-0.004494591095533727
AT1G23580,-2.6724263804689485
AT1G23600,-0.8598760528247718
AT1G23700,2.6551264287920437
AT1G23710,2.082208700531741
AT1G23720,0.4020271082072608
AT1G23730,-0.8826065104414781
AT1G23740,-0.7212994622033572
AT1G23750,-0.30332702772012926
AT1G23760,0.9034931694090784
AT1G23770,2.6623377602122282
AT1G23780,-0.27240018327234916
AT1G23790,-0.4725176434155804
AT1G23800,0.02757748252111878
AT1G23820,-0.3754363560088575
AT1G23830,0.4832816060675364
AT1G23840,-0.8000266936339412
AT1G23850,0.7109564395532446
AT1G23860,-0.3145347791998905
AT1G23870,0.8863738890430387
AT1G23880,-0.34614704257356743
AT1G23890,-0.7420002491255295
AT1G23900,0.4530863535062981
AT1G23935,-0.17342934998901516
AT1G23950,0.17013042710344298
AT1G23960,0.26072398769527383
AT1G23965,0.6206566331851672
AT1G23970,0.26861892911217605
AT1G23980,0.10038178373534397
AT1G23985,0.5573442429863749
AT1G23995,1.3651677626938234
AT1G24000,2.6551264287920437
AT1G24010,3.8707434907726563
AT1G24020,-0.2877483062718067
AT1G24030,0.012394409693864544
AT1G24040,-0.2782221416275418
AT1G24050,-0.20217406242356675
AT1G24070,-0.18145920091616868
AT1G24090,-0.10657298963641587
AT1G24095,0.023928870767522658
AT1G24100,-0.34979941878270104
AT1G24110,2.6551264287920437
AT1G24120,-0.4474345281481243
AT1G24130,0.30382895370820434
AT1G24140,9.898090155802985
AT1G24145,4.031602949178251
AT1G24147,3.34338971613268
AT1G24148,-0.5946296185699469
AT1G24150,1.6366791542229995
AT1G24160,0.544465257653667
AT1G24170,1.553364130730083
AT1G24180,0.7118569242671032
AT1G24190,-0.02587362621362711
AT1G24210,0.3837479191495454
AT1G24220,-1.87785450462112
AT1G24230,2.6623377602122282
AT1G24240,-0.03992788070682108
AT1G24250,-2.674639620965142
AT1G24260,-0.21929845254937633
AT1G24265,-0.546877942339221
AT1G24267,-0.02614533545301224
AT1G24270,0.1483916355177836
AT1G24280,0.09615772077716858
AT1G24290,-0.3108467825583211
AT1G24300,0.27075939455111087
AT1G24310,0.2203084443028245
AT1G24320,0.5232281514114705
AT1G24330,-0.284950083354944
AT1G24340,-0.2239036423199099
AT1G24350,0.2540827303937867
AT1G24360,0.13353300229961748
AT1G24400,-0.379302343617457
AT1G24405,0.5588188996481316
AT1G24420,-0.06210537316124568
AT1G24430,-0.4381838190329722
AT1G24440,-0.8460984804993138
AT1G24450,-0.9708989842140962
AT1G24460,0.3920465910656345
AT1G24470,-0.06706684635386798
AT1G24480,-4.806224149266901
AT1G24485,0.9676414842892191
AT1G24490,-0.39593016022057026
AT1G24510,0.3322910874288441
AT1G24520,3.715044581530864
AT1G24530,1.3193966051899075
AT1G24540,-1.0980582237773768
AT1G24560,0.041777668037607525
AT1G24570,1.9672193625887913
AT1G24580,-0.8814346103481975
AT1G24575,0.8425559035471966
AT1G24577,-0.6529302923225823
AT1G24590,-0.9364952525140722
AT1G24600,-1.4029340836816888
AT1G24610,-0.13172903874443917
AT1G24620,0.4962435695769394
AT1G24625,-1.1364230518519094
AT1G24706,-0.28184587928849225
AT1G24735,-0.7444682382080708
AT1G24764,-0.10832594387038395
AT1G24793,0.15629524910530582
AT1G24800,1.1722351949713157
AT1G24822,1.3415724552086394
AT1G24880,-0.009355461122144118
AT1G24851,-2.7421606234620874
AT1G24881,0.3253222948116841
AT1G24996,0.9644181849803506
AT1G25054,-1.0903957619475757
AT1G25055,1.5767275886441077
AT1G25083,1.8730852100772803
AT1G25141,0.29216332804832107
AT1G25145,0.40502442314293013
AT1G25150,-1.4309562068089383
AT1G25180,1.0765626992482247
AT1G25211,0.750549598424418
AT1G25220,0.6281065568904488
AT1G25230,-0.20031026576116628
AT1G25240,2.724632173778538
AT1G25250,0.14778878478929824
AT1G25260,0.08253506387260369
AT1G25275,0.5412184274916126
AT1G25277,-0.43559876923284446
AT1G25280,0.24216375097458553
AT1G25290,-0.34133768976001005
AT1G25320,0.6130906690585838
AT1G25350,0.20644072744602102
AT1G25360,-0.09536233847069528
AT1G25370,2.3237988481456195
AT1G25375,-0.18220035595685508
AT1G25380,0.04625703660974792
AT1G25390,0.5034784989661775
AT1G25400,3.675421774991499
AT1G25410,4.073550593268459
AT1G25420,0.06962228534846344
AT1G25422,-0.923307287279337
AT1G25425,0.06374258887396356
AT1G25440,-1.5479207922560885
AT1G25450,0.6203871798520602
AT1G25460,-0.9046050920520262
AT1G25470,-0.3035031187946064
AT1G25480,-0.5341803736288613
AT1G25490,0.33824411489594514
AT1G25500,-0.3001449323757678
AT1G25510,0.3030492086194777
AT1G25520,0.057321751255233235
AT1G25530,0.3537801230747533
AT1G25540,0.034223390777011115
AT1G25550,1.3973918366674554
AT1G25560,2.2682944796016846
AT1G25570,0.2961930111246504
AT1G25580,-0.05607062765271997
AT1G25682,0.5841519865342426
AT1G25988,1.0652617847457504
AT1G26090,-0.2336034122407216
AT1G26100,-0.7308123283789743
AT1G26110,0.08290566194803946
AT1G26120,0.38593753358799615
AT1G26130,-0.4801577261972319
AT1G26150,-0.5981987910535214
AT1G26160,0.37518490445525376
AT1G26170,-0.030283085104000955
AT1G26180,-0.5180126472309461
AT1G26190,0.2467940763563549
AT1G26200,1.6625047541015965
AT1G26210,0.6145360051905028
AT1G26220,-0.724156790065359
AT1G26230,-0.7295163215634064
AT1G26225,-3.5577547003633283
AT1G26240,-0.5568641851973326
AT1G26250,0.6699045609039534
AT1G26255,1.3910548199808268
AT1G26260,0.033784503009620305
AT1G26270,1.5509810468709146
AT1G26300,0.41019875620155294
AT1G26290,0.4705527305898331
AT1G26310,4.074301519280831
AT1G26330,-0.40589999622226397
AT1G26340,0.4024226146421075
AT1G26360,-0.11432048222564099
AT1G26370,-0.05499173930487148
AT1G26380,2.4118899447246496
AT1G26390,1.0849937202071858
AT1G26400,-2.6826615294764204
AT1G26410,2.696276678122706
AT1G26420,3.7664862245859565
AT1G26440,-0.3518541343038706
AT1G26450,-0.7545644205651693
AT1G26460,0.35218377765569353
AT1G26470,-0.2606082237848752
AT1G26480,1.8730318233610872
AT1G26500,-0.17423398916693017
AT1G26510,-2.6826615294764204
AT1G26520,0.008050083266582348
AT1G26530,0.24831726004177926
AT1G26540,0.05235026365529773
AT1G26550,-0.1537836209327619
AT1G26560,0.47249067725993593
AT1G26570,1.8655313971594276
AT1G26580,-0.16444286121826485
AT1G26590,-0.46808163488310445
AT1G26600,-0.39964467470677056
AT1G26610,0.3164011751815556
AT1G26620,-0.33693932521959613
AT1G26630,0.16774626718717175
AT1G26640,-0.049972231964187416
AT1G26650,0.631518875205443
AT1G26660,0.19360453936571353
AT1G26665,-0.07372536907748499
AT1G26670,-0.09125399023878907
AT1G26680,-0.5724630570306715
AT1G26690,-0.1311476701541845
AT1G26700,-0.05411820660772968
AT1G26720,-2.6724263804689485
AT1G26730,2.397335496503939
AT1G26740,-0.16781821428266502
AT1G26750,0.2777112942811249
AT1G26760,-0.5880121511371574
AT1G26761,-1.165908119597699
AT1G26762,2.6623377602122282
AT1G26770,-1.638256956682683
AT1G26780,-1.5798489902680604
AT1G26800,-1.014090421206971
AT1G26810,0.065104370228505
AT1G26820,-0.10139589967681172
AT1G26830,0.04901411028563555
AT1G26840,0.051820626218631906
AT1G26850,0.7487397038588779
AT1G26870,-1.1001272311278616
AT1G26880,0.3775284518277738
AT1G26890,-0.4172267263019989
AT1G26900,0.180512698534338
AT1G26910,0.41336954756113636
AT1G26920,-0.7955017678182847
AT1G26930,0.42515998905772984
AT1G26940,-0.17992723284233927
AT1G26945,-1.7503787187946196
AT1G26960,0.3267290018486468
AT1G26970,1.4759535210522952
AT1G27000,0.06439592445454848
AT1G27008,4.639280185718
AT1G27020,2.1776534274607093
AT1G27030,0.007702312874463104
AT1G27040,1.3560814532604755
AT1G27045,0.5025964354482129
AT1G27050,0.5685820548045482
AT1G27060,-0.039320786119889366
AT1G27070,-0.03679235531191803
AT1G27090,-0.32042673394048565
AT1G27100,1.6931895319657793
AT1G27110,1.1884825649741309
AT1G27120,-0.690569052980727
AT1G27130,-0.2104991522984657
AT1G27140,0.3018655982272791
AT1G27150,-0.9275312592169408
AT1G27160,3.3984254061124917
AT1G27170,-1.021316438933522
AT1G27180,-0.21522504253729377
AT1G27190,-0.41935261649034483
AT1G27200,1.0962035249681075
AT1G27210,-0.5578898337995836
AT1G27240,-4.4444129674069695
AT1G27290,0.6433941862395975
AT1G27300,0.41502674520831395
AT1G27310,-0.15128012230343868
AT1G27320,-0.7360318743033532
AT1G27330,0.8319135856436763
AT1G27340,-0.46498725134216096
AT1G27350,0.5600030031185039
AT1G27360,-0.6663223515704149
AT1G27370,-0.7111804020178718
AT1G27380,-0.2000608399330831
AT1G27385,-0.2740316915882818
AT1G27390,0.4623752330666999
AT1G27400,0.052866616560687606
AT1G27410,-1.1309648046759209
AT1G27420,-1.4440000838187723
AT1G27430,0.1852669885639692
AT1G27435,-0.10789470999944269
AT1G27440,-0.32522353332313214
AT1G27450,0.21234154994045443
AT1G27460,0.531270661723756
AT1G27470,0.20654002214458392
AT1G27480,-0.1755283334262273
AT1G27500,0.6742199680470657
AT1G27510,-0.45841797850356664
AT1G27520,-0.3296775063649229
AT1G27530,-0.20797918989323594
AT1G27540,0.2345991268847339
AT1G27565,0.2738965859186542
AT1G27580,-6.074607259029991
AT1G27595,-0.27486201189923193
AT1G27600,0.9536967771782257
AT1G27610,2.5379462403105806
AT1G27620,0.9986681060065075
AT1G27630,-0.10273105638207401
AT1G27640,-2.041455605100095
AT1G27650,0.009063167710562807
AT1G27660,-0.25286530217264613
AT1G27670,1.801060767072707
AT1G27680,-0.0282887879471251
AT1G27690,0.3111598968660475
AT1G27695,-0.24832456878572381
AT1G27700,1.2954619096592814
AT1G27720,0.9195018941411984
AT1G27730,5.181534994010915
AT1G27740,0.4977600027376907
AT1G27750,-0.31335884809659154
AT1G27752,0.06493659965111881
AT1G27760,0.47812628331172585
AT1G27770,2.1362018251785897
AT1G27820,4.07419490325191
AT1G27840,-0.40327347235459604
AT1G27850,-0.0030773709501377565
AT1G27860,-1.87785450462112
AT1G27880,0.28644010378307383
AT1G27890,-2.674639620965142
AT1G27900,-0.11888577097571144
AT1G27910,1.454327294169469
AT1G27920,0.40914410520369304
AT1G27930,0.8469118296615735
AT1G27940,-1.814299278918137
AT1G27950,0.7878669205527205
AT1G27960,1.4801562427396604
AT1G27970,0.6340576707360401
AT1G27980,0.39517300284442886
AT1G28010,0.7492999843501438
AT1G28030,-1.8777557325959988
AT1G28050,0.8082788802929434
AT1G28060,0.11115596434621469
AT1G28070,-0.2690681413659424
AT1G28080,-0.8145313521932519
AT1G28090,0.13623212896203482
AT1G28100,-0.5179396140498526
AT1G28110,-0.4873438700432197
AT1G28120,0.13321147281377568
AT1G28130,-0.35604292316658864
AT1G28140,-0.12065299540046956
AT1G28150,-0.44609145561279073
AT1G28160,-0.0658771637273737
AT1G28170,3.3984254061124917
AT1G28190,1.3588359889592132
AT1G28200,0.6121920258824195
AT1G28210,0.22701034422437974
AT1G28230,-1.1546274643202645
AT1G28240,1.1351120711952543
AT1G28250,0.8341968389053028
AT1G28260,-0.6719610873439369
AT1G28280,0.6214500986278665
AT1G28290,-0.33474460789231963
AT1G28300,4.297755328240865
AT1G28310,-0.604926175853906
AT1G28320,-0.02010294151254775
AT1G28327,-3.461079007329271
AT1G28330,0.02142153291989731
AT1G28340,-0.21810045715941206
AT1G28350,0.38226326260057863
AT1G28360,1.3046738791671078
AT1G28370,5.2606048494090185
AT1G28375,4.297755328240865
AT1G28380,1.9440247569161306
AT1G28390,0.1948018139543145
AT1G28395,0.4277176183082414
AT1G28400,-0.6311425109271256
AT1G28410,-0.02509533962440016
AT1G28420,0.28912126353049405
AT1G28440,-0.6724461615260524
AT1G28470,0.07472083304426824
AT1G28480,-0.6300353240465171
AT1G28490,0.4796578977434396
AT1G28510,0.4262520379359833
AT1G28520,0.49802267526497374
AT1G28530,-0.3724093413894517
AT1G28540,0.4986550779389633
AT1G28550,0.8375173147409484
AT1G28560,-0.4239930942758167
AT1G28570,-1.46260994271567
AT1G28580,-0.16819754770412695
AT1G28590,2.6623377602122282
AT1G28600,0.9267519953816984
AT1G28610,-0.6224483657198492
AT1G28660,0.14460782002227598
AT1G28670,-0.6099161326513346
AT1G28680,-0.20388042885145616
AT1G28690,0.30072759614140115
AT1G28710,0.01228611904842063
AT1G28815,-0.4739086078970768
AT1G28760,-0.3039114893618379
AT1G28765,-1.2835064386624977
AT1G28960,-0.24466127291879228
AT1G29000,-1.5172366281852165
AT1G29020,0.26516027354361194
AT1G29025,0.21891888923423897
AT1G29030,-0.26112681518945224
AT1G29040,0.3895607252957951
AT1G29050,0.5614796996273556
AT1G29060,0.8758867832181774
AT1G29070,-0.2730423496027365
AT1G29090,0.38670362610041714
AT1G29100,0.5121205034564902
AT1G29110,-1.3340540585344132
AT1G29120,0.11103064761066646
AT1G29150,-0.007172373155376919
AT1G29160,0.27109277825566713
AT1G29170,-1.0439591882273656
AT1G29179,1.0258361496349868
AT1G29180,-0.11631798680986376
AT1G29195,-0.5550367102545168
AT1G29200,-0.762328922363549
AT1G29220,0.16714607469102555
AT1G29230,0.9107348159054695
AT1G29240,-0.6109253841609051
AT1G29250,0.36438536315190756
AT1G29260,-0.4606933479327811
AT1G29270,1.5339747175635121
AT1G29280,0.6801016873956626
AT1G29290,2.710765561839868
AT1G29300,0.6319978656624745
AT1G29310,0.8285132439875595
AT1G29320,0.33698727490240626
AT1G29330,1.1901878952181524
AT1G29340,1.0148127165070222
AT1G29350,0.06386906431965655
AT1G29355,-0.33186608236262377
AT1G29370,-0.062395162186609524
AT1G29380,0.11281707477097823
AT1G29390,-0.009389734820050817
AT1G29395,0.10660792525411651
AT1G29400,-0.3595451731655992
AT1G29410,-0.5670424770529543
AT1G29418,-0.567418641860402
AT1G29420,-1.763250009511028
AT1G29430,-0.992395550939691
AT1G29440,-1.0309200771325397
AT1G29450,-1.5709888793570648
AT1G29460,-2.8820815700037747
AT1G29465,-1.2155630049848625
AT1G29470,1.147579413775617
AT1G29490,-1.387586670575472
AT1G29500,-1.9691475907549305
AT1G29510,-1.651154763980296
AT1G29520,0.09813788406134671
AT1G29530,-0.719630730028678
AT1G29535,-0.04114547815438763
AT1G29550,0.011136212444531692
AT1G29560,0.21528244903734106
AT1G29590,-0.2880991501390973
AT1G29600,-0.23211510045594497
AT1G29630,0.46995134898354896
AT1G29640,1.4591500544426903
AT1G29660,-0.8945379259827443
AT1G29670,1.3287230932273977
AT1G29680,2.6551264287920437
AT1G29690,2.1585526231475742
AT1G29700,-0.2761713343274533
AT1G29710,-0.09981381801776461
AT1G29720,0.6236113893579474
AT1G29730,0.2412787564896811
AT1G29740,0.2824935429837427
AT1G29750,-0.2207924700564264
AT1G29760,0.09321779109914129
AT1G29770,-1.535741107910456
AT1G29775,-1.3648178932028605
AT1G29780,-2.289076693934276
AT1G29790,0.552184876439374
AT1G29800,-0.2051727675716145
AT1G29810,0.20114658828934107
AT1G29820,0.4398565113174392
AT1G29830,0.1592551516760428
AT1G29840,0.5446157381027532
AT1G29850,0.6908177139617804
AT1G29870,-2.6724263804689485
AT1G29880,0.07170810240123317
AT1G29890,0.09489055961859356
AT1G29900,-0.3259129509326018
AT1G29910,-0.6357226373630314
AT1G29920,-1.05789019284257
AT1G29930,-0.49842162009060176
AT1G29940,0.32221796870598224
AT1G29950,-0.3880627152309692
AT1G29960,-0.24786968509742172
AT1G29962,2.696276678122706
AT1G29965,0.41821724569816676
AT1G29970,0.21342061192044343
AT1G29980,0.7805339866015276
AT1G29990,0.07965818228197839
AT1G30000,0.6855555664112303
AT1G30010,0.0926293681557069
AT1G30040,1.4732090148617556
AT1G30050,0.1975879319664762
AT1G30070,-1.4051802478504614
AT1G30080,0.5539488535995688
AT1G30090,-0.28694364809049483
AT1G30100,-0.5574825539885613
AT1G30110,0.6186147577232225
AT1G30120,-0.0971799171911891
AT1G30130,-0.4383990224928843
AT1G30135,5.485327196091045
AT1G30140,-2.674639620965142
AT1G30160,-0.15968438241272107
AT1G30190,-0.8040094739364235
AT1G30200,-0.13908076176979353
AT1G30210,0.209440043255933
AT1G30220,-0.5548805902713255
AT1G30230,-0.28813339870156035
AT1G30240,0.16026321070000032
AT1G30250,-1.4160327544881004
AT1G30260,-0.4761514183031241
AT1G30270,0.24737197882780051
AT1G30280,0.5806659718655202
AT1G30290,-0.1533016346752753
AT1G30300,0.8258438598839022
AT1G30320,-1.141973787676049
AT1G30330,0.4378491048862207
AT1G30360,0.16339801271889712
AT1G30370,2.2128038066360918
AT1G30380,-0.3847011220569391
AT1G30400,-0.3745375657426401
AT1G30410,-0.18269175142645494
AT1G30420,0.4326981535773685
AT1G30440,0.3900569171912405
AT1G30450,0.6633759564278372
AT1G30460,0.13758551140520603
AT1G30470,0.2961484566284634
AT1G30475,0.5503358775166851
AT1G30480,0.15576475837389378
AT1G30490,0.12144390214309005
AT1G30500,-1.0479296630894217
AT1G30510,0.047106952279345596
AT1G30515,-0.43868455554906666
AT1G30520,-1.2193785434297373
AT1G30530,-1.5781376283972917
AT1G30540,0.07876502860269748
AT1G30545,-0.45816037216897065
AT1G30550,-0.9817372235956306
AT1G30560,0.8490828677379052
AT1G30570,-0.049055610909560066
AT1G30580,0.15610962600803968
AT1G30590,-0.056607632218793925
AT1G30600,-0.9549746459934539
AT1G30610,-0.5891445158353511
AT1G30620,1.1655204012940918
AT1G30630,0.882370139951843
AT1G30640,1.6362879514318072
AT1G30650,0.35312010349984746
AT1G30660,1.0836750955243335
AT1G30680,-0.1362693009735095
AT1G30690,0.309024610604985
AT1G30700,1.3773426102270023
AT1G30720,3.5115146902472625
AT1G30730,3.970910272130344
AT1G30740,2.6336588241306593
AT1G30750,0.3675358006254287
AT1G30755,0.4246159089571705
AT1G30757,0.5855339229731642
AT1G30760,0.2757143958703979
AT1G30780,1.8730318233610872
AT1G30790,-1.87785450462112
AT1G30810,0.21922233022299745
AT1G30814,3.5328140478313754
AT1G30820,0.9792755878748424
AT1G30825,0.23056253326602613
AT1G30840,-0.6763300844724969
AT1G30845,0.6124041900107998
AT1G30850,-0.7688474970335508
AT1G30860,-1.3812459283387069
AT1G30870,-0.2663195024648529
AT1G30880,-0.17270163467759836
AT1G30890,0.8005690566883117
AT1G30900,0.27791512061221907
AT1G30910,-0.41044767408929095
AT1G30920,-0.629859662713776
AT1G30950,-1.5840570752803917
AT1G30960,0.6336895357445984
AT1G30970,-0.13608750037179207
AT1G30990,2.320246039709647
AT1G31010,-0.173157317361953
AT1G31020,0.4108683349181856
AT1G31040,0.5402721338298587
AT1G31050,-0.041440931639895276
AT1G31070,0.4775201029840459
AT1G31120,-0.6483419557873529
AT1G31130,1.6605511531110377
AT1G31150,0.04418474641126301
AT1G31160,-0.08224731428508843
AT1G31170,-0.04466688707941933
AT1G31175,0.5978102054358966
AT1G31180,0.038813707954715664
AT1G31190,-0.07807568835342943
AT1G31200,0.2632338365093224
AT1G31220,-0.054343482331582434
AT1G31230,-0.37926847501536015
AT1G31240,-0.517583265233594
AT1G31243,0.7569086580915786
AT1G31250,2.6551264287920437
AT1G31280,-1.0255736047889354
AT1G31290,0.40623579438965574
AT1G31300,0.39422286749080426
AT1G31310,-0.7375786167048015
AT1G31320,-1.4242173004546173
AT1G31330,-0.3641777847616211
AT1G31335,-0.7452139252654878
AT1G31340,0.17591113816715906
AT1G31350,1.410399213632673
AT1G31360,0.13972287930713634
AT1G31400,2.696276678122706
AT1G31410,-0.20199047578392304
AT1G31420,-0.18072435470917805
AT1G31430,0.016706752002275744
AT1G31440,-0.11806574599362299
AT1G31460,0.5089795229759719
AT1G31470,0.6128039322668979
AT1G31480,0.18264762701787748
AT1G31490,0.006471512692331193
AT1G31500,-0.2750736357852922
AT1G31540,1.774342557830138
AT1G31550,-0.3997366727502588
AT1G31580,-1.4506725889747947
AT1G31600,0.06207039301157037
AT1G31650,-1.0907318410016211
AT1G31660,0.21311187458281677
AT1G31690,-2.5679791561109626
AT1G31710,-0.1973682029041029
AT1G31720,-0.21846015656086257
AT1G31730,0.5201892879996681
AT1G31750,-0.3019868487954688
AT1G31760,-0.07185833119112404
AT1G31770,0.019017818453138543
AT1G31772,-1.87785450462112
AT1G31780,0.7179160823570825
AT1G31790,-0.6743004187418024
AT1G31800,-0.2535528074715564
AT1G31810,-0.28700505888247296
AT1G31812,0.11380651399815728
AT1G31814,-0.3417210933686287
AT1G31817,0.4044297017803995
AT1G31820,-1.3550012442448318
AT1G31830,0.09113309314104383
AT1G31835,-0.43358384843995984
AT1G31840,-0.027125481057184903
AT1G31850,0.3447559247099628
AT1G31860,-0.10989381593337717
AT1G31870,0.41468447290641597
AT1G31880,-0.6115757993362879
AT1G31885,0.3425085348809118
AT1G31910,-0.053681905516810326
AT1G31930,-0.0641709139908363
AT1G31940,-0.02381040961195509
AT1G31950,-0.05647463104708261
AT1G31970,-0.13223119999603375
AT1G31990,-0.7154533849315335
AT1G32050,0.7251601640809014
AT1G32060,-0.6275073471274719
AT1G32070,-0.38194954701928185
AT1G32080,0.012787172847020288
AT1G32090,-0.9935420994231267
AT1G32100,0.06279256727306323
AT1G32120,-0.9000975724301574
AT1G32127,-0.022737229030260084
AT1G32130,0.48854703341816297
AT1G32150,1.0545616978835073
AT1G32160,-0.5142588223746242
AT1G32170,0.9934821506108916
AT1G32190,-0.3425136428411104
AT1G32200,-0.013882010561081886
AT1G32210,0.15739230783034858
AT1G32220,-0.11061838148251257
AT1G32230,0.26119302958166174
AT1G32240,-0.8606565202630623
AT1G32260,-0.05147852023417845
AT1G32270,-0.05411820660772968
AT1G32310,-0.0704453654379089
AT1G32330,0.27234059775708536
AT1G32340,0.2153392628431902
AT1G32350,0.8224205598097736
AT1G32360,-0.008477760107078812
AT1G32370,0.02096027979765232
AT1G32375,1.9283749132153
AT1G32380,-0.07058676661893316
AT1G32400,0.37730983820477126
AT1G32410,0.20182360835602445
AT1G32415,0.14677494854877524
AT1G32440,0.29275054855929333
AT1G32450,0.12647984300632986
AT1G32460,1.9825551244358866
AT1G32470,-0.02340665855724968
AT1G32490,0.0015098017710678585
AT1G32500,-0.05511994742240544
AT1G32510,1.1813209746401154
AT1G32520,-0.9504351142966723
AT1G32530,0.05563167011292185
AT1G32540,-0.7134667271352797
AT1G32550,-0.21818751498848432
AT1G32560,-1.5898120122266268
AT1G32570,-0.23103124737227132
AT1G32575,5.099595360257932
AT1G32580,-0.35088268792326854
AT1G32583,-0.6442629453660946
AT1G32610,0.0729545883485218
AT1G32630,0.1685345631380361
AT1G32640,2.651301781678202
AT1G32690,1.1013187304852827
AT1G32700,0.5670887372745891
AT1G32730,0.27182095675364637
AT1G32740,-1.1553557627093851
AT1G32750,-0.2825613069191455
AT1G32760,-0.294249351708662
AT1G32780,-2.2701885640155863
AT1G32790,0.06189772325560281
AT1G32810,-0.07881177757360124
AT1G32850,1.5121874834327382
AT1G32860,2.3538501791027135
AT1G32870,-0.22506090099846904
AT1G32900,-0.18845700206394397
AT1G32910,7.245357130863562
AT1G32920,3.1253818430637708
AT1G32928,2.6916551564098987
AT1G32930,-0.2813588828881072
AT1G32940,-0.6761369596241532
AT1G32950,0.4470420642926238
AT1G32960,4.074301519280831
AT1G32970,4.074609867458875
AT1G32990,-0.17269840044036264
AT1G33030,1.3795053778072086
AT1G33040,-0.25934708946928187
AT1G33050,-0.3026097164552292
AT1G33055,-1.4646266887710842
AT1G33060,-0.042951881096572296
AT1G33080,-0.5610532121563038
AT1G33090,-1.374468642930552
AT1G33102,-0.35578062918225484
AT1G33110,-0.13071357228785885
AT1G33120,0.06403961010562277
AT1G33140,0.060864956916824205
AT1G33170,-0.4862004265027111
AT1G33220,-3.461079007329271
AT1G33230,0.27562971661533064
AT1G33240,-0.20213014400311094
AT1G33250,-0.28331929044269993
AT1G33260,0.9032989915850018
AT1G33265,-0.3515884582632463
AT1G33270,-0.4147507572395863
AT1G33280,-0.9250525270562329
AT1G33290,-0.3980590015864531
AT1G33320,-0.1458634683443639
AT1G33330,-0.08598026537035992
AT1G33340,-0.08631997388353017
AT1G33350,-0.07503423309256006
AT1G33360,0.3048154023929223
AT1G33390,0.12899275352696676
AT1G33400,-0.4716178998557212
AT1G33410,-0.0676584886533818
AT1G33420,0.10861250654719257
AT1G33430,-0.6662381951989161
AT1G33440,-0.2934615797609294
AT1G33470,-0.04738723196351083
AT1G33475,-0.8301697092315647
AT1G33480,-0.5503888632580426
AT1G33490,-0.17530195194837764
AT1G33500,0.8906305182263408
AT1G33520,-0.020330596994108822
AT1G33540,0.341236142152053
AT1G33560,1.0995865500218471
AT1G33590,0.9406976320398329
AT1G33600,1.3816736023843554
AT1G33610,2.458121699305488
AT1G33612,-0.044056746366337315
AT1G33640,-0.06655777038044085
AT1G33680,-0.3328048698357905
AT1G33700,-0.03243897546910297
AT1G33720,1.8993571768481459
AT1G33730,2.6623377602122282
AT1G33750,0.2387960577664686
AT1G33760,6.000217553773089
AT1G33770,0.1712329438445712
AT1G33780,-0.4210046642485613
AT1G33790,2.207064618802791
AT1G33800,0.45799248337464765
AT1G33810,-0.15364599495005807
AT1G33811,-0.16714292159610897
AT1G33840,2.4325797593705447
AT1G33870,-0.0658771637273737
AT1G33890,2.6551264287920437
AT1G33930,-1.0811543362674851
AT1G33960,-0.4529106433027559
AT1G33970,-0.5263372652805994
AT1G33980,0.11647893624151112
AT1G33990,-0.2707792697934222
AT1G34000,-0.04720867148088927
AT1G34010,0.2210703465800265
AT1G34020,0.492577425330352
AT1G34030,0.26759171927148184
AT1G34040,-0.4167320461179788
AT1G34050,-0.8157584853747409
AT1G34060,-1.1235254579953953
AT1G34065,-0.20348783631322162
AT1G34110,-0.4007361971526041
AT1G34120,-0.001321221234833428
AT1G34130,0.24568483373851438
AT1G34140,2.6551264287920437
AT1G34150,0.21960085762354098
AT1G34160,0.24423682558042548
AT1G34180,1.2634014456989155
AT1G34190,0.2566169659295102
AT1G34200,0.4675548476112249
AT1G34210,-0.4211974127509028
AT1G34220,0.19278518858387295
AT1G34245,-1.3407863017453125
AT1G34260,1.0728073253704578
AT1G34270,0.6604891285531915
AT1G34300,0.057249124627499544
AT1G34315,-0.18437911016745523
AT1G34317,1.1170111340347184
AT1G34320,0.09724620803021217
AT1G34340,0.591021405104021
AT1G34350,1.0606436835676498
AT1G34355,-0.1060348337192607
AT1G34360,0.14964066851777644
AT1G34370,0.6394522391454257
AT1G34380,-0.19766373980589724
AT1G34420,0.4599112308399974
AT1G34430,-0.22261760606028888
AT1G34460,-0.5952507447615099
AT1G34470,0.2917104662782159
AT1G34480,-0.9206729697141346
AT1G34510,-0.4691180024853664
AT1G34540,0.8725386849226308
AT1G34550,1.0394683585450644
AT1G34570,-1.0733791537142883
AT1G34580,-1.1171849831918883
AT1G34630,0.11386818666564379
AT1G34640,-1.0597987162749936
AT1G34670,0.12485938079118955
AT1G34750,1.5647899090375703
AT1G34760,-1.0468190576437255
AT1G34770,-0.14460281288050086
AT1G34780,-0.25200610027544507
AT1G35140,4.486279092279663
AT1G35160,0.4615344870150601
AT1G35170,-2.14968593240423
AT1G35180,-1.987290848534774
AT1G35183,1.065394293737712
AT1G35190,0.32527544856901425
AT1G35210,4.934428800997888
AT1G35220,0.640142169701856
AT1G35230,3.1668413420655455
AT1G35240,-1.2868125410968028
AT1G35250,-1.132291470901042
AT1G35255,0.6365769465887737
AT1G35260,-0.039465128958929424
AT1G35290,-0.9681549374911017
AT1G35310,-2.0513319541599455
AT1G35320,-0.0030922836266038065
AT1G35330,-0.5593025552470197
AT1G35340,-0.1726283248196779
AT1G35350,1.9288450828182995
AT1G35420,-1.2383761650387994
AT1G35430,0.4934841806070949
AT1G35460,-0.30876527054630487
AT1G35470,0.017566656336625786
AT1G35510,0.16118050384803798
AT1G35515,0.0792956632052275
AT1G35516,-0.5634068180503068
AT1G35530,0.906471797280793
AT1G35560,-0.6094658288981195
AT1G35580,0.5181004764161021
AT1G35610,0.054462916505585476
AT1G35620,-0.20097445838043967
AT1G35625,2.312986311473853
AT1G35660,-0.6844085579889259
AT1G35670,1.5174236600317512
AT1G35680,-0.10202496078169625
AT1G35710,-0.2700261539542231
AT1G35720,-0.02657545564475856
AT1G35730,0.835227615318134
AT1G35780,-0.03155516226068532
AT1G35830,-0.1704620800932998
AT1G35910,0.14301407391375417
AT1G36050,0.5419637516283705
AT1G36060,0.3311671734327585
AT1G36070,0.21864393346783123
AT1G36100,1.8730318233610872
AT1G36160,-0.6190376803916856
AT1G36180,-1.1844324986879458
AT1G36240,2.6623377602122282
AT1G36280,0.10580961901287705
AT1G36310,0.3108486881951097
AT1G36320,-0.26316185836009204
AT1G36370,0.516291122682083
AT1G36380,-0.2658286257008245
AT1G36390,-0.06515749025911863
AT1G36622,3.7435369539019976
AT1G36640,4.073550593268459
AT1G36675,2.696276678122706
AT1G36730,0.688407026926505
AT1G36940,-0.12399609311948566
AT1G36980,-0.4274586946367219
AT1G36990,-0.06358004367043929
AT1G37000,-2.6724263804689485
AT1G37130,0.9933258731151537
AT1G37150,-0.4232560172156541
AT1G38065,-0.1722571630312422
AT1G38131,-0.662283155131327
AT1G41830,0.8106004329043065
AT1G41880,0.16038852739069032
AT1G42430,-0.06877763156170943
AT1G42440,0.17539419607313333
AT1G42470,0.628120930995287
AT1G42480,-0.03684954857955595
AT1G42540,-0.05024969470404542
AT1G42550,-0.8368589418590506
AT1G42560,0.39200661126160236
AT1G42680,-2.6724263804689485
AT1G42960,-0.10310382703100274
AT1G42970,-0.03706904368252602
AT1G42990,1.3876956922107218
AT1G43000,2.2146883565621254
AT1G43010,3.8707434907726563
AT1G43020,-0.12489057304939963
AT1G43040,4.4677237129131155
AT1G43130,-0.04431530181651478
AT1G43140,-0.8982299696432907
AT1G43145,1.8728773498034657
AT1G43160,3.909233037145834
AT1G43170,0.08303742266443138
AT1G43190,-0.08804758495344346
AT1G43245,0.02665674910405469
AT1G43260,-2.6724263804689485
AT1G43310,1.1034092806749634
AT1G43560,-0.04720558815262844
AT1G43580,-0.664135354682704
AT1G43600,2.6551264287920437
AT1G43605,-1.3100688074297362
AT1G43620,-0.04135874243979988
AT1G43640,0.9208978330163892
AT1G43650,1.7959205886345269
AT1G43670,0.01633931601813936
AT1G43690,0.19995073805294958
AT1G43700,-0.3029589411851026
AT1G43710,0.7484486482643921
AT1G43770,-0.4278576569773198
AT1G43790,0.4047171975024176
AT1G43800,-1.7309778715887143
AT1G43850,-0.5684330395208345
AT1G43860,0.17856969953735413
AT1G43890,0.7762804120119347
AT1G43900,-0.17706606772992728
AT1G43910,2.156687203299069
AT1G43980,0.158711663598434
AT1G44000,-0.9137765713896033
AT1G44020,-0.04468288295834541
AT1G44030,0.8831375257250043
AT1G44050,0.3824403615047421
AT1G44100,1.635876427669985
AT1G44110,-0.4408828358821061
AT1G44120,0.8817117971194417
AT1G44130,3.0205996715012895
AT1G44160,0.2704298317766939
AT1G44170,-0.19851187356818747
AT1G44180,0.643962326054489
AT1G44318,-1.249509086875926
AT1G44350,1.0054402043679482
AT1G44414,0.0032262534050848213
AT1G44446,-0.9975188689244353
AT1G44542,-3.5577547003633283
AT1G44575,-0.013728670523696775
AT1G44608,1.269984650741584
AT1G44740,1.1109505841901424
AT1G44750,-0.05946562238330868
AT1G44760,-0.3436367864275052
AT1G44770,-0.25587279727621515
AT1G44780,-0.283673150217841
AT1G44790,-0.18365873343403588
AT1G44800,0.2259737943319033
AT1G44810,0.41348440764999933
AT1G44820,-0.37916516230115466
AT1G44830,3.3805550821951442
AT1G44835,0.38297705208928073
AT1G44890,0.19091076046824645
AT1G44900,-0.62187944681357
AT1G44910,-0.19416309027121947
AT1G44920,-0.39418514069562044
AT1G44960,0.1808381939249139
AT1G44970,0.6369709405136108
AT1G45000,0.32433309166139285
AT1G45010,-0.59123937468529
AT1G45015,0.9058791228292026
AT1G45050,0.14316433652785945
AT1G45063,-3.6056265338478264
AT1G45110,-0.03685330889504119
AT1G45130,-0.5544559062398952
AT1G45145,0.008120493430645784
AT1G45150,-0.02443989234817394
AT1G45160,-0.437624446145746
AT1G45163,-0.7916634991680225
AT1G45165,0.0010875272000696657
AT1G45170,-0.2687554976576157
AT1G45180,1.389277179027725
AT1G45191,-1.2216278464401407
AT1G45201,-1.7065639848814673
AT1G45207,0.5991611675604663
AT1G45231,-0.4121021399708708
AT1G45233,0.469534659708401
AT1G45229,-0.8778373924333952
AT1G45248,-0.3005066476964846
AT1G45249,-0.04730054815740889
AT1G45230,-0.6825882227236022
AT1G45332,0.7964059329804005
AT1G45474,-0.08047337357565085
AT1G45545,-1.0130582422532006
AT1G45616,0.3526546852639618
AT1G45688,1.9381287186972471
AT1G45976,-0.02586767042642672
AT1G46264,-1.249041234939978
AT1G46480,-1.1516001197989614
AT1G46768,0.11875532702218879
AT1G47056,0.13448789133880992
AT1G47128,-0.7615329136905244
AT1G47200,0.5786076913422475
AT1G47210,-0.5939988742672277
AT1G47230,0.1538266283943297
AT1G47240,0.8891654111542815
AT1G47250,0.21567556092167123
AT1G47260,0.2206882995635235
AT1G47265,-2.482899318757851
AT1G47270,-0.38946843226232813
AT1G47271,0.006109247564985099
AT1G47278,0.41316840252321735
AT1G47290,-0.07911818080428581
AT1G47310,0.07229992110394512
AT1G47330,-0.3177099926432134
AT1G47340,-0.062158734398256046
AT1G47380,1.8293092011834438
AT1G47395,-0.47766908506271644
AT1G47400,-0.9203200789813814
AT1G47410,0.33220482566358006
AT1G47420,-0.03090479516232541
AT1G47480,0.12834700069416177
AT1G47490,0.05533248048237869
AT1G47500,0.158947356158846
AT1G47510,-0.1828040345574409
AT1G47530,-0.8248234686654599
AT1G47550,0.12080180207432675
AT1G47560,0.5668551184566519
AT1G47570,-0.340294000244744
AT1G47578,-0.1804560867382507
AT1G47580,-1.4021006900305468
AT1G47600,0.3815036806695764
AT1G47603,1.5612732646399816
AT1G47620,0.45859255629079515
AT1G47640,0.12091274362527461
AT1G47655,-1.4464526053967532
AT1G47670,-0.596538869558041
AT1G47710,0.4241231393011613
AT1G47720,-0.01145726828174214
AT1G47740,-0.04707584450521003
AT1G47750,0.6885471276502275
AT1G47760,-1.2399710766261292
AT1G47780,2.6551264287920437
AT1G47820,-0.49717477191455584
AT1G47830,0.732979915251027
AT1G47840,0.6053457825470465
AT1G47845,3.3984254061124917
AT1G47870,0.4352191049235782
AT1G47890,4.07419490325191
AT1G47900,-0.35018864216968365
AT1G47920,-0.5399565737479137
AT1G47960,-0.9795543129749056
AT1G47970,0.004565034522084947
AT1G47980,-3.5579944875375635
AT1G47990,-1.1512434297653595
AT1G48000,1.2681901718296094
AT1G48020,-0.0018407054280741453
AT1G48030,-0.409208740267934
AT1G48040,0.4975737831301876
AT1G48050,-0.4199799942660123
AT1G48060,-2.543680844307551
AT1G48070,4.158559396086054
AT1G48090,-0.3089116946904683
AT1G48100,-1.3827483761670436
AT1G48110,0.225124499927438
AT1G48120,0.1519388798491575
AT1G48130,-0.9792327436658445
AT1G48140,0.7227925584703443
AT1G48150,2.6623377602122282
AT1G48160,0.5843450495163303
AT1G48170,-0.027008612373937473
AT1G48175,-0.4581805351081835
AT1G48180,-1.4341976021391711
AT1G48200,0.3296677265102198
AT1G48210,-0.08928548491005642
AT1G48220,-2.674639620965142
AT1G48230,0.30785443050829664
AT1G48240,0.0913593681435734
AT1G48260,-2.414855843938898
AT1G48270,0.5685604825089421
AT1G48280,-0.4491863219027326
AT1G48300,-0.8462969337915993
AT1G48310,-0.020580083304277613
AT1G48320,0.13999953602236878
AT1G48325,4.110670368424876
AT1G48330,-1.5399698615075572
AT1G48350,-0.25790713884003164
AT1G48360,0.42954441096842466
AT1G48370,-0.37386830703639984
AT1G48380,0.216304163656719
AT1G48390,-0.5255626294480983
AT1G48400,0.597384465115491
AT1G48405,-0.5666281543538231
AT1G48410,-0.22336896275558674
AT1G48420,-0.8485427722933283
AT1G48430,-0.7234632834533682
AT1G48440,-0.10242314162773154
AT1G48450,-0.4489212162620058
AT1G48460,-0.12990723586343655
AT1G48470,-3.557797147071437
AT1G48480,-0.38855948696677
AT1G48490,0.059031072652605494
AT1G48500,0.5817678446009723
AT1G48510,-0.37845677973659125
AT1G48520,-0.08806695667155187
AT1G48530,-1.8783673338642408
AT1G48540,-0.6939781519409091
AT1G48550,-0.3319641739867764
AT1G48560,0.2503315410541857
AT1G48570,-0.01737152079674015
AT1G48580,0.5351939997087698
AT1G48590,-0.08431408083632463
AT1G48600,-0.5226866815918986
AT1G48605,0.4388380559045228
AT1G48610,0.8072590498857426
AT1G48620,-0.23553474567988417
AT1G48630,0.6263215503035412
AT1G48635,-0.09855219216871061
AT1G48640,0.3352022300992301
AT1G48650,-0.4741713399314452
AT1G48660,-1.5261653992209547
AT1G48670,0.7565676335327655
AT1G48690,1.1052206077319162
AT1G48700,-2.3208741574624567
AT1G48720,0.4795795051897326
AT1G48740,0.2540048373715065
AT1G48745,1.1784955516530384
AT1G48750,-1.5563280042481848
AT1G48760,0.5844980224597811
AT1G48770,0.5287176689615541
AT1G48780,-0.03685834507073621
AT1G48790,0.13577851392246457
AT1G48800,-0.8362128080578938
AT1G48820,0.06915776100848887
AT1G48830,0.08656191538792388
AT1G48840,-0.6783289824807446
AT1G48850,0.14861488998565786
AT1G48860,-0.03193940795361981
AT1G48870,-0.22932400898323624
AT1G48880,0.46512269708516235
AT1G48900,0.28882978124022424
AT1G48920,0.23642301763977733
AT1G48930,0.42460535909748665
AT1G48940,2.6551264287920437
AT1G48950,0.013216009989571514
AT1G48960,0.5756194153477958
AT1G48970,-0.14978200740511874
AT1G49000,1.891915348291092
AT1G49005,0.7453382230529453
AT1G49010,-2.06475908390743
AT1G49030,1.525339110432896
AT1G49032,-1.3687240981015234
AT1G49040,0.46569717108519937
AT1G49050,1.113071959639309
AT1G49100,1.3647103252873687
AT1G49110,0.1975879319664762
AT1G49130,-1.8339339186086552
AT1G49140,-0.26397791248139424
AT1G49160,0.09078353399626268
AT1G49170,-0.6807430342014559
AT1G49180,-0.6927109199646335
AT1G49200,1.1918072806227864
AT1G49210,1.6049081602409523
AT1G49220,-2.1236068423234826
AT1G49230,0.3810188284580535
AT1G49240,0.20966929825955313
AT1G49245,-0.279459320739135
AT1G49250,2.696276678122706
AT1G49260,-1.8778757470751295
AT1G49300,0.41199345573053753
AT1G49310,0.04542006475874763
AT1G49320,-0.1654367860725301
AT1G49340,0.24097993552674982
AT1G49350,-0.1463160398393101
AT1G49360,0.6353452023911068
AT1G49380,-0.6002370567793045
AT1G49390,-0.5033544367848745
AT1G49400,0.18209252377329635
AT1G49405,0.1712735230044301
AT1G49410,0.29781322946664684
AT1G49430,-1.0461467211013622
AT1G49450,0.6934800954549006
AT1G49470,-1.43599974857275
AT1G49475,-0.6983182064237414
AT1G49480,-0.05764194065476452
AT1G49490,-1.4190886436913894
AT1G49500,0.144232275374122
AT1G49510,-0.16658386451873256
AT1G49520,-0.4493244055698168
AT1G49530,-0.4937865847179022
AT1G49540,0.07858783305118991
AT1G49560,-0.9223857765472548
AT1G49570,0.44211194948706284
AT1G49580,-0.531191920068894
AT1G49590,0.0799283312122273
AT1G49600,0.17338575041478596
AT1G49610,-0.3974467464864566
AT1G49620,-0.4316213893021327
AT1G49630,-0.40362751391231827
AT1G49640,0.18964152696815836
AT1G49650,0.07991186027812935
AT1G49660,0.80958455437734
AT1G49670,-0.22239804400940902
AT1G49700,2.6623377602122282
AT1G49710,-0.2185422299130891
AT1G49720,-0.22245076428027916
AT1G49730,-0.23290974976637543
AT1G49740,-0.23942668618589522
AT1G49750,-0.9659037444814302
AT1G49760,-0.028721924701578135
AT1G49780,0.032683200053202494
AT1G49790,0.14314718276876975
AT1G49800,2.6551264287920437
AT1G49820,-0.4308314906757864
AT1G49830,-0.08440849934441799
AT1G49840,0.42092716016826615
AT1G49850,-0.028926931290231925
AT1G49860,-0.567709392930095
AT1G49870,-0.5772434765419351
AT1G49880,-0.12068596874087203
AT1G49890,-0.11100538892832354
AT1G49900,1.9375225207681608
AT1G49910,0.08457988946217213
AT1G49920,0.581632686730333
AT1G49940,-0.4647538010220227
AT1G49950,1.0315143569703775
AT1G49960,-0.2778565363110647
AT1G49970,-0.13484453842129623
AT1G49975,-0.5958893905127206
AT1G49980,-0.16324862239841453
AT1G49990,-0.18468666846640647
AT1G50000,-0.4934923672104218
AT1G50010,0.5841825035229818
AT1G50020,-0.03485158936234047
AT1G50030,0.024902322920119655
AT1G50040,1.9213284883645054
AT1G50050,3.828727328610802
AT1G50060,-0.24601002282735027
AT1G50090,-0.9394465231265614
AT1G50110,0.2036665186012332
AT1G50120,0.32175230234657914
AT1G50140,-0.1276746400226371
AT1G50170,-0.3204611139209681
AT1G50180,1.2203425472737401
AT1G50190,-0.24840200382138722
AT1G50200,-0.2025717190331324
AT1G50240,-0.021194669059761095
AT1G50250,-0.3033564275109393
AT1G50260,-0.30163061816697667
AT1G50270,-0.10569759120019034
AT1G50280,-1.9972005868225164
AT1G50290,-1.0948210279488895
AT1G50300,0.0738140390741424
AT1G50310,-0.939310741821942
AT1G50320,-0.0026923891836398576
AT1G50360,-0.06572705056494822
AT1G50370,0.3874229206667967
AT1G50380,-0.2958206591403205
AT1G50390,1.4350958749660574
AT1G50400,0.07585991848543017
AT1G50410,0.0985058596721161
AT1G50420,0.22195534783135276
AT1G50430,0.205217431059587
AT1G50440,0.2003132067914988
AT1G50450,0.002713336384191791
AT1G50460,1.1533887198806252
AT1G50480,-0.7620555689790639
AT1G50490,-0.1233690068817789
AT1G50500,0.41504794671368145
AT1G50510,-0.001547632508073538
AT1G50520,-0.0979704854200356
AT1G50560,-0.060309493444689694
AT1G50570,-0.07422550343589959
AT1G50575,0.07000161140397475
AT1G50580,0.47321890977158065
AT1G50590,-0.3833980132723761
AT1G50600,0.5031983613603
AT1G50620,-0.01751230172676125
AT1G50630,0.3097727310110273
AT1G50640,0.6812161107032542
AT1G50660,-0.05746418361561352
AT1G50670,0.6741022552027556
AT1G50700,0.4984440412852826
AT1G50710,0.38330779944089505
AT1G50720,-2.6724263804689485
AT1G50730,0.06871826212948988
AT1G50732,-0.7695493984973197
AT1G50740,1.6151624678200862
AT1G50745,2.803547618629011
AT1G50750,4.108703172673385
AT1G50770,-0.018254300017269322
AT1G50780,2.6623377602122282
AT1G50790,-0.3915349836744625
AT1G50820,4.158559396086054
AT1G50830,-0.42915567648596614
AT1G50840,-0.5239734798162238
AT1G50890,0.4517331033487722
AT1G50900,-0.42423733279988834
AT1G50910,0.24705170043823782
AT1G50920,0.052902358646951704
AT1G50930,0.3343930089662478
AT1G50940,-0.26465583218496996
AT1G50950,0.04167134566312513
AT1G50970,-0.3009714177135305
AT1G51035,-2.6724263804689485
AT1G51055,-1.5069257680100254
AT1G51060,0.10708908560559141
AT1G51070,0.0162094733814029
AT1G51080,-0.8347043092344308
AT1G51090,3.6504636426215322
AT1G51100,-0.673054057295598
AT1G51110,-0.11609153654609926
AT1G51130,-0.17584033065271007
AT1G51140,-1.6285249650636888
AT1G51160,0.19421258743494418
AT1G51170,-0.9088177465870165
AT1G51190,-0.02202977503688491
AT1G51200,-0.3601999261846317
AT1G51220,-4.560012800158187
AT1G51260,1.6182400639884598
AT1G51270,2.893799323237484
AT1G51310,-0.5284522719875131
AT1G51340,-0.735785315948238
AT1G51350,-0.11874667529450292
AT1G51355,-0.4500695418657104
AT1G51360,-0.37213492401695814
AT1G51370,-0.48882374503910847
AT1G51380,0.32130415783878835
AT1G51390,0.20895790390705216
AT1G51400,-1.2721489767199075
AT1G51402,-1.4883815761982537
AT1G51405,0.0020649183019070126
AT1G51420,0.780073341776247
AT1G51430,-0.291584786517716
AT1G51440,-1.3537387804531607
AT1G51450,0.2541247286001102
AT1G51460,-0.60003757072804
AT1G51470,0.09738423890214873
AT1G51480,-1.2392855657943347
AT1G51500,-1.5707867808591474
AT1G51510,0.1395610396500359
AT1G51520,-1.4013000854318207
AT1G51530,-2.6724263804689485
AT1G51538,0.6185450920120276
AT1G51540,1.0457598542569566
AT1G51550,-0.5560418900512558
AT1G51560,-0.205356747471091
AT1G51570,-0.21009830573468113
AT1G51580,-0.03270823507772147
AT1G51590,0.1577570623023332
AT1G51600,0.09664309037848785
AT1G51610,0.2696087019280048
AT1G51620,3.18863303505697
AT1G51630,0.6441659968318537
AT1G51640,-0.4388909668716308
AT1G51650,0.18999041108976578
AT1G51660,2.0018604180820514
AT1G51670,0.8498084509168329
AT1G51680,-1.0570033408684616
AT1G51690,0.06311929031181777
AT1G51700,2.0077577100806248
AT1G51710,0.19345992390898634
AT1G51720,-0.391311877764877
AT1G51730,-0.12503918241207446
AT1G51740,0.443354553450533
AT1G51745,-0.4055907581816051
AT1G51760,0.3845091327208577
AT1G51770,2.6551264287920437
AT1G51780,-0.5458829102284956
AT1G51790,1.2938978836376862
AT1G51800,1.9555898297825784
AT1G51805,0.8363465538355865
AT1G51820,2.52542223813122
AT1G51830,-0.5701787772890565
AT1G51840,-0.8510994801115754
AT1G51850,0.47274829550643543
AT1G51860,0.41906740490529004
AT1G51870,-0.49266622773491553
AT1G51880,-0.9507191782159136
AT1G51890,0.43601416275188964
AT1G51910,1.8728773498034657
AT1G51913,3.5328140478313754
AT1G51915,3.715044581530864
AT1G51920,3.3984254061124917
AT1G51940,0.08267725717672379
AT1G51950,-0.060820813816389915
AT1G51960,-1.883580720477128
AT1G51965,-0.04457686943795052
AT1G51980,0.2758733280674287
AT1G52000,-2.004147671091353
AT1G52030,-1.304897620463348
AT1G52040,-1.4931518471702687
AT1G52050,0.29147913977718454
AT1G52060,-0.1058031225215727
AT1G52070,-0.33513196115163907
AT1G52080,-0.8186238029146863
AT1G52100,-3.6207658633764015
AT1G52120,-0.8366072309626121
AT1G52140,-0.07275859470202922
AT1G52150,-0.6941609672560773
AT1G52155,-0.8382223430226557
AT1G52160,-0.2538707948124697
AT1G52190,-1.0587802634006367
AT1G52200,1.5782770213420878
AT1G52220,-0.5337814445374989
AT1G52230,-0.4915697325011532
AT1G52240,-0.6293620421578208
AT1G52245,1.0711249464695753
AT1G52260,0.26563479391180583
AT1G52270,0.8210415951282801
AT1G52280,1.6843070280116474
AT1G52290,2.3881068319181615
AT1G52300,0.09613189718567879
AT1G52310,-0.733551929286736
AT1G52315,0.10666991738343802
AT1G52320,-0.2083099650973995
AT1G52330,0.9277811969569126
AT1G52340,-0.3444715786203676
AT1G52342,-0.35235307980162067
AT1G52343,4.776308404259827
AT1G52360,0.6965977111811785
AT1G52370,-0.27516216214780065
AT1G52380,0.10767276086546905
AT1G52400,-1.2641064760512501
AT1G52410,-0.7423732534601528
AT1G52415,2.6551264287920437
AT1G52420,0.022501175514554092
AT1G52430,0.2923081904017322
AT1G52450,0.06943571365954707
AT1G52500,0.15584394847632446
AT1G52510,-0.07462502365505144
AT1G52520,-0.04588766172162623
AT1G52530,0.053229741550214836
AT1G52540,0.5660769609862302
AT1G52550,-0.27626114475460745
AT1G52560,-1.3100314673279772
AT1G52565,1.2849807974265843
AT1G52570,-1.7501144700727236
AT1G52580,-3.224902783943296
AT1G52590,-0.2873259223623184
AT1G52600,0.07805743605229873
AT1G52618,-0.3541110448283958
AT1G52620,-0.03999671227338859
AT1G52630,0.6812243328744634
AT1G52640,0.2264401634262488
AT1G52650,-0.572136634568979
AT1G52660,-0.27374661962463104
AT1G52670,-0.07640347597897736
AT1G52690,0.2730792970922963
AT1G52700,-0.5759635263656022
AT1G52710,-0.19896668463101913
AT1G52720,1.0181034864191687
AT1G52730,0.47495880576219335
AT1G52740,0.11441401463501483
AT1G52750,0.09886342153511984
AT1G52760,-0.09574415569163555
AT1G52770,-0.4424529172774122
AT1G52780,-0.11108179362460822
AT1G52790,0.8582503507127108
AT1G52800,-1.5016203730410627
AT1G52820,-0.19155620502589882
AT1G52825,-0.10839808539510834
AT1G52827,-0.1326628635929182
AT1G52830,0.8778808073679397
AT1G52855,0.29397437228604245
AT1G52870,-0.9545978310591642
AT1G52880,0.8612419544733205
AT1G52890,2.1066994060106383
AT1G52905,0.19680731447198332
AT1G52910,0.16741519888215461
AT1G52920,0.2440344221766224
AT1G52930,0.4458347859525083
AT1G52980,-0.18740299594562337
AT1G52990,-0.7237141371443259
AT1G53000,-0.07756397593002992
AT1G53023,2.6623377602122282
AT1G53025,-0.1348646854523777
AT1G53030,-0.5506044370464162
AT1G53035,-0.24668299256139004
AT1G53040,0.14598509473888052
AT1G53050,-0.13314650292822924
AT1G53060,-0.38569250698543944
AT1G53070,-0.4939381059476548
AT1G53080,1.650919880951581
AT1G53090,-0.6453546792016553
AT1G53100,-2.4112493547194567
AT1G53110,0.2621412792100879
AT1G53120,0.06158605170097432
AT1G53140,-0.22026766846167575
AT1G53160,-0.2602114921758766
AT1G53163,-0.7241526637728766
AT1G53165,0.4210787473648069
AT1G53170,0.08870115942125897
AT1G53180,0.9809795917043389
AT1G53190,-0.3724328394213514
AT1G53200,-0.3228524483364913
AT1G53210,0.4035775958193549
AT1G53230,0.3424295114532209
AT1G53240,0.13116343600195857
AT1G53250,-0.8183754191550523
AT1G53260,1.0502862774136659
AT1G53270,-0.5391040295248775
AT1G53280,-0.5638203522497116
AT1G53290,0.26958315902433494
AT1G53300,0.8383798574374103
AT1G53310,0.400019888430824
AT1G53320,-0.1236281874177389
AT1G53330,0.13560352097659648
AT1G53340,2.4554764227886765
AT1G53345,0.11195520027429949
AT1G53350,-0.5679826720910818
AT1G53370,2.6551264287920437
AT1G53380,0.3271439993611741
AT1G53390,-0.2849320391731509
AT1G53400,0.47757890175532275
AT1G53420,0.23378659730695425
AT1G53430,1.0406441470825791
AT1G53440,0.40082380789467625
AT1G53450,-0.9514465728135455
AT1G53460,-0.28245961846874523
AT1G53470,0.3896039708292828
AT1G53480,2.484683810676081
AT1G53490,1.2088629838730196
AT1G53500,1.153339221071233
AT1G53510,0.07868482390583965
AT1G53520,-0.29423704596377637
AT1G53530,0.26952008596973276
AT1G53540,-2.4930153582373737
AT1G53542,-0.5634481065220983
AT1G53560,-0.24026660637444403
AT1G53570,0.8857708803748249
AT1G53580,-0.46024412133474574
AT1G53590,-0.15567598463856652
AT1G53600,0.15386742587973398
AT1G53610,3.6021136418851913
AT1G53620,1.1814956657722502
AT1G53625,4.4456392134020914
AT1G53633,1.155767245547618
AT1G53635,0.6870973086783237
AT1G53645,0.772756329873805
AT1G53650,-0.4214387595445109
AT1G53660,0.7230954630535982
AT1G53670,-0.20247568514341532
AT1G53680,-0.7003703132751149
AT1G53690,0.3189034651624054
AT1G53700,-0.9909650746495129
AT1G53708,3.115323029000212
AT1G53710,-0.016346411119574154
AT1G53720,-0.28505124180367347
AT1G53730,0.43476037689637637
AT1G53750,0.320392015193025
AT1G53760,0.8545776396828815
AT1G53770,0.4004586578921149
AT1G53780,-0.35040169035044527
AT1G53790,-0.1244818793450931
AT1G53800,-0.3844894041649103
AT1G53830,0.2035815740277837
AT1G53840,0.658649349364503
AT1G53850,0.31072842577800586
AT1G53860,-1.2999982785106274
AT1G53870,-0.909927499667193
AT1G53875,-3.908927146825717
AT1G53880,0.3590458969136857
AT1G53885,-0.6292316743593035
AT1G53887,-0.776648206698256
AT1G53890,-1.0269319220126105
AT1G53900,7.6186730107426905
AT1G53903,-0.44461644678989204
AT1G53910,0.37485439394686504
AT1G53920,0.6387826150334529
AT1G53935,4.467308975588321
AT1G53940,1.3198822617066692
AT1G53950,-0.04352273360097969
AT1G53980,1.7578668708232574
AT1G53990,1.139565941304447
AT1G54000,0.7997234115082553
AT1G54010,-2.413953020678157
AT1G54020,-0.6575034125208884
AT1G54030,-0.7953316688133623
AT1G54040,-1.078589675716499
AT1G54050,-1.4854066052156456
AT1G54060,-0.028056907165180146
AT1G54070,3.1599884449236058
AT1G54080,-0.49508026855079945
AT1G54090,0.7757944349837425
AT1G54095,0.7762876881719385
AT1G54100,-0.5578742266147384
AT1G54110,-0.28152651391186223
AT1G54115,0.061621849827219626
AT1G54120,-1.8396059796806181
AT1G54130,0.6370347338173561
AT1G54140,0.5016219465903881
AT1G54150,0.06474507116750572
AT1G54160,-0.5245678451615294
AT1G54170,0.20721739680273757
AT1G54180,-0.11718522912613477
AT1G54200,-1.5973646719187071
AT1G54210,-0.28196201871998117
AT1G54215,5.865184428000792
AT1G54217,0.20205802230900685
AT1G54220,-0.19913201752667145
AT1G54250,-0.17063296290488086
AT1G54260,-0.010967139455206155
AT1G54270,0.6938404528511597
AT1G54280,2.4227881394204314
AT1G54290,0.19471563537401457
AT1G54310,-0.5857472832195358
AT1G54320,0.07831740930879985
AT1G54330,0.16027482917179792
AT1G54340,-0.14039613444917237
AT1G54350,-0.4238134517399536
AT1G54360,-0.5277858777929545
AT1G54370,-0.47152138603728955
AT1G54380,0.2316135832999734
AT1G54385,-0.19475551967962287
AT1G54390,0.030545442715764325
AT1G54400,0.7269786524245754
AT1G54410,-0.10853850032492128
AT1G54440,-0.5427907774610771
AT1G54450,-0.41634508428250444
AT1G54460,0.06632066617642754
AT1G54470,0.030169499310781188
AT1G54490,-0.159128499043806
AT1G54500,-0.6736972942673479
AT1G54510,-0.11100165921982602
AT1G54520,-0.127089279548045
AT1G54530,0.6546629773745837
AT1G54540,-0.5047045355700402
AT1G54560,-0.4591927159642735
AT1G54570,-0.11147796939757613
AT1G54575,-0.09862533377759301
AT1G54580,0.19557506149967568
AT1G54590,2.6551264287920437
AT1G54610,-0.14594704993615312
AT1G54630,0.5074160391992477
AT1G54650,-0.06639071783717644
AT1G54680,-0.304992371346137
AT1G54690,0.4843810964713521
AT1G54710,-0.3746129585850805
AT1G54730,-0.7555630727901832
AT1G54740,0.8824045549599348
AT1G54770,-0.06475800417279803
AT1G54773,0.05381229100194346
AT1G54780,-0.5736219608223234
AT1G54790,-0.2273560262580002
AT1G54820,-2.681226432533768
AT1G54830,0.02802375701479294
AT1G54840,-0.20797725528519886
AT1G54850,-0.08149332593223813
AT1G54860,-2.6724263804689485
AT1G54870,-0.45929935633970514
AT1G54890,1.1000830402798667
AT1G54920,0.18728502816672807
AT1G54930,-0.04249464445444525
AT1G54940,-2.0661642045450686
AT1G54950,0.8233719427695301
AT1G54960,-0.22938044592159978
AT1G54970,0.050181898884611734
AT1G54990,-0.0922819010753198
AT1G55000,-0.5108803027357133
AT1G55010,0.5523362243554842
AT1G55020,-0.35783993969375627
AT1G55030,3.715044581530864
AT1G55040,0.5603099997178813
AT1G55050,0.002193590737871133
AT1G55080,0.05652254206522123
AT1G55090,-0.43934662390796697
AT1G55110,-0.5679344245594904
AT1G55120,0.769347329720857
AT1G55130,-0.49314953732350275
AT1G55140,-0.17165926118478253
AT1G55150,0.05526471078976548
AT1G55160,0.21792833518957258
AT1G55170,0.14208963418465664
AT1G55175,0.7407624939875941
AT1G55180,-0.42510944741952866
AT1G55190,0.10869692543647791
AT1G55200,-0.8997174909693103
AT1G55205,0.2308612357721158
AT1G55207,-3.461079007329271
AT1G55210,-0.8889091553992677
AT1G55240,0.40681586458338853
AT1G55250,-0.5323509215692716
AT1G55260,-1.274920537598155
AT1G55265,-0.26673146212381654
AT1G55270,0.19455921968822623
AT1G55280,-0.5869208826257816
AT1G55290,0.11729489654508332
AT1G55300,-0.2738148349591342
AT1G55310,-0.5156753130870616
AT1G55320,0.2830315921401731
AT1G55325,0.3246824183432624
AT1G55330,0.8917796254367536
AT1G55340,-0.20598104653144475
AT1G55350,-0.42379459883682663
AT1G55360,0.14444674130303853
AT1G55370,-1.1781100149072234
AT1G55380,1.7383425849113414
AT1G55390,1.0529254681002913
AT1G55420,0.09800641918862688
AT1G55430,0.6978145492906698
AT1G55440,-0.024673737822571002
AT1G55450,1.3329972378161763
AT1G55460,0.1815063101360257
AT1G55475,-0.5444014702811939
AT1G55480,0.03986664181512922
AT1G55490,-0.19332397663124581
AT1G55500,0.5233898088242185
AT1G55510,-0.11661242601388726
AT1G55520,0.3017728056489697
AT1G55530,-0.7624719600512616
AT1G55535,0.9431629556592667
AT1G55540,-0.6282534776059636
AT1G55550,-0.3115072835062205
AT1G55580,0.12454721825868165
AT1G55590,0.22786793762613042
AT1G55610,-0.12685185554393283
AT1G55620,0.9622607790560912
AT1G55630,-0.08502265838182127
AT1G55640,-4.162507759996408
AT1G55660,3.533122674160285
AT1G55670,-0.3778267788339359
AT1G55673,-5.677745422785287
AT1G55675,-0.9695059560851398
AT1G55680,-0.2948343501195121
AT1G55690,0.7523568415496115
AT1G55700,-2.042721944245466
AT1G55720,-1.6987827956144896
AT1G55730,0.3033066009379682
AT1G55740,-0.21493156269910624
AT1G55750,0.1591033921197232
AT1G55755,2.6623377602122282
AT1G55760,0.7549075026304871
AT1G55770,-0.9394889692700722
AT1G55775,0.26066745007707587
AT1G55800,-1.3893471991148671
AT1G55803,0.42329892277815884
AT1G55805,-0.16549624043221756
AT1G55810,0.5807784773978707
AT1G55820,0.28301952476220377
AT1G55830,0.08333544686944618
AT1G55840,0.26513454833454153
AT1G55850,0.27323414396751766
AT1G55860,-0.2464752539353467
AT1G55865,0.023639530191658882
AT1G55870,-0.40885295236278074
AT1G55880,-0.26889674038778394
AT1G55890,0.25116988237954035
AT1G55900,0.5949263126592287
AT1G55910,-0.5157001522200647
AT1G55915,-0.24990071880906733
AT1G55920,0.18848619527325303
AT1G55930,-0.1480104294146774
AT1G55940,0.1684610204687445
AT1G55950,-1.4400932409907934
AT1G55960,-0.6876635627959791
AT1G55970,-0.42930767007392284
AT1G55980,-0.02241655182196647
AT1G55990,-0.4004345271548504
AT1G56000,-0.08112033326872543
AT1G56010,-0.1981056166704363
AT1G56020,0.04004524652761921
AT1G56030,-4.806027263912411
AT1G56045,0.28141359056987925
AT1G56050,0.09522868614116584
AT1G56060,10.7864131543662
AT1G56070,0.1546935764129193
AT1G56080,0.4054492408198264
AT1G56090,-0.316876161811076
AT1G56110,0.16177259525876053
AT1G56120,0.10076080728156152
AT1G56130,0.496321554752956
AT1G56140,0.5116969280666718
AT1G56145,-0.1914407176746086
AT1G56150,-1.559235964955831
AT1G56160,0.7326386891381669
AT1G56170,-0.6696359956634972
AT1G56180,-0.22899625746112576
AT1G56190,-0.2989119258091835
AT1G56200,-0.10295223151152157
AT1G56210,-0.37039962608361005
AT1G56220,-0.7471795452801255
AT1G56230,-0.2475119994098517
AT1G56233,2.6623377602122282
AT1G56240,5.916471595292046
AT1G56250,3.0599755341346686
AT1G56260,-0.7725970499403416
AT1G56270,4.110670368424876
AT1G56280,-0.28660357578349105
AT1G56290,0.04074980987908502
AT1G56300,-0.43626402578002094
AT1G56310,-0.8987008175087285
AT1G56320,-0.34115796506057383
AT1G56330,0.3883256182886067
AT1G56340,0.20001782726834777
AT1G56345,0.21754454932653222
AT1G56350,0.14365578812171242
AT1G56420,-0.31793764621537224
AT1G56423,0.1152409716906804
AT1G56430,-1.279069889646431
AT1G56440,-1.2947877531774736
AT1G56450,0.35223806785532247
AT1G56460,-0.37618676992568895
AT1G56500,-0.09772413787663946
AT1G56510,1.9774289311820994
AT1G56520,-0.19079227884101174
AT1G56540,1.6683778395191515
AT1G56550,-0.03197984672801785
AT1G56555,5.067580615708186
AT1G56560,0.1446253515477896
AT1G56570,-0.5041572009650934
AT1G56580,-0.26654998124079465
AT1G56590,0.5391028099305235
AT1G56600,-1.014761889718528
AT1G56610,-0.20392910997350858
AT1G56630,-0.9709249441854932
AT1G56650,-2.4200928334159486
AT1G56660,2.2525993949255065
AT1G56670,1.2925417375294148
AT1G56680,0.3223604616437998
AT1G56690,0.228353815066207
AT1G56700,-0.15934309788305767
AT1G56710,-1.8509367196847046
AT1G56720,0.07156974383719716
AT1G57540,-0.2231046405247885
AT1G57560,-0.31650206077671844
AT1G57570,0.7832250505012758
AT1G57590,1.3226606175314488
AT1G57600,-0.21459339193010832
AT1G57610,0.6113054148582165
AT1G57620,0.9295156569912618
AT1G57630,9.21060727676772
AT1G57650,4.074609867458875
AT1G57660,0.00551350921318215
AT1G57670,-0.08431408083632463
AT1G57680,1.0122757598191885
AT1G57700,0.8026731359149342
AT1G57720,0.04544870484885228
AT1G57765,0.6796305089764179
AT1G57770,-0.12312365819796418
AT1G57790,-0.27664527076562173
AT1G57800,-3.461079007329271
AT1G57820,-0.5380550892803523
AT1G57850,3.3984254061124917
AT1G57860,0.06359567430115565
AT1G57870,-0.2002205177582315
AT1G57943,2.936996532043366
AT1G57980,0.4458457214210818
AT1G57990,2.6817058584647238
AT1G58007,-0.18969983052196043
AT1G58025,-0.053687684116111536
AT1G58030,-0.8460853139176747
AT1G58037,2.3980167818301283
AT1G58060,-0.3337529420481372
AT1G58070,0.2553594539975548
AT1G58080,-0.13501143453489248
AT1G58100,0.9832054805607134
AT1G58110,0.824000726205886
AT1G58120,0.8316165068628151
AT1G58150,-0.30189947251033655
AT1G58160,0.8961278423915008
AT1G58170,-0.6409088506086683
AT1G58180,0.6537972187230758
AT1G58190,0.20524810863137902
AT1G58200,0.0039006058763384447
AT1G58210,-0.02659555453353562
AT1G58215,-0.06210537316124568
AT1G58220,-0.292560421719224
AT1G58225,-2.6826615294764204
AT1G58230,-0.18040312161826072
AT1G58235,-0.9694981942394338
AT1G58250,-0.38089900845288144
AT1G58270,-1.1934814505916667
AT1G58280,0.01310491917988125
AT1G58290,0.013396425653808487
AT1G58320,0.08350895400438692
AT1G58330,-0.08431408083632463
AT1G58340,0.7484293634568487
AT1G58350,0.25464277558893983
AT1G58360,-0.2806086517948258
AT1G58370,0.8623292504138441
AT1G58380,0.13374491018318754
AT1G58390,0.5345568451174336
AT1G58400,0.263622419308045
AT1G58410,0.7937195872395388
AT1G58420,5.1589757298652765
AT1G58440,0.6485530998060164
AT1G58460,1.0966830703084653
AT1G58470,-0.22749579298902756
AT1G58520,-0.30395295031283653
AT1G58602,-0.4245152955763691
AT1G58643,3.8707434907726563
AT1G58684,6.3412375497797555
AT1G58807,-0.460631018814032
AT1G58848,-0.9335479393580131
AT1G58936,-2.6826615294764204
AT1G58983,0.16034625970908772
AT1G59030,-3.360525981618308
AT1G59124,-0.5055737809848468
AT1G59218,-0.1256839691929681
AT1G59312,2.6551264287920437
AT1G59359,6.221629629190828
AT1G59510,-0.32031296183978786
AT1G59520,0.48252564250442664
AT1G59530,-3.5577547003633283
AT1G59540,-0.07208267914359318
AT1G59560,-0.09098190970954198
AT1G59580,0.4437272579706133
AT1G59590,1.4416850594093729
AT1G59600,-0.06128832835477121
AT1G59610,0.5348321251364273
AT1G59620,-0.16178426640487442
AT1G59640,-0.964400370548941
AT1G59650,0.10248623857257305
AT1G59660,-0.26984188457538816
AT1G59670,-2.6724263804689485
AT1G59700,-1.3361973688128612
AT1G59710,1.804360753419949
AT1G59720,-1.3566494109153422
AT1G59725,0.4963644246544578
AT1G59730,2.0336908790634847
AT1G59740,-0.6419158127946163
AT1G59750,-0.0008908174863054027
AT1G59760,-0.2669114865071194
AT1G59780,0.5531191659428791
AT1G59790,-2.6724263804689485
AT1G59810,4.073550593268459
AT1G59820,1.0350296200361013
AT1G59830,0.08945442036875424
AT1G59840,-0.4020319211984501
AT1G59850,0.2985961111388861
AT1G59860,0.4673787962118808
AT1G59865,-1.7215301879441594
AT1G59870,1.0026793314360125
AT1G59890,0.34896422325608
AT1G59900,-0.20786305103060146
AT1G59910,1.58809290078417
AT1G59920,-0.7892943129546819
AT1G59930,-2.4441694796462405
AT1G59940,0.2651373747823053
AT1G59960,0.05240330431596843
AT1G59970,1.388419970260989
AT1G59980,-0.3553778078776154
AT1G59990,-0.28737640269713927
AT1G60000,-1.139275523964962
AT1G60010,-1.2816322319723312
AT1G60030,-0.04255662207630647
AT1G60050,-1.4935349375396858
AT1G60060,-0.1756069808465748
AT1G60070,0.5160965639332437
AT1G60080,-0.019338002203248376
AT1G60090,-2.6724263804689485
AT1G60095,0.47458915790823203
AT1G60110,-0.1299765773341823
AT1G60130,0.4845532734285693
AT1G60140,0.7207209059975237
AT1G60160,-1.2143240825612538
AT1G60170,0.05635314127678761
AT1G60190,0.9980155384442754
AT1G60200,0.07956601680257865
AT1G60220,0.07795504561101889
AT1G60230,-0.39212341637935255
AT1G60260,-1.0292999896292774
AT1G60270,1.7367186974763205
AT1G60350,-0.08431408083632463
AT1G60360,1.6928291213023168
AT1G60380,-2.6724263804689485
AT1G60390,-0.463278594889546
AT1G60420,-0.314946698637951
AT1G60430,0.8717480494280625
AT1G60440,0.1492660902089727
AT1G60460,-1.3860939774800134
AT1G60470,-0.32898858248223745
AT1G60490,-0.2095653742276745
AT1G60530,-0.32752552285319064
AT1G60550,-0.8218662736893034
AT1G60560,-0.1290038905743412
AT1G60590,-3.9030805049890733
AT1G60600,-0.5072989138266941
AT1G60610,-0.4324206946571328
AT1G60620,0.022677815941646976
AT1G60630,0.07704102701670923
AT1G60640,0.23783076987100385
AT1G60650,-0.2598619188172163
AT1G60660,0.38684190596519613
AT1G60670,0.05112371522139672
AT1G60680,0.4620553767941566
AT1G60690,-1.184148773830426
AT1G60700,-0.9454938180815262
AT1G60710,0.15589728066080039
AT1G60730,-0.43198402244324197
AT1G60740,-0.6435416679004337
AT1G60750,0.5755377377565863
AT1G60760,2.6551264287920437
AT1G60770,-0.09338322407321999
AT1G60780,0.5939038357069971
AT1G60787,0.9678342167063952
AT1G60790,0.468789379171974
AT1G60800,-0.7891920752892166
AT1G60810,0.16968984134337756
AT1G60850,0.43529926869880436
AT1G60860,-0.06575663423673166
AT1G60870,0.19412637188646095
AT1G60890,-0.2995888221834531
AT1G60900,-0.1737495403387633
AT1G60930,0.09918296318043854
AT1G60940,-0.630940536502113
AT1G60950,-0.28369034623365597
AT1G60960,-1.105099078507947
AT1G60970,-0.5576080321000215
AT1G60980,-2.6724263804689485
AT1G60990,-0.4677865421652591
AT1G60989,-0.7848752694903913
AT1G60995,0.14332699607841487
AT1G61000,-0.35112938584601505
AT1G61010,-0.13883878585695655
AT1G61030,0.5105562358962675
AT1G61040,-0.014443552607747483
AT1G61050,-1.3683516546204875
AT1G61065,-0.5819044704807441
AT1G61080,-0.17962356280262906
AT1G61100,0.8977014995404324
AT1G61120,5.139122641159032
AT1G61140,0.9880553943205765
AT1G61150,-0.06491797112872226
AT1G61170,0.018014916815341585
AT1G61180,0.0868706692265039
AT1G61190,-0.21714232072214776
AT1G61200,2.6623377602122282
AT1G61210,0.050632074675862296
AT1G61215,-0.8946436155097571
AT1G61230,0.23401104118740113
AT1G61240,-0.685721118134882
AT1G61250,0.9112977789033369
AT1G61255,0.4015045226944772
AT1G61260,1.933832994463924
AT1G61270,0.4748277316795113
AT1G61280,0.256245807512551
AT1G61290,-2.6724263804689485
AT1G61300,-1.1781284866249888
AT1G61310,0.42331037954704936
AT1G61320,1.7780533416911202
AT1G61340,5.2361312295473
AT1G61350,-0.25609356329379834
AT1G61360,0.5861611778479928
AT1G61370,1.085513736818934
AT1G61380,1.9739456708568601
AT1G61390,0.4314339237684226
AT1G61400,0.0629778940082674
AT1G61410,1.0491945736215573
AT1G61415,0.30539427716386636
AT1G61420,0.7817285331273327
AT1G61430,-0.1391177532725747
AT1G61440,0.14896426602728177
AT1G61450,-0.5723073484880917
AT1G61460,-0.7293742174959409
AT1G61470,1.1933741496639911
AT1G61480,-1.0353831148567259
AT1G61490,0.0597457478826329
AT1G61500,-0.3418864949188979
AT1G61520,-0.6905858605287329
AT1G61550,0.08970503609230951
AT1G61560,-0.25315545545476453
AT1G61570,0.18723239100385378
AT1G61575,-0.04468288295834541
AT1G61580,0.2281885466015786
AT1G61590,0.31518031523109946
AT1G61600,-0.8991504362251076
AT1G61610,0.6006552251331573
AT1G61620,0.42757863920318484
AT1G61640,0.7831942099636545
AT1G61660,0.05352007493585602
AT1G61667,2.0205154229737357
AT1G61670,1.093781497058253
AT1G61680,0.32748757736235573
AT1G61688,-1.87785450462112
AT1G61690,0.1769567878992592
AT1G61710,2.6551264287920437
AT1G61720,2.6551264287920437
AT1G61730,0.801461247163579
AT1G61740,0.814063238480753
AT1G61750,1.4281315799406036
AT1G61760,0.45214208244501886
AT1G61770,0.52343658787478
AT1G61780,0.0747348956043097
AT1G61790,0.053552397326247066
AT1G61795,-1.29659267766846
AT1G61800,6.169940297234832
AT1G61810,-0.21390119973349403
AT1G61820,0.32287244751056543
AT1G61840,0.28803855236247594
AT1G61850,0.4941387745152222
AT1G61860,0.5419581487266163
AT1G61870,0.6544508393632552
AT1G61890,1.7555668005310074
AT1G61900,0.12815965747573022
AT1G61930,-0.6753008783876466
AT1G61950,0.43448357245638297
AT1G61960,0.12402078908998246
AT1G61970,-0.10357929470813347
AT1G61980,-0.3136284764917288
AT1G61990,0.06266511791640898
AT1G62000,-1.003897602444032
AT1G62010,0.23313358567912218
AT1G62020,1.0174375707237806
AT1G62030,-0.9549307397834662
AT1G62040,-0.4124821032322881
AT1G62045,1.2341749811711773
AT1G62050,0.6322797689817754
AT1G62085,0.2759132670066883
AT1G62110,0.23810727604798915
AT1G62120,0.003482235947798469
AT1G62130,-0.08488061505747262
AT1G62150,0.27448406378433965
AT1G62180,1.0256091802839704
AT1G62200,-0.7322003577413055
AT1G62225,-1.237014572845703
AT1G62250,-0.10547507444090974
AT1G62260,0.22868990400422431
AT1G62262,-0.7949923810236577
AT1G62280,1.1235340378592755
AT1G62290,-0.6839906482264365
AT1G62300,1.8452153243960767
AT1G62305,0.8566625007859024
AT1G62310,-0.10339368205110713
AT1G62320,0.32896480122568605
AT1G62330,-0.029083009574659188
AT1G62333,-4.102456302063116
AT1G62350,0.4406878371413124
AT1G62360,-0.8640838926435669
AT1G62370,-1.0147167942251698
AT1G62380,0.649519590468837
AT1G62390,-0.14849808913213508
AT1G62400,0.7584646837982779
AT1G62422,0.3640940057605466
AT1G62420,1.4149565709865974
AT1G62430,-0.20968379564377795
AT1G62440,3.7444773054010754
AT1G62450,3.533122674160285
AT1G62480,2.6880681740856365
AT1G62490,0.624197172930907
AT1G62500,1.2416096600332425
AT1G62510,0.9059990178959553
AT1G62520,-0.028501737304627375
AT1G62530,-0.08431408083632463
AT1G62540,-1.6840605095102457
AT1G62560,-0.7115422242434044
AT1G62570,0.601859805864561
AT1G62580,-0.9564891871546912
AT1G62590,-0.3166989609983029
AT1G62600,0.6230097535784216
AT1G62610,0.8317194100586415
AT1G62620,0.20210151682801702
AT1G62630,-1.1321898563941815
AT1G62640,0.33061464570319543
AT1G62660,0.20736126171473687
AT1G62670,0.29106006760303
AT1G62680,-0.22215401483423633
AT1G62690,-0.2356655912267606
AT1G62700,-0.566759918849909
AT1G62710,-0.5974993905492164
AT1G62720,0.4619298283263422
AT1G62730,0.024617853955189326
AT1G62740,0.07738963712044612
AT1G62750,-0.1681527484590726
AT1G62760,0.27046244965208754
AT1G62770,0.07772018935530882
AT1G62780,-0.13563192525097034
AT1G62790,0.8173253998581641
AT1G62800,-0.29527942383806743
AT1G62810,-0.3983831842405197
AT1G62820,0.9264778794114826
AT1G62830,-0.3892217184195214
AT1G62840,0.6320795471718128
AT1G62850,0.02744249794531095
AT1G62870,-0.8692711931907311
AT1G62880,-0.15360234439795992
AT1G62886,-0.04926771477402979
AT1G62900,-0.13608461875572822
AT1G62910,-0.11959824958724395
AT1G62914,0.1558852301812093
AT1G62915,0.30376022024781174
AT1G62920,-0.16026225570002361
AT1G62930,0.6347900457845626
AT1G62935,1.4742072608552532
AT1G62940,-2.674639620965142
AT1G62950,0.09533378877060303
AT1G62960,-1.1769757266687275
AT1G62970,-0.22210043821163702
AT1G62975,-0.29954729334501196
AT1G62980,-0.006144475906087643
AT1G62981,0.0822561469283768
AT1G62990,-0.11781278110294188
AT1G63000,0.23506123790393413
AT1G63010,0.013043942999132209
AT1G63020,-0.09309609984536082
AT1G63050,0.1494200055112234
AT1G63070,-3.8299351885314525
AT1G63080,-0.2753502871445314
AT1G63090,0.8107903425002022
AT1G63100,-0.5505217601657626
AT1G63110,-0.24708402619798447
AT1G63120,1.1631920061239764
AT1G63130,1.0008893890440704
AT1G63140,1.2187244848967553
AT1G63150,-0.21695870365334177
AT1G63160,0.3997738378974538
AT1G63170,-0.08497068206618093
AT1G63180,-0.10142584191946333
AT1G63220,0.6015707954218334
AT1G63230,-0.19479114633839723
AT1G63240,-1.0133650540578063
AT1G63245,1.8387415042475126
AT1G63250,0.6018726486361489
AT1G63260,0.5475256416789719
AT1G63270,0.39564038875152013
AT1G63280,3.532707363265254
AT1G63290,-0.035928498150895105
AT1G63295,0.6123461594096437
AT1G63300,-0.2091644108215895
AT1G63310,-0.6802111753868795
AT1G63330,-0.8538578795350444
AT1G63350,0.8830136888449113
AT1G63360,-0.7417226114104079
AT1G63370,1.9187750167271789
AT1G63380,1.1182298511676263
AT1G63390,0.726460259128843
AT1G63400,-0.18180470314850955
AT1G63410,0.9186434463961554
AT1G63420,0.6191662584776566
AT1G63430,-0.11313669891519725
AT1G63440,-0.03867413094931585
AT1G63450,1.2647323564192874
AT1G63460,-0.13445817166445406
AT1G63470,-0.1477409238926137
AT1G63480,-0.7080898177570623
AT1G63490,0.097912184901433
AT1G63500,1.4393298715862506
AT1G63520,-0.6266051127961945
AT1G63530,0.35052211519024035
AT1G63550,2.6623377602122282
AT1G63570,0.9848955604745658
AT1G63580,0.95137405426511
AT1G63600,0.3282316039224693
AT1G63610,-0.2754215516592338
AT1G63615,-2.6724263804689485
AT1G63630,-0.6102889091400693
AT1G63640,-0.1654156719350652
AT1G63650,-1.1675448603476029
AT1G63660,-0.06908999735310238
AT1G63670,-0.5714329344330886
AT1G63680,-0.4620529183708155
AT1G63690,-1.0974069053647282
AT1G63700,0.33842671598611085
AT1G63710,-1.8275168370730521
AT1G63720,1.608032861372814
AT1G63730,-0.16891426798953163
AT1G63740,-0.42940107185119786
AT1G63750,1.681993742859779
AT1G63770,-0.15062893530024055
AT1G63780,0.1558613319820861
AT1G63800,-0.45686140168506484
AT1G63810,0.04636192212199898
AT1G63820,-0.008454693420724612
AT1G63830,1.517924019766698
AT1G63840,0.036176110781989866
AT1G63850,-0.8080791787041183
AT1G63855,-0.12958943846872822
AT1G63860,2.3730133822289634
AT1G63870,3.0353915488185685
AT1G63880,0.23968761386936238
AT1G63900,0.38717329566576003
AT1G63910,-0.6063700080651686
AT1G63930,1.2601332954046334
AT1G63940,-0.011769386895015495
AT1G63970,-0.14359622996630175
AT1G63980,-0.48634624406505045
AT1G63990,-2.1923983548789687
AT1G64000,-0.7685391731336371
AT1G64010,0.11465927397525275
AT1G64020,1.4518352589745993
AT1G64040,-0.016095460255097366
AT1G64050,0.010405564096498883
AT1G64060,0.36412635337129506
AT1G64065,2.147085916751417
AT1G64070,-5.135631526296175
AT1G64080,0.8268220188215684
AT1G64090,0.37167475549431567
AT1G64100,0.18530015777919068
AT1G64105,0.019909990488711813
AT1G64107,1.8730852100772803
AT1G64110,0.23545330828297975
AT1G64130,2.696276678122706
AT1G64140,0.36042501587784964
AT1G64150,-0.16452530898052933
AT1G64160,7.338958983626529
AT1G64170,0.13440106379197497
AT1G64180,-0.648850728811739
AT1G64185,0.37101715535490243
AT1G64190,0.1678823420238064
AT1G64195,-3.8556939491975153
AT1G64200,-1.3043710073511812
AT1G64210,-1.224850142976888
AT1G64220,0.9977588275670187
AT1G64230,-0.05070557558803448
AT1G64253,-0.8377716909421524
AT1G64260,-0.00209885022152644
AT1G64280,0.6370228224058541
AT1G64290,2.6551264287920437
AT1G64300,0.19881768095198443
AT1G64310,0.37642915573569163
AT1G64320,0.3333566543917949
AT1G64330,1.1570651105821625
AT1G64350,0.12429153024800295
AT1G64355,-0.5070509400025924
AT1G64360,0.1417555465155583
AT1G64370,-0.08830413345176463
AT1G64380,2.2001958983551195
AT1G64385,0.1803337575384517
AT1G64390,-1.0459655308313205
AT1G64400,-1.187091316073339
AT1G64405,-1.4014422162919657
AT1G64430,-0.4337416455698308
AT1G64440,-0.8246954068573121
AT1G64450,-0.25404021893813544
AT1G64460,0.4179989726818446
AT1G64480,-0.527844602782821
AT1G64490,0.11754546752814721
AT1G64500,-0.6894713195031262
AT1G64510,-0.18415947468031701
AT1G64520,0.08120965022202123
AT1G64530,0.2916985761420017
AT1G64540,0.6366617973634692
AT1G64550,-0.07631271443587566
AT1G64561,-0.5186140667196132
AT1G64570,0.39646277400940677
AT1G64580,0.09057405381227701
AT1G64583,-0.30939046351790866
AT1G64590,0.20346389045062582
AT1G64600,0.09913617390031466
AT1G64610,0.716013398770799
AT1G64620,0.11301561226998155
AT1G64625,-0.7738113224847594
AT1G64630,-0.21928028670454644
AT1G64640,0.23928658384230542
AT1G64650,0.656653661343345
AT1G64660,0.2918906905651349
AT1G64670,-0.9684188035289193
AT1G64680,-0.5074456506226253
AT1G64690,-0.042720038697054166
AT1G64700,0.3097869236149458
AT1G64710,-1.2532518192691333
AT1G64720,-1.3120751637245345
AT1G64740,0.11017806485803949
AT1G64750,0.05739068111376689
AT1G64760,1.9298817089078537
AT1G64770,-0.2391566231411421
AT1G64780,-0.22637349125206227
AT1G64790,-0.21453657672927628
AT1G64810,0.7338313604693697
AT1G64820,-0.8365647549614904
AT1G64840,-0.009819678376864599
AT1G64850,-0.4379393910663518
AT1G64860,-1.2227267683437926
AT1G64880,0.06388349701372113
AT1G64890,0.2330299249435939
AT1G64900,-1.0162040253837954
AT1G64910,1.179667917188026
AT1G64920,-0.00894277898795561
AT1G64930,-1.4187318180840036
AT1G64940,-0.1890985653056081
AT1G64950,-0.8268488819387082
AT1G64960,0.031212073067270477
AT1G64970,-0.561964968583735
AT1G64980,1.3897115911433848
AT1G64990,0.05005609287753243
AT1G65000,0.06526465970164322
AT1G65010,0.4159856844263516
AT1G65020,-0.07858778159791784
AT1G65030,0.3700869994807439
AT1G65032,-0.10593853998977815
AT1G65040,-0.19881037212416505
AT1G65060,-0.6762942615329471
AT1G65070,-0.4976406883411122
AT1G65080,-0.09091928474414152
AT1G65090,2.6623377602122282
AT1G65110,-0.8980140151093409
AT1G65120,0.2856626758947042
AT1G65130,0.5660193117672857
AT1G65140,2.6551264287920437
AT1G65150,-0.45212168563250654
AT1G65180,-0.6069724166777554
AT1G65190,-0.49197134669215337
AT1G65200,-0.4448950358521683
AT1G65220,0.35937466189496614
AT1G65230,-0.8707721029312386
AT1G65240,3.477686354807577
AT1G65250,0.9430157040772468
AT1G65260,-0.08197471061710439
AT1G65270,0.08637067388899809
AT1G65280,-0.35068233327389375
AT1G65290,-0.07599028953670652
AT1G65295,-0.11988591163717996
AT1G65310,4.581667299322708
AT1G65320,-0.5557647957282261
AT1G65330,-2.674639620965142
AT1G65350,-0.041816648221698074
AT1G65346,2.6623377602122282
AT1G65360,1.8728773498034657
AT1G65370,-0.11083631059705445
AT1G65380,-0.3795822269925163
AT1G65390,6.427392473517878
AT1G65410,0.27732822163373577
AT1G65420,-0.27579788696844565
AT1G65430,0.01731468635555294
AT1G65440,-0.13914770038279756
AT1G65450,-0.6021246697660385
AT1G65470,0.20280711716874447
AT1G65480,0.7189881044983012
AT1G65481,5.883818572630885
AT1G65483,2.696276678122706
AT1G65484,0.054144179326172354
AT1G65486,1.4581812485974814
AT1G65490,1.360692994150598
AT1G65500,0.9535263603145823
AT1G65510,1.1582141570097941
AT1G65520,0.7555682171888999
AT1G65540,0.08090958410296138
AT1G65550,-2.674639620965142
AT1G65560,-0.2618358104788407
AT1G65570,0.16972718225590544
AT1G65580,-0.010864993058725063
AT1G65590,-0.7823637848816345
AT1G65610,2.060125762856482
AT1G65620,0.7791145749308931
AT1G65630,-4.1022591224414935
AT1G65650,0.45329207730359483
AT1G65660,-0.7562231772315391
AT1G65670,-4.340570696677282
AT1G65680,-2.6724263804689485
AT1G65690,0.34699197434146933
AT1G65700,0.39551782542880776
AT1G65710,0.22010754872392074
AT1G65720,-0.18883158771382416
AT1G65730,2.053058430944985
AT1G65790,1.5728234573994455
AT1G65800,-1.9384318417493267
AT1G65820,0.2730693100762782
AT1G65840,1.0079515915918003
AT1G65845,1.4179630017203972
AT1G65850,0.6528295715801936
AT1G65860,-0.08115315021729443
AT1G65870,0.9946059858620804
AT1G65890,-1.4841481241557122
AT1G65900,-1.2012861986013266
AT1G65910,0.9680754568478317
AT1G65920,-0.899631051025726
AT1G65930,-0.06963556665967026
AT1G65950,-0.007142130191603579
AT1G65960,0.38272576472328673
AT1G65970,0.5349853478395182
AT1G65980,-0.3714797990505961
AT1G65985,0.21757480052652922
AT1G66020,-0.5224313663060256
AT1G66040,1.195819521699288
AT1G66050,-0.6962413119275086
AT1G66060,-1.3509143555358452
AT1G66070,0.7209212481750801
AT1G66080,-0.8243782618060017
AT1G66090,4.610910881834157
AT1G66100,-1.7785861991394063
AT1G66110,-2.65857196949591
AT1G66130,-0.9076559382208581
AT1G66140,0.5457504691371126
AT1G66150,0.13863876057491506
AT1G66160,3.9472336324325803
AT1G66170,4.468043335242367
AT1G66180,2.6137825802690506
AT1G66190,0.19633177492847767
AT1G66200,-0.6934938109683316
AT1G66230,-0.4049678444905697
AT1G66240,0.13674551572413712
AT1G66250,-0.866875643018411
AT1G66260,1.415381134774303
AT1G66270,0.7719104892869958
AT1G66280,0.3793023434899517
AT1G66300,1.203761247147221
AT1G66320,-3.557797147071437
AT1G66330,-0.6189322661598384
AT1G66340,0.4155398366312217
AT1G66345,0.7783133537573586
AT1G66350,0.4337570108098098
AT1G66400,0.9796227438977276
AT1G66410,0.3987829903034419
AT1G66420,4.4677237129131155
AT1G66430,0.25210314654579047
AT1G66440,0.37065521015856673
AT1G66450,-0.6669634801922694
AT1G66465,3.5328140478313754
AT1G66460,-0.986881578195501
AT1G66470,0.560385373177087
AT1G66480,0.3346010154281346
AT1G66500,1.6262733113274113
AT1G66510,-0.4420975968543088
AT1G66520,-0.07738585244421124
AT1G66530,-0.1524491416349306
AT1G66540,-0.43922111659106683
AT1G66570,-1.8777557325959988
AT1G66580,0.4078195628280301
AT1G66590,-0.3672441031146791
AT1G66600,1.8730852100772803
AT1G66610,3.3984254061124917
AT1G66620,-0.07237019549690896
AT1G66650,-0.10602680661842283
AT1G66660,0.27182948709742866
AT1G66670,-0.135436093929063
AT1G66680,0.3507800178612015
AT1G66690,-0.38347096246542123
AT1G66700,1.181210428316571
AT1G66730,-0.27876351614259026
AT1G66740,0.10565478968149404
AT1G66750,0.18397908386124773
AT1G66760,1.0266827824476392
AT1G66780,0.8233719427695301
AT1G66800,0.6074674352716903
AT1G66810,1.093759693357902
AT1G66820,-0.5707368581318093
AT1G66830,0.9038140051716534
AT1G66840,-1.8589706974135514
AT1G66860,-0.03875138265491111
AT1G66880,-0.048926266543364585
AT1G66890,-0.15840950784371613
AT1G66900,-0.14011062112539335
AT1G66910,-0.7264402210497672
AT1G66920,1.4878623512204017
AT1G66930,0.47462812163855733
AT1G66940,0.5995890858536014
AT1G66950,-0.6638594225955489
AT1G66960,0.14729899638680943
AT1G66970,-0.7925442849338308
AT1G66980,-1.0898703911617507
AT1G67000,0.9348694019178724
AT1G67020,1.228256690564901
AT1G67030,0.1220715679117343
AT1G67035,0.36900216177047235
AT1G67040,-1.0590978338842938
AT1G67050,-0.8417424622429678
AT1G67060,1.544802182918592
AT1G67070,1.3973351325503576
AT1G67080,-1.205944384311038
AT1G67090,-0.15063887969690107
AT1G67100,-0.04468288295834541
AT1G67110,0.3863002119406456
AT1G67120,-0.092671351483126
AT1G67140,0.09041007596966526
AT1G67148,0.2692456298804664
AT1G67150,0.4115525453732773
AT1G67170,0.2946423560141952
AT1G67180,-0.2741349676862235
AT1G67190,0.8047088983749627
AT1G67210,0.2919214419099033
AT1G67220,-0.5753741748401442
AT1G67230,0.4391024953637611
AT1G67250,0.15026415920577255
AT1G67260,2.6551264287920437
AT1G67265,0.36186419179359297
AT1G67270,2.6623377602122282
AT1G67280,-0.28579543157281184
AT1G67300,0.32871401550285273
AT1G67310,-0.19676125488639015
AT1G67320,-0.6213057085289104
AT1G67325,-0.020128479582604743
AT1G67330,0.2809246162930495
AT1G67340,-0.5608086693990478
AT1G67350,0.25083382406841453
AT1G67360,0.1469881939803884
AT1G67370,0.010357446176750667
AT1G67400,-1.2773900925573636
AT1G67410,0.19739217036470763
AT1G67420,0.01458013973062404
AT1G67430,0.11966094550019825
AT1G67440,-1.1298131735338603
AT1G67460,1.3582343277058608
AT1G67470,2.5869251247427645
AT1G67480,0.49089237405821445
AT1G67490,-0.4377047799769448
AT1G67500,0.18546342912843577
AT1G67510,0.2787703952855502
AT1G67520,0.6770230571944994
AT1G67530,-0.39756567281061256
AT1G67540,4.153753926399454
AT1G67550,-0.3056941502942011
AT1G67560,0.5237068886196614
AT1G67570,0.5720961880030739
AT1G67580,-0.2543597597483024
AT1G67590,-0.49987355907951997
AT1G67600,-0.09731032890036011
AT1G67620,0.5895406603105238
AT1G67623,-2.674639620965142
AT1G67630,-0.4939516735953107
AT1G67640,-2.094758837069838
AT1G67650,0.17061272870734856
AT1G67660,-0.9610328846097049
AT1G67670,-2.6724263804689485
AT1G67680,0.5370961566104161
AT1G67690,-0.2133325913372157
AT1G67700,-0.268938961220133
AT1G67710,0.1874142165283321
AT1G67720,0.29105812889652516
AT1G67730,-0.2574098812179642
AT1G67740,-0.5450884747678523
AT1G67750,-0.8623869349782796
AT1G67760,0.6577418169111774
AT1G67770,1.119636920494627
AT1G67780,0.2687046670538393
AT1G67785,0.051605299747124043
AT1G67790,0.06023410865201391
AT1G67800,0.6442222748499751
AT1G67810,1.0195530345513393
AT1G67820,-0.3819619459439822
AT1G67830,-1.1578578894226306
AT1G67840,-0.8517378421368084
AT1G67850,0.9112163970384258
AT1G67855,-0.8363993707477383
AT1G67856,0.5375844668930451
AT1G67860,-0.35522335592671334
AT1G67865,0.09460959891781913
AT1G67870,-0.10758227698372849
AT1G67880,0.9952389582883181
AT1G67890,0.5199103289785072
AT1G67900,0.4558870517422194
AT1G67910,0.5344964019956627
AT1G67920,-0.41306293186179044
AT1G67930,1.0702276436426674
AT1G67940,-0.5407309776772591
AT1G67950,1.0629036266872336
AT1G67960,0.27664036990840374
AT1G67970,1.6405982061746018
AT1G67980,3.348286275421344
AT1G68000,0.14123288624960587
AT1G68010,-0.4995948206203209
AT1G68020,-0.13737355734264986
AT1G68030,-0.5719785984629003
AT1G68050,0.9027132645455307
AT1G68060,1.1359045950182551
AT1G68070,0.00443454792149428
AT1G68080,0.00027087606403231724
AT1G68090,-4.1420283135698535
AT1G68100,-0.16724598134918076
AT1G68110,-0.8976266367350526
AT1G68120,-1.035835661897409
AT1G68130,-0.4948073825279337
AT1G68140,-0.2690115073455067
AT1G68150,0.8380502689281536
AT1G68160,-0.1806646550309309
AT1G68170,1.1377457945602936
AT1G68180,3.5328140478313754
AT1G68185,0.042703926810471624
AT1G68190,-1.2887347490038663
AT1G68200,2.902323900770091
AT1G68210,-2.674639620965142
AT1G68220,-0.7402194129512102
AT1G68230,0.40464721844416024
AT1G68238,-0.4439669544632953
AT1G68240,-1.0285415871082957
AT1G68250,0.8238780387605394
AT1G68260,-0.060286115816669365
AT1G68280,-2.674639620965142
AT1G68290,0.7100792103710994
AT1G68300,-0.19389571804897765
AT1G68310,0.2371982466474236
AT1G68320,1.0350027796635441
AT1G68330,0.5598167928655845
AT1G68340,1.3997738818531875
AT1G68350,0.9099302313945808
AT1G68360,-0.3700961072771223
AT1G68370,0.6974454209704489
AT1G68390,0.26804902108802714
AT1G68400,-0.5955795498837365
AT1G68410,2.58415392398086
AT1G68430,-0.6341518561603888
AT1G68440,1.6378865313990574
AT1G68450,-0.06850600518699594
AT1G68460,2.5182703566672995
AT1G68470,0.060862327333968735
AT1G68480,-2.057767909262709
AT1G68490,-0.11670052228487036
AT1G68500,0.8552485754374861
AT1G68510,-1.446690955111114
AT1G68520,-1.032047548066995
AT1G68526,-0.3688627189012756
AT1G68530,-1.6204773656578915
AT1G68540,-0.807632712178636
AT1G68550,0.06142947964200349
AT1G68560,-0.947367899660291
AT1G68570,0.38727055300000196
AT1G68580,1.1277798188943926
AT1G68585,-1.1313247645088025
AT1G68590,-0.41264307594505867
AT1G68600,-0.6311257788363674
AT1G68610,0.7453382230529453
AT1G68620,-0.04323073769128178
AT1G68640,-0.4756123287678166
AT1G68650,-0.3479723382155411
AT1G68660,-0.3822570352085557
AT1G68670,0.42472158269394883
AT1G68680,-0.09910115328440885
AT1G68690,2.59923258980934
AT1G68700,-4.153303232884447
AT1G68710,-0.492359094190454
AT1G68720,0.262452195271716
AT1G68723,-0.4355871765355971
AT1G68725,-0.49257498632099733
AT1G68730,-0.09283638117720296
AT1G68740,-0.02326974553942079
AT1G68750,2.6551264287920437
AT1G68760,1.8159998479371509
AT1G68765,1.7582391349486093
AT1G68780,-1.7571473235459043
AT1G68790,-0.3064208785213909
AT1G68795,-1.0195937602508431
AT1G68800,0.3357901015459808
AT1G68810,-0.08147233302630193
AT1G68820,-0.10565785488352461
AT1G68825,-0.07932508265245396
AT1G68830,-0.37466900461317443
AT1G68840,1.538232678700473
AT1G68850,-0.20007928406971084
AT1G68862,-0.0635156254449315
AT1G68870,-0.25122691605656045
AT1G68875,-1.8778757470751295
AT1G68880,0.4586996222624209
AT1G68890,-0.36612248670317293
AT1G68910,0.13744796617088878
AT1G68920,-0.21601949762136413
AT1G68930,-0.14807879657131776
AT1G68940,0.0008978245480168893
AT1G68935,-0.23677642697424534
AT1G68937,0.1454773393565315
AT1G68945,-0.17529514910227992
AT1G68980,0.35699812936749276
AT1G68990,0.29167928103594076
AT1G69010,-0.1770588256740528
AT1G69020,0.4916137439647436
AT1G69030,1.5826837158700686
AT1G69040,0.3207607844018009
AT1G69050,0.6563007937627552
AT1G69060,-0.1329073023242317
AT1G69070,0.4050312667038646
AT1G69080,-0.5068776586935738
AT1G69085,4.230075839436051
AT1G69090,-2.674639620965142
AT1G69120,-0.04468288295834541
AT1G69150,-0.9975722654398693
AT1G69160,-0.536212308885864
AT1G69170,-0.35447248014369964
AT1G69180,1.8728773498034657
AT1G69200,-0.3008987999553495
AT1G69210,-0.11742088236372271
AT1G69220,0.09373731139266617
AT1G69230,-0.5910148434282286
AT1G69240,0.9280072912461867
AT1G69250,0.8658096404843948
AT1G69260,-0.2717100499319041
AT1G69270,0.5146396495304201
AT1G69280,-0.598547592954654
AT1G69290,0.47103228445434964
AT1G69295,0.3291922568416042
AT1G69310,0.35685951934045246
AT1G69320,0.3716902028565916
AT1G69325,0.04541537342066719
AT1G69330,-0.053172125368033764
AT1G69340,0.1342482545145749
AT1G69350,0.7272136296575513
AT1G69360,-0.827153934870192
AT1G69370,-0.03045556899957962
AT1G69380,-0.21460882611301074
AT1G69390,-0.1812140588191832
AT1G69400,-0.14735582623125812
AT1G69410,-0.21024172789320422
AT1G69420,-0.6934243318513952
AT1G69430,2.7735939884779945
AT1G69440,-0.5578022521116308
AT1G69450,0.10667121802645324
AT1G69460,-0.07709102916868148
AT1G69480,0.1068096427562525
AT1G69485,0.03549179127197837
AT1G69490,-0.4597139107202551
AT1G69510,-0.17250661681286866
AT1G69520,1.6087975126356988
AT1G69523,-0.8918271166553879
AT1G69526,-0.40986475101566483
AT1G69530,-1.231430666218096
AT1G69540,-1.1694439463547357
AT1G69550,-0.7645216061823658
AT1G69560,-0.061801350486987344
AT1G69570,0.6608327623213228
AT1G69580,-0.1779439579829037
AT1G69588,0.5387752569843798
AT1G69600,0.8107765453035478
AT1G69610,-0.27332909020598156
AT1G69620,0.028295094049725036
AT1G69630,-0.05411820660772968
AT1G69640,0.088371931940845
AT1G69670,-0.023590673860252286
AT1G69680,-0.5085382756379707
AT1G69690,-0.7152780173337419
AT1G69700,0.08917294395317696
AT1G69710,-0.4818162285387602
AT1G69720,0.5656113863985454
AT1G69730,-0.011126787248427692
AT1G69740,0.17164878405330566
AT1G69750,0.4240383208025294
AT1G69760,1.5628792991190124
AT1G69770,0.029181168346995728
AT1G69780,-0.7898021724124276
AT1G69790,0.4818791801024547
AT1G69800,-0.037920978156797326
AT1G69810,0.3406356450310119
AT1G69830,0.01267010446084752
AT1G69840,3.149760387516043
AT1G69850,0.2743711335936657
AT1G69870,1.7515513344116969
AT1G69880,4.907130341501664
AT1G69890,1.795584387772516
AT1G69900,2.594991356753388
AT1G69910,0.7960368508028229
AT1G69920,4.074609867458875
AT1G69930,4.383833165325172
AT1G69935,-0.029163823296867473
AT1G69960,0.5977104148888231
AT1G69970,-0.23628490555307335
AT1G69980,0.6087276511410086
AT1G70000,0.6952773005249931
AT1G70020,-0.6121338648861174
AT1G70030,-1.4423778267695806
AT1G70060,0.6013917798974854
AT1G70070,-0.4309148998271321
AT1G70080,1.2549409330593644
AT1G70090,1.3768528420663577
AT1G70100,0.03790040931126771
AT1G70110,2.6623377602122282
AT1G70130,5.933977424639266
AT1G70140,2.0899140659339426
AT1G70150,-0.46696241756191803
AT1G70160,-1.2000827188611856
AT1G70170,-0.11139226076638699
AT1G70180,-0.19186135024509765
AT1G70190,0.30650202941155047
AT1G70200,-0.26183277393024545
AT1G70210,-1.5979299689809707
AT1G70220,0.950362057682693
AT1G70230,-0.11209408269974501
AT1G70250,-1.093230008978693
AT1G70260,-0.4380614602505368
AT1G70270,2.563803984601584
AT1G70280,-0.416479269438425
AT1G70290,0.28676976530745474
AT1G70300,-0.6513052773774424
AT1G70310,-0.44269819059997373
AT1G70320,0.09346072936470874
AT1G70330,0.3876003924054911
AT1G70340,0.14906669821971175
AT1G70350,0.38926577062348516
AT1G70360,-0.31330768460787306
AT1G70370,-0.27573583803713847
AT1G70390,2.696276678122706
AT1G70410,0.6408121101390066
AT1G70420,0.7576415233211238
AT1G70430,-0.6013952894403825
AT1G70440,-1.8848437177350346
AT1G70450,0.29715162399935763
AT1G70460,0.5537444317374003
AT1G70470,-0.4747461818885905
AT1G70480,0.30403833788680934
AT1G70490,0.3711620852472425
AT1G70500,0.492981540394925
AT1G70505,-0.781947817425809
AT1G70510,-0.4629975043224778
AT1G70520,-0.21394493034806816
AT1G70530,-0.9703290841790143
AT1G70550,-1.3411575831904652
AT1G70560,-1.0401688962148667
AT1G70570,-0.09668227190086065
AT1G70580,0.248986555761815
AT1G70590,0.6296431060817154
AT1G70600,0.02293662031508772
AT1G70610,-0.15402255884172042
AT1G70620,-0.31742314848556136
AT1G70630,0.22127378136438033
AT1G70640,0.279785275698406
AT1G70650,-0.37364943830463343
AT1G70660,-0.5762612560806374
AT1G70670,0.5793503304701872
AT1G70680,-0.06579701959115254
AT1G70690,-0.5676955756530578
AT1G70700,1.0753893574276023
AT1G70710,-0.17009340048410196
AT1G70720,0.8233294667683942
AT1G70730,-0.0854629508190522
AT1G70740,0.7092864440687222
AT1G70750,0.16480080854148255
AT1G70760,-0.6521210413698899
AT1G70770,0.8109350531193217
AT1G70780,0.3324507141109668
AT1G70790,-0.17169530447067397
AT1G70800,0.3783765450341132
AT1G70810,-0.0216673194683931
AT1G70820,-1.1616041572556128
AT1G70830,-1.5795456531284997
AT1G70850,-0.26923149682292485
AT1G70860,-0.22603308247873438
AT1G70880,-0.2291519543573424
AT1G70890,-2.2524782770792044
AT1G70895,-0.1908074047445981
AT1G70900,-1.097944827875181
AT1G70910,-2.6724263804689485
AT1G70920,-0.910009388360931
AT1G70940,-0.24547483081247748
AT1G70950,-0.17398926175749033
AT1G70980,0.4699648966818356
AT1G70985,1.1858468658355035
AT1G70990,2.264864588672633
AT1G71000,0.09708771081334416
AT1G71010,0.21493079377156074
AT1G71015,-0.6053463630668957
AT1G71020,0.1317647454805775
AT1G71030,-0.5234294368592874
AT1G71040,0.7919601877885823
AT1G71050,-1.5163159972448172
AT1G71060,0.02107973695270658
AT1G71070,0.48793143964490765
AT1G71080,-0.18212089297229805
AT1G71090,-0.49671936198376454
AT1G71100,1.904661819272295
AT1G71110,0.7424826586864699
AT1G71120,-0.24411552211269136
AT1G71130,-0.5903861139007776
AT1G71140,-2.130070924864057
AT1G71150,-4.723062167921396
AT1G71170,0.7654732113394117
AT1G71180,-1.2670081149983805
AT1G71190,-0.20007285888398865
AT1G71200,-1.3838007482504366
AT1G71210,0.38665877163405304
AT1G71220,0.1134588239532906
AT1G71230,0.05711210587806623
AT1G71240,-0.24192827855560012
AT1G71250,3.533122674160285
AT1G71260,-0.6158195241609966
AT1G71270,0.3846226634239113
AT1G71280,-0.0626152114818014
AT1G71300,0.7523425387668204
AT1G71310,-0.3680586924110477
AT1G71330,-0.505386096703953
AT1G71340,-0.8667177490388586
AT1G71350,-0.04864082219673289
AT1G71360,1.370271147004494
AT1G71370,-1.083908516891828
AT1G71380,-0.9519883316742078
AT1G71400,1.1469498060919139
AT1G71410,0.9092097631767624
AT1G71420,0.9252517456625882
AT1G71430,0.43668562027019947
AT1G71440,0.21522726649170326
AT1G71450,2.0049163628040545
AT1G71460,-0.35080606770239264
AT1G71480,-0.3765510368800599
AT1G71490,-0.031599655897631224
AT1G71500,-0.08796956815011266
AT1G71520,7.799027153647815
AT1G71530,-0.38103940967607686
AT1G71690,-2.6724263804689485
AT1G71691,0.18530015777919068
AT1G71692,0.5690204088718458
AT1G71695,-1.4823018453507293
AT1G71696,-0.20844710098769076
AT1G71697,2.0998882874370075
AT1G71710,0.40614335835456294
AT1G71720,-0.23748350476451505
AT1G71730,-0.06609534638431977
AT1G71740,0.8196747800903808
AT1G71750,0.6907789351518787
AT1G71760,0.7370723382493909
AT1G71770,4.754452507423488
AT1G71780,0.6252249390841012
AT1G71790,-0.7718961608965987
AT1G71800,-0.26284532770442454
AT1G71810,-0.22437390699011125
AT1G71820,0.4762559911318209
AT1G71830,-0.4194978231465781
AT1G71840,0.018547912718296485
AT1G71850,0.5407360474939079
AT1G71860,0.45621550574473896
AT1G71865,0.2104456552758619
AT1G71866,-0.6517182175710212
AT1G71870,-0.0937267359033923
AT1G71880,2.076059975310225
AT1G71890,1.9004188409666654
AT1G71900,0.803541167316429
AT1G71910,-0.7385744248773537
AT1G71920,-0.5021002465223446
AT1G71930,0.47644927701461615
AT1G71940,1.12779210374875
AT1G71950,1.0763269619143536
AT1G71960,-0.037871911975533024
AT1G71970,-0.7654859413642474
AT1G71980,-0.025580657394272142
AT1G71990,-0.724232018306763
AT1G72010,-0.16763678929634732
AT1G72020,0.1257444127697039
AT1G72030,-2.539994148610969
AT1G72040,-0.3720356609341052
AT1G72050,0.04301122386239944
AT1G72060,1.041069295016386
AT1G72070,1.2263361007771214
AT1G72080,2.6551264287920437
AT1G72090,-0.6828746507239827
AT1G72100,-2.0606641002648827
AT1G72120,-0.5293528212424704
AT1G72125,0.028789343617590408
AT1G72130,0.06641985536268041
AT1G72140,0.8105945055816167
AT1G72150,0.37524744777039465
AT1G72160,-0.7396905959753366
AT1G72170,-0.23583739345913823
AT1G72175,0.6047286072786308
AT1G72180,0.3989719685380757
AT1G72190,-0.5277397099598875
AT1G72200,-0.6999572294723446
AT1G72210,-0.662736890680462
AT1G72220,0.6074942972018957
AT1G72230,-0.6654620425312432
AT1G72240,1.8320184077356745
AT1G72250,-0.2920321565935765
AT1G72270,-0.9872512065958732
AT1G72275,-0.8150300640478858
AT1G72280,0.6682962529942714
AT1G72300,0.20744820515230472
AT1G72310,-0.8136947226695136
AT1G72320,-0.00016847969116540336
AT1G72330,0.11478923743806382
AT1G72340,0.5386106381754766
AT1G72360,2.214992309473471
AT1G72370,0.15771989189669305
AT1G72390,0.05370874793566525
AT1G72410,-0.22954580761553817
AT1G72416,3.4126375538372153
AT1G72420,0.2521871739415515
AT1G72430,1.4171343026273795
AT1G72440,0.024737336221591914
AT1G72450,1.3070194635693075
AT1G72460,2.6623377602122282
AT1G72470,1.3364604446990795
AT1G72480,0.20397026558414352
AT1G72490,-0.7245630195935732
AT1G72500,0.09286625731187166
AT1G72510,-0.1552266084285079
AT1G72520,5.158873427328071
AT1G72530,-1.3301349243408809
AT1G72540,-0.9389000808943746
AT1G72545,2.696276678122706
AT1G72550,0.1342306996763316
AT1G72560,0.3402715172963533
AT1G72570,2.6623377602122282
AT1G72600,0.1653430455438433
AT1G72610,1.6454638304437503
AT1G72620,3.4446111278814016
AT1G72630,-0.17450110752292886
AT1G72640,-0.253770360480677
AT1G72645,-1.2174829691787206
AT1G72650,-0.7668849444392456
AT1G72660,-1.66906369895245
AT1G72670,-0.3963724251893921
AT1G72680,-0.09275931989409762
AT1G72690,0.11913131744631696
AT1G72700,0.30926791460934605
AT1G72710,0.38744114218789305
AT1G72720,-0.15138675187852874
AT1G72730,0.2438148657896453
AT1G72740,0.15445342166061055
AT1G72750,1.0330237624744902
AT1G72760,0.1204072268227545
AT1G72770,0.1974146837119365
AT1G72790,2.558157004570601
AT1G72800,-0.9873402079106806
AT1G72810,-1.0065297456628073
AT1G72820,-0.611476073091108
AT1G72830,-0.3979988586485807
AT1G72840,-0.3518535624344136
AT1G72850,-0.4703359806724401
AT1G72860,0.02833269662298712
AT1G72870,0.53810560316701
AT1G72880,-0.005198052652895726
AT1G72890,-0.3847875414445413
AT1G72900,2.894685329756388
AT1G72910,3.488621528718326
AT1G72920,3.320003842364464
AT1G72930,2.3403157129978687
AT1G72940,1.9893427128724428
AT1G72950,2.2947626275575623
AT1G72960,2.910119239669331
AT1G72970,-0.21914564020478616
AT1G72980,-2.5311562229738973
AT1G72990,-0.18847841059628276
AT1G73000,-0.04468288295834541
AT1G73010,2.5639943988599128
AT1G73020,0.7081605445311255
AT1G73030,1.153394701622895
AT1G73040,-0.31141562375445464
AT1G73050,1.5468601926780259
AT1G73060,-0.17376235639913346
AT1G73065,-4.213956777237574
AT1G73066,-0.7871909846628055
AT1G73080,0.3745219392212625
AT1G73090,-0.4055573042041061
AT1G73100,0.46062205794661387
AT1G73110,0.1246631164166217
AT1G73120,-0.07656082366200721
AT1G73130,-0.6355196168394683
AT1G73140,0.10189710824876547
AT1G73150,0.12188459117992181
AT1G73160,0.3314280886270362
AT1G73165,0.4795795051897326
AT1G73170,-0.8244754444418498
AT1G73177,-0.03996003969258978
AT1G73180,-0.19392553506715252
AT1G73200,0.7251224123900359
AT1G73210,-0.5303449582939818
AT1G73220,-2.6724263804689485
AT1G73230,0.08501985050270147
AT1G73240,-0.39177003518401804
AT1G73250,0.3424419433438477
AT1G73260,0.9844780142508412
AT1G73270,0.3715314799401753
AT1G73280,0.19279113464822295
AT1G73290,-1.7383561796889986
AT1G73300,1.2196198235105695
AT1G73310,-0.34928312312053433
AT1G73320,0.10699060421633379
AT1G73325,0.564843481548824
AT1G73330,-0.6907313879259971
AT1G73340,1.0428089359324726
AT1G73350,-0.0879853777899239
AT1G73360,-1.0931552828562192
AT1G73370,0.04008718324701973
AT1G73380,0.11966501485661778
AT1G73390,-0.44914865686443256
AT1G73400,-0.03956189993409879
AT1G73410,-0.8932739671462208
AT1G73430,0.17464401558669498
AT1G73440,-0.24042432705264943
AT1G73450,0.17436209096107189
AT1G73460,0.14800919223696554
AT1G73470,-0.3332665813809718
AT1G73480,-1.736358998079085
AT1G73490,0.2337003304868171
AT1G73500,3.3739726084138444
AT1G73510,2.6623377602122282
AT1G73530,-0.27024588028453966
AT1G73540,1.4126546965721563
AT1G73550,1.9269948260636773
AT1G73560,2.6551264287920437
AT1G73570,0.1864229804214087
AT1G73580,-0.9604719484104524
AT1G73590,-0.3364570635043694
AT1G73600,-0.9609477110556123
AT1G73620,-0.5998466381055555
AT1G73630,-0.24792736639162966
AT1G73640,-0.5225077917412863
AT1G73650,-0.31318270494911177
AT1G73655,-0.7662042497117025
AT1G73660,-0.3827961837744811
AT1G73670,-0.30397202816971003
AT1G73680,-0.41689927783896336
AT1G73690,-0.24867365985656617
AT1G73700,-0.41269806036820106
AT1G73710,-0.9463775033213013
AT1G73720,-0.19255061883386668
AT1G73730,0.12817889025227985
AT1G73740,-0.4170736788613729
AT1G73750,-0.008995569251626787
AT1G73760,-0.5879700660197433
AT1G73770,0.03217901695043837
AT1G73780,-0.06477132592985112
AT1G73790,0.4681949301501783
AT1G73805,1.7146030198841784
AT1G73810,1.9207471893396373
AT1G73820,-0.17976157484873442
AT1G73830,0.39624025248405303
AT1G73840,0.04377477199816193
AT1G73850,-0.16155583302206775
AT1G73860,-0.400146195944625
AT1G73870,-2.6176679067015645
AT1G73875,0.07527579711354543
AT1G73880,0.5110224556600057
AT1G73885,-0.435452813672105
AT1G73890,-1.0925801313024879
AT1G73910,-0.2513348922207431
AT1G73920,-0.3105263673021611
AT1G73930,0.5137856295474414
AT1G73940,-0.14193310691939115
AT1G73950,-0.5821136705811758
AT1G73960,-0.08578294833556067
AT1G73965,1.1320791803388397
AT1G73970,-0.5006148972214812
AT1G73980,-0.647073967564084
AT1G73990,-0.058027578201927624
AT1G74000,0.31191020613725534
AT1G74010,1.93469549897711
AT1G74020,0.19391303605134316
AT1G74030,0.0946811075833299
AT1G74040,-0.21304413341006473
AT1G74050,0.006608129879686611
AT1G74060,-0.022362301586403628
AT1G74070,-1.1158728402499507
AT1G74080,0.1435854838767869
AT1G74088,-0.10834667992073804
AT1G74090,-1.0618888847367403
AT1G74100,1.1581650009910984
AT1G74110,-3.632019676876669
AT1G74120,-0.4127330669683743
AT1G74130,0.9676414842892191
AT1G74140,2.6623377602122282
AT1G74150,0.11967628048982738
AT1G74160,0.05579370574496908
AT1G74170,-1.0547265672243258
AT1G74180,-0.2416445909504536
AT1G74200,0.0036876018963073634
AT1G74210,-0.21570579559303202
AT1G74220,-3.461079007329271
AT1G74230,0.05202685736169368
AT1G74240,0.2138592602241899
AT1G74250,0.1935558009323411
AT1G74260,-0.2676399634503559
AT1G74270,-0.058728946233688156
AT1G74280,-0.35744963923520445
AT1G74290,-1.5289732345096188
AT1G74300,0.720339381878882
AT1G74310,0.08097003457042805
AT1G74320,0.008221492816673193
AT1G74330,1.2702960125365623
AT1G74340,0.4812179085086323
AT1G74350,0.5167128788131825
AT1G74360,1.6629494835765453
AT1G74370,0.017560332922550537
AT1G74380,2.333595209765752
AT1G74390,0.07631813339341581
AT1G74400,-0.10794600778169013
AT1G74410,-0.14971949412914373
AT1G74420,-0.3142062494662047
AT1G74430,-0.2580089414372164
AT1G74440,2.2597940621163155
AT1G74450,1.248108634934436
AT1G74458,0.24636467988723962
AT1G74460,-0.5033575662086605
AT1G74470,-0.8715627382197537
AT1G74490,0.13305708810035116
AT1G74500,-0.16308967921283027
AT1G74510,0.2189661845981847
AT1G74520,-0.4306307825821489
AT1G74530,-0.3430812994254403
AT1G74540,-0.015590114962987772
AT1G74550,-0.5196482705856719
AT1G74560,-0.0388331004847392
AT1G74580,-0.13543158703315136
AT1G74590,-0.2041352800574109
AT1G74600,0.046892319181259974
AT1G74630,-0.479299546873285
AT1G74640,0.23190296872343305
AT1G74650,0.8905284437227194
AT1G74660,-0.6075827556200926
AT1G74670,-2.6686188484520437
AT1G74675,-3.420846212526456
AT1G74680,-0.8342487425023634
AT1G74690,0.04605339987781588
AT1G74700,0.1969422922499605
AT1G74710,0.06366749283274055
AT1G74720,-0.134343760189232
AT1G74730,-0.17444687486251625
AT1G74740,0.8523669723485624
AT1G74750,0.31179647839696106
AT1G74770,0.48997881635178786
AT1G74780,-0.2101281323380757
AT1G74790,0.653325813158703
AT1G74800,0.4488483715016269
AT1G74810,0.337899820972192
AT1G74830,0.5014166900515951
AT1G74840,0.16627129454279344
AT1G74850,-0.22754042925908605
AT1G74860,-0.14094831318775475
AT1G74870,0.7178682201830044
AT1G74880,-0.7915115494954332
AT1G74890,-1.2015510623405388
AT1G74900,0.37879226641669267
AT1G74910,0.26813830194364996
AT1G74920,-0.19891047257140249
AT1G74930,-0.1954464313042199
AT1G74940,-1.0500343034066812
AT1G74950,0.9152790635591075
AT1G74960,0.07446571194310347
AT1G74970,-0.13600125432112323
AT1G75000,1.5368626240513104
AT1G75010,-0.3996835195726492
AT1G75020,1.287367099764339
AT1G75030,1.385503294997378
AT1G75040,0.6416209599759541
AT1G75050,0.8233719427695301
AT1G75060,-0.8223444366993797
AT1G75080,0.6508294223990262
AT1G75090,-0.8041538608970358
AT1G75100,-1.321733098630581
AT1G75110,-0.402641079286139
AT1G75120,-0.9921408209067742
AT1G75125,-1.110777385932056
AT1G75130,-0.8466851814913463
AT1G75140,0.14078775513759473
AT1G75150,-0.10246870775089761
AT1G75160,-1.3097228407021333
AT1G75170,0.8278178703756184
AT1G75180,-0.17340046567930634
AT1G75190,-0.4804731549667533
AT1G75200,0.17747476867488005
AT1G75210,0.04562727725924903
AT1G75220,0.7843840067601724
AT1G75230,0.1727543243057126
AT1G75240,0.35594076051751494
AT1G75250,0.2905645699401539
AT1G75260,0.8129804759872383
AT1G75270,0.0918900200740265
AT1G75280,-0.230277856668215
AT1G75290,-0.5158852599115779
AT1G75300,-0.6214590480010698
AT1G75310,1.0418746241991472
AT1G75330,-0.39714444073752814
AT1G75335,0.13675602778786783
AT1G75340,-0.41411233194849534
AT1G75350,-0.11296148480124162
AT1G75360,-1.028529638507834
AT1G75370,-0.11211018900875365
AT1G75380,-1.3820827839160783
AT1G75390,0.6246679096864016
AT1G75400,-0.1576934108452422
AT1G75410,-1.03214512209543
AT1G75420,0.12856778972993996
AT1G75430,-0.42301217222515
AT1G75440,0.9255289981220667
AT1G75450,0.04782241766773654
AT1G75460,-1.1650085852928882
AT1G75490,-0.15121710579931055
AT1G75500,-1.1494156966862537
AT1G75510,0.406350270386664
AT1G75520,-0.7874744347330479
AT1G75530,-2.6724263804689485
AT1G75540,0.31687227034238524
AT1G75550,-0.34810812524857454
AT1G75560,0.2253570817233786
AT1G75580,-1.147930943922251
AT1G75590,-0.6421942507062813
AT1G75600,0.2340001694459437
AT1G75620,-0.3305512739225152
AT1G75630,-0.16838018877919272
AT1G75640,-0.4589146231036246
AT1G75660,-0.37389822530423816
AT1G75670,0.4284464461145286
AT1G75680,0.708661670853758
AT1G75690,-0.42241407906396233
AT1G75700,0.715906844858712
AT1G75710,-0.28325196420420545
AT1G75720,0.16213982653277473
AT1G75730,-0.35978016365866766
AT1G75750,-0.12189265942213574
AT1G75760,0.45911583151572066
AT1G75770,-0.9945177822705284
AT1G75780,0.8325273000245371
AT1G75800,-0.11074533020503731
AT1G75810,-0.05226495963764305
AT1G75820,0.25051234805576833
AT1G75840,0.5124029977040808
AT1G75850,-0.055511312807130474
AT1G75860,2.0975718143183637
AT1G75880,0.4457826136207493
AT1G75890,-0.27702109114662576
AT1G75900,-0.7439303713567236
AT1G75910,-2.674639620965142
AT1G75920,-0.45945865579775225
AT1G75945,0.49991379503575933
AT1G75950,0.2620799598504117
AT1G75960,0.3170896748970596
AT1G75980,-0.42953596469328925
AT1G75990,0.7369022334078017
AT1G76010,-0.29355431287354644
AT1G76020,0.826088403474354
AT1G76030,-0.06534782038357802
AT1G76040,0.7269918050593575
AT1G76050,-0.3242708134675126
AT1G76060,0.46766836815199486
AT1G76065,0.7965006684581368
AT1G76070,1.4920493175990248
AT1G76080,-0.19341513691380088
AT1G76090,1.1011117754976285
AT1G76100,-0.301021856608343
AT1G76110,-1.9756571613651017
AT1G76120,0.06213136667174391
AT1G76130,0.6415395186249951
AT1G76140,0.2527142895636414
AT1G76150,-0.34836368072603735
AT1G76160,2.7009448012800568
AT1G76170,0.5973057165080785
AT1G76180,1.4781855054685267
AT1G76185,0.5496743167201619
AT1G76190,-0.30889080333946145
AT1G76200,-0.07384418159429255
AT1G76210,8.293097091790523
AT1G76220,1.1991248135647024
AT1G76230,0.7403669559244138
AT1G76240,0.12913767922045952
AT1G76250,-0.10210795003903331
AT1G76260,0.4774870281880495
AT1G76270,0.8490253602054749
AT1G76280,-0.3610306787413205
AT1G76300,-0.11261104554321698
AT1G76310,-0.419502673707818
AT1G76320,-0.007844183713737591
AT1G76340,1.2353979031845774
AT1G76350,0.030985850268177604
AT1G76360,0.6523441174890673
AT1G76380,0.5315680461461799
AT1G76390,0.9559760628996716
AT1G76400,0.1607034172014732
AT1G76405,-0.5351524001186617
AT1G76410,1.541495620148383
AT1G76420,0.7643125524690544
AT1G76430,2.0670637688600904
AT1G76440,0.5638390321370237
AT1G76450,-0.1499970686307055
AT1G76460,-0.7553426190092656
AT1G76470,-1.5645250575855114
AT1G76490,0.03588728925387497
AT1G76500,0.4393098876058124
AT1G76510,-0.14021479695348818
AT1G76520,1.1426421585749948
AT1G76530,-2.4682392379034543
AT1G76540,-0.07766402607165664
AT1G76550,0.2202702233300415
AT1G76560,-0.099762930458402
AT1G76570,-0.540221736507148
AT1G76580,0.6106981600909931
AT1G76590,0.37817954828623396
AT1G76600,3.2203241006182277
AT1G76610,-0.44980429086017
AT1G76620,0.6139040118925998
AT1G76630,0.10663088322417959
AT1G76640,5.273108800859342
AT1G76650,6.210820681411656
AT1G76660,0.9842715035004401
AT1G76670,1.4268972591970615
AT1G76680,2.6375470179861615
AT1G76690,1.6396645094013587
AT1G76700,1.051549452135864
AT1G76705,0.3682008955898673
AT1G76710,0.11994250822859027
AT1G76720,-0.8523119177009654
AT1G76730,-0.25675246171323457
AT1G76740,-0.31679790040792316
AT1G76760,0.16813825632721102
AT1G76770,-2.1873035190725285
AT1G76780,-0.5926503338608047
AT1G76790,-0.31135152408748357
AT1G76800,0.3622932378317489
AT1G76810,0.4945061717360345
AT1G76820,-0.47900579236477686
AT1G76850,0.24243194747189553
AT1G76860,-0.1459411131011151
AT1G76870,-0.31468014534731287
AT1G76880,0.19427328393401422
AT1G76890,0.6366107527168483
AT1G76900,0.56970696822781
AT1G76920,0.240138377712105
AT1G76930,0.8977255851601884
AT1G76940,0.35546720633558754
AT1G76950,0.3567026816042781
AT1G76952,-0.5247824344430241
AT1G76955,-0.736529957975662
AT1G76960,-0.5567833693509029
AT1G76965,4.644982431565332
AT1G76970,1.0851636585336537
AT1G76980,0.6755832820620686
AT1G76990,0.011738400279006612
AT1G77000,-1.2123220180752554
AT1G77010,0.6554765104454885
AT1G77020,0.22516572294525206
AT1G77030,0.0034300147208081704
AT1G77060,0.1338345049766052
AT1G77080,0.05893167369336003
AT1G77090,-0.36656085645052205
AT1G77100,4.467617109795717
AT1G77110,-0.5742907839470444
AT1G77120,-0.8671313635933379
AT1G77122,-0.49915285554621486
AT1G77130,-0.36757393735320104
AT1G77140,1.018036680596749
AT1G77145,-0.3845038891460805
AT1G77170,0.3054679724038199
AT1G77180,0.21148806053945277
AT1G77200,-1.8655165976551245
AT1G77210,-0.3862832421014704
AT1G77220,-0.03254204094020638
AT1G77230,-0.2664963575906989
AT1G77240,-4.476640955540247
AT1G77250,0.6233197189223906
AT1G77260,0.4127361660064072
AT1G77270,0.22124220957363647
AT1G77280,-0.28637814592061284
AT1G77290,-0.1118262117255528
AT1G77300,0.1294991690224711
AT1G77310,-0.07043813256974531
AT1G77320,1.000588215909753
AT1G77330,0.8456341936590035
AT1G77340,5.0301022775640085
AT1G77350,0.3534206125671557
AT1G77360,-0.15499752691160348
AT1G77370,-0.43775243088615096
AT1G77380,1.7202537858134972
AT1G77390,1.8131747098205357
AT1G77400,-0.35927077062459734
AT1G77405,0.22223570871209367
AT1G77410,-0.013556775485077728
AT1G77420,-0.4604061914034247
AT1G77440,0.03440648317181115
AT1G77450,0.8695322309333515
AT1G77460,-0.1486639060557225
AT1G77470,-0.3048713839548627
AT1G77480,-0.43261523374792604
AT1G77490,-0.20946656225102833
AT1G77500,1.2581711175370625
AT1G77510,-0.22901102066023346
AT1G77520,-0.19228121884764582
AT1G77525,1.9047763480075173
AT1G77530,0.47183935758917933
AT1G77540,0.3588546354330891
AT1G77550,-0.3400338699595784
AT1G77570,-0.3675534455981707
AT1G77580,-1.0370231403854002
AT1G77590,-0.16122434904689323
AT1G77600,-0.43367261099654153
AT1G77610,0.3294553888313573
AT1G77620,0.3216568182751647
AT1G77630,0.10079622100814008
AT1G77640,2.6937071162262507
AT1G77660,0.3703579008521913
AT1G77670,0.4092829372786476
AT1G77680,0.57885099851541
AT1G77690,-0.17277674147691988
AT1G77700,-0.934645151423012
AT1G77710,-0.1268110391934665
AT1G77720,-0.004420377272183056
AT1G77730,3.828727328610802
AT1G77740,0.05663059094959877
AT1G77750,0.4114029228784786
AT1G77760,1.4721202293171674
AT1G77765,-1.0462859307521986
AT1G77770,1.0558557359971277
AT1G77790,4.074609867458875
AT1G77800,-0.3824718049404077
AT1G77810,0.2625062695532237
AT1G77840,0.7702267823061423
AT1G77850,-0.06308549160164269
AT1G77855,0.4203228381305475
AT1G77860,0.2931828579052877
AT1G77870,-0.8932604484037003
AT1G77880,-0.3261460270581836
AT1G77885,1.1420079996035404
AT1G77890,1.1099299066165782
AT1G77920,-0.023113258407125012
AT1G77930,-0.36553475217631876
AT1G77932,-2.6826615294764204
AT1G77940,0.20736464423575954
AT1G77960,-1.0152565267427256
AT1G77990,-0.7418291725241057
AT1G78000,0.2767032159722673
AT1G78010,-0.2565043830572604
AT1G78020,-0.1070900540576845
AT1G78030,-0.6421405722325969
AT1G78040,1.6590247991703435
AT1G78050,0.38105918000270206
AT1G78060,-0.6866407429280024
AT1G78070,0.3260019306135686
AT1G78080,0.268322531672431
AT1G78090,1.1401459504780573
AT1G78100,0.1746327193960422
AT1G78110,-0.3380120146792294
AT1G78120,-0.9075763320186694
AT1G78130,0.8776046658606281
AT1G78140,-0.07275973555035135
AT1G78150,-0.48855609661360355
AT1G78170,-1.9775033741817039
AT1G78172,-0.09786851560340275
AT1G78180,-0.6976120479813476
AT1G78190,-0.5694295629414062
AT1G78200,-0.2821885977184123
AT1G78210,-0.745797205678456
AT1G78230,-0.5322408008408737
AT1G78240,2.514936501498468
AT1G78260,0.7574407554736591
AT1G78270,0.1957121394215644
AT1G78280,1.41915893740303
AT1G78290,0.1437696092333413
AT1G78300,0.9423137415288703
AT1G78310,-0.24906601725772745
AT1G78320,-1.1115535435611437
AT1G78340,0.1899361105814316
AT1G78360,-1.779629547916567
AT1G78370,-1.3299498610391027
AT1G78380,-0.3371799207366395
AT1G78390,1.0263413775945376
AT1G78410,1.8319625000889708
AT1G78420,-0.2679077499475081
AT1G78430,-0.3586780885372879
AT1G78440,-1.1809738437277078
AT1G78450,-0.44607575520335774
AT1G78460,-0.9909407125073506
AT1G78476,-0.6264431143220437
AT1G78480,-6.0064292992594615
AT1G78490,-0.7826433913721562
AT1G78510,-0.49460725865443467
AT1G78520,-0.3817265330694665
AT1G78530,0.7081720490693459
AT1G78540,-0.350014599931624
AT1G78550,-0.5394105623149343
AT1G78560,-0.2138511215079916
AT1G78570,0.8834261566188135
AT1G78580,0.02850111645884376
AT1G78590,-0.14415780364474146
AT1G78600,0.682743053486892
AT1G78610,0.45098685211092143
AT1G78620,-0.060270300549597346
AT1G78630,-0.14146360480377163
AT1G78650,0.6078626370336595
AT1G78660,-0.24279305755841096
AT1G78670,-0.4317998023488663
AT1G78680,-0.9214281764181299
AT1G78690,0.14450049085396038
AT1G78700,0.32772582054416943
AT1G78720,0.472400194635676
AT1G78730,-1.103370128683215
AT1G78750,-0.9538248907189621
AT1G78760,3.532707363265254
AT1G78770,-0.31641283663878317
AT1G78780,0.8056174645127652
AT1G78790,-0.17556037922764894
AT1G78800,0.6108432507419289
AT1G78810,0.30993566674260625
AT1G78815,0.022862284306705803
AT1G78820,0.6701825140605503
AT1G78830,1.3319578059087842
AT1G78840,2.696276678122706
AT1G78850,1.5102227685279404
AT1G78860,2.3390851460671556
AT1G78870,0.2982920359690594
AT1G78880,0.07875398066932417
AT1G78890,-0.15899954088567592
AT1G78895,0.0321006712938845
AT1G78900,0.28094883303161905
AT1G78910,0.4694980618058836
AT1G78915,-0.3158364268379534
AT1G78920,-0.09514191253030416
AT1G78922,3.3984254061124917
AT1G78930,-0.6304155700722897
AT1G78940,0.2771514909588506
AT1G78950,-0.7621801908199607
AT1G78955,-0.04723511910735017
AT1G78960,-0.4781716353514258
AT1G78970,-1.623262384000822
AT1G78990,-0.9847433878674083
AT1G78995,-1.3820406698483487
AT1G79000,0.05177212214257025
AT1G79010,0.01031382454223946
AT1G79020,-0.1670340169566427
AT1G79030,-0.3524576141070634
AT1G79040,-0.4299792251734152
AT1G79050,-0.22090872875918768
AT1G79060,-0.4691885475379633
AT1G79070,-0.5035935440442741
AT1G79080,0.6161369121915494
AT1G79090,0.06196053967130269
AT1G79100,1.3650568838811017
AT1G79103,0.6372201686410254
AT1G79110,-0.8544525787393998
AT1G79120,-0.24539775989770907
AT1G79130,-0.9394465231265614
AT1G79150,0.2173164790411274
AT1G79160,-0.4673057952716038
AT1G79170,-2.6589231189499274
AT1G79180,-0.6079906680350868
AT1G79190,-0.4730287879150308
AT1G79200,0.07674088670491483
AT1G79210,0.1169803417167995
AT1G79220,-0.10887199977145767
AT1G79230,-0.25593689638883366
AT1G79250,4.467308975588321
AT1G79260,0.2775253434107403
AT1G79270,-0.6149335029786316
AT1G79280,-0.21548641668855376
AT1G79310,1.1155343418877985
AT1G79320,1.4926715766559928
AT1G79330,3.039801278582183
AT1G79340,1.3137498755354111
AT1G79350,0.058039437359801015
AT1G79360,1.6301162643110314
AT1G79380,0.6428363291279181
AT1G79390,-0.3161579487869909
AT1G79400,4.073550593268459
AT1G79410,0.9148305310261278
AT1G79420,0.2843269888850905
AT1G79430,-0.5317155778595849
AT1G79440,0.4629760762025248
AT1G79450,-0.14912895919911007
AT1G79460,-0.35244983766676324
AT1G79470,0.21466571557197964
AT1G79480,0.11760237011776925
AT1G79490,0.03621016987979582
AT1G79500,-0.016369692907626184
AT1G79510,-0.42357724937581764
AT1G79520,-0.7260973584371739
AT1G79530,0.001196255600742262
AT1G79540,0.6333002607107471
AT1G79550,-0.33648121411437076
AT1G79560,-0.29856633682518063
AT1G79570,-0.0885806561442991
AT1G79580,-0.4296027597033413
AT1G79590,0.3740012907090056
AT1G79600,-0.06521100320638461
AT1G79610,0.040211438197077815
AT1G79620,-0.5090144663348576
AT1G79630,0.19945117735871148
AT1G79640,-0.17383298854410523
AT1G79650,0.8797000084314589
AT1G79660,1.1335428952440405
AT1G79670,-0.16591102877282823
AT1G79680,3.701181792452075
AT1G79690,-0.23046932733578113
AT1G79700,0.28219738724014043
AT1G79710,0.5299696687823766
AT1G79720,-0.03908511995962798
AT1G79730,-0.002283622043968343
AT1G79740,-0.2667090772602401
AT1G79750,0.10834688900729747
AT1G79760,0.9016279546974169
AT1G79770,0.2558200937872076
AT1G79780,-1.4490609405089885
AT1G79790,-0.25427972685863975
AT1G79800,-1.3100314673279772
AT1G79810,-0.27637616169630586
AT1G79820,-0.33282679747334254
AT1G79830,0.23121874650545554
AT1G79840,-1.0139664716005856
AT1G79850,-0.25285274657852697
AT1G79860,0.6336602448951776
AT1G79870,-0.2704403564967648
AT1G79880,-0.5529899480066932
AT1G79890,-0.05739691533515617
AT1G79900,0.015246191859829583
AT1G79910,-0.3397746425885584
AT1G79915,0.9868766439164293
AT1G79920,-0.20813814146466209
AT1G79930,0.7930184063091494
AT1G79940,0.49523405096629347
AT1G79950,0.06359106344396392
AT1G79970,-0.3844999411161879
AT1G79985,0.48453353316722025
AT1G79990,1.2422545643011322
AT1G80000,-0.27265399661581796
AT1G80010,-0.511181478218308
AT1G80030,0.39905297792313776
AT1G80040,0.808341778185687
AT1G80050,-0.543163221532835
AT1G80060,-0.3803066134803716
AT1G80070,-0.23860252110659572
AT1G80080,-1.195309831252241
AT1G80100,-1.4382969428843786
AT1G80110,-0.46318251330388693
AT1G80120,2.2634103349937265
AT1G80130,-0.11084505596972855
AT1G80150,0.4326722174388672
AT1G80160,0.8031139456983566
AT1G80170,0.028929099364475956
AT1G80180,-1.0175993993156893
AT1G80190,-0.19672007709163308
AT1G80200,-0.7963733929736986
AT1G80210,-0.45856481334227817
AT1G80230,-0.02097920664767507
AT1G80240,-0.7759111880387005
AT1G80245,0.43889530317237524
AT1G80260,-0.5757378255849045
AT1G80270,0.656109571954408
AT1G80280,-0.8534070454749262
AT1G80290,0.7829732604759566
AT1G80300,-0.5959315823393387
AT1G80310,-0.5048902718665252
AT1G80320,-0.04348753892205115
AT1G80340,-1.8925317011859273
AT1G80350,-0.10594760958292979
AT1G80360,-0.10108675892716977
AT1G80370,-0.5566732442956962
AT1G80380,0.4989797459623162
AT1G80400,-0.6422054213922503
AT1G80410,-0.08122682546793819
AT1G80420,-0.1555103683374084
AT1G80440,-0.4763372217886258
AT1G80450,0.8053313500373461
AT1G80460,0.4592667723881147
AT1G80480,-0.6988575429633536
AT1G80490,0.21610963496316185
AT1G80500,0.20028256785629348
AT1G80510,0.9443528558153765
AT1G80520,-1.1399579156425497
AT1G80530,0.8014430378342656
AT1G80540,1.645281896113771
AT1G80550,-0.12960433478249875
AT1G80555,-0.8023073459212385
AT1G80560,-0.042547139438437444
AT1G80570,-0.26310518658384696
AT1G80600,-0.058082962929606026
AT1G80610,0.6422198455892184
AT1G80620,0.17325520375323003
AT1G80625,-1.5098137143285169
AT1G80630,-0.19510641751919441
AT1G80640,-0.22444591311413592
AT1G80650,-0.5984815661894122
AT1G80660,-5.0607227758131375
AT1G80670,-0.13972748217667103
AT1G80680,-0.16364275076954288
AT1G80690,-0.7701435433103885
AT1G80700,0.23329550724080494
AT1G80710,0.67277996233148
AT1G80720,0.2974431152101677
AT1G80730,0.23260448835754913
AT1G80740,2.6551264287920437
AT1G80745,0.33628818275391503
AT1G80750,0.2007818712691909
AT1G80760,-1.3330967015285484
AT1G80770,-0.23571118136002867
AT1G80780,-0.32952601063762316
AT1G80790,-0.7332914979042688
AT1G80810,0.4848719571418772
AT1G80820,1.819283541056028
AT1G80830,-0.467168506153021
AT1G80840,5.032080019783477
AT1G80850,-0.6215621382250868
AT1G80860,-0.5212065887659743
AT1G80870,-0.688869055869228
AT1G80880,-0.08573353732866541
AT1G80890,-0.05271045965288132
AT1G80900,-0.022328107853879824
AT1G80910,0.6544499582410537
AT1G80920,0.03816634111911489
AT1G80930,0.29538520406290636
AT1G80940,-0.13410525869564732
AT1G80950,0.18293489667804216
AT1G80960,-0.012902081860627697
AT1G80970,-0.373066517883878
AT1G80980,0.14226205216680557
AT1G80990,-2.6724263804689485
AT2G01008,-0.9016832573102598
AT2G01060,-0.22084810417771503
AT2G01070,0.3863278924040089
AT2G01080,1.4682255686274317
AT2G01090,-0.0768090944255544
AT2G01100,0.19710832776045978
AT2G01110,-0.27608113849397237
AT2G01120,-0.04863459673553442
AT2G01130,-0.289684173269303
AT2G01140,-0.11937801414148524
AT2G01150,-0.5413472485923526
AT2G01170,-0.3529316380259906
AT2G01175,0.6219602317088998
AT2G01180,1.990739726426475
AT2G01190,1.017919886175686
AT2G01200,-0.21924839567687412
AT2G01210,-0.5891575355676902
AT2G01220,-0.2827444106445842
AT2G01250,0.14854840431460592
AT2G01260,0.48728122955155073
AT2G01270,-0.24127850414075144
AT2G01275,-0.5109117513266561
AT2G01280,-0.2890962856192685
AT2G01290,-0.3467825265284362
AT2G01300,3.2458452331221035
AT2G01310,0.0060878298622916585
AT2G01320,-0.5161845777361384
AT2G01330,-0.12945881625650194
AT2G01340,0.6623100407914749
AT2G01350,-0.23704466838012483
AT2G01390,-0.2903760604055314
AT2G01400,-0.07515471890911234
AT2G01410,0.2990968026098841
AT2G01420,-0.6817571486574301
AT2G01430,-2.0745939043556145
AT2G01440,-0.3587080972640481
AT2G01450,1.6678182946634617
AT2G01460,0.0007940289510599127
AT2G01470,0.53728662172036
AT2G01480,0.38548136444892495
AT2G01490,-0.6602905215303237
AT2G01505,-1.4400767848264289
AT2G01510,-0.30636269370971764
AT2G01520,-0.7155274752103792
AT2G01530,-0.0430500380403906
AT2G01540,0.4050620585540491
AT2G01570,-0.3534278968551768
AT2G01580,-1.6176065915990079
AT2G01590,-0.7131536049858745
AT2G01600,0.21724101714287805
AT2G01610,-0.9702089530189973
AT2G01620,-0.51848019643979
AT2G01630,-0.7848599087033465
AT2G01640,0.576151164793861
AT2G01650,0.032755164394464784
AT2G01660,-0.5482304170432631
AT2G01670,-0.1877078283709702
AT2G01680,-1.0379905887504288
AT2G01690,0.4240471248343344
AT2G01710,0.6135120506729409
AT2G01720,0.19830115008787075
AT2G01730,-0.1584315816813648
AT2G01735,0.08063968294976467
AT2G01740,0.3319049457891513
AT2G01750,0.6658062277669701
AT2G01755,-3.3174581554918188
AT2G01760,-1.3822252235181405
AT2G01810,3.6021136418851913
AT2G01818,-0.17235879369629153
AT2G01820,0.15397589429546646
AT2G01830,0.025400103689456
AT2G01850,0.13072424492869295
AT2G01860,0.33987172475286903
AT2G01870,-0.9853651916979899
AT2G01880,-0.022652996326556367
AT2G01890,-0.2832786095083922
AT2G01900,1.083982683031476
AT2G01905,0.36386369030081
AT2G01910,-0.17182473838964088
AT2G01913,-0.3238518862060521
AT2G01918,-0.9974379993762321
AT2G01930,0.21825437896950553
AT2G01940,-0.9965708669221076
AT2G01950,-0.11866014511429289
AT2G01970,0.7717236755359933
AT2G01980,-0.42524121256607395
AT2G01990,-1.454254548744815
AT2G02000,2.2238244237089306
AT2G02010,3.9503111055178994
AT2G02020,-0.3003714059631425
AT2G02040,-0.08939460514549262
AT2G02050,0.11327165146637724
AT2G02060,-1.1247355588625327
AT2G02061,-0.17245652426073507
AT2G02070,-0.3598408818844346
AT2G02080,-0.7490118396937835
AT2G02090,0.02697307757780383
AT2G02100,0.8967859589579119
AT2G02120,0.17446937358040987
AT2G02130,-0.32042499845415845
AT2G02147,3.3133288846812254
AT2G02148,0.2901267007342735
AT2G02150,-0.012734733005768132
AT2G02160,-0.10214444207507903
AT2G02170,1.113930396460747
AT2G02180,1.8210370556281674
AT2G02220,0.9441104755204048
AT2G02230,0.710947515524238
AT2G02240,-0.39754332364569156
AT2G02300,-2.6724263804689485
AT2G02310,-4.4444129674069695
AT2G02350,-0.8985221391348056
AT2G02360,-0.18947051653801703
AT2G02370,-0.1246615760396827
AT2G02380,-0.7846419245955774
AT2G02390,0.004279067454995851
AT2G02400,0.26673922064214617
AT2G02410,-0.687688469034525
AT2G02450,0.5538251162140925
AT2G02455,2.0995521549391194
AT2G02470,-0.10090883996513084
AT2G02480,0.6026449477542272
AT2G02497,-4.939182335304027
AT2G02500,-0.3427764142974852
AT2G02510,0.009264153216313017
AT2G02540,-0.46498560482373735
AT2G02560,-0.2251548111360361
AT2G02570,-0.06700615344611716
AT2G02580,1.2411891252418135
AT2G02590,-0.29558467014799883
AT2G02610,-0.4733376524508809
AT2G02620,0.28137556785607504
AT2G02630,0.13508375764205927
AT2G02640,0.6691782468003588
AT2G02650,2.6623377602122282
AT2G02680,0.9278637541459547
AT2G02690,2.966388503204155
AT2G02700,3.0988804608940628
AT2G02710,-0.034408271619634834
AT2G02720,2.6551264287920437
AT2G02730,0.00589776107628503
AT2G02740,-0.0024237473633017866
AT2G02750,-0.05220053100607475
AT2G02760,-0.49056298045564517
AT2G02765,-0.7551970233121387
AT2G02780,-0.3705601949538174
AT2G02790,-0.08429586454567689
AT2G02800,0.5438086377220103
AT2G02810,0.15257983751699436
AT2G02820,-0.30487224512394684
AT2G02850,-0.9496230257749024
AT2G02860,2.2985980162770585
AT2G02870,0.854752884545612
AT2G02880,0.14797897995569254
AT2G02910,0.31133115737437983
AT2G02930,0.27948664915435556
AT2G02950,0.4496262241470611
AT2G02955,0.03946357861201885
AT2G02960,0.5845419414920299
AT2G02970,0.3502817863685375
AT2G02980,-0.5594386841846402
AT2G02990,1.3075814621589892
AT2G03010,0.157310830095487
AT2G03020,0.29604483527736586
AT2G03050,0.26332733468476394
AT2G03060,0.03056376416339539
AT2G03070,-0.17462669904749345
AT2G03090,-1.3336536363999922
AT2G03110,0.5485696229357214
AT2G03120,-0.08006017806062854
AT2G03140,-0.4476041528399743
AT2G03150,-0.24685902568543922
AT2G03200,0.3561293099113273
AT2G03210,-0.5637437380351232
AT2G03220,0.35923980199523176
AT2G03240,1.1066835739112455
AT2G03260,0.5545583639115937
AT2G03270,0.11748145633466292
AT2G03280,-0.5891393234641398
AT2G03310,-1.2720491390585196
AT2G03330,-0.10205507921055954
AT2G03340,-0.18046061677690187
AT2G03350,0.3023690181279495
AT2G03360,-1.0468359247597974
AT2G03370,-0.45218347493884026
AT2G03380,0.203476840977714
AT2G03390,-0.3452590061211068
AT2G03420,-0.2297018984578646
AT2G03410,-0.8410027854969295
AT2G03430,-0.2107726832325691
AT2G03440,0.050502689836171635
AT2G03450,0.11850959152486572
AT2G03460,2.6551264287920437
AT2G03470,0.38259385483320374
AT2G03480,0.652870755645371
AT2G03500,0.07732009957776292
AT2G03505,-0.4372976585685004
AT2G03510,-0.0970311618118174
AT2G03520,-2.6826615294764204
AT2G03530,-0.5118014704874801
AT2G03550,-1.9845530702337584
AT2G03590,-0.04480568709299816
AT2G03600,-1.8781278784801154
AT2G03620,-0.35276282459150093
AT2G03640,0.5318338606275117
AT2G03667,-0.0940667292124766
AT2G03670,0.2605354059720759
AT2G03680,0.40773224058660457
AT2G03690,0.4037845883052485
AT2G03710,-0.7351997572922585
AT2G03720,0.24059050286728018
AT2G03730,-0.09322677632711318
AT2G03750,-0.5993193861101871
AT2G03760,-0.45769056393898067
AT2G03770,-0.4232349629318209
AT2G03780,-0.5731992515275544
AT2G03800,0.6395142582192028
AT2G03810,0.013054102899849051
AT2G03820,0.28715050145852244
AT2G03821,-0.026928225854574304
AT2G03830,-0.9502768120937288
AT2G03850,-3.557797147071437
AT2G03870,0.2783879416828318
AT2G03880,0.20875185060088336
AT2G03890,-0.4093528538075062
AT2G03965,-0.08431408083632463
AT2G03980,-0.6051041134064884
AT2G04025,0.10818573854513097
AT2G04030,-0.31548311357147885
AT2G04032,-3.306105102827242
AT2G04038,-0.05411820660772968
AT2G04039,0.1159014608971107
AT2G04040,0.5583094280727913
AT2G04050,-0.5108078384089082
AT2G04080,-1.856323561079447
AT2G04090,-1.3001180269574053
AT2G04100,-0.8776423601013005
AT2G04160,-1.1159326131751193
AT2G04170,0.11781258302908527
AT2G04190,1.4674206232516818
AT2G04230,-0.12772744656015303
AT2G04235,-0.23989316789886078
AT2G04240,-1.392982788937735
AT2G04270,-0.4211864138113069
AT2G04280,0.6896624639276965
AT2G04305,1.2572689900500198
AT2G04340,-0.05377780323197143
AT2G04350,-0.1255383475494038
AT2G04360,-0.07737745740482656
AT2G04378,-0.09347629315281981
AT2G04390,0.39207534725895216
AT2G04395,0.29715162399935763
AT2G04400,0.31404345100142256
AT2G04410,-0.26159702741946245
AT2G04420,1.7577603004850904
AT2G04430,0.01130096377038806
AT2G04450,0.12034218084628998
AT2G04480,-0.8152443079198938
AT2G04495,3.8289882129582775
AT2G04500,1.5256064854664062
AT2G04515,-2.6826615294764204
AT2G04520,0.40740857184382456
AT2G04530,-0.016935787262933495
AT2G04540,0.08055535651544819
AT2G04550,-0.027059880048268314
AT2G04560,-0.5642709664521417
AT2G04570,0.38870741318938773
AT2G04620,0.34699246094055897
AT2G04630,0.03154700944289676
AT2G04650,0.8156268314074991
AT2G04660,-0.03140606060007556
AT2G04680,0.11727125097829384
AT2G04690,-0.9124052400536765
AT2G04700,-0.07648808135571968
AT2G04740,-0.14855720432128824
AT2G04780,1.2735761873695266
AT2G04790,-0.9199323971592565
AT2G04795,1.4600920340964127
AT2G04800,0.334445030787577
AT2G04840,2.6551264287920437
AT2G04842,-0.18408685041865602
AT2G04845,0.33422184251453974
AT2G04850,-0.15222555353640166
AT2G04860,-0.04531037395138329
AT2G04865,-0.26882345030232513
AT2G04880,-0.37641650685562555
AT2G04890,-0.31255266054111647
AT2G04900,0.48225645201762146
AT2G04940,0.07950579452730061
AT2G05070,-1.275641340168817
AT2G05100,-1.1748438181571268
AT2G05120,0.04313809177912701
AT2G05160,-0.7560382037975847
AT2G05170,0.19728752854783163
AT2G05180,0.6012081622734741
AT2G05185,-1.2861898105405691
AT2G05210,-0.21813633112737252
AT2G05220,0.17484227457092458
AT2G05230,0.6319922938023137
AT2G05250,0.43437807573276155
AT2G05260,0.7921201094150305
AT2G05270,-1.3325999888995195
AT2G05310,-0.7374747154777169
AT2G05320,0.0798763660489435
AT2G05330,-0.3707675590275584
AT2G05350,0.07787726829467623
AT2G05370,-2.674639620965142
AT2G05380,0.18184035515910305
AT2G05400,-0.9391377017546062
AT2G05440,0.19206065747836168
AT2G05510,-0.08930363570139283
AT2G05520,-0.1488936994859712
AT2G05530,4.074301519280831
AT2G05540,-1.5391126815684117
AT2G05580,4.775586072508414
AT2G05590,0.3423628100921317
AT2G05620,-0.26270050932668665
AT2G05630,-0.3403472430933053
AT2G05632,0.6132080759811934
AT2G05655,0.3751134531064682
AT2G05710,0.1869518188124175
AT2G05755,-0.09326311272343253
AT2G05760,-0.4020655747426628
AT2G05790,-0.2286840038107076
AT2G05810,1.1280103058663178
AT2G05830,-0.44770886533905424
AT2G05840,-0.021911078634236223
AT2G05900,2.696276678122706
AT2G05910,0.3587229044059606
AT2G05915,3.8707434907726563
AT2G05920,-0.18088079031873766
AT2G05940,1.521429196007109
AT2G05990,-0.09977887271483336
AT2G06000,0.14472233764558895
AT2G06005,-0.14429862568881308
AT2G06010,-0.5758996956625136
AT2G06025,0.3206083374068504
AT2G06040,-0.22276765163915477
AT2G06050,1.9731880475831478
AT2G06200,-1.5403567916155865
AT2G06210,-0.19503724556558663
AT2G06255,-0.3812550896483868
AT2G06510,0.5233916321215706
AT2G06520,-0.46650326639694895
AT2G06530,1.777449865591256
AT2G06845,-3.5577547003633283
AT2G06850,1.747102690526025
AT2G06925,-0.37651099576686947
AT2G06960,-1.8777557325959988
AT2G06990,-0.12055592957659714
AT2G07000,-3.5579944875375635
AT2G07050,0.4013242866349609
AT2G07140,-1.4837325571578364
AT2G07170,-0.22889330584099687
AT2G07180,-0.010392128246054412
AT2G07240,-0.061690064327296144
AT2G07340,0.18535615719298337
AT2G07360,0.3112541832311758
AT2G07560,1.8728773498034657
AT2G07771,1.92449460087482
AT2G07773,2.729297179758272
AT2G07655,1.1106212712382793
AT2G07776,1.5299729428312414
AT2G07749,1.4707651470930188
AT2G07777,0.2794557899508377
AT2G07671,0.3503983830348146
AT2G07779,1.6710957677010947
AT2G07672,1.6564120021424695
AT2G07621,-0.1641927692938524
AT2G07673,3.325882276487013
AT2G07674,1.8105056844001919
AT2G07751,2.050578308675842
AT2G07675,1.1636634846805152
AT2G07676,3.533122674160285
AT2G07678,1.3384202788198034
AT2G07669,1.2470330694415754
AT2G07772,4.07419490325191
AT2G07628,-0.08431408083632463
AT2G07774,1.6638512331357138
AT2G07687,1.208439538172448
AT2G07629,1.049368404357309
AT2G07632,2.6623377602122282
AT2G07633,0.8778510524618021
AT2G07689,0.5429252768544124
AT2G07691,4.110670368424876
AT2G07692,0.9715516956802042
AT2G07637,2.6551264287920437
AT2G07695,1.4892702602060903
AT2G07785,1.1126223623639788
AT2G07599,0.7693388339857754
AT2G07696,1.2355150429577892
AT2G07798,0.5699537778176792
AT2G07698,0.720426116966802
AT2G07667,0.5302229469148725
AT2G07701,1.8339684906800373
AT2G07702,1.9795787347296645
AT2G07638,1.8369042888996399
AT2G07705,3.533122674160285
AT2G07706,1.6763665743142373
AT2G07707,1.2617487082226848
AT2G07708,0.7905620926779092
AT2G07641,0.21901216405233037
AT2G07643,3.9074074732805717
AT2G07644,1.1062182799224303
AT2G07713,4.073550593268459
AT2G07714,5.185876168534038
AT2G07715,0.4094889583012859
AT2G07718,0.8539762925944022
AT2G07648,1.555560991405708
AT2G07719,1.2202178253021605
AT2G07721,2.281550509774032
AT2G07652,2.345947260525725
AT2G07815,2.1013919095848324
AT2G07724,2.020479717104599
AT2G07725,1.2495552525985028
AT2G07727,1.3453518403296858
AT2G07728,-0.08431408083632463
AT2G07654,1.8728773498034657
AT2G07820,1.731429043226109
AT2G07656,2.6623377602122282
AT2G07732,5.142086921311937
AT2G07734,0.2362414767890158
AT2G07825,-0.813142786982727
AT2G07827,2.6551264287920437
AT2G07787,1.8701668420490705
AT2G07658,2.8156175722433536
AT2G07659,1.3651252866927144
AT2G07775,0.4265020832667975
AT2G07661,1.070407890248704
AT2G07806,1.0662439404534938
AT2G07738,1.0849937202071858
AT2G07795,1.2942760820393995
AT2G07739,1.2542150923314408
AT2G07662,0.4980118028300679
AT2G07665,1.4226128527436683
AT2G07835,2.6437104915050527
AT2G07680,0.058240267351801
AT2G07690,-0.5428106468131044
AT2G07750,1.8730318233610872
AT2G09990,0.25502385861462235
AT2G10260,2.696276678122706
AT2G10440,-3.182171854804002
AT2G10930,-0.20999481999258954
AT2G10931,0.929803469489634
AT2G10940,0.9057406693720552
AT2G10950,0.5957170239349636
AT2G11000,0.0576441331303126
AT2G11035,0.3904789369613162
AT2G11205,-2.674639620965142
AT2G11225,0.18667279868139175
AT2G11270,-0.48351065744621097
AT2G11520,0.4812383314873107
AT2G11620,-1.8777557325959988
AT2G11623,1.8728773498034657
AT2G11810,1.642735684940418
AT2G11815,-0.0018407054280741453
AT2G11890,0.08564311542170157
AT2G11910,-0.1640039574738827
AT2G12170,-0.8629822242969548
AT2G12190,-1.4665976258655238
AT2G12400,1.9644975456568274
AT2G12462,-1.3159843530416009
AT2G12480,-0.061492723901823663
AT2G12550,-0.1663350748495143
AT2G12646,-0.33723094755255867
AT2G13100,0.017632362424106096
AT2G13275,1.3650568838811017
AT2G13290,-0.13312753559146467
AT2G13350,2.6551264287920437
AT2G13360,-0.3692933479454194
AT2G13370,-0.025531034019984463
AT2G13430,-2.6826615294764204
AT2G13440,-0.30903462834042583
AT2G13463,-2.674639620965142
AT2G13540,-0.12291076618770325
AT2G13547,2.6623377602122282
AT2G13550,-0.6061079082648035
AT2G13560,0.6014664674733203
AT2G13570,0.10482047977838982
AT2G13600,0.3343323851175707
AT2G13610,0.3555925395970016
AT2G13650,0.41817465848191754
AT2G13660,-0.0002862070331841159
AT2G13680,-0.6725360830034877
AT2G13690,0.06568416344929
AT2G13790,2.2320992565931292
AT2G13800,0.5383265197580427
AT2G13810,-2.674639620965142
AT2G13820,-0.08933915243590693
AT2G13840,-0.5410853638636628
AT2G13900,0.477970680783218
AT2G13960,0.2325540052121396
AT2G13965,-0.09422810914857653
AT2G14045,0.7605615315621292
AT2G14050,1.2377951724764067
AT2G14060,-0.3102674570496796
AT2G14070,-2.61509195888033
AT2G14080,-0.49279763408827426
AT2G14095,0.423947877999945
AT2G14100,0.5168188601856339
AT2G14110,0.07101056660291749
AT2G14120,0.3104276577476685
AT2G14160,0.6626711938212873
AT2G14170,0.7837233944541401
AT2G14210,0.9777307282225266
AT2G14247,-1.2482714053211241
AT2G14255,-0.16758476540722061
AT2G14260,-0.19206047876264123
AT2G14285,-0.3606889759496463
AT2G14290,2.724522383841357
AT2G14395,1.8730318233610872
AT2G14460,-0.03885980730703422
AT2G14510,0.45732429921889095
AT2G14520,-0.9615031339100327
AT2G14530,0.17345874974916942
AT2G14560,-2.6826615294764204
AT2G14580,-0.06673399602558369
AT2G14620,-0.30663791020160336
AT2G14660,-0.1558852996853709
AT2G14680,0.14234819347951366
AT2G14690,3.8707434907726563
AT2G14700,1.8728773498034657
AT2G14720,0.03332844312852892
AT2G14740,-0.721360792464924
AT2G14750,-0.16889835424250324
AT2G14760,-0.04468288295834541
AT2G14775,-0.9781489545910553
AT2G14800,-1.4960100967801184
AT2G14820,0.010546827510892622
AT2G14825,-0.12912942928629662
AT2G14835,0.48703001277047286
AT2G14850,0.3849877547743283
AT2G14860,-0.6324361002357818
AT2G14880,-0.12684290212057933
AT2G14890,0.6665778234506752
AT2G14900,0.38099428618860576
AT2G14910,-0.33442573941205017
AT2G14920,-0.03258873981687511
AT2G14960,-2.447976046754545
AT2G15000,-0.022532897124077876
AT2G15020,-0.267079843058456
AT2G15042,-0.499290635712838
AT2G15050,-1.8909527403992366
AT2G15080,-0.09544691589798784
AT2G15090,0.4738857531495498
AT2G15110,-3.6464673130340506
AT2G15130,-0.08431408083632463
AT2G15170,3.3984254061124917
AT2G15220,-0.3794823250061873
AT2G15230,-0.5743592779181593
AT2G15240,0.2515791910867361
AT2G15260,1.8728773498034657
AT2G15270,0.1729267592067105
AT2G15280,0.27699293350984033
AT2G15290,-0.10074477458859146
AT2G15300,-0.4277421706933187
AT2G15310,0.5108772383047974
AT2G15320,0.8437031597205453
AT2G15340,-1.87785450462112
AT2G15350,-0.0018407054280741453
AT2G15370,0.7585453781701007
AT2G15390,2.4303356300247887
AT2G15400,-0.577206505711295
AT2G15430,0.1821605613413067
AT2G15440,-0.7027964241128402
AT2G15480,0.9669789763036927
AT2G15490,0.41694398523269227
AT2G15530,-0.19852351989155376
AT2G15560,0.6185551485693139
AT2G15570,1.1739159947947335
AT2G15580,-0.6610668142171705
AT2G15590,-2.674639620965142
AT2G15620,0.02235661013313539
AT2G15630,0.3001940739143395
AT2G15680,5.060921088752999
AT2G15690,-0.008900678717222266
AT2G15695,0.22154579598284457
AT2G15730,0.14087254102626462
AT2G15760,1.2198139352856359
AT2G15790,-0.7619035232465469
AT2G15820,-0.6729943201601434
AT2G15830,0.10847527606982417
AT2G15860,0.19294059006975864
AT2G15880,-1.3212842552739266
AT2G15890,-0.2105546536256561
AT2G15900,-0.019567343076677023
AT2G15910,0.22735515454600988
AT2G15960,0.17142679089345164
AT2G15970,-0.29833714738357314
AT2G15980,0.4489462603503693
AT2G16005,-1.369366946498493
AT2G16050,0.23283336776843847
AT2G16060,1.2190495996960822
AT2G16070,-0.10556590298446047
AT2G16090,-0.018213547216889888
AT2G16190,1.2664086003643864
AT2G16230,0.6665188640509594
AT2G16250,0.370830139672553
AT2G16270,0.4468050950449192
AT2G16280,1.0641433013375512
AT2G16365,0.968723646414082
AT2G16360,-2.674639620965142
AT2G16370,-0.4974589347880649
AT2G16380,-0.8061738317677035
AT2G16385,-0.28461581011101583
AT2G16390,-0.6794014126675508
AT2G16400,-0.4696858872722046
AT2G16405,0.6402830375201822
AT2G16430,0.27247304228447156
AT2G16440,-0.817023321192819
AT2G16450,2.6551264287920437
AT2G16460,0.5758344964047448
AT2G16485,-0.01502221808709886
AT2G16500,1.0658211411519372
AT2G16510,0.2783306762750277
AT2G16530,-0.1863175726980685
AT2G16570,0.187108315100266
AT2G16580,-1.4414903492645745
AT2G16575,0.7404324311148931
AT2G16586,-1.5804327102151718
AT2G16595,0.6444736895115614
AT2G16600,-0.15841461130377646
AT2G16630,-0.12584762017229548
AT2G16640,-0.041296813488621714
AT2G16650,-0.5639794831600636
AT2G16660,0.2165352825362853
AT2G16700,0.023063407566099425
AT2G16710,-0.06677221396898299
AT2G16720,-0.7254955414881217
AT2G16740,0.14951700642556962
AT2G16750,0.05222921210608302
AT2G16760,0.5857715165134743
AT2G16770,-0.25525637895257564
AT2G16780,-0.34543254427641984
AT2G16790,-0.9040424333726809
AT2G16800,-0.8101415638715518
AT2G16850,-0.514983091964474
AT2G16860,0.14137066185867186
AT2G16870,0.5220987933416779
AT2G16880,-0.022790711410611664
AT2G16890,-0.021993273279991545
AT2G16900,0.359590659110647
AT2G16910,0.3848287298985958
AT2G16920,0.35923894307227966
AT2G16930,0.03439340517935213
AT2G16940,-0.13687005635992833
AT2G16950,0.2981437533972194
AT2G16960,-3.18197444583493
AT2G16970,0.7147174654897321
AT2G16980,0.4337786650352166
AT2G16990,-1.1216300733612488
AT2G17010,-0.36034945785750233
AT2G17020,0.12097984684557819
AT2G17030,0.15316998626310385
AT2G17033,-0.36434684010637736
AT2G17036,-0.920798710334096
AT2G17040,1.978667217737809
AT2G17050,-0.9360815254490257
AT2G17055,1.2281655719727957
AT2G17060,-0.9333915365602429
AT2G17070,-1.0809501358184894
AT2G17080,-0.9231059418043772
AT2G17110,-0.5006717113516866
AT2G17120,0.6960256555455387
AT2G17130,0.3299067573411948
AT2G17140,0.08228257296168026
AT2G17150,-0.27318076185475776
AT2G17190,0.32273860112038943
AT2G17200,0.09483466082004352
AT2G17210,0.2678427961153451
AT2G17220,0.804768119783852
AT2G17230,2.421116587625075
AT2G17240,-0.25956475090733966
AT2G17250,0.24212588445389696
AT2G17260,-0.711854030392705
AT2G17265,-0.0373404793185484
AT2G17270,0.09848805927103996
AT2G17280,1.4847898906309012
AT2G17290,2.35962798062656
AT2G17300,-1.4747409046504827
AT2G17320,-0.46415520392937487
AT2G17340,-0.15657701954426784
AT2G17350,0.05324042758306667
AT2G17360,0.018181669618303586
AT2G17370,0.31309628182328714
AT2G17380,0.4803046238841312
AT2G17390,-0.19718370707525307
AT2G17410,-0.07105204380190945
AT2G17420,0.5016171981210098
AT2G17430,0.42154006222277907
AT2G17440,0.4196420356842725
AT2G17442,-0.08021005958389604
AT2G17450,-0.6953713536959156
AT2G17470,-0.8236915629659582
AT2G17480,2.1846145184873667
AT2G17500,-0.0500824091868794
AT2G17510,-0.13616505601092854
AT2G17520,1.0479142392022105
AT2G17525,-0.3615980923060578
AT2G17530,0.22511589986208935
AT2G17540,-0.3712369858229206
AT2G17550,0.0298131928114284
AT2G17560,0.7644692366298486
AT2G17570,0.04822014246467786
AT2G17580,0.27008131091479215
AT2G17590,2.7222053238726254
AT2G17620,-0.43991402963711723
AT2G17630,0.24024134691919388
AT2G17640,-0.6099637267776071
AT2G17650,-1.37565710089104
AT2G17660,0.3809461587612749
AT2G17670,0.47684982897202965
AT2G17695,-0.7342007089479121
AT2G17700,0.03126338222400201
AT2G17705,0.8872522787251885
AT2G17710,0.43503951913125505
AT2G17720,0.9619229794404517
AT2G17730,0.16050098308718505
AT2G17740,0.9837518394413762
AT2G17760,0.054021942457240554
AT2G17770,-1.7376771677010623
AT2G17780,0.8654363140397286
AT2G17787,0.03135572454605504
AT2G17790,0.36309738230352756
AT2G17800,0.27729401525864344
AT2G17820,0.03409361363419489
AT2G17830,0.03757712590505656
AT2G17840,1.5851362919114882
AT2G17850,-2.9940126104314446
AT2G17860,2.696276678122706
AT2G17870,0.5619027460762237
AT2G17880,2.0024065259482677
AT2G17890,2.0668663000467675
AT2G17900,-0.3127105650965194
AT2G17930,-0.5790694146589112
AT2G17940,0.7569086580915786
AT2G17950,-2.6724263804689485
AT2G17970,0.22855111651346782
AT2G17972,-0.5454806250649765
AT2G17975,-0.21348177873509855
AT2G17980,0.9369237391237022
AT2G17990,-0.47197862895964177
AT2G18000,0.6804191644637424
AT2G18010,-3.807270532030482
AT2G18020,-0.008278992515749083
AT2G18030,0.3405580207934302
AT2G18040,0.37581088847696703
AT2G18050,-1.4001953355522219
AT2G18060,-0.15319765315069186
AT2G18090,0.7974860708370907
AT2G18100,0.9396836829577265
AT2G18110,0.3844501341412465
AT2G18120,-1.7720386236653751
AT2G18140,-2.287495420185531
AT2G18150,0.3632912836424704
AT2G18160,-0.0881042791123615
AT2G18170,-0.9252429261204195
AT2G18180,2.896494894853079
AT2G18193,0.5415357028643233
AT2G18196,0.2362327089515357
AT2G18210,0.15318977034694706
AT2G18220,-0.06436269620428195
AT2G18230,-0.025795080380581252
AT2G18240,-0.051301980710398716
AT2G18245,0.09274413109860243
AT2G18250,-0.1239934091389863
AT2G18260,-0.22971200965030886
AT2G18280,-0.7548494887530852
AT2G18290,-0.34453715406690083
AT2G18300,-0.8003751969764379
AT2G18320,-2.674639620965142
AT2G18328,-0.845541073774941
AT2G18330,0.18707912039693264
AT2G18340,1.1372211283949587
AT2G18350,0.5500430563804198
AT2G18360,0.22287696672716026
AT2G18370,-0.3721923612039724
AT2G18380,-0.14979371327556082
AT2G18390,-0.09133926085096519
AT2G18400,-0.04206156872650673
AT2G18410,-0.44158316318541035
AT2G18450,0.5419413364553624
AT2G18465,0.47691408726411205
AT2G18470,-1.074514547789912
AT2G18480,-0.6026575576964461
AT2G18490,-1.4289509861010674
AT2G18500,-0.5061347238147135
AT2G18510,0.00884114164848969
AT2G18520,0.7005005278170108
AT2G18540,-3.9654352774431447
AT2G18550,-0.25736622722358266
AT2G18560,-1.2673476478910672
AT2G18570,-0.26023986397690463
AT2G18600,-0.15984100562780315
AT2G18620,0.21413322879019367
AT2G18630,-0.18922516257078104
AT2G18640,0.4507971738821384
AT2G18650,-0.6848282389783243
AT2G18660,2.696276678122706
AT2G18670,-0.5172690813935198
AT2G18680,1.2182791579542405
AT2G18690,4.779130027725771
AT2G18700,0.3523567848736935
AT2G18710,-0.3718964739035992
AT2G18720,-0.4383444018258318
AT2G18730,1.0151565891209
AT2G18740,0.278273758671311
AT2G18750,0.04351354374058115
AT2G18760,0.004851165781920368
AT2G18770,-0.23787400541104695
AT2G18780,-0.030382666570861853
AT2G18790,-0.4058973297059475
AT2G18800,-0.8256739435234606
AT2G18840,0.4691090790825827
AT2G18850,-0.6207686802593324
AT2G18860,0.527685091268649
AT2G18876,0.27181175410357544
AT2G18880,1.8730852100772803
AT2G18890,-1.6701326012690272
AT2G18900,0.28213937974702186
AT2G18910,1.259372754876877
AT2G18915,0.07444135125319114
AT2G18938,0.5149730356631677
AT2G18940,-0.24249323133285927
AT2G18950,-0.17690081614587838
AT2G18960,-0.3143706881901926
AT2G18969,-2.9340431758284855
AT2G18970,2.272680366676125
AT2G18980,0.12098059530864204
AT2G18990,0.2364351150200714
AT2G19050,2.6551264287920437
AT2G19060,1.8388714493020561
AT2G19080,0.04213360887893984
AT2G19090,-0.7021066068209513
AT2G19110,-0.5525875158320751
AT2G19120,-0.5755707894622554
AT2G19130,-0.3485284514223958
AT2G19146,-2.1934042398071534
AT2G19150,0.4388609207870346
AT2G19160,0.24726122726497707
AT2G19170,-0.4006876056004921
AT2G19180,0.033176560494263305
AT2G19190,1.0993596536640116
AT2G19210,1.8728773498034657
AT2G19240,-0.2464537717042651
AT2G19260,0.03625267158544557
AT2G19270,0.3722804978157958
AT2G19280,-0.48574028832143634
AT2G19310,-1.3197606861689815
AT2G19330,0.6826044739218721
AT2G19340,-0.03897201070285159
AT2G19350,0.04116687148537091
AT2G19380,0.28291394836226674
AT2G19385,0.620207400633294
AT2G19390,0.19804642057578112
AT2G19400,-0.5304984730876116
AT2G19410,0.8233294667683942
AT2G19430,0.0328095291857425
AT2G19440,0.09173453020133897
AT2G19450,0.7829278815817703
AT2G19460,1.6649702647183449
AT2G19470,0.05298624122164355
AT2G19480,0.085492801829278
AT2G19490,-0.22950544821671548
AT2G19500,-2.6826615294764204
AT2G19520,-0.11962964217135616
AT2G19530,0.4890274341444388
AT2G19540,-0.002913679918087112
AT2G19550,-0.34334207011583373
AT2G19560,0.15250366160534257
AT2G19570,0.7211035364552184
AT2G19580,-0.50356656428479
AT2G19590,0.5483582635903247
AT2G19600,-0.13337720736066394
AT2G19610,-0.5345737179177802
AT2G19620,2.42957428586098
AT2G19640,0.31699318845685753
AT2G19650,-0.217231829809456
AT2G19660,-0.22094962221102035
AT2G19670,0.2526244774793306
AT2G19680,0.46375741835418244
AT2G19690,0.5041122192464781
AT2G19700,3.532707363265254
AT2G19710,1.1104828353781402
AT2G19720,-0.389229847552747
AT2G19730,0.15485738109993427
AT2G19740,0.21911465762784527
AT2G19750,0.23585917220931493
AT2G19760,0.6235218530120471
AT2G19780,-1.0508333407888122
AT2G19790,0.22592480496431463
AT2G19800,3.790775424553167
AT2G19802,2.2276881214433004
AT2G19810,-0.1694718004482394
AT2G19830,0.04272790761978855
AT2G19860,-0.7183911708336251
AT2G19870,0.04636317451654202
AT2G19880,1.2884376403140017
AT2G19890,2.6623377602122282
AT2G19900,-0.5095155817244814
AT2G19910,-0.18418057442814711
AT2G19920,-0.8315673775258595
AT2G19930,-0.5195805421438576
AT2G19940,-0.1269462780125344
AT2G19950,0.6327331878204024
AT2G19960,1.5548694401577354
AT2G19970,0.021616274066827486
AT2G19980,2.6551264287920437
AT2G19990,0.04043604023412793
AT2G20000,-0.26119066442939454
AT2G20010,0.7245965314589423
AT2G20020,-0.23564368357838428
AT2G20030,0.2854281380828793
AT2G20050,-0.42115851698097856
AT2G20060,0.10493297462767598
AT2G20080,0.046302981128274946
AT2G20100,-1.3591853683606256
AT2G20110,0.1303772213283992
AT2G20120,0.4734683170764657
AT2G20130,0.5212143422528253
AT2G20140,0.46757230532640615
AT2G20142,5.548291467767813
AT2G20150,4.297755328240865
AT2G20170,2.6551264287920437
AT2G20180,-1.598289113815569
AT2G20190,0.045594843748649694
AT2G20210,-0.9093912336164554
AT2G20230,-0.7211079092530727
AT2G20240,-0.1482239206004812
AT2G20250,-0.0967215521449065
AT2G20260,-0.416588252563842
AT2G20270,-0.11858390817275828
AT2G20280,-0.11367555073286666
AT2G20290,0.12041001586893404
AT2G20300,-0.022522494443002295
AT2G20310,-0.11047190221102496
AT2G20320,-0.07942895001413544
AT2G20330,-0.050921775587034875
AT2G20340,-1.5276491599843984
AT2G20360,-0.01037652305790995
AT2G20362,-0.14120444693060527
AT2G20370,1.9727538267655857
AT2G20390,0.15921773843609432
AT2G20400,-0.4399147812830979
AT2G20410,0.2811680889489132
AT2G20420,0.07473487989827432
AT2G20440,0.06820766535202491
AT2G20450,0.21640191957537447
AT2G20463,-1.8777557325959988
AT2G20470,1.3257970544614617
AT2G20480,-1.5656746016131906
AT2G20490,-0.06038906563036624
AT2G20495,-0.08324866110586093
AT2G20500,-0.6279755006427562
AT2G20510,-3.5579944875375635
AT2G20515,-0.1513461831473855
AT2G20520,0.9080608696891008
AT2G20530,0.07248167974705172
AT2G20540,0.12535964620092518
AT2G20550,-0.5678762937414392
AT2G20560,-0.7924324874619905
AT2G20562,2.164661036596986
AT2G20570,-1.8442540244359815
AT2G20580,-0.016854987802617138
AT2G20585,0.11505830765373469
AT2G20590,-0.042839201413564634
AT2G20610,0.22991019744823998
AT2G20613,1.8728773498034657
AT2G20620,-0.9391801484627172
AT2G20630,0.4693978099278436
AT2G20635,-0.21827652636032824
AT2G20650,-0.5259176014933737
AT2G20670,0.9148712106315567
AT2G20680,0.27585246090404014
AT2G20690,-0.03359918275779165
AT2G20700,-1.3738141339811447
AT2G20710,0.17142196888276134
AT2G20720,0.4321962324555048
AT2G20725,-0.3151514181048162
AT2G20740,-0.36511526211801115
AT2G20750,-1.6047846335673261
AT2G20760,0.9653038350779735
AT2G20770,0.5131654360446354
AT2G20780,0.7677915720958455
AT2G20790,-0.08495796029211651
AT2G20810,0.5909875483107369
AT2G20815,0.5691147762429805
AT2G20820,0.09819542445405735
AT2G20825,4.074609867458875
AT2G20830,-0.2456097271603868
AT2G20835,1.0583160659079212
AT2G20840,1.5823566131553057
AT2G20850,0.071790883195323
AT2G20860,-0.19864049996758132
AT2G20870,3.3984254061124917
AT2G20875,-0.38959055294151534
AT2G20880,6.074582275515373
AT2G20890,-0.12186125330443183
AT2G20900,0.9539890467431396
AT2G20920,-0.7200440221776337
AT2G20930,0.05994465819214026
AT2G20940,-0.469611924246414
AT2G20950,-1.2960785798912107
AT2G20960,-0.06534422359129181
AT2G20980,-0.08513312717695158
AT2G20990,-0.30247504862747
AT2G21030,-1.0535774118118113
AT2G21040,2.6551264287920437
AT2G21045,-0.10971607306699972
AT2G21050,-0.8369914146221742
AT2G21060,-0.12884714914134052
AT2G21070,-0.24290226174166288
AT2G21080,0.29597114357925675
AT2G21090,0.6167975133699507
AT2G21100,0.050406048675425065
AT2G21120,0.9291290789864243
AT2G21130,-0.1708652638739754
AT2G21140,-0.08331975267019177
AT2G21150,0.12620625024899768
AT2G21160,0.749427356421742
AT2G21170,-0.23039287224933203
AT2G21180,-0.9538879264262146
AT2G21185,-1.6753294367488036
AT2G21190,0.5940354136886064
AT2G21195,-0.6194686887364124
AT2G21200,-1.6608335934347183
AT2G21210,-1.723631425447511
AT2G21220,-0.6492675685441311
AT2G21230,0.1499650024577815
AT2G21235,-0.03154199568255134
AT2G21237,-2.6826615294764204
AT2G21240,-0.3131068370495006
AT2G21250,-0.5110675338824064
AT2G21260,-1.8786188491206137
AT2G21270,-0.06898172805593726
AT2G21280,-0.08081195626265113
AT2G21290,-0.01970682710312912
AT2G21300,-0.25162752989274384
AT2G21320,-2.4609419958658956
AT2G21330,-0.37688049282026564
AT2G21340,-0.24833138935389193
AT2G21350,1.9198940521536652
AT2G21370,-0.5954522300783055
AT2G21380,0.04449005923376951
AT2G21385,-0.13576863709123807
AT2G21390,0.8915544336365905
AT2G21400,0.9676414842892191
AT2G21410,0.049983508932264574
AT2G21430,-0.7531535391721399
AT2G21440,-0.2619241924458408
AT2G21450,0.25639552078189964
AT2G21470,0.3270269793795043
AT2G21490,-0.08522263469198853
AT2G21500,0.6373954238260016
AT2G21510,0.811080167920989
AT2G21520,0.7804076506385393
AT2G21530,-0.7713916616859556
AT2G21540,0.3798925687917295
AT2G21550,0.6495956321931105
AT2G21560,-0.5047575828671431
AT2G21580,0.14647217191793982
AT2G21590,0.03104490119798654
AT2G21595,1.8730852100772803
AT2G21600,0.4886565927634449
AT2G21610,2.6551264287920437
AT2G21620,0.2619055354223354
AT2G21630,0.3674858887552886
AT2G21640,-0.24760600980872374
AT2G21650,0.4210039023937528
AT2G21660,0.01470775178970047
AT2G21710,-0.23151762905650647
AT2G21720,-0.08431408083632463
AT2G21730,-0.7637697554820205
AT2G21770,-0.6789854472899279
AT2G21780,3.174133724461788
AT2G21790,-0.5510093866164814
AT2G21800,0.057777226757306066
AT2G21820,0.6189872326912628
AT2G21830,-1.358304819839186
AT2G21840,0.06848538149448095
AT2G21850,0.12781445786632506
AT2G21860,-0.3081627336530544
AT2G21870,0.06457843928541404
AT2G21880,0.4571905230561505
AT2G21890,-0.15271397058119676
AT2G21900,4.791605118279222
AT2G21910,1.8730318233610872
AT2G21930,0.8233719427695301
AT2G21940,-0.8234642468300369
AT2G21950,0.19093001276312632
AT2G21960,-0.18848053634523174
AT2G21970,-0.13266112618876222
AT2G21990,-1.150348578769277
AT2G22000,-0.04087258169830402
AT2G22010,0.21040215075417115
AT2G22040,-1.87785450462112
AT2G22060,-2.6826615294764204
AT2G22070,0.06956754666731388
AT2G22080,-0.3542083867157735
AT2G22090,-0.2234659556480069
AT2G22088,-0.35926968125375613
AT2G22100,0.0723384749665658
AT2G22120,0.22721443972291744
AT2G22122,-0.1801738302525499
AT2G22125,1.34749038707672
AT2G22140,0.16486965778852403
AT2G22170,0.3728553922322341
AT2G22180,0.8375173147409484
AT2G22190,0.5075476704652608
AT2G22200,-1.3968908179601138
AT2G22230,-0.1911575786744956
AT2G22240,-0.33080782964623223
AT2G22250,0.17844192487778368
AT2G22260,-0.5498538362661978
AT2G22270,0.881522663587715
AT2G22290,-2.094758837069838
AT2G22300,0.7046979823518997
AT2G22310,-0.4640435631749357
AT2G22330,-0.07952545540919806
AT2G22340,-1.47234962810023
AT2G22360,-0.045512802005790935
AT2G22370,0.57493074754595
AT2G22400,-0.1385550873207403
AT2G22410,-0.21793642321027354
AT2G22420,-1.3236707154195562
AT2G22425,0.34885895621426377
AT2G22430,-0.24577353567770077
AT2G22450,0.41361872450191844
AT2G22460,-0.07490620582269002
AT2G22465,-2.6826615294764204
AT2G22470,4.7284883752068385
AT2G22475,1.4165878417542819
AT2G22480,0.7303879976133993
AT2G22490,-0.45412189800286595
AT2G22500,4.173277273087492
AT2G22510,0.17082376968792504
AT2G22530,-0.3793970699579351
AT2G22540,-1.133477055338807
AT2G22560,0.6986155845445474
AT2G22570,-0.21295651767838047
AT2G22590,-1.1620552960604467
AT2G22600,0.06447358742762699
AT2G22610,0.14925352831317285
AT2G22620,-0.6587236450757548
AT2G22630,0.2707400143853567
AT2G22640,0.09388335669301419
AT2G22650,-1.2825545121276192
AT2G22660,-0.6322083279294575
AT2G22670,-0.4020430974934881
AT2G22680,0.47410133267721744
AT2G22690,-0.02170278753526496
AT2G22720,0.4460165342900225
AT2G22730,-0.7533728557919169
AT2G22740,0.22199015178242282
AT2G22760,4.110670368424876
AT2G22770,-0.7256181641644527
AT2G22780,0.4175677794988541
AT2G22790,0.7883098887399016
AT2G22795,0.8865513163535792
AT2G22800,-1.2183274123258396
AT2G22810,-2.1262560967315856
AT2G22820,-0.4387504217945915
AT2G22830,-0.21499182757587293
AT2G22840,-0.028165516028002543
AT2G22850,1.1175337107453862
AT2G22860,4.821336257748576
AT2G22870,1.2880954318088114
AT2G22880,8.971747823320507
AT2G22890,1.1678640428872398
AT2G22900,0.2801621550516522
AT2G22905,1.5752567639384285
AT2G22910,0.7196082104040528
AT2G22920,-0.07656476147659727
AT2G22930,0.2939189022892548
AT2G22960,1.8728773498034657
AT2G22970,-0.9833290110736435
AT2G22980,-1.299883133532959
AT2G22990,-1.0131907588503952
AT2G23000,-0.5102925804075328
AT2G23010,-1.9813453309562372
AT2G23030,0.10623761410545374
AT2G23050,0.14171680221680466
AT2G23060,-1.9470307917452367
AT2G23070,0.09188345447101667
AT2G23080,0.03629769340477741
AT2G23090,-0.03889158866221178
AT2G23093,-0.09237345129631185
AT2G23096,2.9386584943003613
AT2G23100,2.402218525255759
AT2G23110,1.5795910795476547
AT2G23120,2.569421662976733
AT2G23130,2.109555077252863
AT2G23140,0.4663789286594132
AT2G23150,0.625744467332398
AT2G23170,0.0780325868246358
AT2G23180,-2.0751687021712493
AT2G23190,2.6551264287920437
AT2G23200,-0.7542924598749785
AT2G23210,0.7382674976363065
AT2G23270,3.5328140478313754
AT2G23290,0.42663951014092333
AT2G23300,0.4765891824700221
AT2G23310,0.29346823680805806
AT2G23320,1.221212735450595
AT2G23340,0.7276027776786521
AT2G23348,-1.4021337883144025
AT2G23350,-0.10556087930486427
AT2G23360,-0.39216856835923164
AT2G23370,0.2194678776088074
AT2G23380,0.6377269368393983
AT2G23390,-0.5616790521142401
AT2G23400,0.6814314822867455
AT2G23410,0.24552474997840334
AT2G23420,-0.13753071441961634
AT2G23430,-0.32706947485048277
AT2G23450,0.8193009370300095
AT2G23460,0.11309915164001125
AT2G23470,-0.5284359494401666
AT2G23520,0.09148167296685752
AT2G23530,-0.09791979564707833
AT2G23540,-0.4282619828048786
AT2G23550,-0.5675101634206956
AT2G23560,-0.2787944448994713
AT2G23590,-0.07455154157473166
AT2G23600,-0.2592321446745859
AT2G23610,0.0675363532696711
AT2G23620,0.7215047496789138
AT2G23630,-0.060886952312784064
AT2G23640,2.696276678122706
AT2G23670,-0.13009389290369305
AT2G23680,1.8730616898488448
AT2G23690,1.7587614576529007
AT2G23700,-0.6309938921728351
AT2G23740,0.20147067853533943
AT2G23755,-0.029273967206990777
AT2G23760,-0.02017636086558398
AT2G23770,0.9790847748254923
AT2G23780,-0.1285664474020459
AT2G23790,2.1378491891182683
AT2G23810,1.9006060086852592
AT2G23820,0.18057684219689465
AT2G23830,2.6623377602122282
AT2G23840,-0.9454442734975724
AT2G23890,-0.21246923996216116
AT2G23910,-0.4057989456728756
AT2G23930,0.05521252813109455
AT2G23940,0.0002487412764741355
AT2G23945,1.728140057344536
AT2G23950,-0.4344634499880763
AT2G23960,-1.5766469958312324
AT2G23970,1.9253501554376078
AT2G23980,-0.02847048869038818
AT2G23985,-0.22356508011765377
AT2G23987,4.709582410012449
AT2G24010,0.17930929472148863
AT2G24020,0.02134683869536934
AT2G24030,0.22015158486916447
AT2G24040,0.22555051663771192
AT2G24050,0.7634910216496053
AT2G24060,-0.08441691386843196
AT2G24070,-0.44558676002680353
AT2G24090,-0.07907656915732199
AT2G24100,0.5077926051980367
AT2G24120,-0.9715584371692797
AT2G24130,-1.4855545081200703
AT2G24140,0.015556935406677064
AT2G24150,-1.300908078992293
AT2G24170,0.386472444960576
AT2G24180,-0.6965256708547357
AT2G24190,-0.165105332469958
AT2G24200,-0.33212229919142366
AT2G24220,-0.45518700315351707
AT2G24230,-0.025785343020595153
AT2G24240,-0.24957032884833047
AT2G24250,-0.5572727105662262
AT2G24260,-0.16303907526257705
AT2G24270,-0.7938103798987133
AT2G24280,-0.7992633563731755
AT2G24285,5.334744915227898
AT2G24290,-0.6151672709232406
AT2G24300,-0.01939406511038847
AT2G24310,-0.508002101238476
AT2G24320,-0.8366072309626121
AT2G24330,0.9363551584547728
AT2G24350,-0.8310101152098789
AT2G24360,0.27897526611667084
AT2G24390,-0.1953107725073602
AT2G24395,0.06655974102206991
AT2G24400,-0.25642595972143295
AT2G24420,-1.0296931825377094
AT2G24430,0.11387184803143124
AT2G24440,-0.5069371934295649
AT2G24490,-0.46864792846316705
AT2G24500,0.18570628628509245
AT2G24520,-0.18014560846072084
AT2G24530,0.15426753603185173
AT2G24535,-1.6734263963374394
AT2G24540,-0.42218791444971393
AT2G24550,0.449693133306453
AT2G24560,1.7582391349486093
AT2G24570,0.6954998024393855
AT2G24580,-0.06580142388449071
AT2G24590,0.4536296748504577
AT2G24600,4.121590251064139
AT2G24610,0.8812601879537185
AT2G24630,-0.05978588571322492
AT2G24640,0.7477883860410407
AT2G24645,-1.235982209029336
AT2G24650,-0.7079376266603563
AT2G24680,-0.3364802695379787
AT2G24681,-2.6826615294764204
AT2G24683,-2.6826615294764204
AT2G24690,-0.6403908427784465
AT2G24692,-0.6210944392742594
AT2G24696,-2.674639620965142
AT2G24700,-0.9043640451212523
AT2G24710,0.07588050878455636
AT2G24720,0.1435377625354516
AT2G24762,-1.691313387218281
AT2G24765,0.564120373242298
AT2G24780,-3.5579944875375635
AT2G24790,-0.03297502274105279
AT2G24800,0.03513340148468289
AT2G24820,-0.8265785808201168
AT2G24830,-0.3261902897642196
AT2G24850,1.8793634014954053
AT2G24860,0.29719893958360066
AT2G24870,-0.5610198073247744
AT2G24940,-0.3569309087026122
AT2G24945,-0.05803593245721694
AT2G24960,-0.5397810893496259
AT2G24970,-0.31843582419347277
AT2G24980,0.07686869047649018
AT2G24990,-0.02154963271986693
AT2G25000,-0.18298666359002344
AT2G25010,-0.22504113399213144
AT2G25050,-0.4114345064701024
AT2G25060,-0.5345185085604861
AT2G25070,-0.37156896581966026
AT2G25080,-0.5555987680668748
AT2G25090,-1.6146642268863156
AT2G25100,-0.15542369348913393
AT2G25110,-0.13418718027875273
AT2G25130,-1.31165493215936
AT2G25140,-1.4501707233147578
AT2G25150,-1.4838393034543935
AT2G25160,1.223375921391244
AT2G25170,-0.2827127037231444
AT2G25180,0.13940389714270218
AT2G25190,0.6881643283893054
AT2G25200,-0.5130241970956744
AT2G25210,0.10975497967637735
AT2G25215,-2.6724263804689485
AT2G25125,2.6623377602122282
AT2G25220,-0.1677127909592944
AT2G25240,1.2150819166692548
AT2G25250,1.0043073669137164
AT2G25260,0.5123610332641223
AT2G25270,-1.0500729759088716
AT2G25280,-0.19377593445272703
AT2G25290,0.04817349255823206
AT2G25297,3.8682898257116602
AT2G25300,0.1234977965311466
AT2G25310,-0.043190635465483664
AT2G25320,0.08055024958481144
AT2G25330,3.3984254061124917
AT2G25350,0.6059891380415431
AT2G25355,0.3654578560328336
AT2G25410,1.4353319910110998
AT2G25409,-2.6724263804689485
AT2G25420,0.021807967538072848
AT2G25430,1.4550650523574968
AT2G25440,0.8235694161154805
AT2G25450,-0.42381552016894536
AT2G25460,3.4432988419130734
AT2G25470,1.845819086022141
AT2G25480,0.017661098837966297
AT2G25490,1.1065864500640932
AT2G25510,-0.2493365231495929
AT2G25520,0.009205610600991941
AT2G25530,0.12563570798697346
AT2G25540,2.6551264287920437
AT2G25560,0.22697433985282595
AT2G25570,-0.2687996314083376
AT2G25580,-0.007793887263171304
AT2G25590,-0.37655468596563885
AT2G25600,0.7351906325271337
AT2G25605,-0.2048072074931007
AT2G25610,0.20574074104827714
AT2G25620,0.808210290454768
AT2G25625,-0.8896596247691914
AT2G25640,0.1431895415735114
AT2G25650,0.17578736843551981
AT2G25660,-0.37235349357554
AT2G25670,-0.0039477898281407965
AT2G25680,-1.6808064698694205
AT2G25690,1.058069994893888
AT2G25710,0.1616031739254868
AT2G25720,0.2137445620072116
AT2G25730,-0.3532769244568235
AT2G25735,2.238973772393384
AT2G25737,0.6123490656602758
AT2G25740,0.7200601984852119
AT2G25760,-0.07810892248582413
AT2G25770,2.416520712049446
AT2G25780,0.6227322356274799
AT2G25790,-0.49521064835316203
AT2G25800,1.1619752456724435
AT2G25810,0.06794711750823275
AT2G25820,-4.112607584996344
AT2G25830,-0.14219376579025803
AT2G25840,-0.3578518951594575
AT2G25850,0.06582095156549778
AT2G25870,-0.057543084518326404
AT2G25880,0.1606116969598647
AT2G25890,-2.260528490262953
AT2G25900,-0.5145109933374079
AT2G25910,-0.21226696565857386
AT2G25920,-0.5537309645420407
AT2G25930,-0.19016369492818078
AT2G25940,0.620009188384019
AT2G25950,-0.6681599932461434
AT2G25964,-0.27206886418656295
AT2G25970,0.017898254415411607
AT2G25980,0.04692920336003782
AT2G26000,-0.05657426329927346
AT2G26030,0.18855172080728358
AT2G26040,-0.18685743037339356
AT2G26060,-0.014354708999447366
AT2G26070,-0.2613775293973928
AT2G26080,1.1566177269192863
AT2G26100,0.6114188839631223
AT2G26110,-0.2853672779874985
AT2G26140,0.05803116930845406
AT2G26150,-0.2369427113016721
AT2G26160,-2.6724263804689485
AT2G26170,-0.16041912460342603
AT2G26180,-0.6831835059458721
AT2G26190,0.31374168129112256
AT2G26200,-0.3394657234428607
AT2G26210,-0.23909620775020313
AT2G26230,0.406948451981155
AT2G26240,-0.1639757250000776
AT2G26250,-0.06779731282967655
AT2G26260,-0.20553461767641074
AT2G26270,-0.3523413547721841
AT2G26280,0.024816345618035168
AT2G26290,-0.6049828179917
AT2G26300,-0.08734681959505666
AT2G26310,-0.42457643031416864
AT2G26330,-0.9049297619928588
AT2G26340,-0.37471862989431587
AT2G26350,-0.2536084341588942
AT2G26360,0.9993566113651837
AT2G26370,0.22103490494695507
AT2G26380,6.235010896580019
AT2G26390,1.015673719219253
AT2G26400,-0.7047243826971363
AT2G26410,0.649799010837456
AT2G26420,1.1680098105302301
AT2G26430,-0.34200461429396367
AT2G26440,1.7972506976302587
AT2G26450,2.696276678122706
AT2G26460,0.1155416057867529
AT2G26470,-0.5275273953970765
AT2G26480,-0.31785347142877435
AT2G26500,-0.20244589542741329
AT2G26510,-0.41227886845671075
AT2G26515,0.2846377546628473
AT2G26520,-0.06992830524748597
AT2G26530,3.011316682032522
AT2G26540,-0.35769688626846835
AT2G26550,-0.07224040235351234
AT2G26560,2.7027625842342102
AT2G26570,-1.0826091262676496
AT2G26580,0.34422133291033685
AT2G26590,0.2358317760532833
AT2G26600,0.2967185122101356
AT2G26640,0.15043243490999755
AT2G26650,0.5558509087243783
AT2G26660,0.14305019267174146
AT2G26670,-0.16856930043533006
AT2G26680,0.7802258284700389
AT2G26690,-1.800233663903513
AT2G26695,-0.21982574088550377
AT2G26700,0.025860907774343196
AT2G26710,-1.8832616454034925
AT2G26730,-0.39371221994866895
AT2G26740,0.14486708481768668
AT2G26750,0.2164952826220494
AT2G26760,-0.4704384881096111
AT2G26770,-0.09257961050444528
AT2G26780,-0.09187516089252766
AT2G26790,0.28260556723846125
AT2G26800,0.09843040387675461
AT2G26810,-0.0048857746215561155
AT2G26820,0.9061418229809601
AT2G26830,0.1642151738223023
AT2G26840,-0.7331408264918224
AT2G26860,-1.011202507297003
AT2G26870,-0.2829406270007246
AT2G26890,0.16201748541565184
AT2G26900,-0.26732168290936487
AT2G26910,-0.6949711939794446
AT2G26920,-0.03325336090541723
AT2G26930,-0.12063462783909418
AT2G26960,-2.6724263804689485
AT2G26970,-0.26731133251953515
AT2G26975,-1.0551223077039151
AT2G26980,-0.3327272514970463
AT2G26990,-0.017026486590529463
AT2G27000,-0.07449636460560743
AT2G27010,-0.3405396779801136
AT2G27020,0.2858398314703517
AT2G27030,0.362428927290904
AT2G27035,-1.0787621054005552
AT2G27040,-0.6345237348887769
AT2G27050,-0.4566856548721259
AT2G27060,-0.9526819166690206
AT2G27080,4.369251113143074
AT2G27090,0.36793051574730956
AT2G27100,0.014019677790151562
AT2G27110,-0.03602997976366459
AT2G27120,-2.674639620965142
AT2G27130,0.5059303379170558
AT2G27140,-0.38046771735411317
AT2G27150,0.216273234800552
AT2G27170,-0.16394584563388345
AT2G27180,0.02731501712083487
AT2G27190,-0.5125862185451798
AT2G27200,-0.3205934589340205
AT2G27210,0.27257687461184055
AT2G27220,1.4354868795020315
AT2G27229,0.1029815841161398
AT2G27230,-0.5507192024131518
AT2G27240,1.4674206232516818
AT2G27250,3.533122674160285
AT2G27260,1.2066797901744193
AT2G27280,-2.1788067941237856
AT2G27285,-0.12095939356618059
AT2G27290,-0.23887053303441153
AT2G27300,0.21539351404274026
AT2G27310,0.09105754222635333
AT2G27330,0.17128587369241952
AT2G27340,0.24709841228367538
AT2G27350,0.08976428754434862
AT2G27360,0.4674630128628409
AT2G27370,0.38063232224463805
AT2G27385,-1.7855677501770422
AT2G27389,1.819317883418822
AT2G27402,-0.4179551970074607
AT2G27420,-2.0937291682178807
AT2G27430,0.9967008052810393
AT2G27450,-0.250895249844959
AT2G27460,0.5034880745386306
AT2G27470,-0.17113349775916004
AT2G27480,-0.36808530547113444
AT2G27490,0.0800223095950943
AT2G27500,2.2021123265602136
AT2G27505,4.558817086336159
AT2G27510,0.19913713066779354
AT2G27530,0.09283822784121472
AT2G27550,1.0010761840037583
AT2G27580,0.5881727613443717
AT2G27590,-0.31793826586802815
AT2G27600,0.33598472901945775
AT2G27610,0.5954988072580536
AT2G27630,0.24073437343033763
AT2G27650,0.6896886608506033
AT2G27660,2.4505170498423707
AT2G27680,-0.10430029791966565
AT2G27690,6.4106722380130625
AT2G27700,2.6623377602122282
AT2G27710,0.2568065075581945
AT2G27720,0.07947920781231718
AT2G27730,0.21403847728801403
AT2G27740,-0.2615807683978274
AT2G27760,0.2542645424050408
AT2G27770,-1.3553137068751708
AT2G27775,0.17990343442997864
AT2G27780,2.6551264287920437
AT2G27790,-0.19892583231379346
AT2G27800,-0.08198844948486862
AT2G27810,0.14543343037645493
AT2G27820,-0.04095293145150751
AT2G27830,0.6960635935710956
AT2G27840,0.15440106568882161
AT2G27860,1.0017483451048887
AT2G27880,1.1066321010692295
AT2G27900,0.1760602779372001
AT2G27920,-0.18403143918407688
AT2G27930,0.1083122011680951
AT2G27950,-0.1874760892740517
AT2G27960,-0.22242257971157825
AT2G27970,-0.19788332621897112
AT2G27980,-0.15265323674310574
AT2G27990,-1.2304496966551823
AT2G28000,-0.4777662387967256
AT2G28040,0.24130325003422912
AT2G28050,0.31036064879401903
AT2G28060,-0.1168556452122096
AT2G28070,-0.8143717573075641
AT2G28080,1.4722102739305436
AT2G28085,-2.674639620965142
AT2G28100,-0.42387074861746027
AT2G28105,0.321900220890587
AT2G28110,-0.6484479702709811
AT2G28120,0.6620696328991678
AT2G28130,0.49601027380561763
AT2G28140,0.19793229579457797
AT2G28150,-0.8922829452486299
AT2G28160,-0.240962173634572
AT2G28190,-0.24389658925467378
AT2G28200,-0.046087841943846006
AT2G28210,-1.743439606650068
AT2G28225,2.696276678122706
AT2G28230,-0.14996131988067682
AT2G28240,-0.4019758028463116
AT2G28250,-0.7310154154225983
AT2G28260,-0.17136006796306136
AT2G28270,0.3341367025644351
AT2G28290,-0.47633567593239895
AT2G28305,1.1458937038283317
AT2G28310,-0.16259360695000508
AT2G28315,-0.11640729809398453
AT2G28320,0.012125495930016435
AT2G28330,0.2045125887119444
AT2G28340,0.45040285574774297
AT2G28350,-0.6353186195509064
AT2G28360,0.6015290293714104
AT2G28370,-0.32477681620349474
AT2G28380,0.01581567420616568
AT2G28390,0.3533812065837565
AT2G28400,2.4086105351678846
AT2G28410,-1.705279371261878
AT2G28420,-1.1711802077372475
AT2G28430,-0.09562814909494245
AT2G28440,-0.32205783613734307
AT2G28450,-0.22819915723808992
AT2G28460,1.4513624062160027
AT2G28470,-0.9935929703162881
AT2G28480,-0.22492174678115448
AT2G28490,3.1598874365137983
AT2G28500,-0.11575371976474284
AT2G28510,0.7056683429743215
AT2G28520,0.9154673371854605
AT2G28540,-0.26647190111810354
AT2G28550,-0.5316760898969636
AT2G28560,0.49456573426586387
AT2G28570,2.433649735957847
AT2G28580,0.5331492038234283
AT2G28590,0.24674455746991156
AT2G28600,0.024663197273773845
AT2G28605,-0.5393827590364446
AT2G28610,1.8735478322898695
AT2G28620,-0.29888966387739174
AT2G28630,0.6964822319881623
AT2G28650,0.6105335985416313
AT2G28660,0.08099837796862695
AT2G28671,0.4366934894435009
AT2G28670,-0.40037160579032716
AT2G28680,2.6551264287920437
AT2G28690,0.44017564084833355
AT2G28700,-0.6673461336787275
AT2G28710,-0.47278440719414466
AT2G28720,-0.5450972076483896
AT2G28740,0.11242619027642227
AT2G28755,-0.059384962492785555
AT2G28760,-0.2977285265823969
AT2G28780,0.3254294621593148
AT2G28790,-0.27607079969825155
AT2G28800,-0.2496092188604818
AT2G28810,-0.3874567752494303
AT2G28815,0.4109394842081716
AT2G28830,0.3020082356331874
AT2G28840,0.32721873083727243
AT2G28850,2.6623377602122282
AT2G28870,0.07100664099623999
AT2G28880,0.25672564457730374
AT2G28890,0.7597716430674805
AT2G28900,-0.05114808406089562
AT2G28910,-0.2529896121222435
AT2G28920,-1.795363326350677
AT2G28930,0.1417585492407573
AT2G28940,-0.9347335849566698
AT2G28950,-1.5181561803767494
AT2G28960,0.2850879938532854
AT2G28970,0.07151228387926885
AT2G28990,-0.7097043329533416
AT2G29000,1.7584790775133181
AT2G29020,0.3006163859027237
AT2G29050,0.37702348106372696
AT2G29060,1.0597042008441246
AT2G29065,0.6602467463167586
AT2G29070,0.32625609030103386
AT2G29080,0.24044980413825193
AT2G29090,0.9889851883344692
AT2G29100,2.696276678122706
AT2G29110,4.025487171423966
AT2G29120,1.298898513181669
AT2G29125,-0.08609664054534062
AT2G29130,-0.21193476953656165
AT2G29140,-0.33635366666074884
AT2G29150,1.8728773498034657
AT2G29170,-0.9465379293008488
AT2G29180,-0.6375222816322574
AT2G29190,-0.22868572438177234
AT2G29200,-0.3074439355457798
AT2G29210,0.34393451415126364
AT2G29260,-0.2553534014523076
AT2G29263,0.8300694379238011
AT2G29290,-0.8920958105122295
AT2G29300,-1.4966032161025782
AT2G29310,-1.219930863708399
AT2G29320,-1.6334926824611475
AT2G29330,-0.16197233800110789
AT2G29340,-1.0152646962802843
AT2G29350,-2.0410483071741092
AT2G29360,-0.2695384278320046
AT2G29370,1.6607742393397824
AT2G29380,-1.446690955111114
AT2G29390,-0.21513693503748135
AT2G29400,-0.8323714558317447
AT2G29410,-1.0543415586278455
AT2G29420,-0.013124537408606448
AT2G29440,1.0217334214484242
AT2G29450,-1.7249315456556498
AT2G29460,0.5050924693641831
AT2G29480,1.081478368913957
AT2G29490,0.23272378685484227
AT2G29500,-1.2357583744666363
AT2G29510,0.8385742532359733
AT2G29525,-0.4100547264723255
AT2G29530,0.1356324276349341
AT2G29540,0.20180185561250819
AT2G29550,0.9863974295903961
AT2G29560,0.5863406855636243
AT2G29570,-0.21930720586771013
AT2G29580,-0.16762722840886052
AT2G29590,-0.48903371555706887
AT2G29600,-2.674639620965142
AT2G29620,-0.6806251368461702
AT2G29630,-1.1339425271657402
AT2G29640,0.49628137863376365
AT2G29650,-0.6886173544151756
AT2G29660,-0.22110899155943575
AT2G29670,-0.48156825751664223
AT2G29680,-0.3253386034174846
AT2G29690,0.15773411185297315
AT2G29700,0.5603008489203343
AT2G29710,0.3223948894490631
AT2G29720,1.3685702605116437
AT2G29730,0.42213755332259956
AT2G29740,1.7255004262742697
AT2G29750,-0.15064143525696852
AT2G29760,0.05390647037897524
AT2G29800,1.8730852100772803
AT2G29890,-0.269550951875299
AT2G29900,0.014313239824217264
AT2G29910,-0.39393613550125456
AT2G29940,-0.6478278995378858
AT2G29950,0.9128400698273058
AT2G29960,-0.0032085926375242015
AT2G29970,-0.3632789180840641
AT2G29980,-0.46232772620198526
AT2G29990,-0.14877888862329855
AT2G29995,0.23128894841689532
AT2G30000,0.10435159212998198
AT2G30010,0.23739386775994425
AT2G30020,2.2393270336848428
AT2G30040,2.197636448712367
AT2G30050,0.6443588680658215
AT2G30060,0.6287342462904806
AT2G30070,-0.6764310892707406
AT2G30080,-0.28038658732882127
AT2G30090,-1.8778757470751295
AT2G30100,-0.5611351408236538
AT2G30105,0.2284008939692762
AT2G30110,0.40764440139513425
AT2G30120,0.3403752926941059
AT2G30130,0.7222755953554345
AT2G30140,0.004436886115294934
AT2G30150,-0.8364627046080136
AT2G30160,0.12417202569960954
AT2G30170,-0.2530300328167582
AT2G30200,-0.03897630829847638
AT2G30210,0.18243304830583953
AT2G30220,2.161500490391132
AT2G30230,1.2835232291210896
AT2G30240,2.6551264287920437
AT2G30250,2.0150134607163404
AT2G30260,0.2310121536310939
AT2G30270,0.35309965133126736
AT2G30280,-0.16977429247148904
AT2G30320,0.497194516332178
AT2G30330,0.2426283037996347
AT2G30340,0.6859481108817884
AT2G30350,0.15242110488977403
AT2G30360,2.305313061715153
AT2G30370,-0.44864287167063427
AT2G30380,-0.4725931971855423
AT2G30390,-0.47627293600876947
AT2G30395,0.3110296552011981
AT2G30400,0.6817360849454656
AT2G30410,0.16448540079579013
AT2G30420,-1.214331080502229
AT2G30424,1.2395539586527058
AT2G30432,0.9486811492757797
AT2G30440,0.8996375017688956
AT2G30460,-0.10831245271673663
AT2G30470,0.3617179068327804
AT2G30480,-0.40355369584556894
AT2G30490,-0.13848093579938558
AT2G30500,0.2395279294166114
AT2G30505,0.3615985341187481
AT2G30520,-1.216910190428996
AT2G30530,-0.1284512670766156
AT2G30540,0.9318430655480152
AT2G30550,0.6102816901780443
AT2G30570,-0.5363205941500381
AT2G30575,0.7552138123606339
AT2G30580,0.470343936021781
AT2G30590,0.8410174270137214
AT2G30600,1.6320968134919982
AT2G30615,1.5861903945858273
AT2G30620,0.7478799252275796
AT2G30630,-0.3754286744364352
AT2G30650,-2.6724263804689485
AT2G30660,-0.14420526775151316
AT2G30670,0.04881935408673582
AT2G30680,-0.625578189127463
AT2G30690,-0.9451832723682654
AT2G30695,-0.1034405395433508
AT2G30700,-0.3510541096102969
AT2G30710,0.35908948204097296
AT2G30720,0.8915455706603658
AT2G30730,-4.162507759996408
AT2G30740,0.346724965865068
AT2G30750,-2.0820852422847054
AT2G30766,-2.453559849104535
AT2G30770,-2.6724263804689485
AT2G30780,0.19854368157158547
AT2G30790,-1.6563550084587992
AT2G30800,0.1207278539791921
AT2G30820,0.08755541654270735
AT2G30840,-0.23654330650635916
AT2G30860,-0.4568528943726434
AT2G30870,1.7417547068860564
AT2G30880,0.6657589793590978
AT2G30890,0.3247053323680453
AT2G30900,0.6413166779428446
AT2G30910,0.36893173501616416
AT2G30920,-0.3269612561507018
AT2G30930,1.664035077372757
AT2G30933,-0.2800760436253718
AT2G30940,2.6551264287920437
AT2G30942,0.48742350337736995
AT2G30950,-0.18008924533581705
AT2G30960,0.3178704703708068
AT2G30970,0.5155591206991421
AT2G30980,0.05513781691451316
AT2G30985,-2.674639620965142
AT2G30990,1.7588863652519104
AT2G31010,2.2291670330547544
AT2G31020,0.5596013517223885
AT2G31040,-0.4010081767952402
AT2G31060,0.49764144282777767
AT2G31070,0.2865723465570136
AT2G31081,0.09934808202780797
AT2G31082,4.467308975588321
AT2G31083,-1.214262292022769
AT2G31085,1.3018048963856323
AT2G31090,0.9059246956996055
AT2G31110,0.787675299915358
AT2G31130,-0.4367341842075002
AT2G31140,-0.10474265771371152
AT2G31141,-0.9390304432171931
AT2G31150,-0.876132054514416
AT2G31160,-0.9027774226262955
AT2G31170,-0.07239357130098134
AT2G31180,0.9730656505335292
AT2G31190,-1.1750024418662388
AT2G31200,0.5816211144979939
AT2G31220,1.209374425125007
AT2G31230,-0.3062276702467868
AT2G31240,0.5606852543926167
AT2G31250,0.385637949226017
AT2G31260,-0.3563781220615479
AT2G31270,0.8915785974552383
AT2G31280,-0.42571377700272717
AT2G31290,-0.8550246638374517
AT2G31300,0.01910373021842016
AT2G31305,0.6777682017190493
AT2G31310,-1.795363326350677
AT2G31320,-0.186628770442441
AT2G31340,0.4991547104352022
AT2G31350,0.007065139568460263
AT2G31360,0.6399520393930805
AT2G31370,0.7945741175181386
AT2G31380,-0.8248988800488054
AT2G31390,0.423066033903026
AT2G31400,0.1153266588861355
AT2G31410,0.34243879220105455
AT2G31440,-0.29022754560314995
AT2G31450,-0.35993106854868784
AT2G31480,-0.06486189351771525
AT2G31490,-0.2218114607185825
AT2G31500,0.6099023063533676
AT2G31510,-0.3048196530351866
AT2G31530,0.23158841983763395
AT2G31540,-1.5647641641816088
AT2G31560,-1.5240817889704001
AT2G31570,-0.14913448514743982
AT2G31580,0.24395114220662567
AT2G31600,-0.5631907737383487
AT2G31610,0.1434099509620964
AT2G31650,0.09709110844735735
AT2G31660,-0.02180266956623468
AT2G31670,-0.4943568964512663
AT2G31680,0.5648769952279669
AT2G31710,0.2923739989855327
AT2G31725,0.3428178355640314
AT2G31730,0.8013681264891238
AT2G31740,-0.08734782601471462
AT2G31750,-0.5040044349306081
AT2G31790,-1.0797186630544349
AT2G31800,0.6375968600326964
AT2G31810,0.6690878400810186
AT2G31820,0.06222762448124436
AT2G31830,-1.4627109819880126
AT2G31840,-0.6011771901628832
AT2G31865,2.2184913419032273
AT2G31870,0.16931338423339573
AT2G31880,2.282424171767547
AT2G31890,-0.47652597574195577
AT2G31900,0.020968563209727637
AT2G31910,-0.21766007244150723
AT2G31920,-1.4474930849839351
AT2G31930,1.0849937202071858
AT2G31940,0.24119893237541729
AT2G31945,1.7987559489894995
AT2G31955,0.03783271438384101
AT2G31960,-0.5079434198758036
AT2G31970,-0.27029025685575003
AT2G31980,1.0758510595273527
AT2G31990,0.656885248778182
AT2G31985,3.3984254061124917
AT2G32000,-0.11895545304249645
AT2G32010,-2.4770113872214106
AT2G32020,2.1171923734183977
AT2G32030,4.047470161189864
AT2G32040,-0.042162219193749705
AT2G32050,2.6551264287920437
AT2G32060,0.2809365914832922
AT2G32070,0.9217434060220367
AT2G32080,-0.5321242320989107
AT2G32090,-1.1646835746838315
AT2G32100,-2.1214141842981107
AT2G32120,-1.3347313558212421
AT2G32140,6.846613649612576
AT2G32150,0.8849487402288927
AT2G32160,0.04916067630470185
AT2G32170,-0.47059786710379464
AT2G32180,-0.4887834557320783
AT2G32190,5.74107931664359
AT2G32200,11.735137718348655
AT2G32210,5.710905792327442
AT2G32220,1.1438162864636836
AT2G32230,-0.3566867521792154
AT2G32235,1.033594048983658
AT2G32240,1.9081029011557955
AT2G32250,1.4657490709157048
AT2G32260,0.07999261592692124
AT2G32270,-0.41777848057060984
AT2G32280,-0.39766565197407416
AT2G32290,-0.22841003869245383
AT2G32295,-0.4853965914888529
AT2G32300,0.1814575368637362
AT2G32320,0.09839881747491329
AT2G32340,-0.03318656962111008
AT2G32350,2.6551264287920437
AT2G32370,-0.04468288295834541
AT2G32380,0.5794871961912301
AT2G32390,0.004808218186207387
AT2G32400,-0.44368478989124294
AT2G32410,-0.3203689069776828
AT2G32415,-0.4598621717980614
AT2G32430,-0.7082659788172557
AT2G32440,-0.8653196437594488
AT2G32450,0.19161178417782904
AT2G32460,4.869834992619934
AT2G32470,-0.6061518787874581
AT2G32480,-0.3433941816672503
AT2G32487,1.115312267002421
AT2G32500,-0.039012809758343085
AT2G32510,0.5363460743337823
AT2G32520,-0.4281280583966646
AT2G32530,-1.8179821878934097
AT2G32540,-1.4320402336490112
AT2G32550,-0.24013005798611356
AT2G32560,0.330217589493531
AT2G32580,0.9820340917341303
AT2G32590,0.09527004739475636
AT2G32600,0.23286952188496557
AT2G32610,0.2010212856626603
AT2G32620,-0.056612578943760816
AT2G32630,-0.3277523817611476
AT2G32640,-0.1847476830429041
AT2G32650,-0.5101020353041368
AT2G32645,2.696276678122706
AT2G32660,1.009040778090615
AT2G32670,-0.24779316644335553
AT2G32680,0.05367866856702578
AT2G32690,-0.7607000250566601
AT2G32700,0.3371449127935716
AT2G32710,-0.3927683777642665
AT2G32720,-0.4310902674079901
AT2G32730,0.0916519658451226
AT2G32740,2.401338268662282
AT2G32750,0.05431286467878048
AT2G32760,0.5151642467203478
AT2G32765,-0.031186486094140452
AT2G32770,0.11655187706482667
AT2G32780,2.6551264287920437
AT2G32790,-0.9393774912044202
AT2G32800,0.19523608600852932
AT2G32810,-0.050244352871685764
AT2G32830,0.28535984978118517
AT2G32840,0.5058430231856762
AT2G32850,0.6420618665855307
AT2G32860,-0.1569654036485237
AT2G32870,-0.4574606561823488
AT2G32880,-0.24849827311138994
AT2G32885,-2.087190558181016
AT2G32890,2.696276678122706
AT2G32900,0.6735264501197613
AT2G32910,0.17380156387448384
AT2G32920,0.02419436436534312
AT2G32930,1.3374203752438434
AT2G32940,-0.023874998782782684
AT2G32950,-0.05330798236199676
AT2G32960,0.05905680758081479
AT2G32970,-0.5264500932421096
AT2G32980,0.7849927589231203
AT2G32990,-0.2299347928134324
AT2G33000,1.3473580807391705
AT2G33010,2.6551264287920437
AT2G33020,2.2352280739934476
AT2G33040,0.11402794741296092
AT2G33050,-0.8858264789206487
AT2G33060,-1.238931523375133
AT2G33070,-1.7273764106055238
AT2G33080,-2.6826615294764204
AT2G33100,1.065697635754747
AT2G33110,1.9619180429702194
AT2G33120,1.3127754878238942
AT2G33130,3.5328140478313754
AT2G33150,-0.12126584631135734
AT2G33160,-0.9391801484627172
AT2G33170,0.6144032793354955
AT2G33175,2.1726869706185465
AT2G33180,0.06302857110611149
AT2G33200,2.6551264287920437
AT2G33205,0.03380924078424112
AT2G33210,0.5560930725962289
AT2G33220,-0.07213809725096422
AT2G33230,2.6551264287920437
AT2G33240,-0.36452426145915284
AT2G33250,-0.9499653148654411
AT2G33255,-0.7290582368193936
AT2G33260,0.4024761396188263
AT2G33280,-1.767847589776421
AT2G33290,0.05242728997966338
AT2G33300,3.6021136418851913
AT2G33310,-0.4251268643917664
AT2G33320,1.0571350611804393
AT2G33330,0.5796254762549555
AT2G33340,-0.16005325262052403
AT2G33350,-3.6056265338478264
AT2G33360,-0.28400256857351874
AT2G33370,-0.028078952685899265
AT2G33380,-0.5774572286681388
AT2G33385,-0.6746352454411425
AT2G33390,0.5108997879728681
AT2G33400,-0.4384093603951318
AT2G33410,0.15561507333343458
AT2G33420,-3.5579944875375635
AT2G33435,-0.05063050110078191
AT2G33450,-0.15837910709249634
AT2G33460,1.0600344781078515
AT2G33470,0.2954018203101238
AT2G33480,-0.7944312471343214
AT2G33490,-0.12520340184372677
AT2G33500,-0.6820994564023946
AT2G33510,-1.199330969086969
AT2G33530,-0.4222943714309131
AT2G33540,0.4924213322901415
AT2G33550,-0.06218481307176306
AT2G33560,-0.4814204472358245
AT2G33570,2.7919796714840404
AT2G33580,1.9964106614418033
AT2G33585,0.05399574677573435
AT2G33590,0.22118837915764888
AT2G33600,0.022683016125288308
AT2G33610,-0.041314525804662904
AT2G33620,-0.1304027284707739
AT2G33630,-0.22149581428035056
AT2G33640,-0.23319183564213555
AT2G33670,-1.87785450462112
AT2G33680,0.13771845940561142
AT2G33700,0.4689933454561599
AT2G33710,0.8376380376258691
AT2G33720,2.6551264287920437
AT2G33730,0.379108940511271
AT2G33735,-1.4380702292434164
AT2G33740,-0.7508591660481747
AT2G33750,-1.3666085177189595
AT2G33760,0.08913704856708785
AT2G33770,-0.004086698705242508
AT2G33775,0.41605827035645315
AT2G33790,0.03279276235605748
AT2G33793,-0.026214285954884967
AT2G33796,2.696276678122706
AT2G33800,-0.27105317500156734
AT2G33810,-1.371733167107039
AT2G33820,-0.2636594572607334
AT2G33830,0.3481526769764996
AT2G33835,-0.17888133238844187
AT2G33840,-0.008797105744610456
AT2G33845,0.05277551914449649
AT2G33847,0.6954361554773302
AT2G33850,-1.0774321161225446
AT2G33855,-0.5309060346676964
AT2G33860,-1.4707847488163022
AT2G33880,-2.6826615294764204
AT2G33980,-0.25331221673209137
AT2G33990,-0.28467441243172087
AT2G34000,1.8673063606218945
AT2G34010,0.7685609060723476
AT2G34020,0.6138649921344924
AT2G34030,-0.7419404571920928
AT2G34040,-0.22245734433306702
AT2G34050,0.8768063763467798
AT2G34060,-0.6987573061488297
AT2G34070,0.7597227771868255
AT2G34110,2.6551264287920437
AT2G34080,-0.8889006613696461
AT2G34090,1.2603087747762074
AT2G34140,0.11667319719033967
AT2G34150,-0.6780819459253719
AT2G34160,0.11557287064472463
AT2G34170,-1.1932556023397645
AT2G34180,-0.17945255583191674
AT2G34185,0.007447839510802601
AT2G34190,-0.0726740161005275
AT2G34200,0.2778588202088231
AT2G34220,-0.10814014317444574
AT2G34224,-0.6099430309245328
AT2G34230,-0.5558546821225849
AT2G34238,0.11943647208072548
AT2G34240,0.5145480444737118
AT2G34250,0.7709907268145737
AT2G34260,0.3447465586701378
AT2G34300,2.1432813305379117
AT2G34310,0.008571210333812073
AT2G34320,1.5469994586543439
AT2G34325,2.198777819363586
AT2G34340,0.28055874167728106
AT2G34350,-0.17692053619108775
AT2G34355,0.3420049331497447
AT2G34357,0.08856187908861148
AT2G34360,1.6181200495093067
AT2G34370,4.468043335242367
AT2G34380,-0.2009775719820203
AT2G34390,-1.0519838268636226
AT2G34400,-0.06360491412038609
AT2G34410,0.23556088519638874
AT2G34420,-0.8140499868397427
AT2G34430,-0.8302662893382919
AT2G34450,-0.10284219896358357
AT2G34440,0.24335402113902468
AT2G34460,-0.08362686809011043
AT2G34470,-0.8562659903316546
AT2G34480,-0.045118281809269745
AT2G34490,-1.9871331939273782
AT2G34500,0.3266812252496242
AT2G34510,1.0697514839418507
AT2G34520,0.28065161471248623
AT2G34530,0.3080928691546089
AT2G34540,1.0093966187244388
AT2G34555,1.2946896458496673
AT2G34560,-0.6001382898728985
AT2G34570,0.3940261981131025
AT2G34580,-0.43468551479951306
AT2G34585,0.12152898373695524
AT2G34590,-0.19807051248355328
AT2G34600,3.247482854745135
AT2G34610,1.7612791496154112
AT2G34620,-1.906374013072085
AT2G34630,0.23373050088758004
AT2G34640,-0.12559442968641796
AT2G34650,1.3722914104471977
AT2G34655,-0.11704159501457445
AT2G34660,-0.19701267409405449
AT2G34670,0.17884913906194227
AT2G34680,-0.07728760170398183
AT2G34690,0.20868679570205126
AT2G34700,2.696276678122706
AT2G34710,-0.5232921703469523
AT2G34720,-0.5695951652807191
AT2G34730,-0.44788643327098343
AT2G34750,0.22057185441274865
AT2G34770,1.494266595915178
AT2G34780,-0.08801136368282836
AT2G34790,0.26635707221028854
AT2G34810,-0.11330818678211037
AT2G34830,0.41865869490568125
AT2G34840,0.10852503364034967
AT2G34850,-0.5745735913264226
AT2G34860,-0.16820158881583983
AT2G34880,3.3984254061124917
AT2G34900,-0.32453244618896804
AT2G34910,0.46142102539538543
AT2G34920,-0.2695872842755893
AT2G34925,-1.8743555575530906
AT2G34930,2.466499455812921
AT2G34940,-0.293298089648362
AT2G34960,0.07844477496686482
AT2G34970,0.38088365408641056
AT2G34980,0.3061854753277545
AT2G34990,-1.503576417336591
AT2G35000,-0.43916399477533424
AT2G35010,-0.20191797488160776
AT2G35020,0.05334028405087879
AT2G35030,0.35624498820433187
AT2G35035,-0.2819330269587941
AT2G35040,-0.03987772945001987
AT2G35050,0.3988073899667107
AT2G35060,-1.7242666246390026
AT2G35070,1.1431563571994983
AT2G35075,-1.4365103328738604
AT2G35100,0.8122911235549521
AT2G35110,-0.1256323443692303
AT2G35120,0.029394720186671393
AT2G35130,-1.3730969735187704
AT2G35140,-0.9127168229006725
AT2G35150,0.3492996923324419
AT2G35155,-0.6726125511616452
AT2G35160,0.23190163538382016
AT2G35170,0.5525407630982039
AT2G35190,1.403802275309
AT2G35200,-0.37479823487183184
AT2G35210,2.2488473614310163
AT2G35230,0.9554632210778338
AT2G35240,0.01969317049042878
AT2G35260,-0.8277643425432686
AT2G35270,0.14255157356126874
AT2G35290,3.8806345476289206
AT2G35300,0.3126974669004848
AT2G35310,-0.6909394453603326
AT2G35320,-0.4110128280991128
AT2G35330,0.22077334596807238
AT2G35340,0.022055028526926534
AT2G35343,-4.560012800158187
AT2G35345,-1.279602130111547
AT2G35350,-1.029345391625379
AT2G35360,0.048903475812875824
AT2G35370,-0.13030772965977858
AT2G35380,-0.20105156010531508
AT2G35390,0.810991473866065
AT2G35410,-0.1004367365728831
AT2G35420,-0.6860487570873836
AT2G35430,-0.4126591501489747
AT2G35450,-0.460809192097631
AT2G35470,-0.10754286187972782
AT2G35480,0.9504033725800003
AT2G35490,-0.2304340177467712
AT2G35500,-0.44006295575659304
AT2G35510,0.29986639040820445
AT2G35520,-0.16795237889469028
AT2G35530,0.12482624387245272
AT2G35540,-0.11803227530471667
AT2G35550,-0.7126229903282885
AT2G35585,0.6679512716459217
AT2G35600,-0.23208745045541923
AT2G35605,0.00464047809292441
AT2G35610,0.1288893673617298
AT2G35612,2.696276678122706
AT2G35620,-0.13046586346621772
AT2G35630,0.12755031025810762
AT2G35635,-0.005434978611578389
AT2G35640,1.3629612838845078
AT2G35650,0.36169318332660316
AT2G35660,-0.39999518365068476
AT2G35658,3.403844394937551
AT2G35680,-0.292202471526627
AT2G35690,-0.2986145130008156
AT2G35700,-0.650626080668929
AT2G35710,3.0397048006663345
AT2G35720,0.46301574442616455
AT2G35730,0.5969515663355434
AT2G35736,-0.5056016409895671
AT2G35733,-1.8777557325959988
AT2G35740,-0.772453245465945
AT2G35750,-0.4995057281437825
AT2G35760,2.254925735752457
AT2G35770,-0.7397987766733415
AT2G35780,-1.0421970489580579
AT2G35790,0.2307365911613879
AT2G35795,-0.08364417292073768
AT2G35800,-0.03820659500443714
AT2G35810,-0.20971042183232302
AT2G35820,-1.3168215802814591
AT2G35830,-0.913238677669339
AT2G35840,-0.24798234111219944
AT2G35860,0.6953286960221104
AT2G35880,0.6261955763840463
AT2G35890,0.9150104458396504
AT2G35900,0.29405287999304774
AT2G35910,0.5351831268650072
AT2G35920,-0.13359842037478054
AT2G35930,3.6929373332831834
AT2G35940,-0.26343491345950976
AT2G35950,-1.1370706736137532
AT2G35960,-0.4835005486466935
AT2G35970,1.8728773498034657
AT2G35980,-1.564726979228691
AT2G35990,-1.795363326350677
AT2G36000,-0.9388299644458145
AT2G36010,0.6226810647864286
AT2G36020,-1.8778757470751295
AT2G36026,-2.425738267836979
AT2G36050,-1.8297944453781385
AT2G36060,-0.01294970187472405
AT2G36070,0.00220624216813657
AT2G36080,-0.35083676707130623
AT2G36090,-0.10237195492698817
AT2G36100,0.4573177270772787
AT2G36110,-2.1764049225046285
AT2G36120,0.20071287423418782
AT2G36130,-0.20050603057602248
AT2G36145,-0.18736018894567563
AT2G36160,0.0277702263859007
AT2G36170,0.21564391075752892
AT2G36180,2.6551264287920437
AT2G36190,-2.6724263804689485
AT2G36200,0.4888702885172996
AT2G36210,1.566250616339202
AT2G36220,2.8715041799997296
AT2G36230,-0.12107480745444556
AT2G36240,-0.06356103606689134
AT2G36250,-0.24896945971429996
AT2G36260,2.6551264287920437
AT2G36270,0.46557761940865977
AT2G36290,-0.14864340548765123
AT2G36295,0.7528016453576861
AT2G36300,1.3611086308609524
AT2G36305,0.4260724278503366
AT2G36310,0.9662958411357425
AT2G36320,0.886034411825597
AT2G36330,-0.4653832175709423
AT2G36340,0.27643267643846614
AT2G36350,-0.1793740985791296
AT2G36355,-0.1931204004930184
AT2G36360,-0.02831537576414084
AT2G36370,-0.35733221005259874
AT2G36380,0.2008989197517721
AT2G36390,-0.46512498645527717
AT2G36400,-0.541384152312693
AT2G36410,1.1839355966055434
AT2G36420,-0.06986294872592698
AT2G36430,-2.0061655067447624
AT2G36440,-2.674639620965142
AT2G36460,-1.025579069384809
AT2G36470,0.1098617190984484
AT2G36480,0.15254817820359956
AT2G36490,-0.1885780997771689
AT2G36500,1.2812811325964806
AT2G36530,0.3421488164341452
AT2G36540,0.5106121849265215
AT2G36570,-0.668428053336446
AT2G36580,0.39426013593967835
AT2G36590,2.407645500502026
AT2G36610,1.1067228439876498
AT2G36620,0.32194708412908823
AT2G36630,0.7371948638561209
AT2G36640,-0.7811348379484978
AT2G36650,1.324459750211182
AT2G36660,0.24791251430287753
AT2G36670,0.2220783336795608
AT2G36680,0.4608451067007729
AT2G36690,1.665615162659984
AT2G36695,3.715044581530864
AT2G36720,0.300136629065128
AT2G36730,0.02786406602645928
AT2G36740,-0.19977921683725317
AT2G36750,-0.5547132404564554
AT2G36770,-0.5329191799232008
AT2G36780,0.6077684894261893
AT2G36790,0.04639717169230223
AT2G36800,0.6856280101686261
AT2G36810,-0.23846026343612753
AT2G36830,-0.45595452358536265
AT2G36835,-0.4839332404957304
AT2G36840,-0.19338129522707073
AT2G36850,1.0472767399314524
AT2G36870,-0.8146213356300039
AT2G36880,0.7300394927227224
AT2G36885,0.2686890729954347
AT2G36890,0.04801352842478606
AT2G36895,-0.2910632507041508
AT2G36900,0.15153127801001545
AT2G36910,-0.7239200881057208
AT2G36930,0.08792372655169495
AT2G36950,-0.02610318419065738
AT2G36960,0.23461243584330085
AT2G36970,-0.7760482571794171
AT2G36980,-0.19676351099227424
AT2G36985,0.8726935775667044
AT2G36990,-0.44475233885215265
AT2G37000,0.08071903714134838
AT2G37020,0.1806686797498132
AT2G37025,0.6380781242810082
AT2G37030,0.4271751153783326
AT2G37035,-0.057045024832782
AT2G37040,0.409604513203912
AT2G37050,-0.2845607226586489
AT2G37060,-0.3896168338690685
AT2G37070,0.8450983314908271
AT2G37080,-0.8470888854630818
AT2G37090,-0.14603318798035794
AT2G37100,-1.215221069002657
AT2G37110,1.7206511656776382
AT2G37120,0.11907830378367477
AT2G37130,-0.6347097595389843
AT2G37150,-0.3912180074861175
AT2G37160,-0.25197455707500344
AT2G37170,-0.748067142371747
AT2G37180,-0.6878743730157587
AT2G37190,0.15142437977843096
AT2G37195,-0.4402395661771898
AT2G37200,-0.8828062309794779
AT2G37210,-0.5568843593225582
AT2G37220,-0.35016046005011514
AT2G37230,-0.035851694141157305
AT2G37240,0.01296223358823354
AT2G37250,0.7690408295092513
AT2G37260,-0.3533564655422657
AT2G37270,0.08894271991669903
AT2G37280,0.36630220441407185
AT2G37290,1.134460231610796
AT2G37300,-1.1947113813102308
AT2G37310,0.2791570321778295
AT2G37320,0.0018895185763756967
AT2G37330,-0.08064766058839481
AT2G37340,-0.17940240395790025
AT2G37360,-0.3867941763714696
AT2G37370,-0.2768231252652861
AT2G37380,-0.9277692435071034
AT2G37390,-0.6202644409870272
AT2G37400,0.2617629204649277
AT2G37410,-0.01946533125757985
AT2G37420,-0.18269056400507017
AT2G37430,4.07079317134083
AT2G37435,1.8728773498034657
AT2G37440,-0.2703682992561716
AT2G37450,-0.40811079283340695
AT2G37460,-0.4963103913478929
AT2G37470,0.6923461775950386
AT2G37480,-0.41304837296070523
AT2G37500,-0.22938471070056313
AT2G37510,0.3380089472798026
AT2G37520,0.0023165258730659354
AT2G37530,-2.0258803289333764
AT2G37540,2.003626923640001
AT2G37550,1.397482074516088
AT2G37560,-0.25443627507314914
AT2G37570,-0.15289666214600478
AT2G37580,0.4165802361873267
AT2G37585,0.7290277885735686
AT2G37590,0.26517971712135535
AT2G37600,-0.220967613700685
AT2G37610,-2.321113373989435
AT2G37620,-0.009239066087316485
AT2G37630,-1.0614710576912472
AT2G37640,-2.064870805470939
AT2G37650,-0.657926281492502
AT2G37660,-0.31804113118742866
AT2G37670,1.616963009905307
AT2G37678,-0.4755608466736051
AT2G37680,0.37607733771033425
AT2G37690,0.01716504370299954
AT2G37700,1.2245594678918368
AT2G37710,0.13640811850046725
AT2G37720,2.6551264287920437
AT2G37740,2.60729664265608
AT2G37750,1.0160904087921108
AT2G37760,0.13305514037719382
AT2G37770,1.01878575529748
AT2G37790,-0.9935495617391946
AT2G37820,0.5750464688850495
AT2G37840,0.3545081546935656
AT2G37860,-0.4986578646416913
AT2G37870,-0.08431408083632463
AT2G37880,-2.1407435146842864
AT2G37890,1.1166740494677885
AT2G37900,-0.22469731865248854
AT2G37920,-0.21757276189309807
AT2G37925,-0.6308434185020895
AT2G37930,-0.23820472626972666
AT2G37940,1.100590118008888
AT2G37950,-0.6625336717646035
AT2G37960,-0.6247921890503627
AT2G37970,0.4693332285768942
AT2G37975,0.7801994258866348
AT2G37980,1.9905206324516365
AT2G37990,0.19944015179399555
AT2G38000,0.06749299114310937
AT2G38010,0.16890838090862043
AT2G38020,0.1743721317594772
AT2G38025,-0.15490923781516458
AT2G38040,-0.028927709689148845
AT2G38050,-0.1274699146681956
AT2G38060,-0.27565506648085536
AT2G38070,-0.2186771561369939
AT2G38080,-0.19810404139157609
AT2G38090,-0.27225594263701497
AT2G38100,-2.163050011706432
AT2G38110,-0.6015576567248888
AT2G38120,-1.4182835336066817
AT2G38130,-0.3314655341125802
AT2G38140,-0.16218841470036474
AT2G38152,-1.7346048350471461
AT2G38160,-0.5148368678908419
AT2G38170,-1.3594598497700792
AT2G38180,-0.7532848922240951
AT2G38185,-1.0794375431637062
AT2G38195,-4.213956777237574
AT2G38210,-0.6817178829808548
AT2G38220,-1.0063511377563887
AT2G38230,0.040030037244982726
AT2G38240,8.34186852441141
AT2G38250,3.5536536592624675
AT2G38255,-2.187329423057517
AT2G38270,-0.14090844343170322
AT2G38280,0.3627329825269662
AT2G38290,1.601679486428382
AT2G38300,-0.26781298604849774
AT2G38310,1.3234803641701651
AT2G38320,0.8783667763207909
AT2G38330,-0.6222051786453293
AT2G38340,0.8907077839822654
AT2G38360,2.2934986197809555
AT2G38365,-2.6724263804689485
AT2G38370,-0.4740586115016054
AT2G38380,-0.20432278591826486
AT2G38390,0.10230165194037871
AT2G38400,1.5848106233513786
AT2G38410,-0.12394409111842747
AT2G38420,0.23243810797010522
AT2G38430,-0.2392197277813474
AT2G38440,0.14568451523254525
AT2G38450,-0.39677323558117356
AT2G38460,-0.3534890625825331
AT2G38465,-0.21795855659537056
AT2G38470,3.62760984720016
AT2G38480,1.1870410148031956
AT2G38490,1.8271807098611705
AT2G38500,2.502231668145344
AT2G38510,-0.17305089324020745
AT2G38530,-0.5158001028485577
AT2G38540,-1.664778610269632
AT2G38550,-0.4816345046434807
AT2G38560,-0.11812322577851761
AT2G38570,-0.04013444612561295
AT2G38580,0.9068267492712898
AT2G38600,-0.3578598844645904
AT2G38610,0.7116912201583296
AT2G38620,-0.3438096344347983
AT2G38630,-0.04045290949525889
AT2G38640,1.0255814551175337
AT2G38650,0.5367703229484135
AT2G38660,0.035336646620679736
AT2G38670,0.22607465274484753
AT2G38680,-0.08470928506609142
AT2G38690,-3.5577547003633283
AT2G38695,-0.33471055229112545
AT2G38700,-0.0905531532907023
AT2G38710,-0.5441468798700337
AT2G38720,-0.24150515462913053
AT2G38730,0.4373922697725111
AT2G38740,0.6090776671430177
AT2G38750,-1.152780611740297
AT2G38760,-0.760632089123196
AT2G38770,0.10863291874824148
AT2G38780,-0.2801688573954432
AT2G38800,-0.3562105941743743
AT2G38810,-0.31198055314300305
AT2G38820,-0.13175275827055405
AT2G38823,-0.4288332155106962
AT2G38830,-0.782426833018125
AT2G38840,0.274809106709704
AT2G38860,0.8587515389547782
AT2G38870,1.136395833245109
AT2G38880,0.19237605425161336
AT2G38890,2.6623377602122282
AT2G38920,2.0195943314712057
AT2G38940,0.23113277512808142
AT2G38950,-0.11085462492413009
AT2G38960,0.5195436302164859
AT2G38970,-0.9770208867557005
AT2G38995,-1.545794866526902
AT2G39000,-0.7886024563371153
AT2G39010,-0.9742856889092296
AT2G39020,-0.054879748129016186
AT2G39030,-2.6724263804689485
AT2G39040,0.15766884317697347
AT2G39050,-0.09790527889563566
AT2G39080,-0.16984621496558014
AT2G39090,-0.43181768158431333
AT2G39100,-0.195167738230646
AT2G39110,0.6002950980002437
AT2G39120,0.2218808203651953
AT2G39130,1.0426675697842651
AT2G39140,-0.31633489933103714
AT2G39170,-0.12999717129889327
AT2G39180,1.446399063163073
AT2G39190,-0.35791980149926134
AT2G39200,2.0673324702008693
AT2G39210,2.751185732562023
AT2G39220,-0.43547499079111757
AT2G39230,-0.22089925039085043
AT2G39240,-0.8096810337815992
AT2G39250,-2.0164420938645424
AT2G39260,-0.12323699436888368
AT2G39270,-0.01070270128745818
AT2G39280,-0.2105964212912603
AT2G39290,0.2487759408336728
AT2G39300,0.35134517711454855
AT2G39310,-1.306057515273156
AT2G39320,-0.057878163030615944
AT2G39330,-1.6731304225931907
AT2G39340,0.010584711329470465
AT2G39350,1.2540909459298257
AT2G39360,1.212932633839291
AT2G39370,-2.3615141113976907
AT2G39375,-1.3953392674521345
AT2G39380,2.169696413400343
AT2G39390,0.3231414711603954
AT2G39400,0.8007219887536614
AT2G39410,0.8990005085982032
AT2G39415,-3.5579944875375635
AT2G39420,0.815997508805728
AT2G39430,0.9413377028424477
AT2G39435,0.07727482441272447
AT2G39440,0.33121889792989195
AT2G39445,-0.12336427806884598
AT2G39450,0.23990372007476846
AT2G39460,0.15557914183513563
AT2G39470,-0.5064626888712864
AT2G39480,0.40108568902449254
AT2G39500,-0.05544537830732905
AT2G39510,0.0057455311859621935
AT2G39518,1.8875197265620174
AT2G39530,1.1375982291756264
AT2G39550,0.14022049576120202
AT2G39560,0.9198732724669988
AT2G39570,0.9969947677741772
AT2G39580,0.2943711715732095
AT2G39620,0.8497938076573539
AT2G39630,0.22906050261416055
AT2G39650,2.64399942580448
AT2G39660,1.4307138646258377
AT2G39670,-0.4294483988903354
AT2G39690,-0.7228564350510707
AT2G39700,-1.0580701990459367
AT2G39705,0.11982190482943053
AT2G39710,1.50348004725822
AT2G39720,0.7243532543874178
AT2G39725,-0.6010381021642607
AT2G39730,-0.37691268007022966
AT2G39740,-0.29949263405128956
AT2G39750,0.5308297254152867
AT2G39760,-0.12548559714551136
AT2G39770,0.7589486575201889
AT2G39780,-0.12778879277745162
AT2G39795,0.0802455138828497
AT2G39800,-2.5728434205744297
AT2G39805,-0.10275280667630016
AT2G39810,-0.31654292432948933
AT2G39820,-1.0010528132158056
AT2G39830,0.44732212248498715
AT2G39840,0.6967328571213782
AT2G39850,-0.5331275258446098
AT2G39851,2.696276678122706
AT2G39855,-0.19533652512134045
AT2G39870,-0.0004006642288417782
AT2G39880,0.1176691347609811
AT2G39890,-0.829382307532154
AT2G39900,-0.1293611101613932
AT2G39910,-0.27550032748010206
AT2G39920,-1.5891295834099226
AT2G39930,-0.8917661768184807
AT2G39940,0.10615390794779797
AT2G39950,0.2873360930225177
AT2G39960,0.5535055334233393
AT2G39970,0.6162386501509888
AT2G39980,2.3696496799057103
AT2G39990,-0.01826797427466971
AT2G40000,2.888713060770738
AT2G40010,0.0956659046269759
AT2G40020,-0.7815838941997574
AT2G40030,-0.5484516067103062
AT2G40050,-3.2162086668201333
AT2G40060,0.2523310241317401
AT2G40070,-0.2967788805638484
AT2G40080,0.24074352839301427
AT2G40085,-0.21240675909197385
AT2G40090,0.4156117348576529
AT2G40095,1.1672201583718527
AT2G40100,-0.005289945344055607
AT2G40110,0.005592992273816091
AT2G40113,1.1561591559961524
AT2G40120,0.18933529257627463
AT2G40130,-0.31409357825515677
AT2G40140,2.492051266653871
AT2G40150,0.2042749942271863
AT2G40160,0.5293896675742168
AT2G40165,0.18121007947004178
AT2G40170,0.6826044739218721
AT2G40180,1.1183188429690003
AT2G40190,0.34580493240107874
AT2G40200,1.8956577867027389
AT2G40205,0.3126077997609543
AT2G40230,0.06428211346012148
AT2G40240,0.8546990387150836
AT2G40250,-0.7892943129546819
AT2G40260,-0.00044751036373817324
AT2G40270,1.0409358062649061
AT2G40280,1.282709099825168
AT2G40290,0.4148881260097432
AT2G40300,-0.38549645766353036
AT2G40316,0.011289503380066963
AT2G40320,0.12282484080391678
AT2G40330,2.4993129220366694
AT2G40340,1.4863917903925032
AT2G40350,0.7405524446500773
AT2G40360,0.026629454814544512
AT2G40370,-0.09228140679525113
AT2G40380,1.3847716210547998
AT2G40390,-0.6185402361334504
AT2G40400,0.11295136423860543
AT2G40410,-0.1269846070048203
AT2G40420,0.09689254113892518
AT2G40430,0.16832346205898577
AT2G40435,-2.492221597870063
AT2G40450,3.532707363265254
AT2G40460,0.015898987060891115
AT2G40470,-0.6954918696243251
AT2G40475,-2.942867477260191
AT2G40480,-0.5582175423071409
AT2G40490,-0.036482301658884296
AT2G40510,0.07851665091382062
AT2G40520,-0.37210285012361793
AT2G40530,-0.2923225395858395
AT2G40540,-0.8168597220156331
AT2G40550,-0.9269712943942898
AT2G40570,-0.31633557974900817
AT2G40580,2.6623377602122282
AT2G40590,0.16321068552110163
AT2G40600,-0.3589412081268053
AT2G40610,-5.312487351128362
AT2G40620,0.5739203013566734
AT2G40630,0.306021074423424
AT2G40640,-1.0343827922341478
AT2G40650,-0.03176309276477618
AT2G40660,0.05794303310108033
AT2G40670,0.4757280155796901
AT2G40690,-0.5224565567885302
AT2G40700,-0.1440756325971654
AT2G40710,-1.1421987491616519
AT2G40711,-0.8159971233998463
AT2G40715,-0.00019302634458045036
AT2G40720,-0.0708127449366051
AT2G40730,0.7505607722697897
AT2G40740,-0.061492723901823663
AT2G40750,2.213524675882024
AT2G40760,-0.16769914594160357
AT2G40765,0.46421367113771894
AT2G40770,0.2363064643552766
AT2G40780,0.3899420161824692
AT2G40790,-1.4062129103277416
AT2G40800,0.47346846749097093
AT2G40810,0.18996162618272347
AT2G40815,-0.35588587904697916
AT2G40820,-0.4231980706947183
AT2G40830,-0.3603753866300788
AT2G40840,-0.62670308766765
AT2G40850,-0.36524252790029277
AT2G40860,-0.2427306254914205
AT2G40880,-0.0042307994641144426
AT2G40890,-0.3847892480935077
AT2G40900,0.07624674192003472
AT2G40910,-0.8557074877265783
AT2G40920,-0.4681034632069468
AT2G40930,-0.06942317085615173
AT2G40935,-0.17517418047638922
AT2G40940,1.1150546621251696
AT2G40950,0.4203345393330501
AT2G40955,-0.32846518187295376
AT2G40960,-0.6024108118281392
AT2G40970,0.057909038458305556
AT2G40980,0.2800866200462608
AT2G41000,-0.25719587182415693
AT2G41010,2.166306501754488
AT2G41020,-0.30834901073804283
AT2G41040,0.3091961140378574
AT2G41050,-0.15576193472564573
AT2G41060,0.2869409496632889
AT2G41070,-0.2365875653995707
AT2G41080,-0.07257047935783659
AT2G41082,-1.1642816927329809
AT2G41090,0.6840356498458159
AT2G41100,5.025273313970426
AT2G41110,2.5303606444207074
AT2G41120,0.1440407369945231
AT2G41130,-0.5916116552487838
AT2G41140,-0.9097361456223475
AT2G41150,-0.7600637782343467
AT2G41160,-0.42235270550164256
AT2G41170,-0.47444341199661927
AT2G41180,0.2724960746787578
AT2G41190,0.7730748915771208
AT2G41200,-0.5370112223410894
AT2G41210,-0.6001127099012501
AT2G41220,-0.21901281260451555
AT2G41230,4.090053292495038
AT2G41231,1.1091926668912715
AT2G41240,-2.9422164193661557
AT2G41250,-1.1286979817880591
AT2G41260,1.2936181765191896
AT2G41280,1.4184965055626493
AT2G41290,-1.6318965233779912
AT2G41300,-0.5985721523340863
AT2G41310,-0.5994698539768215
AT2G41330,0.30232938714196245
AT2G41340,-0.28186733842838035
AT2G41350,0.4540091285979697
AT2G41370,-0.2929772704788972
AT2G41380,0.7297418216399865
AT2G41410,2.1159730724024666
AT2G41420,1.8120982922781081
AT2G41430,1.3362658189045402
AT2G41440,0.47181856090712804
AT2G41445,-0.34664234278448974
AT2G41450,-0.6343617465184459
AT2G41451,-0.7445148558905654
AT2G41460,0.08034622593193753
AT2G41470,1.4140622617906495
AT2G41475,0.33732803927857824
AT2G41480,0.09440045174423319
AT2G41490,0.0887407915100874
AT2G41500,-0.28889417914675525
AT2G41505,0.6512042438331933
AT2G41510,0.22498789612138326
AT2G41515,-1.0221316278929014
AT2G41520,-0.0529354111191809
AT2G41530,-0.7560438081028569
AT2G41540,-0.32357749077529613
AT2G41550,-0.48024644281556705
AT2G41560,-0.25880830452297987
AT2G41590,-3.6464673130340506
AT2G41600,0.04878920987809056
AT2G41610,-0.4425819389927582
AT2G41620,-0.3425692804762296
AT2G41630,0.6878982548773841
AT2G41640,2.8463571256386624
AT2G41650,-0.03934054540927985
AT2G41660,-0.4717302338853246
AT2G41670,0.1556855090642952
AT2G41680,-0.06066180093251229
AT2G41690,-4.112607584996344
AT2G41700,-0.07971947809986583
AT2G41705,-0.3835917894443798
AT2G41710,-0.638795819952975
AT2G41720,-0.4462728272901901
AT2G41730,1.0909202523103958
AT2G41740,0.25607029992504704
AT2G41750,-1.1730079082862888
AT2G41760,-0.03942513890439405
AT2G41770,1.1251871575259629
AT2G41780,0.7404096859743634
AT2G41790,-0.19965352205093695
AT2G41800,0.8307811880213954
AT2G41810,2.1134077967980613
AT2G41820,-0.9752716596316606
AT2G41830,1.5576715271938928
AT2G41835,0.7847998609758413
AT2G41840,0.04816829200927298
AT2G41860,2.6623377602122282
AT2G41870,0.47305193310223814
AT2G41880,1.2935790251554173
AT2G41890,0.41028138610183185
AT2G41900,0.050589920730064894
AT2G41905,0.42562893792400625
AT2G41940,-0.07733897397434622
AT2G41945,-0.17729033299595415
AT2G41950,-0.9036464161337238
AT2G41960,0.5570500006433433
AT2G41970,1.352267602587372
AT2G41980,-0.04338631267144653
AT2G41990,2.0494832345914076
AT2G42005,-3.5577547003633283
AT2G42010,1.2633430185747854
AT2G42030,0.011090420914685732
AT2G42040,0.10422814643272393
AT2G42060,-0.1024608582376585
AT2G42070,-0.3042534299427236
AT2G42065,1.1274727841202334
AT2G42080,0.4198211069335805
AT2G42090,0.8729333331222522
AT2G42110,-0.15027052421578002
AT2G42120,-0.34579146473412053
AT2G42130,-0.15172413705068974
AT2G42140,1.294822819233496
AT2G42150,0.7797041159237277
AT2G42160,-0.010079877383821748
AT2G42170,-0.14804887054757243
AT2G42190,-0.12761353449030996
AT2G42200,-1.4498907790920532
AT2G42210,-0.14399499283736084
AT2G42220,-0.3328526360146667
AT2G42230,0.7589395653191978
AT2G42240,-0.13656737568352223
AT2G42250,-0.6803512289625656
AT2G42260,-0.6760118968486878
AT2G42270,-0.059377254614540464
AT2G42280,0.4292693827588703
AT2G42290,-0.6956091085912317
AT2G42300,-0.48337204680878587
AT2G42310,0.31022197623546743
AT2G42320,0.883596541433678
AT2G42330,-0.12703827220392627
AT2G42340,1.301156123411348
AT2G42350,0.7700566892758874
AT2G42360,1.249470225770803
AT2G42370,0.04079841078364373
AT2G42380,-0.883394576349936
AT2G42390,-0.25722985359288597
AT2G42395,0.17345139454247338
AT2G42400,0.2277148688777437
AT2G42410,-2.6724263804689485
AT2G42430,-1.2900465947065451
AT2G42440,-0.8227407303076897
AT2G42450,-0.05197799554269125
AT2G42475,-0.5512355450464859
AT2G42480,-0.8992302475275858
AT2G42490,0.28391757869282724
AT2G42500,0.37476419754012336
AT2G42510,-0.239241843687661
AT2G42520,0.10729246974693177
AT2G42530,-0.24133705049786566
AT2G42540,0.4525411480567364
AT2G42560,0.48023422162834645
AT2G42570,0.014220731547048233
AT2G42580,1.3718030883951615
AT2G42590,-0.31981216661722917
AT2G42600,-0.568681266196464
AT2G42610,-0.9742884371791303
AT2G42620,0.47909820952200505
AT2G42640,-0.5369002886165212
AT2G42650,0.29380125467900964
AT2G42660,0.1337956829008999
AT2G42670,-0.1051003361957759
AT2G42680,-0.10688231389483427
AT2G42690,-1.7121620803973248
AT2G42700,0.14765448370858775
AT2G42710,-0.04705888671048393
AT2G42720,0.21370319164389126
AT2G42730,-0.7003419983508345
AT2G42740,0.02338786456058379
AT2G42750,-0.7141084574347858
AT2G42760,0.5062575055604811
AT2G42770,0.3856369098405299
AT2G42780,0.24822240654539063
AT2G42790,-0.5826757688481695
AT2G42800,-1.5028910932484434
AT2G42810,-0.14757788281436574
AT2G42820,-0.1392535612659937
AT2G42830,0.7036692699432173
AT2G42840,-0.6265561254065116
AT2G42850,1.324546770518982
AT2G42860,0.49980568593303226
AT2G42865,-3.461079007329271
AT2G42870,0.12033013008636119
AT2G42880,1.076683887656234
AT2G42885,1.8381834836999444
AT2G42890,-0.16228403368284816
AT2G42900,-0.20821216094172015
AT2G42910,-0.08435088619575828
AT2G42920,-0.32171929479957884
AT2G42940,0.3786561740857436
AT2G42950,0.09809204649810144
AT2G42955,0.2036644416611119
AT2G42960,0.010501659880238648
AT2G42975,-0.501559236829221
AT2G42980,-1.8172085453601323
AT2G42990,0.7666696171393794
AT2G43000,-2.115644452379237
AT2G43010,-1.6465899434251305
AT2G43020,-0.7172358987464522
AT2G43030,-0.21527230091719818
AT2G43040,0.44960183837818246
AT2G43050,-0.9620432004616131
AT2G43060,-0.7239272981532296
AT2G43070,0.006981607271347687
AT2G43080,0.2403626777974192
AT2G43090,0.04146996145302948
AT2G43100,-0.950197041469583
AT2G43110,0.38372706582602817
AT2G43120,1.499627301516
AT2G43130,0.8573922411832229
AT2G43140,3.7330464738401106
AT2G43150,0.0567205574364253
AT2G43160,0.8134471628629494
AT2G43180,-0.6167525449209605
AT2G43190,0.143455824450045
AT2G43200,-0.701712783230769
AT2G43210,0.3988556456239395
AT2G43220,1.4606424901684116
AT2G43230,-1.1074026767096485
AT2G43235,-0.05764811961333123
AT2G43240,1.2975097478200717
AT2G43250,0.1780173928892649
AT2G43255,3.5328140478313754
AT2G43260,-0.10269571848149602
AT2G43270,2.6551264287920437
AT2G43280,-0.3549669747972388
AT2G43290,1.9272493813006601
AT2G43310,0.1827769367522567
AT2G43320,1.3378678442182863
AT2G43330,-0.49826879064993446
AT2G43340,-0.4544415416541853
AT2G43350,-0.3113383813135903
AT2G43360,-0.6166885639168711
AT2G43370,-0.7936225015576865
AT2G43390,-4.939006696315816
AT2G43400,0.20196724731442228
AT2G43410,0.4136324892947784
AT2G43420,0.10935032852414121
AT2G43430,0.5539499989178317
AT2G43440,-1.5078965610884436
AT2G43445,0.6272983447662541
AT2G43460,0.11266415701016559
AT2G43465,-0.3284540194982262
AT2G43470,0.7269786524245754
AT2G43480,-0.361986119683129
AT2G43490,0.7568455239366674
AT2G43500,-0.5199427215940529
AT2G43510,-0.587408155807516
AT2G43520,0.022373861177905466
AT2G43530,-0.40964909168390096
AT2G43535,-0.627661773738413
AT2G43540,-0.848854893494712
AT2G43550,-0.8620448468349012
AT2G43560,-0.14765003870343296
AT2G43570,-0.554972303883826
AT2G43590,0.10682308789420153
AT2G43600,-0.6729745140708302
AT2G43610,0.13767859802223206
AT2G43620,2.6675788044165745
AT2G43630,-0.5743595556014002
AT2G43640,0.5370292315462303
AT2G43650,-0.3045999970184944
AT2G43660,-0.8166883922870746
AT2G43670,-0.4413817982073552
AT2G43680,-0.7770656843065182
AT2G43690,-0.7176663072379644
AT2G43700,-0.2755661287894818
AT2G43710,0.18795427105655638
AT2G43720,-0.08630712150816526
AT2G43740,2.6623377602122282
AT2G43745,0.43467324893901277
AT2G43750,-0.41302903610973424
AT2G43760,-0.2646450604203419
AT2G43770,0.28690638815152875
AT2G43780,0.3747290836093447
AT2G43790,0.17171665688804172
AT2G43800,-0.7948675694785112
AT2G43810,0.3245942810619384
AT2G43820,-0.750043415769237
AT2G43840,-0.579260160189032
AT2G43850,0.5045877947618639
AT2G43870,0.18950342427514535
AT2G43880,1.3561856211604426
AT2G43900,-0.553582801724244
AT2G43910,-0.1611884581746633
AT2G43920,-0.5605352852811265
AT2G43930,-0.5715902555898419
AT2G43940,-0.29716948025149387
AT2G43945,-0.039033733917141586
AT2G43950,0.10520347512685106
AT2G43960,0.4264947161358333
AT2G43970,-0.18898156355307047
AT2G43980,0.25693336080955964
AT2G43990,0.8617534206452032
AT2G44000,-0.7570134822127881
AT2G44010,0.10754844810878844
AT2G44020,0.6837690383317484
AT2G44040,0.15364237151712817
AT2G44050,-0.15855210119676708
AT2G44060,1.0043745740753058
AT2G44065,-0.06848244803345874
AT2G44070,4.818955275144412
AT2G44080,2.8793208298238
AT2G44090,-0.3199888852544397
AT2G44100,0.07764961300266841
AT2G44110,-0.5834307626582859
AT2G44120,0.17404085545282066
AT2G44140,-0.3036214033376063
AT2G44130,-10.054356234618645
AT2G44150,0.19386355789616916
AT2G44160,0.3361493244116222
AT2G44180,0.163698753009804
AT2G44190,0.4693407620341033
AT2G44195,-1.4172038530406252
AT2G44200,0.4053294435614554
AT2G44210,-1.1793441075177182
AT2G44220,3.715044581530864
AT2G44230,-1.6628043505712813
AT2G44250,-0.0619080347562879
AT2G44260,-0.011901747802118345
AT2G44270,-0.003544866981759316
AT2G44280,0.04976997140559925
AT2G44290,0.8525192338815291
AT2G44300,-0.9897024704503521
AT2G44310,0.7488080852919127
AT2G44340,-0.34866643901297517
AT2G44350,0.5114893344511252
AT2G44360,0.34650556947023015
AT2G44370,1.6115278726483584
AT2G44380,1.2208068661380134
AT2G44390,0.3371238153196356
AT2G44410,0.3646284390304785
AT2G44420,0.11974414289622494
AT2G44430,1.092550911544363
AT2G44440,-0.08003625317573508
AT2G44450,0.4901113943289703
AT2G44460,-0.38167579586754496
AT2G44480,-0.25804794880360743
AT2G44490,0.8525159704860534
AT2G44500,2.3872964334405213
AT2G44510,-0.17832858996865214
AT2G44520,0.5284142090648702
AT2G44525,-0.09291165665248731
AT2G44530,0.027902140221127365
AT2G44560,-0.8598760528247718
AT2G44570,2.025929542432155
AT2G44578,2.3414110185980777
AT2G44580,-0.9708754544362046
AT2G44590,-0.26438932307303936
AT2G44600,0.4278361796564593
AT2G44610,0.6161760932452123
AT2G44620,0.2848315802339211
AT2G44630,-0.29958750502887876
AT2G44640,-0.4498309699804057
AT2G44650,-0.007769187187491
AT2G44660,0.33152142126436457
AT2G44670,1.6681006635232825
AT2G44680,0.31521815072299286
AT2G44690,-0.04533981654721019
AT2G44700,-0.26510196984403006
AT2G44710,-0.0812176490935699
AT2G44730,0.7841131968145182
AT2G44740,-2.285545606334866
AT2G44745,-2.2326903183116085
AT2G44750,-0.2314743192748228
AT2G44760,-0.7500182534464108
AT2G44770,0.3709081050089866
AT2G44790,0.6968231733588823
AT2G44800,-0.37542105184213137
AT2G44810,5.7241625592866665
AT2G44820,0.3956376974909806
AT2G44830,-0.4030084208410462
AT2G44840,7.338000523710231
AT2G44850,-0.3624692347219787
AT2G44860,-0.028704171408654285
AT2G44870,-0.09323297945626095
AT2G44880,0.2303700918950108
AT2G44890,2.6551264287920437
AT2G44900,0.15358577041383112
AT2G44910,-2.686038213844519
AT2G44920,-0.5870178284981384
AT2G44930,0.8229879682258092
AT2G44940,-1.0752907066412325
AT2G44950,-0.24955556626493916
AT2G44970,0.9091506148221895
AT2G44980,0.35162731262377345
AT2G44990,-2.6724263804689485
AT2G45000,0.18806820333168595
AT2G45010,1.1758544222396297
AT2G45030,0.022428949591992365
AT2G45040,-0.3689970302759478
AT2G45050,-1.0424100531296863
AT2G45060,0.11953905012815838
AT2G45070,0.7459989924469558
AT2G45080,3.682761486835252
AT2G45100,0.34198826741526966
AT2G45120,0.9347689130492132
AT2G45130,-3.6056265338478264
AT2G45135,-0.27872186813151795
AT2G45140,0.6159972944873283
AT2G45150,-0.4680710715504814
AT2G45160,0.6536983886374641
AT2G45170,0.7017547379522163
AT2G45180,0.5006915521251102
AT2G45190,-0.5183910903270376
AT2G45200,0.3296426879318792
AT2G45210,1.359209592926878
AT2G45220,1.0475647747979229
AT2G45240,-0.0391402261018207
AT2G45243,-0.24527821625029736
AT2G45250,-0.2561663928740938
AT2G45260,0.6114085895443794
AT2G45270,-0.24264134973121385
AT2G45280,-0.18554313033954814
AT2G45290,-0.16740234633172582
AT2G45300,0.09601146651747643
AT2G45310,0.2807038457473313
AT2G45320,0.16883642180124867
AT2G45330,-0.3621941377635972
AT2G45340,-1.2056388306328039
AT2G45350,-2.0787942335536704
AT2G45360,2.563936254526957
AT2G45380,-0.23672417535444795
AT2G45400,0.6960778348522245
AT2G45410,-1.8776829368072698
AT2G45420,-0.8990587620304262
AT2G45430,-0.0022340789129768777
AT2G45440,0.0069658195956439515
AT2G45450,-1.4974781611228793
AT2G45460,-0.19993371244181063
AT2G45470,-0.8631803680252729
AT2G45480,-0.8051720780738132
AT2G45490,-0.741245948245354
AT2G45500,-0.03372741852041216
AT2G45510,-0.42503026665207544
AT2G45520,-0.17170956653779565
AT2G45530,-0.5705133760126816
AT2G45540,0.3421206574121464
AT2G45560,-1.4722406354000055
AT2G45570,-0.12967325170626307
AT2G45590,-0.7493935695528187
AT2G45600,-1.7051526481924382
AT2G45610,-0.8714162880596903
AT2G45620,-0.17492873975712878
AT2G45630,0.1831690330743048
AT2G45640,-0.05975112727234566
AT2G45650,-0.9393774912044202
AT2G45660,-0.2659738960904186
AT2G45670,0.18696954762395737
AT2G45680,1.0378756663185087
AT2G45690,-0.6021965100852833
AT2G45695,0.15390023283522267
AT2G45700,-0.11944513115708168
AT2G45710,0.3411153937688233
AT2G45720,-0.2768373516814403
AT2G45730,-0.06982939392045014
AT2G45740,-0.1289834673690462
AT2G45750,0.43418649292614103
AT2G45760,2.034150631369176
AT2G45770,-0.1338603034185444
AT2G45790,0.2597826486295333
AT2G45800,-0.4978357424891453
AT2G45810,-0.23265342831353625
AT2G45820,-0.11519522265552544
AT2G45830,-0.42308189617713604
AT2G45850,-0.31244732877309994
AT2G45860,0.1089145047540185
AT2G45870,-0.38937789536575346
AT2G45880,0.17460446163624876
AT2G45890,-0.3255016421599944
AT2G45900,-0.6362797253400216
AT2G45910,-0.07847395369723242
AT2G45920,-0.33940863247794606
AT2G45930,0.47368394616250753
AT2G45940,1.8052932122917555
AT2G45950,-0.3823012826748855
AT2G45960,-1.1280071769565705
AT2G45970,-0.24421333804474155
AT2G45980,0.34719722118097884
AT2G45990,0.38087171345945103
AT2G46000,-0.0956211059321486
AT2G46020,0.15549604089300073
AT2G46030,-1.2032156233581448
AT2G46040,-0.5787026572066939
AT2G46050,-0.07794538544810856
AT2G46060,-0.7795157982112604
AT2G46070,-0.21275837561799604
AT2G46080,-0.1485995708415059
AT2G46090,-0.0020449203456187207
AT2G46100,-0.04124943793561013
AT2G46110,-0.13064689086484346
AT2G46130,-2.674639620965142
AT2G46140,0.45444841667938213
AT2G46150,0.02491268281810099
AT2G46160,-0.7160693275795648
AT2G46170,0.37373508166961966
AT2G46180,0.419494031366476
AT2G46200,0.7609310476175538
AT2G46210,-0.1823921810238487
AT2G46220,-0.6582348821029739
AT2G46225,0.7894243110956839
AT2G46230,-0.07259548049682203
AT2G46240,0.10736846310048549
AT2G46250,-1.1682923402464434
AT2G46260,-0.11569692213076764
AT2G46270,-0.09867523510630787
AT2G46280,0.0761439105803648
AT2G46290,0.1333036501888167
AT2G46300,-0.9829344944685581
AT2G46310,-0.27180938517929365
AT2G46320,-0.08211581558029216
AT2G46330,0.5816771950777969
AT2G46340,-0.3665292784053391
AT2G46370,-0.06993594347116494
AT2G46380,-1.4434055679943458
AT2G46390,-0.1304992453383425
AT2G46400,5.438500589125249
AT2G46410,-0.07097054410378069
AT2G46420,0.04348564919792654
AT2G46430,0.6187093855040796
AT2G46440,-0.03136798435007637
AT2G46450,-0.45850042620935627
AT2G46455,-0.03030416965110252
AT2G46470,-0.30599228237271575
AT2G46480,3.867761232018703
AT2G46490,0.23440544742405017
AT2G46495,0.5535680794263732
AT2G46500,1.242051500898803
AT2G46505,0.40758133316772194
AT2G46510,-0.5738914521441063
AT2G46520,0.3047258748512132
AT2G46530,-2.132471887348069
AT2G46535,-1.5009883908724972
AT2G46540,0.09560457566095777
AT2G46550,-1.1099040573549896
AT2G46560,0.2401860413533795
AT2G46570,-0.5372528523112668
AT2G46580,-0.4036254435834549
AT2G46590,-0.023418472296984665
AT2G46600,0.9810497496648054
AT2G46610,0.01968920219321981
AT2G46620,0.9662095217863135
AT2G46630,0.39709428620680454
AT2G46640,-1.237932838944105
AT2G46650,-0.1280438146820613
AT2G46660,-1.5756782802167686
AT2G46680,0.03376875576038356
AT2G46690,-0.5494666985554738
AT2G46700,0.3219610288744113
AT2G46710,-1.5262982453640206
AT2G46720,1.0888762884003818
AT2G46735,-0.2596558948040366
AT2G46740,0.6587655630523113
AT2G46750,0.6163574416671844
AT2G46760,-0.8711119926249757
AT2G46770,-3.5579944875375635
AT2G46780,0.4590047629088978
AT2G46790,-0.872468753150701
AT2G46800,-0.17588891880210103
AT2G46810,-0.947677705769109
AT2G46820,-0.2454315185068997
AT2G46830,-0.49591935199898224
AT2G46840,-0.3407444064119043
AT2G46850,-1.1116511998190726
AT2G46860,0.1447646954969659
AT2G46870,0.22837314803001924
AT2G46880,-2.6724263804689485
AT2G46890,0.3068435065023612
AT2G46900,-0.1151317876656637
AT2G46910,-0.06439725637613303
AT2G46915,-0.12548855626815
AT2G46920,0.1636758388568094
AT2G46930,-0.23946947293416387
AT2G46940,1.8354708029994315
AT2G46950,-0.06948932516966691
AT2G46970,0.24117965918912765
AT2G46980,-0.18043117058071495
AT2G46990,0.0697560381166918
AT2G47000,0.528547383002542
AT2G47010,-0.678715361413333
AT2G47020,0.10005764341519961
AT2G47040,2.6551264287920437
AT2G47060,1.1186365365230235
AT2G47070,0.12424597973464109
AT2G47090,-0.44707281462084647
AT2G47110,0.04305818643485307
AT2G47130,-0.0592972620560336
AT2G47140,-0.1979471622795185
AT2G47150,2.696276678122706
AT2G47160,-0.7419731606997676
AT2G47170,0.4392863913065618
AT2G47180,-1.3209709836329144
AT2G47190,0.08086707201222769
AT2G47200,3.211613175081286
AT2G47210,0.040040821126495575
AT2G47220,-0.5384282919129412
AT2G47230,-0.46243575812596976
AT2G47240,0.9759845823144064
AT2G47250,-0.005885282587427658
AT2G47260,-0.052733617850249284
AT2G47270,1.0794708184726514
AT2G47300,-0.31727908144858946
AT2G47310,-0.13794256507023736
AT2G47320,0.25074348703297145
AT2G47330,0.38137330551749044
AT2G47340,4.073550593268459
AT2G47350,-0.24221209456100548
AT2G47360,-0.10470423057141529
AT2G47370,-0.561164357344281
AT2G47380,-0.12464396748808403
AT2G47390,-0.3034261969068243
AT2G47400,-0.4743141997835926
AT2G47410,0.3784569747823098
AT2G47420,-0.15361939110792994
AT2G47440,0.5515495650111738
AT2G47450,-0.8974319986413359
AT2G47460,-0.7944569660995999
AT2G47470,0.10601126688476083
AT2G47480,0.6184376595407172
AT2G47485,0.2874732614379024
AT2G47490,0.6719463886055668
AT2G47500,-0.05886404384867689
AT2G47510,0.5040726755649011
AT2G47520,1.106154299043282
AT2G47530,-0.07287936315270932
AT2G47540,0.5928612726638613
AT2G47550,3.045673715854692
AT2G47560,0.10817960886250426
AT2G47570,2.6623377602122282
AT2G47580,-0.12352604493386
AT2G47590,-0.6633953939705783
AT2G47600,-0.18736634999838556
AT2G47610,0.29252340506962066
AT2G47620,0.14038209275523386
AT2G47630,-0.7232719229050649
AT2G47640,0.10184822753940198
AT2G47650,0.5452158646788838
AT2G47670,-0.48178202718813506
AT2G47680,0.3608189798086551
AT2G47690,-0.11956876406884848
AT2G47700,-0.16874150218593198
AT2G47710,-0.24595063168933515
AT2G47730,0.388294647725438
AT2G47750,-1.4350361769612048
AT2G47760,0.010559578951656204
AT2G47770,0.5074013816833937
AT2G47780,-0.011663542856958893
AT2G47790,-0.2030799599852601
AT2G47800,0.15900325577256286
AT2G47810,-1.2894715747967804
AT2G47820,-0.16548007119046024
AT2G47830,0.38286343949335316
AT2G47840,-0.13846570905277591
AT2G47844,-0.6225841095442736
AT2G47850,-0.5473381184621936
AT2G47860,0.2653122921568724
AT2G47870,-0.9109145888657662
AT2G47880,-0.4844878045657382
AT2G47890,-0.3057323578357597
AT2G47900,0.1514704084515377
AT2G47910,-1.1436299860380623
AT2G47920,-2.1805289253608033
AT2G47930,-1.1157774136763396
AT2G47940,-0.4214141098969448
AT2G47950,1.106154299043282
AT2G47960,0.10399251716378703
AT2G47970,0.4294320422519436
AT2G47980,0.08717509941529383
AT2G47990,0.15196746884808945
AT2G48000,-0.8059133687589257
AT2G48010,0.19778609076748427
AT2G48020,-0.5517286100870514
AT2G48030,1.2201619521252336
AT2G48060,-0.4241972713545346
AT2G48070,-0.35746439236864685
AT2G48075,-0.985033558133303
AT2G48080,-0.6090956173276649
AT2G48090,0.8333449044753346
AT2G48100,-0.04223795634519178
AT2G48110,-0.5468068350967277
AT2G48120,-0.4227064459311008
AT2G48121,-2.000070640289503
AT2G48130,-0.3860257721528246
AT2G48140,-0.8027467888110174
AT2G48150,-2.4641425505487162
AT2G48160,-0.16682379198537814
AT3G01015,0.9084752882451834
AT3G01040,1.250087024993719
AT3G01050,0.24808643636973032
AT3G01060,0.26500895257243723
AT3G01070,-0.0009831277795966007
AT3G01080,-0.30977276735758374
AT3G01090,0.41341119278590566
AT3G01100,-0.24406265085378348
AT3G01120,0.16883311749498858
AT3G01130,0.031069070295342505
AT3G01140,-0.9379214059621354
AT3G01150,0.17194823083880642
AT3G01160,0.28557820174323617
AT3G01170,0.8432449907935451
AT3G01175,0.27250577760751615
AT3G01180,-0.3789864267853906
AT3G01190,1.054753179328244
AT3G01200,-0.11395865171888193
AT3G01210,-0.12645418753360388
AT3G01220,0.35550171267992015
AT3G01260,0.7045155476164192
AT3G01280,0.08716554177922978
AT3G01290,3.2079039637908138
AT3G01300,-0.32397564679213975
AT3G01310,-0.645863652262938
AT3G01311,-3.557797147071437
AT3G01320,-0.22594238097655361
AT3G01329,-1.0010952201578305
AT3G01330,-0.20257864990540725
AT3G01340,0.607785406476915
AT3G01345,-1.018111747446076
AT3G01350,-0.9064266749688801
AT3G01360,-0.0410321772751967
AT3G01370,-0.8111943300731534
AT3G01380,0.40436104418770974
AT3G01390,0.05351188535844499
AT3G01400,0.7021899474174449
AT3G01410,0.7536329112681224
AT3G01420,-0.4591898001563278
AT3G01430,1.2672133947567348
AT3G01435,0.23747356995831254
AT3G01440,-1.2194063228772942
AT3G01450,0.7303211389849815
AT3G01460,0.04694947170778162
AT3G01470,-0.17492803468157336
AT3G01480,-0.1444428526916085
AT3G01490,-1.3706686000433057
AT3G01500,-0.19765593607212195
AT3G01510,-0.21821510831549587
AT3G01513,0.763078977308028
AT3G01516,-0.17197889236949393
AT3G01520,0.5407002052166664
AT3G01540,0.0475723054765968
AT3G01550,1.171945104399983
AT3G01560,0.5802341691555536
AT3G01570,0.4277948979296796
AT3G01580,-0.09084819018983481
AT3G01590,-0.1951146413951219
AT3G01600,-0.23856171735897785
AT3G01610,0.36175031231037713
AT3G01620,-0.17258910033721384
AT3G01630,0.044904664837982215
AT3G01640,1.6009833313305672
AT3G01650,-0.7659576653428455
AT3G01660,-1.0403109175522964
AT3G01670,-0.07517219670912574
AT3G01680,-0.4330379034245774
AT3G01690,-1.0843365553317061
AT3G01700,0.8723896662106007
AT3G01710,-0.5781237672056427
AT3G01720,0.8955034109854396
AT3G01730,-2.1407435146842864
AT3G01740,-0.28380263223812013
AT3G01750,-0.23999152173883914
AT3G01760,-0.23516156663215843
AT3G01770,-0.8417055760136546
AT3G01780,1.0906339421876106
AT3G01790,0.18292307074905662
AT3G01800,0.964086997974302
AT3G01810,0.6599779160258127
AT3G01820,0.5679660229852558
AT3G01830,5.716208559006518
AT3G01840,-0.4842507873408872
AT3G01850,-0.07426237418261428
AT3G01860,-0.25686798303847014
AT3G01870,-2.6826615294764204
AT3G01890,-0.36190724569234517
AT3G01900,1.3770173940108794
AT3G01910,-0.32501653566664296
AT3G01920,-0.13634719443563473
AT3G01930,-0.3034468068948216
AT3G01940,0.12461447440419053
AT3G01960,-0.36740721335781584
AT3G01950,-0.5047794927935925
AT3G01970,0.5279180970669525
AT3G01980,-1.1119780101394852
AT3G01990,0.09700095313363181
AT3G02020,-1.0475952701700793
AT3G02030,0.14606946130988474
AT3G02040,0.21773465529484715
AT3G02050,-0.8967742391705349
AT3G02060,-0.7474175284545579
AT3G02065,0.2251682160014647
AT3G02070,1.940102865185659
AT3G02080,-0.048086963415508395
AT3G02090,0.16349577249792074
AT3G02110,-0.24808147545400389
AT3G02120,-0.1861844290036136
AT3G02125,0.8300694379238011
AT3G02130,0.23653525346728088
AT3G02140,2.4601082724187675
AT3G02150,1.187899957538461
AT3G02160,0.044049040668972556
AT3G02170,0.13421968681013266
AT3G02180,0.0034676264171628335
AT3G02190,0.37357569879336894
AT3G02200,-0.13702769435977274
AT3G02210,-0.4183283769960375
AT3G02220,0.2672885697301979
AT3G02230,1.0019434775169431
AT3G02240,0.7238268730780629
AT3G02242,0.7404536732916244
AT3G02245,-0.4096696860266566
AT3G02250,1.2042951147956669
AT3G02260,-0.060141680202471175
AT3G02280,-0.0747269324622722
AT3G02290,-0.09911911545727561
AT3G02300,-0.1962082798790859
AT3G02310,5.029688143922607
AT3G02320,0.34655507190523877
AT3G02330,0.3002052311444292
AT3G02340,0.34322563771534187
AT3G02350,1.7855655095923035
AT3G02360,0.15743306866254378
AT3G02370,-0.4113518795836343
AT3G02380,0.04205994319605849
AT3G02390,0.9602929825673064
AT3G02400,-0.7957075147328486
AT3G02410,3.197442161187858
AT3G02420,0.04671119190757765
AT3G02450,-0.1738620368895232
AT3G02460,1.4777909197365646
AT3G02470,1.749708772617974
AT3G02480,0.38138514841981197
AT3G02490,-0.004175666185464985
AT3G02493,-1.7078669988851818
AT3G02500,-1.8912836716884212
AT3G02510,-0.8794735130974545
AT3G02520,0.19939355375916729
AT3G02530,0.23590190974509567
AT3G02540,-0.44200083115900557
AT3G02550,-0.1261578017703304
AT3G02555,-0.35294760485141025
AT3G02560,0.19992642925228649
AT3G02570,0.6331052545268365
AT3G02580,-0.20532643426674946
AT3G02590,1.479198001781168
AT3G02600,0.19890308791523198
AT3G02610,-0.9617012697295898
AT3G02620,0.028270176688533717
AT3G02630,-0.13605406225346828
AT3G02640,0.019555286107631433
AT3G02645,4.18968437103656
AT3G02650,0.44880216279049956
AT3G02660,-0.3006074921684891
AT3G02670,1.8339684906800373
AT3G02677,1.1808739926625804
AT3G02680,-0.17433836160862096
AT3G02690,-1.023983808097509
AT3G02700,0.019513177599112093
AT3G02710,-0.13204916941475417
AT3G02720,-0.4752018185398403
AT3G02730,-0.13023827899836513
AT3G02740,-0.10837995832601867
AT3G02750,-0.5015690633342254
AT3G02760,0.20660344870223685
AT3G02770,0.28618069322569006
AT3G02780,-0.16266982906209496
AT3G02800,1.7558603577372702
AT3G02820,-0.9640595332775913
AT3G02830,-0.810199114570807
AT3G02840,5.523992060321052
AT3G02850,0.4535464980306593
AT3G02860,0.14852817550825417
AT3G02870,-0.3042676453942075
AT3G02875,0.5744108422158083
AT3G02880,2.008826183076008
AT3G02885,-0.5618628138543401
AT3G02890,-0.44784971656337735
AT3G02900,-0.12309316259853652
AT3G02910,-0.08334909239963664
AT3G02920,0.104624654707199
AT3G02930,0.2793407718283372
AT3G02940,-1.9079764253837537
AT3G02950,0.2863604457676795
AT3G02980,0.06853587618401201
AT3G02990,0.018229050461713466
AT3G03000,1.3646915186068156
AT3G03010,0.08439713236067463
AT3G03020,1.741925072049815
AT3G03030,0.7897546809234887
AT3G03040,0.0028207407733541506
AT3G03050,1.653038718629616
AT3G03060,0.6170222898245489
AT3G03070,-0.12021179789332824
AT3G03090,0.19300830949643424
AT3G03100,-0.05358740734895659
AT3G03110,-0.12104711022674582
AT3G03120,-0.014543269142831711
AT3G03130,-0.182086547629675
AT3G03140,0.4985331320982741
AT3G03150,-0.21143684644988014
AT3G03160,0.48271450357800816
AT3G03170,0.014735190948837013
AT3G03180,0.34360643413747927
AT3G03190,-0.580573630516366
AT3G03200,0.028490950577566804
AT3G03210,0.16891607584248552
AT3G03220,0.5756013902246694
AT3G03230,2.696276678122706
AT3G03240,0.9310387835696472
AT3G03250,0.5372399736159171
AT3G03260,-0.9391801484627172
AT3G03270,-0.182482899275697
AT3G03272,-1.1418332879513549
AT3G03280,2.1495152859577518
AT3G03290,4.468043335242367
AT3G03300,-0.24353412479533695
AT3G03305,0.12494061850652051
AT3G03310,-0.2398088369543391
AT3G03320,0.7233792281552306
AT3G03330,-0.42565379757994976
AT3G03340,-0.10531458056514625
AT3G03341,-0.014984432603277274
AT3G03350,-0.5219101049571861
AT3G03360,-0.22813571995793472
AT3G03370,0.05827497644665642
AT3G03380,-0.12678272863815615
AT3G03420,0.16381713009322735
AT3G03430,-0.06210537316124568
AT3G03440,0.26783890347981726
AT3G03450,-0.9206021623299347
AT3G03460,-0.6394385459948375
AT3G03470,-0.47612366507760406
AT3G03480,-0.38255917408860207
AT3G03490,0.1309357829762323
AT3G03500,0.2175600481801921
AT3G03520,0.4323255348308097
AT3G03530,-0.387203013772989
AT3G03550,0.4913912395808124
AT3G03560,0.09604434029948768
AT3G03570,0.29850241775415676
AT3G03580,-0.23062411150028417
AT3G03590,0.5116316290298841
AT3G03600,0.813475663509385
AT3G03610,0.9307477070812196
AT3G03620,-3.461079007329271
AT3G03630,-0.5198665820024964
AT3G03640,-0.0656950895795546
AT3G03650,-0.25689484764374537
AT3G03660,-0.12724454700446552
AT3G03670,1.945414175388549
AT3G03680,0.1472304295426634
AT3G03690,-0.2967996848744606
AT3G03700,-0.5191280050128243
AT3G03710,-0.1733787333961734
AT3G03720,-0.18504993887082985
AT3G03740,0.6899598609186481
AT3G03750,1.4461049694686219
AT3G03770,-0.5301925700440366
AT3G03773,-0.10634560551625952
AT3G03776,-0.2442163811856278
AT3G03780,-0.41862037128768165
AT3G03790,-0.013977332040267045
AT3G03800,2.6623377602122282
AT3G03810,0.4942625563769123
AT3G03820,-2.8281944122051343
AT3G03830,-4.309066881686709
AT3G03840,-2.7110746872661884
AT3G03850,-2.314410812711226
AT3G03860,-0.07369738666881713
AT3G03870,-1.1232638940386088
AT3G03880,0.14830348394197365
AT3G03890,-0.012194215238023652
AT3G03900,-0.019902948286368145
AT3G03910,0.7692481642473257
AT3G03920,0.07035653341193862
AT3G03930,-0.3066151448343916
AT3G03940,0.06770870433933315
AT3G03950,-0.14832808571540923
AT3G03960,0.32507560392555457
AT3G03970,0.037324922376239036
AT3G03980,-0.5643351330205894
AT3G03990,-0.011457902559349864
AT3G04000,-0.43888915521773053
AT3G04010,2.0173718286482165
AT3G04020,0.43278468825152533
AT3G04030,0.2847728485892241
AT3G04040,0.4872907478184966
AT3G04050,0.804010963853148
AT3G04060,1.2503717518415818
AT3G04070,2.572452404300242
AT3G04080,0.943656257888996
AT3G04090,0.19585083303717582
AT3G04100,2.6551264287920437
AT3G04110,0.20594621107908995
AT3G04120,-0.13413803519483822
AT3G04130,0.20312066560485792
AT3G04140,-0.42045161072508935
AT3G04160,-0.20775829944170493
AT3G04180,-2.6826615294764204
AT3G04181,1.3104069920357972
AT3G04184,1.5306892248866342
AT3G04200,-0.0398341606759884
AT3G04210,1.3261125637812838
AT3G04220,2.363549456424265
AT3G04230,0.402974741407698
AT3G04240,0.24754721987814868
AT3G04260,-0.5309541453625403
AT3G04290,-0.6711724936732585
AT3G04300,1.1354126161598268
AT3G04310,-0.298592815366079
AT3G04320,0.730612994211126
AT3G04330,0.8071300615436849
AT3G04340,-0.42499383602230506
AT3G04350,-0.7609756956881857
AT3G04360,0.462875996689234
AT3G04370,-1.0560169112220312
AT3G04380,-0.2524087631381066
AT3G04400,-0.05364041612909232
AT3G04420,0.19322924024111687
AT3G04440,2.6551264287920437
AT3G04443,-0.589242694303823
AT3G04450,-1.1004145410004882
AT3G04460,-0.24559755674966874
AT3G04470,0.47654283468394854
AT3G04480,-0.3664825606555406
AT3G04490,0.016819813366201527
AT3G04500,-0.006400283787467005
AT3G04510,-0.06789523170414484
AT3G04520,-0.9013418912622876
AT3G04530,-0.39230463458394454
AT3G04550,-0.5242908397465423
AT3G04560,-0.13345842032456576
AT3G04570,0.16010132241316186
AT3G04580,1.0753750577725174
AT3G04590,-0.18116984436175776
AT3G04600,-0.05548643659826721
AT3G04610,-0.2582236952743144
AT3G04620,0.6417825554771754
AT3G04630,-0.7044883659413177
AT3G04640,3.2433696299802817
AT3G04650,0.30108144310260526
AT3G04660,1.0901678304784936
AT3G04670,-0.0007949084613014824
AT3G04680,0.011107821685103946
AT3G04690,-0.05617488315599314
AT3G04700,0.8634529586645648
AT3G04710,-1.185329950361456
AT3G04720,-1.407798347495531
AT3G04730,-0.1811282169199942
AT3G04740,-0.06597604281128044
AT3G04750,-0.2982483728487201
AT3G04760,-0.4315939992875758
AT3G04770,0.3909159711237794
AT3G04780,0.4449240704927783
AT3G04790,0.08285037194724358
AT3G04800,1.7364019517189722
AT3G04810,-0.5349906934599145
AT3G04820,-0.08045434818620267
AT3G04830,0.3939270052954469
AT3G04840,0.2627101736880772
AT3G04850,-0.1606335511112113
AT3G04854,-1.0734278378417603
AT3G04860,-0.8908405192182561
AT3G04870,-0.3624341944822814
AT3G04880,0.20976970482024848
AT3G04890,-0.24693600966851786
AT3G04910,-0.8573093856265838
AT3G04920,0.057197677125341385
AT3G04930,0.5739520682753139
AT3G04940,-0.20086299478652514
AT3G04950,0.28236507801334365
AT3G04960,-1.5038687523126681
AT3G04970,0.26298317231180024
AT3G04980,-0.009606452992562837
AT3G05000,0.3516904130339034
AT3G05010,0.281960014940088
AT3G05020,-0.21615477388696125
AT3G05030,-1.0581521330329176
AT3G05035,0.32827402250372095
AT3G05040,0.2964561461828629
AT3G05050,-0.1585199676548948
AT3G05060,0.053502367515928836
AT3G05070,-0.14520636742094292
AT3G05090,0.012509009186831031
AT3G05080,-2.6724263804689485
AT3G05100,0.2913180042096872
AT3G05110,-2.6724263804689485
AT3G05120,-0.11892525134919905
AT3G05130,-0.037069467527624286
AT3G05140,-0.8099867041435468
AT3G05150,1.496689216955889
AT3G05155,-0.0586175285582829
AT3G05160,-0.4836470552495307
AT3G05165,0.2406969826915482
AT3G05170,1.3206299640598633
AT3G05180,-1.7197886826175326
AT3G05190,-0.9387074220392112
AT3G05200,2.19269987096815
AT3G05210,0.10296883468547506
AT3G05220,0.3648360784811611
AT3G05230,0.6375157152238954
AT3G05250,0.015622409172694526
AT3G05260,1.119657886249468
AT3G05270,-0.485780182386142
AT3G05280,1.0345694415901068
AT3G05290,0.055433501587248454
AT3G05310,1.128457252682151
AT3G05320,2.9826509485548898
AT3G05327,-0.17438872748738243
AT3G05330,-0.1556362390057584
AT3G05345,-0.7686291558065775
AT3G05340,-0.47657189663282923
AT3G05350,-0.2969870336632155
AT3G05360,-0.1669559415735498
AT3G05365,0.6540020877729444
AT3G05370,-0.34014885089239877
AT3G05380,-0.16931461908622006
AT3G05390,0.7754096609659094
AT3G05400,0.07243526866556373
AT3G05410,-0.6999712799302528
AT3G05420,0.8376816913644349
AT3G05430,-0.8439792159572372
AT3G05470,-0.19467122760990693
AT3G05480,-0.06128716295044172
AT3G05490,2.3788571843251507
AT3G05500,1.7668758564127907
AT3G05510,0.4989880903067466
AT3G05520,-0.21823922373511012
AT3G05530,0.033471958397398686
AT3G05545,0.30052363814765937
AT3G05550,1.4816202676224568
AT3G05560,0.3633332878601092
AT3G05570,0.5444987520375022
AT3G05580,1.620092484815851
AT3G05590,0.16010734872796784
AT3G05600,0.7644022097087914
AT3G05610,-1.3737607696228502
AT3G05620,-0.634215258848826
AT3G05625,0.01130970378890551
AT3G05630,0.533245760400196
AT3G05640,0.2801136737384173
AT3G05650,1.2489397484110092
AT3G05660,3.4094158553511846
AT3G05670,0.4497819111672105
AT3G05675,0.43764689541457635
AT3G05680,-0.2821630370356327
AT3G05685,0.3475370466461288
AT3G05690,-1.191861901264743
AT3G05700,-0.2833705699349607
AT3G05710,0.7112976170566156
AT3G05720,2.209711364315675
AT3G05727,0.10838503277523756
AT3G05730,-0.283958971347239
AT3G05740,-0.5645124244501359
AT3G05750,-0.7716313802165675
AT3G05760,0.015994387818756332
AT3G05770,2.696276678122706
AT3G05790,0.5609418614179907
AT3G05800,0.2937439222014753
AT3G05810,0.2291553249404778
AT3G05820,0.8715207929435382
AT3G05830,-0.2697776290594863
AT3G05840,0.2449255017276853
AT3G05850,0.1308634745570097
AT3G05858,-0.20352226949274452
AT3G05860,1.8730318233610872
AT3G05870,-0.22353311991944144
AT3G05880,-0.182046490205022
AT3G05890,0.19565541985595222
AT3G05900,0.24994920868078102
AT3G05910,0.23509689133615136
AT3G05920,0.209423007440803
AT3G05930,-0.26450387942526343
AT3G05935,-0.24931660751984383
AT3G05936,-1.8537631859870178
AT3G05937,-0.27007366324359877
AT3G05940,0.11568564089545993
AT3G05950,-2.6724263804689485
AT3G05970,0.3237605316332356
AT3G05980,-0.42718930308495723
AT3G05990,-0.8738072490260774
AT3G06010,0.08177160641225371
AT3G06020,0.4254688704634334
AT3G06030,0.48066626783036825
AT3G06035,-0.007784975719768634
AT3G06040,0.27445514109101987
AT3G06050,-0.05924393423672733
AT3G06060,1.1940125014050984
AT3G06070,2.3083487230957656
AT3G06080,0.07045338050381146
AT3G06085,-0.0018407054280741453
AT3G06090,-3.461079007329271
AT3G06100,0.08494927322956466
AT3G06110,-0.12212035859089294
AT3G06120,-0.7783200279795829
AT3G06130,-0.45068652479985266
AT3G06140,-0.24968391529380624
AT3G06145,-0.12474718560909515
AT3G06150,1.131393981194955
AT3G06160,-3.1720511317278053
AT3G06170,-0.48571423066270647
AT3G06180,0.43518750544041646
AT3G06190,-0.055599652989914726
AT3G06200,-0.05895164983944179
AT3G06210,0.12282337156358507
AT3G06220,-0.9056419367620342
AT3G06240,0.6740872447612627
AT3G06250,-0.33453940602972
AT3G06260,0.1292736364223096
AT3G06270,-0.33704939355145164
AT3G06280,-1.87785450462112
AT3G06290,-0.270076183154468
AT3G06300,0.19713364170254677
AT3G06310,0.16813643361983838
AT3G06320,0.12349095490458013
AT3G06330,-0.5951051685427746
AT3G06340,0.11374963905458428
AT3G06350,-0.3649754317340787
AT3G06360,-0.33980098032229156
AT3G06370,-0.7061477221295218
AT3G06380,-0.42310161743746183
AT3G06390,-0.13622104529742582
AT3G06400,-0.05799528942566648
AT3G06410,0.11708250105198272
AT3G06420,0.3575013982309772
AT3G06430,-0.860104115364627
AT3G06435,0.7414353416687275
AT3G06440,-0.6103911836177721
AT3G06450,-0.01039383769412707
AT3G06455,0.5231304695495318
AT3G06460,0.599534400196231
AT3G06470,0.1555318462019648
AT3G06480,-0.2818682502545007
AT3G06483,-0.391785889894127
AT3G06490,1.207740988438087
AT3G06500,1.5494724379467222
AT3G06510,-0.5948178470896086
AT3G06520,-0.9146534143727533
AT3G06530,0.10315619526792083
AT3G06540,0.13957321298949601
AT3G06545,-3.461079007329271
AT3G06550,1.1678054404434175
AT3G06560,2.696276678122706
AT3G06570,-0.26688866241650966
AT3G06580,-0.10708002690534357
AT3G06590,-0.037476420189808984
AT3G06600,-0.07028690015080058
AT3G06610,-0.04142016170275132
AT3G06620,0.48287116239454386
AT3G06630,0.5293324903688332
AT3G06640,-1.1390341326182414
AT3G06650,0.10783587242657322
AT3G66652,-0.4232658776459581
AT3G66654,0.5481461064524628
AT3G66658,-0.12091526401332672
AT3G06660,-0.9457050863267148
AT3G06670,-0.2002681785228016
AT3G06680,0.27911848399090605
AT3G06690,-0.49158736482158255
AT3G06700,0.34038125111334017
AT3G06710,-0.39887329233393853
AT3G06720,0.6045602851912582
AT3G06730,-0.17426052301330996
AT3G06740,0.7560699383483604
AT3G06750,0.4441185855417249
AT3G06760,1.1246498381797454
AT3G06770,0.5570546179704752
AT3G06778,-0.18912158330341255
AT3G06780,0.8387401848251301
AT3G06790,-0.2649030378947153
AT3G06810,-0.0896516146205082
AT3G06820,-0.05018344525748254
AT3G06830,0.9723115983821472
AT3G06840,-0.4940712575371362
AT3G06850,1.1948930050878532
AT3G06860,0.2729767250343996
AT3G06868,-2.2955816885238236
AT3G06880,-1.4599028791400908
AT3G06890,1.8916979750739318
AT3G06895,2.696276678122706
AT3G06910,0.09989314256883382
AT3G06920,0.06242326716155492
AT3G06930,-0.2666864754089824
AT3G06950,-0.7741474225584268
AT3G06960,-0.17203149418546682
AT3G06970,-1.1595901555023802
AT3G06980,-0.2550603675571826
AT3G06985,0.4501417846249773
AT3G06990,1.2447786837594952
AT3G07000,0.954852150231926
AT3G07010,-1.2667546841465995
AT3G07020,0.515079076507994
AT3G07030,-0.34068410541922345
AT3G07040,2.0977144646329062
AT3G07050,0.3995482096483299
AT3G07060,0.2769133832951754
AT3G07070,0.41326316423100323
AT3G07080,0.704283547312749
AT3G07090,0.057838858744605266
AT3G07100,0.24625556504572835
AT3G07110,0.1387765958908966
AT3G07120,1.8144792021400202
AT3G07130,-0.02772795716755288
AT3G07140,-0.18803325161224532
AT3G07150,-1.6829371728106135
AT3G07160,0.8068203379796987
AT3G07170,0.6970832899110342
AT3G07180,0.1486620016128025
AT3G07190,0.13169797078956685
AT3G07195,3.6536786059909296
AT3G07200,-0.7940851797084755
AT3G07210,-0.04572565679792333
AT3G07220,0.022262076124592425
AT3G07230,0.4961762875137663
AT3G07250,3.3984254061124917
AT3G07255,4.18968437103656
AT3G07260,-1.336513699567056
AT3G07270,0.5606467460801564
AT3G07273,-0.37570302712578013
AT3G07290,0.2783093818054272
AT3G07300,0.15132849707041635
AT3G07310,-0.8574234184214089
AT3G07320,1.5260079308376548
AT3G07330,0.8998425380114055
AT3G07340,-0.07008386252155349
AT3G07350,-0.35907319327790704
AT3G07360,0.723987244517519
AT3G07370,0.9802917413640271
AT3G07380,-0.7026467725819129
AT3G07390,0.3015681540225882
AT3G07400,0.7987834324827467
AT3G07410,-0.5786761553589116
AT3G07420,0.001180037675779237
AT3G07425,1.1068716980843794
AT3G07430,-0.16264793058030924
AT3G07440,-0.2921539974815301
AT3G07460,0.7662362237822048
AT3G07470,1.4366367458687397
AT3G07480,0.41450000510200763
AT3G07490,0.7479105281153979
AT3G07500,-0.4323008143686125
AT3G07510,0.2051268584748836
AT3G07520,-0.5562146227318826
AT3G07525,-0.14043995657162625
AT3G07530,-0.04974404250069294
AT3G07540,-0.655584079191285
AT3G07550,0.08198195710503617
AT3G07560,0.4826114161933885
AT3G07565,0.3336333259311245
AT3G07568,0.10045919722726611
AT3G07570,0.33388519846154413
AT3G07580,0.31045524889432236
AT3G07590,0.17751254880273346
AT3G07600,0.05425905393838629
AT3G07610,0.1519715424167113
AT3G07630,0.03189120221525533
AT3G07640,-0.19590125836954236
AT3G07650,-0.00603681732542399
AT3G07660,0.11542529359735076
AT3G07670,-0.30027357834504376
AT3G07680,0.14629638147054588
AT3G07690,-0.21182572052885676
AT3G07700,0.33133830918345675
AT3G07720,0.3808863693525192
AT3G07730,-0.6171404239182412
AT3G07740,-0.15515543432359657
AT3G07750,0.3554372956937902
AT3G07760,-0.11864452096113698
AT3G07770,-1.0013433622819217
AT3G07780,1.2654513209012177
AT3G07790,0.7369801796570882
AT3G07800,0.4058498330847438
AT3G07810,0.7560472850406796
AT3G07860,-0.07336639153538563
AT3G07870,-0.31204716144216166
AT3G07880,0.17601655549067427
AT3G07890,0.7111599640604298
AT3G07900,0.9834305300867392
AT3G07910,0.45884061641228474
AT3G07920,0.030169499310781188
AT3G07930,-0.24352414775496653
AT3G07940,-0.3002776268426611
AT3G07950,0.690353630780363
AT3G07960,-0.09144983583069108
AT3G07970,-1.240008940541482
AT3G07980,0.7144036355897532
AT3G07990,0.20189127173882315
AT3G08000,0.12821106222414677
AT3G08010,-0.448954979970903
AT3G08020,-0.2810767739587292
AT3G08030,0.6044994606475718
AT3G08040,1.0534937597863798
AT3G08490,-0.06872718914231812
AT3G08500,0.38430722188248606
AT3G08505,-0.3854191333972794
AT3G08510,-0.23393360553329004
AT3G08520,0.18506582921044615
AT3G08530,0.5378221095958279
AT3G08550,0.3999991431951584
AT3G08570,-0.6863905160100741
AT3G08580,0.5109544339460134
AT3G08590,-0.2406309161588515
AT3G08600,0.22849774628842498
AT3G08610,-0.14697828804479743
AT3G08620,-0.030459324893291707
AT3G08630,1.265762912416286
AT3G08640,0.11929698336860413
AT3G08650,-0.5500944983202981
AT3G08660,-2.329544632965819
AT3G08670,0.736167074112306
AT3G08680,0.11952169978610386
AT3G08690,-0.20732870355239968
AT3G08700,0.13293307183145775
AT3G08710,0.283201739024239
AT3G08720,2.4478691922934526
AT3G08730,0.7957072526523236
AT3G08740,-0.17462702823674867
AT3G08760,0.39240731544573976
AT3G08770,-1.7267208541959185
AT3G08780,0.2894255329130591
AT3G08790,3.532707363265254
AT3G08800,-0.4669744874229995
AT3G08810,3.1032707897904883
AT3G08820,0.15338110683008013
AT3G08840,-0.26295794253763655
AT3G08850,-0.06776175484951669
AT3G08860,-0.5673137948642936
AT3G08870,0.5939859971754925
AT3G08880,-0.12300633551475977
AT3G08890,0.697109350032877
AT3G08900,-4.112607584996344
AT3G08910,0.17372388016452464
AT3G08920,-0.909192041278392
AT3G08930,0.3065761829045138
AT3G08940,-1.1329223114996634
AT3G08943,0.121170780733462
AT3G08947,0.11014748545219617
AT3G08950,0.2577502662817045
AT3G08960,0.18094631390514257
AT3G08970,-1.0079385450363738
AT3G08980,0.042155172602355684
AT3G08990,-0.3186300719332174
AT3G09000,0.5544326511454757
AT3G09010,0.48764124139166204
AT3G09020,0.9172065003101771
AT3G09030,0.6507930330791847
AT3G09032,0.8635780209953228
AT3G09035,-0.5308560331192932
AT3G09040,0.21991096346244074
AT3G09050,-0.6895800257368622
AT3G09055,0.838769953309305
AT3G09060,0.27924891613718106
AT3G09070,-0.14151475297809932
AT3G09080,-0.07150585439860609
AT3G09085,-0.1857552234378015
AT3G09090,0.24801916099152432
AT3G09100,0.18231690892611252
AT3G09110,0.8990179177644736
AT3G09150,-0.6963312554535037
AT3G09160,-0.8716926257624414
AT3G09162,-0.9044784623426024
AT3G09180,0.1815703048128414
AT3G09190,-0.31334232573683807
AT3G09200,0.03379356357192337
AT3G09210,-0.3833322027251778
AT3G09220,-0.08326980146934662
AT3G09230,-0.3474746463543829
AT3G09240,-0.8286038279093522
AT3G09250,-0.2377048988187011
AT3G09260,-0.8163460784114167
AT3G09270,-0.298314492169336
AT3G09280,-0.9258154420142651
AT3G09290,3.2577768545363845
AT3G09300,0.9291301443789345
AT3G09310,-0.4353730010443868
AT3G09320,0.017030221913809294
AT3G09330,0.15537408606104308
AT3G09340,2.6551264287920437
AT3G09350,-0.8133090385528245
AT3G09360,0.30522291308614613
AT3G09370,0.13907981394387042
AT3G09390,0.4228795146281437
AT3G09400,0.24178349360354467
AT3G09405,0.37512002615052636
AT3G09410,-0.867027394408487
AT3G09430,0.8290134308231858
AT3G09440,0.22570291174577084
AT3G09450,-0.5194475254609037
AT3G09455,-0.19496646003022533
AT3G09470,-0.4864825357666227
AT3G09480,0.8655908357768904
AT3G09490,0.4102433236901198
AT3G09500,-0.08325617258676021
AT3G09520,2.6883443265609293
AT3G09540,-0.0022585235998690348
AT3G09550,0.18182730321046456
AT3G09560,-0.7052442821769974
AT3G09570,0.6405409255930596
AT3G09580,-0.4428142513904213
AT3G09600,-0.3971032034494526
AT3G09620,3.532707363265254
AT3G09630,0.1722339718935448
AT3G09640,-1.2033594238131706
AT3G09650,-0.7131044675498621
AT3G09660,-0.11660574222351357
AT3G09670,-0.05693546020076602
AT3G09680,0.4492413880215379
AT3G09690,0.041069407087487256
AT3G09700,0.11498347881198512
AT3G09710,-0.06218977091973005
AT3G09720,0.05940541418015973
AT3G09730,-0.1449333358436555
AT3G09735,0.7822642141718819
AT3G09740,0.6524551058370174
AT3G09760,-0.5621988715217898
AT3G09770,-0.425735675991138
AT3G09780,0.3968025707087131
AT3G09790,-0.45207828956974694
AT3G09800,0.14932124200963923
AT3G09810,0.5579907974950756
AT3G09820,0.3170605160403396
AT3G09830,1.3894808802512144
AT3G09840,0.11056249103098449
AT3G09850,0.1290505566423747
AT3G09860,-0.3524171973863205
AT3G09870,4.974939476218988
AT3G09880,0.1705843447560862
AT3G09890,0.22436377095699642
AT3G09900,-0.4651797416323476
AT3G09910,0.2570589524392444
AT3G09920,-0.29017784846592143
AT3G09922,-1.570203023496322
AT3G09925,-0.1667388467768768
AT3G09930,2.6551264287920437
AT3G09940,1.3638540276235915
AT3G09950,-1.5261653992209547
AT3G09960,-0.45052530267204216
AT3G09970,0.1547860282419436
AT3G09980,-0.12306898857398134
AT3G10000,-1.4940351900161437
AT3G10010,-0.9037058701399646
AT3G10020,-0.6735848445208692
AT3G10030,-0.1363822993617652
AT3G10040,-0.8433149890207113
AT3G10050,0.03286000313808393
AT3G10060,-0.22154142095346116
AT3G10070,0.18678317448597132
AT3G10080,-0.851488013138932
AT3G10090,0.28499259364481033
AT3G10110,1.0871478144570719
AT3G10113,0.04033625776459569
AT3G10116,-0.7664226810026028
AT3G10130,-0.17112323208505484
AT3G10140,-0.5359673893133555
AT3G10150,-0.4624373473268493
AT3G10160,-0.6479358306232708
AT3G10180,-0.23179160156418696
AT3G10190,0.2949315675061948
AT3G10200,-0.6101140023620617
AT3G10210,0.13692750726862699
AT3G10220,0.13586997753260932
AT3G10230,-0.6741772111533526
AT3G10250,-0.10959083396520979
AT3G10260,-0.7804579600038766
AT3G10270,-0.4764358096131331
AT3G10280,0.10503427851466991
AT3G10290,0.9051424389997456
AT3G10300,2.7192302044344405
AT3G10310,-0.1738863728786119
AT3G10320,0.32782032181594356
AT3G10330,0.4665082575351622
AT3G10340,-0.27122922157081775
AT3G10350,-0.01489994001670803
AT3G10360,0.2826576934928046
AT3G10370,0.17712745963350457
AT3G10380,0.7742251993490212
AT3G10390,-0.1951454739909544
AT3G10405,-0.7332585690025123
AT3G10410,-0.30721716448002867
AT3G10420,-0.7719974061486724
AT3G10430,3.3984254061124917
AT3G10440,-0.2669100306628996
AT3G10450,-0.7061161739423945
AT3G10460,-3.461079007329271
AT3G10470,1.0123320107164562
AT3G10480,0.2033510204245367
AT3G10490,0.4088304522191429
AT3G10500,0.2645089108368901
AT3G10510,-3.6464673130340506
AT3G10520,-0.4320362632804872
AT3G10525,0.32782897179763937
AT3G10530,0.3546277075372802
AT3G10540,0.21768734020888944
AT3G10550,-0.23198038705017734
AT3G10560,-0.45921921322337333
AT3G10570,-1.0619575241796038
AT3G10572,-0.5975938447357027
AT3G10590,0.34659626901579954
AT3G10600,-1.023170266288004
AT3G10605,0.5340755942662938
AT3G10610,0.49821561335109404
AT3G10620,0.0750911507786433
AT3G10630,0.07976806114294395
AT3G10640,1.2138205934256876
AT3G10650,-0.010586921015692129
AT3G10660,1.5756938968521974
AT3G10670,-0.06630338601882955
AT3G10680,0.6073669253291126
AT3G10690,-0.014888665112157794
AT3G10700,0.07961674795952985
AT3G10710,0.4940331590290527
AT3G10720,2.247695106136164
AT3G10730,0.7801205039225916
AT3G10740,-0.9052481764423231
AT3G10750,-0.8592936906828273
AT3G10760,0.15489517803048525
AT3G10770,-0.3260085909046262
AT3G10780,-0.9779680144053653
AT3G10800,0.5597570618333501
AT3G10810,0.19254157455780888
AT3G10815,2.4030735739755666
AT3G10820,-0.1608822452518342
AT3G10840,-0.48971575785287264
AT3G10850,-0.10812675431219547
AT3G10860,0.10983300700528505
AT3G10870,-0.9426903816123291
AT3G10880,-0.31248469947680446
AT3G10910,-0.8276118748492219
AT3G10915,-0.12063034677209956
AT3G10920,0.058969325293288466
AT3G10930,4.3305464366854265
AT3G10940,-0.5246565018521987
AT3G10950,-2.6826615294764204
AT3G10960,-0.21466987372056126
AT3G10970,-0.30262655582696746
AT3G10980,0.2851213987477663
AT3G10985,1.2679793712478677
AT3G10986,-1.6771741084615999
AT3G11000,0.3876175410404041
AT3G11010,-0.15693015558462056
AT3G11020,-0.09132304769840373
AT3G11030,0.41984225957644383
AT3G11040,-0.2557117948024784
AT3G11050,-1.0123219384881443
AT3G11070,-0.04564055593588074
AT3G11080,-1.862359323940191
AT3G11090,-1.2806997823820891
AT3G11100,-0.13016443755323015
AT3G11110,-0.7430474279435709
AT3G11120,0.2103993422297941
AT3G11130,1.1687549586360313
AT3G11150,1.5977056658293258
AT3G11160,-1.2033594238131706
AT3G11165,-0.56366626891672
AT3G11170,0.2683236357594258
AT3G11200,0.4064597420543071
AT3G11210,-0.4258096634862724
AT3G11220,-0.19601191350903016
AT3G11230,-0.19328013195125354
AT3G11240,0.2675839249182898
AT3G11250,0.11137588598422718
AT3G11260,0.7263511453627123
AT3G11270,-0.18768953722786552
AT3G11280,0.6571595787145987
AT3G11290,0.2184973237340255
AT3G11320,1.1432276090425022
AT3G11330,0.6245135235338073
AT3G11340,0.4952232747052651
AT3G11350,0.477970680783218
AT3G11370,0.32234699229740604
AT3G11385,0.906224431100576
AT3G11390,2.149277787175175
AT3G11402,1.2843308302119405
AT3G11397,0.24075698590417904
AT3G11400,0.26596570844685435
AT3G11405,2.6551264287920437
AT3G11410,0.44815923665411567
AT3G11420,2.6072989775836706
AT3G11430,0.37535845503922577
AT3G11440,0.8101672010095848
AT3G11450,-0.15811996547904877
AT3G11460,-0.1955203033055201
AT3G11470,-0.23835566036175954
AT3G11480,3.533122674160285
AT3G11490,-0.4062596445204782
AT3G11500,-0.13246340177363286
AT3G11510,0.16430850208449696
AT3G11520,-0.06072464181502345
AT3G11530,0.2711215754799205
AT3G11540,0.32487196363776866
AT3G11550,0.447193115243402
AT3G11560,-0.22669542848248483
AT3G11570,-0.036159939089757266
AT3G11580,0.5532120364196195
AT3G11590,-0.19419977820955475
AT3G11591,-0.008010426806644471
AT3G11600,-1.2357272035241549
AT3G11620,-0.035306330984118575
AT3G11630,-0.09260177540493848
AT3G11640,-0.9629980262650873
AT3G11650,1.470592755403432
AT3G11660,-1.3651163173690375
AT3G11670,-0.7887678649246502
AT3G11680,3.6021136418851913
AT3G11690,0.6971050304804313
AT3G11700,1.7898628132663204
AT3G11710,0.34490244066592346
AT3G11720,-1.3721992413470478
AT3G11730,0.03070382717263719
AT3G11745,0.2096564186107907
AT3G11750,-0.5987086500094041
AT3G11760,0.49739125616262986
AT3G11770,-0.22585935920222766
AT3G11773,1.758213766765459
AT3G11780,0.8092300474430695
AT3G11800,0.8390977655501607
AT3G11810,-0.4403120697826294
AT3G11820,2.267154097452991
AT3G11830,0.16546056395507203
AT3G11840,0.8720481498768503
AT3G11850,0.32031804896768207
AT3G11860,-2.674639620965142
AT3G11880,0.588441608054021
AT3G11890,-0.24729711400025184
AT3G11900,-0.1604630595306126
AT3G11910,0.08755500039731429
AT3G11930,-0.9048734904208974
AT3G11940,-0.047899442075163175
AT3G11945,-0.023359140530915732
AT3G11950,0.9710332768442163
AT3G11960,-0.009931644130122982
AT3G11964,-0.10212579629259161
AT3G12010,-0.4772335376188089
AT3G12020,0.2841120653005389
AT3G12040,-0.2187980748342696
AT3G12050,-0.3431028116973252
AT3G12060,-0.6395311831449763
AT3G12070,-0.5232849191493845
AT3G12080,-0.6970588243264725
AT3G12090,0.056179027373739164
AT3G12100,-0.14105204358233492
AT3G12110,1.3561070272438775
AT3G12120,-1.094749126026145
AT3G12130,0.14906081768785753
AT3G12140,0.0916245871670913
AT3G12145,0.48869940434521186
AT3G12150,0.10004825695223271
AT3G12160,-0.5700892541972489
AT3G12170,-0.6828227397640363
AT3G12180,-0.07302323696035522
AT3G12200,-0.19361583024791906
AT3G12203,-5.849839441103487
AT3G12210,-0.3497308653676013
AT3G12220,0.3355093147290426
AT3G12240,0.49870338767076783
AT3G12250,-0.1808416872058766
AT3G12260,-0.10318628659346277
AT3G12270,0.301022235781534
AT3G12280,0.1812619263758735
AT3G12290,-0.1341867625698387
AT3G12300,-0.3284984752355014
AT3G12320,-0.7716449998037286
AT3G12340,0.2037859183852197
AT3G12345,-0.45239828391084097
AT3G12350,0.24583486961820147
AT3G12360,0.13977027527851177
AT3G12370,0.3593399798069814
AT3G12380,-0.4807687320383111
AT3G12390,-0.013968413141758871
AT3G12400,1.1012097550297617
AT3G12410,2.6623377602122282
AT3G12440,-2.674639620965142
AT3G12460,1.1020810540888482
AT3G12480,0.3922275420310693
AT3G12490,0.07303271696213386
AT3G12500,-0.17533456793505484
AT3G12510,1.8613328418744506
AT3G12520,-0.36093336638453927
AT3G12530,-0.4833241307917424
AT3G12540,-0.873335596731116
AT3G12545,3.2976692806992833
AT3G12550,0.3411908568959935
AT3G12560,0.6311727185106797
AT3G12570,0.43481658998557615
AT3G12580,-1.2707827140555583
AT3G12587,-0.057497504086105204
AT3G12590,0.06813816888505184
AT3G12600,0.4150240311955141
AT3G12610,-0.7121748796112524
AT3G12620,1.1713940431104393
AT3G12630,1.3269807250410188
AT3G12640,-0.15889406091417171
AT3G12650,0.22680218672700597
AT3G12670,-0.205018876194009
AT3G12680,-0.38496598661483344
AT3G12685,-0.8339669561160126
AT3G12690,-0.3895980984899616
AT3G12700,0.7548295811138462
AT3G12710,-0.24515223590135263
AT3G12720,0.09227835269873369
AT3G12730,-0.11796731293678663
AT3G12740,0.5567687491887591
AT3G12750,-0.001656587008536535
AT3G12760,-0.12711251766681947
AT3G12770,0.4212165444867468
AT3G12780,-0.149455758290218
AT3G12800,-0.04655221653770006
AT3G12810,-0.09734199814633823
AT3G12820,-0.6553081959093907
AT3G12830,0.6256936116634306
AT3G12833,6.121162110536268
AT3G12860,0.15234485573032788
AT3G12870,-0.38954988364223236
AT3G12880,-0.00019302634458045036
AT3G12890,-1.4028213716461266
AT3G12900,4.9089420200329394
AT3G12910,3.6021136418851913
AT3G12915,-0.8762576197318653
AT3G12920,0.2388404190286636
AT3G12930,-0.33905520862622485
AT3G12940,0.023534222318765067
AT3G12950,-0.8886860312754967
AT3G12955,-0.248326523485855
AT3G12960,-2.6724263804689485
AT3G12970,-0.33306643729036983
AT3G12977,0.5832008225830556
AT3G12980,0.12522300325109212
AT3G12990,-0.02180721403058671
AT3G13000,-0.580727523608377
AT3G13010,2.696276678122706
AT3G13020,-2.1261923781607543
AT3G13030,-0.3970913864339914
AT3G13040,-0.8613158632500736
AT3G13050,0.3211319891087382
AT3G13060,0.10653273275733138
AT3G13062,-0.649818721294664
AT3G13065,-0.816149168546334
AT3G13070,0.11676942064392015
AT3G13075,2.696276678122706
AT3G13080,0.9775313445913563
AT3G13090,0.5041335872986535
AT3G13100,0.5529292301121621
AT3G13110,0.2806254958433809
AT3G13120,-0.26623577764966205
AT3G13130,-0.8598760528247718
AT3G13140,2.6623377602122282
AT3G13150,0.12571175954907765
AT3G13160,0.29559228352204053
AT3G13170,1.149137505228346
AT3G13175,-0.01483998563113652
AT3G13180,-0.5079268536859319
AT3G13190,-0.1252672839841822
AT3G13200,0.331088957279498
AT3G13210,2.280183660707958
AT3G13220,2.6623377602122282
AT3G13222,-0.14522431818226944
AT3G13224,-0.19083948326175074
AT3G13225,0.192320884112214
AT3G13226,-0.18046338937837317
AT3G13230,0.5078598249852684
AT3G13235,0.10210465467528848
AT3G13240,-0.44197205723528876
AT3G13275,1.5457368759457073
AT3G13276,-0.09086637340335385
AT3G13280,0.06177572692803987
AT3G13290,0.31364193051023
AT3G13300,0.27097251685509643
AT3G13310,0.40622032806016906
AT3G13320,1.0835539773907954
AT3G13330,0.5107365658933632
AT3G13340,-0.06862696606553285
AT3G13350,-0.23729438847506548
AT3G13360,-0.3721294626453144
AT3G13380,1.0143619297509647
AT3G13400,1.40823354934706
AT3G13404,-0.3551590942401469
AT3G13403,2.696276678122706
AT3G13410,0.12321613831333396
AT3G13420,0.39312493466843834
AT3G13430,1.0535689217364756
AT3G13432,-0.08329211259419486
AT3G13435,-0.5689712025324751
AT3G13437,1.7500987551864762
AT3G13440,0.43768578831299426
AT3G13445,0.6582622534364851
AT3G13450,0.08785626584265074
AT3G13460,0.2030122667893076
AT3G13470,-0.6392092811671809
AT3G13480,-0.08792713938521557
AT3G13490,-0.2974506517542509
AT3G13500,-0.0658771637273737
AT3G13510,-0.5029286300796464
AT3G13520,1.9071815847083247
AT3G13530,0.956282776067637
AT3G13540,-0.16526166732447017
AT3G13550,0.27621723013414734
AT3G13560,-0.5548147529841795
AT3G13570,0.062126281969042574
AT3G13580,0.08024172612418048
AT3G13590,0.004275982801645399
AT3G13600,3.227571991403804
AT3G13610,0.7274965458356353
AT3G13620,-0.413490404434874
AT3G13640,1.4468388659898959
AT3G13650,-1.217281081320571
AT3G13660,1.3647527990387915
AT3G13670,0.1084251978860691
AT3G13672,-1.0256503277984734
AT3G13674,0.9217942415593109
AT3G13677,-0.4896498247566697
AT3G13680,-0.7603169717814449
AT3G13682,0.25736313689066814
AT3G13690,-1.0095894262465006
AT3G13700,0.15877271518704408
AT3G13710,-0.2466084754618164
AT3G13720,0.6743988342177398
AT3G13730,0.6100348910360626
AT3G13740,-0.18278617840940475
AT3G13750,-0.3532434657920132
AT3G13760,1.1400558926811135
AT3G13770,0.39621069680329585
AT3G13772,0.05805689700217
AT3G13780,0.2216971017467118
AT3G13782,-0.13554702953805486
AT3G13790,1.0446112644415761
AT3G13800,0.16019057808266035
AT3G13810,-1.0487110628027545
AT3G13840,-1.5429932761495895
AT3G13845,-0.40762893130590433
AT3G13850,0.8403916754130533
AT3G13857,-0.5894821736336744
AT3G13860,-0.2008952596883853
AT3G13870,0.5077262096018013
AT3G13880,-0.21744647107846965
AT3G13882,-0.0868996411228552
AT3G13898,0.835227615318134
AT3G13900,1.5964962578574278
AT3G13910,0.6416853560918678
AT3G13920,0.7012587139634322
AT3G13930,0.33398598013585235
AT3G13940,0.3136752518094905
AT3G13950,-1.2039218976728205
AT3G13960,0.5751186322980423
AT3G13970,0.12751066433221717
AT3G13980,-1.2916030093373163
AT3G13990,0.3653279811289134
AT3G14000,-0.217370520238678
AT3G14010,0.033313006791979766
AT3G14020,0.23912444038587238
AT3G14050,1.5894100412886354
AT3G14060,-0.09149890517798258
AT3G14067,-1.0633729332080495
AT3G14070,-0.4539249100437699
AT3G14075,0.4830616253322218
AT3G14080,0.29868264380075327
AT3G14090,0.9519190409395
AT3G14100,-0.6966350491923364
AT3G14110,-0.22852090133491215
AT3G14120,-0.36078283675590683
AT3G14130,-0.053179057075977414
AT3G14140,-1.641266134377494
AT3G14150,-1.0255021180041186
AT3G14160,-0.1740770718161868
AT3G14170,-1.5603422619630194
AT3G14172,-0.0021117154759855293
AT3G14180,0.4004820395951214
AT3G14190,-0.16654242327384114
AT3G14200,-0.3540525763528919
AT3G14205,0.24507100175266183
AT3G14210,-2.4276047284428386
AT3G14220,-0.8638664759142285
AT3G14225,2.0666492945344688
AT3G14230,1.4253413933742944
AT3G14240,0.38904478913523793
AT3G14260,1.6685244938014208
AT3G14270,0.6907375919956086
AT3G14280,0.6965031795490451
AT3G14290,0.04516855179251425
AT3G14300,-0.0658771637273737
AT3G14310,-0.03163289816336596
AT3G14320,-0.0658771637273737
AT3G14330,-0.536668624431163
AT3G14350,1.3380313039935854
AT3G14360,-0.17185775929944988
AT3G14362,-0.06829651189609756
AT3G14370,0.11596882820515425
AT3G14380,-3.5579944875375635
AT3G14390,-0.13885984499141804
AT3G14395,0.8300694379238011
AT3G14400,0.20198646916215907
AT3G14410,0.24828670345621157
AT3G14415,-0.19010249136434673
AT3G14420,-0.3599654703778207
AT3G14430,0.031124089632590952
AT3G14440,-1.3304294369203014
AT3G14450,-0.8284654731748431
AT3G14460,-0.10518529471383282
AT3G14463,1.0294071993972047
AT3G14467,0.6245559685555141
AT3G14470,-0.057626319559481005
AT3G14490,0.8911738241895132
AT3G14510,0.3090836008905854
AT3G14520,-2.674639620965142
AT3G14530,1.6821914063663335
AT3G14540,0.37297799040546825
AT3G14550,-0.12197341828568357
AT3G14560,0.01983874227399779
AT3G14570,-0.9546840780198844
AT3G14580,0.09932902546390861
AT3G14590,1.133463674770614
AT3G14595,0.46774379707245384
AT3G14600,-0.00172772785605221
AT3G14610,0.3258545796113826
AT3G14620,-1.1199368501767815
AT3G14630,-1.7234951505771319
AT3G14640,0.7035673533039039
AT3G14650,-1.0852075155633876
AT3G14660,-0.8123617600030868
AT3G14680,0.37129246401352
AT3G14690,-0.6562377637554296
AT3G14700,0.6618545299489336
AT3G14710,0.8296533238209938
AT3G14720,0.45533857630230395
AT3G14730,0.5859797287369403
AT3G14740,-0.23798296664937088
AT3G14750,-0.5467590133050462
AT3G14760,-1.9550189576061967
AT3G14770,0.6037406528792687
AT3G14780,-0.1777212272781366
AT3G14790,1.4275336042112288
AT3G14810,-0.5544432666823362
AT3G14830,-0.2057222048930201
AT3G14840,0.6758712224098671
AT3G14850,1.5992535670099877
AT3G14860,-0.42702472233552213
AT3G14870,2.9802981777787023
AT3G14880,-1.5261653992209547
AT3G14890,0.14647121032474847
AT3G14900,0.04535595698762056
AT3G14910,0.60096116293018
AT3G14920,-0.20025158245784627
AT3G14930,-0.656995581528031
AT3G14940,-0.3068764841344423
AT3G14950,2.313715116024931
AT3G14960,0.5386213301308509
AT3G14980,0.38626704002398377
AT3G14990,0.45315152664619446
AT3G15000,0.06348792358554302
AT3G15010,0.07346101274078468
AT3G15020,-0.4784549758750627
AT3G15030,-0.42729220913033705
AT3G15040,-0.04787571170703328
AT3G15050,-0.7881597182087585
AT3G15060,1.9017429064789833
AT3G15070,-0.3417071263152968
AT3G15080,0.06743488527370796
AT3G15090,-0.06339043773861754
AT3G15095,-0.5720092515375144
AT3G15110,-0.11925181977033582
AT3G15115,-0.7177590167415216
AT3G15120,-0.39543624973514385
AT3G15130,0.013376721033110021
AT3G15140,0.09323543684013019
AT3G15150,-0.37722374564997957
AT3G15160,-0.09198718884808492
AT3G15170,1.0907483708954575
AT3G15180,0.3727604424590932
AT3G15190,-0.09417446818187528
AT3G15200,1.2228359960268163
AT3G15210,1.9593975517482334
AT3G15220,-0.10444625412728818
AT3G15240,0.07242640150660319
AT3G15250,-0.17127649735165915
AT3G15260,0.7762753860104751
AT3G15270,0.551196002414888
AT3G15280,2.1366738183056375
AT3G15290,-0.1298536752184016
AT3G15300,-0.730268226753091
AT3G15340,-0.8205726195499946
AT3G15350,1.3731626713304406
AT3G15354,-1.221459715516672
AT3G15356,2.9994780165422283
AT3G15351,-0.06827059126387022
AT3G15358,-0.5581434820256109
AT3G15352,0.5022203092959192
AT3G15353,-0.06204482376013697
AT3G15355,0.13030387939855756
AT3G15357,0.5858306060608277
AT3G15360,-0.09518773855340364
AT3G15370,3.824498542712367
AT3G15380,-0.4593737922253366
AT3G15390,0.31598370787007546
AT3G15395,0.180865900114844
AT3G15400,-0.4057095418532356
AT3G15410,0.6417442013981188
AT3G15420,0.11134414914753565
AT3G15430,0.37506914940251973
AT3G15440,0.36616148696810497
AT3G15450,1.1688130990843768
AT3G15460,0.037742891247439424
AT3G15470,0.11325753775119762
AT3G15480,1.0950080407702525
AT3G15500,1.3586253481099684
AT3G15510,-0.6667735297024446
AT3G15518,0.4067932735176796
AT3G15520,-0.2454880053703919
AT3G15530,1.2875454679365788
AT3G15534,2.6623377602122282
AT3G15540,0.19165973609684828
AT3G15550,-0.04763099982498361
AT3G15570,-2.0393743972016773
AT3G15580,-0.18050549025725432
AT3G15590,-0.40673956713786596
AT3G15605,4.18968437103656
AT3G15610,0.23913964458336054
AT3G15620,0.9611696535047018
AT3G15630,1.5458773728806587
AT3G15640,0.4716972015422176
AT3G15650,-0.009072058433803555
AT3G15660,0.12489022212931454
AT3G15670,-4.213956777237574
AT3G15680,-1.182713650108224
AT3G15690,0.05544864674644438
AT3G15700,-0.5939765122018222
AT3G15710,1.5573432879696658
AT3G15720,-1.0270528647015322
AT3G15730,0.9723413441180166
AT3G15740,1.9395045030782576
AT3G15750,0.12363179569935857
AT3G15760,0.11006390467049501
AT3G15770,-0.10977181548502384
AT3G15780,-0.838625680994462
AT3G15790,-0.4744704370991625
AT3G15800,0.4268221734104416
AT3G15810,0.27959469940360554
AT3G15820,0.31117806367814327
AT3G15840,-0.7655144578221282
AT3G15850,-0.1386674642119217
AT3G15880,-0.22108416395960134
AT3G15890,-0.5519402886701549
AT3G15900,-1.0040547221888543
AT3G15920,0.06894010336579288
AT3G15940,0.11683128359349786
AT3G15950,-0.8119162206995417
AT3G15960,1.4516469529366482
AT3G15970,-0.3745530635780298
AT3G15980,0.7169661620361755
AT3G15990,-0.07430790680494437
AT3G16000,-0.5476270983239205
AT3G16010,-0.18232512400790413
AT3G16020,-0.6648441720522391
AT3G16030,0.1874232854413761
AT3G16040,-1.8777557325959988
AT3G16050,-0.00338757940903392
AT3G16060,0.3502797406196144
AT3G16070,-1.8765439967448443
AT3G16080,0.16122411499935263
AT3G16090,0.20182896824870047
AT3G16100,-0.08692430798801525
AT3G16110,0.6762727867800568
AT3G16120,1.7673978357405198
AT3G16140,-0.2663258387889837
AT3G16150,2.5340303755493947
AT3G16160,-1.5319061896973072
AT3G16170,-0.14314479306090377
AT3G16175,-0.7496589400172992
AT3G16180,0.7936318566939954
AT3G16190,-0.6105450834184851
AT3G16200,0.6918556335261029
AT3G16210,1.3647527990387915
AT3G16220,0.06929624177403618
AT3G16230,-0.41130732700875566
AT3G16240,-0.32380415427588793
AT3G16250,-0.7926518245656738
AT3G16260,-0.7849654987913112
AT3G16270,0.6219972826199691
AT3G16280,0.1423521099554008
AT3G16290,-0.2952055227134628
AT3G16300,7.744144272997954e-05
AT3G16310,-0.35343926156883715
AT3G16320,0.4785918995879675
AT3G16330,-0.8840964931399324
AT3G16340,0.1758023892853405
AT3G16350,1.06209666877068
AT3G16360,0.601507159251578
AT3G16370,-1.3818159334616742
AT3G16380,-1.6909618857648474
AT3G16390,0.2211127116438364
AT3G16400,-0.7942890005509654
AT3G16410,0.23192656988373817
AT3G16420,-1.044452424333848
AT3G16430,-0.47222347579512897
AT3G16440,0.4224448275697159
AT3G16450,-0.7341064145033818
AT3G16460,-1.1801580955049715
AT3G16470,-0.9686886708308367
AT3G16480,-0.009887101238872887
AT3G16490,-0.5332616440886605
AT3G16500,0.25142153757851154
AT3G16510,2.3626605163858283
AT3G16520,-0.9991012294850329
AT3G16530,1.457829061163148
AT3G16540,-0.0018407054280741453
AT3G16555,2.6623377602122282
AT3G16560,-1.1727215348414703
AT3G16565,0.8691825713322127
AT3G16570,0.5424111698595587
AT3G16580,-2.674639620965142
AT3G16590,0.4793821647642501
AT3G16610,0.4563748557533919
AT3G16620,-0.08888674244940069
AT3G16630,0.7300065469663088
AT3G16640,-0.3002710019875959
AT3G16650,0.45116330853734843
AT3G16660,-0.11246718655398598
AT3G16670,-0.23744567069155803
AT3G16690,-0.08800371429924166
AT3G16700,1.0736108035814147
AT3G16710,0.34186385796618635
AT3G16712,-1.34597951643625
AT3G16720,2.3524834143222457
AT3G16730,0.155490095779565
AT3G16740,0.0161816533431674
AT3G16750,-0.7194542600242998
AT3G16760,1.1917991185504915
AT3G16770,-0.1592565821817391
AT3G16780,0.45055021070738094
AT3G16785,0.46866957935095843
AT3G16800,-0.7761838535727883
AT3G16810,0.027116203998035347
AT3G16830,0.06377031458999007
AT3G16840,-0.09766750873877766
AT3G16850,-0.9553921398625153
AT3G16857,-0.15574232989852663
AT3G16860,2.9523212275529804
AT3G16870,-0.31616146375655485
AT3G16890,0.05211437182809206
AT3G16900,1.107407470456582
AT3G16910,-0.23131856484716054
AT3G16920,0.0900024619468109
AT3G16940,-0.60969196830015
AT3G16950,-0.31601839088873857
AT3G16980,0.1734015224493147
AT3G16990,-0.11397362320988079
AT3G17000,0.16624990835038977
AT3G17010,1.3647103252873687
AT3G17020,-0.1749682871877473
AT3G17030,0.3112125008215423
AT3G17040,-0.8838194753494529
AT3G17070,-0.6352756619947687
AT3G17090,-0.1139390131679723
AT3G17100,-0.6397800360123261
AT3G17120,-0.4934109217287826
AT3G17130,-1.931481529639602
AT3G17152,2.696276678122706
AT3G17160,-0.14975146349451895
AT3G17170,-0.493316263752193
AT3G17205,-0.031340213012756434
AT3G17210,-0.1816527802846021
AT3G17220,0.37751876074701324
AT3G17225,-0.49107554337916215
AT3G17240,0.7633242827651772
AT3G17250,0.2876726179532019
AT3G17280,0.1100081129078349
AT3G17300,0.013545727738931613
AT3G17310,-0.012272289345014535
AT3G17330,-0.46281476332810784
AT3G17340,-0.05231679533162182
AT3G17350,-0.7494172186941386
AT3G17360,-0.009268726249560922
AT3G17365,-0.5008630898707025
AT3G17370,-3.6464673130340506
AT3G17380,-0.09865189773514774
AT3G17390,3.0974431419420765
AT3G17410,0.4210708314443995
AT3G17420,0.16646506783744647
AT3G17430,0.32148761637312956
AT3G17440,0.31701218553676
AT3G17450,0.06621372326291822
AT3G17460,-0.11247546354355052
AT3G17465,0.2566275697693262
AT3G17470,-0.2687148992279359
AT3G17510,-0.8753738957441058
AT3G17520,-1.3987294168761715
AT3G17580,0.3356451420256202
AT3G17590,-0.7339597070667998
AT3G17600,0.11873616507062199
AT3G17609,0.29513163348715393
AT3G17611,-0.3734720491612489
AT3G17620,-2.6826615294764204
AT3G17626,-0.6279721546355904
AT3G17630,-0.2287902362329717
AT3G17640,-1.9929539463695816
AT3G17650,-0.12931256828572188
AT3G17655,0.8749356087570369
AT3G17660,0.49961723000113195
AT3G17668,-0.616498354764537
AT3G17670,-0.39739884775208045
AT3G17675,-2.6724263804689485
AT3G17680,-0.2913897600779514
AT3G17690,2.552178774491869
AT3G17700,-0.1317102582170577
AT3G17710,0.8270058406938094
AT3G17712,0.15417184428466316
AT3G17717,0.2660524590255156
AT3G17720,3.3984254061124917
AT3G17730,-0.35580612612597606
AT3G17740,-0.2856508354975999
AT3G17750,-0.1930081850411741
AT3G17760,1.3653652360397877
AT3G17770,-0.487998997580461
AT3G17780,0.2631203567080087
AT3G17790,-1.8844633558734232
AT3G17800,0.27016315189619516
AT3G17810,-0.20041595972498683
AT3G17820,-0.16398920378071916
AT3G17830,0.41636746655324275
AT3G17840,-0.3682687611323856
AT3G17850,0.5795091482870129
AT3G17860,0.41885099510230817
AT3G17880,-0.3293600018932926
AT3G17890,-0.803272113300568
AT3G17900,0.7832686000563519
AT3G17910,0.3352246226330081
AT3G17920,0.2380677216558371
AT3G17930,-0.5700966527571577
AT3G17940,0.11956361915218107
AT3G17950,-0.5206792430239654
AT3G17970,-0.2732702475727059
AT3G17980,-0.0672550057774049
AT3G18000,0.5309965710023419
AT3G18010,-0.6315131967720286
AT3G18020,-0.016253749885080992
AT3G18030,0.039935673220015185
AT3G18035,-0.04138508175473719
AT3G18040,1.072439783869997
AT3G18050,-2.3153881337433546
AT3G18060,-0.12630814499478435
AT3G18070,-1.1338670242356352
AT3G18080,-1.5466713619219994
AT3G18090,-1.5596707560319878
AT3G18100,-0.08036116440183824
AT3G18110,-0.9517838681310171
AT3G18130,0.5083903969188545
AT3G18140,-0.09926280360383015
AT3G18160,-0.40552462165819275
AT3G18165,0.07265726345482075
AT3G18170,0.38007461594258013
AT3G18190,0.3042510275017163
AT3G18200,-0.3709787825818861
AT3G18210,-0.3142421757797073
AT3G18215,-0.10018399810725742
AT3G18230,0.239580783211701
AT3G18235,2.6623377602122282
AT3G18240,0.6111745429826424
AT3G18250,0.9086822807919858
AT3G18260,0.415094184713276
AT3G18270,-0.18199801845893587
AT3G18280,-0.24018267390891077
AT3G18282,2.6623377602122282
AT3G18290,-0.6790677960672521
AT3G18295,0.5139207006877554
AT3G18300,0.9696931858956921
AT3G18310,-0.10570690563391484
AT3G18320,-0.3687336383163945
AT3G18330,-0.057878163030615944
AT3G18350,0.1925832734339115
AT3G18360,-0.06815609814058202
AT3G18370,0.1651983645257919
AT3G18380,0.15532303262020766
AT3G18390,-0.5874139705301191
AT3G18400,0.5764505194210761
AT3G18410,0.2653074143122832
AT3G18420,-0.45502957833728724
AT3G18430,0.14705116205434288
AT3G18440,0.295076209421909
AT3G18450,0.5435738477814158
AT3G18480,0.5592430979977009
AT3G18485,-0.25868909257900763
AT3G18490,-1.6411815546016446
AT3G18500,-0.021307449418136327
AT3G18510,0.0968474038335365
AT3G18520,-0.39554315163497566
AT3G18524,-0.33045778799397535
AT3G18530,0.06801691058726887
AT3G18535,0.02033112834772762
AT3G18550,0.2827806714470706
AT3G18560,0.9074205607246809
AT3G18570,0.7404536732916244
AT3G18580,0.3700013865759768
AT3G18600,0.4790298322415677
AT3G18610,-0.4002114602911098
AT3G18620,0.4133771069402965
AT3G18630,-0.32275427742735013
AT3G18640,0.1729343582506289
AT3G18660,0.060478120209283344
AT3G18670,0.08504746863510687
AT3G18680,-0.511234003606391
AT3G18690,1.4044250500697546
AT3G18710,-0.5404516392801497
AT3G18715,-0.4931190414027632
AT3G18720,1.6499289559754409
AT3G18730,-0.7598564498267124
AT3G18740,0.1506314496844565
AT3G18750,-0.11851068411728466
AT3G18760,0.0003615111266367288
AT3G18770,-0.7727159748506324
AT3G18773,-0.8296421735605973
AT3G18780,0.6970097432705727
AT3G18790,0.3335853074683596
AT3G18800,-1.0278712322120842
AT3G18820,1.168856942627486
AT3G18830,0.9035513393156656
AT3G18840,-0.007364005376689449
AT3G18850,-0.9350744495758544
AT3G18860,-0.2704594044357509
AT3G18870,-1.0906671462472348
AT3G18880,0.4946350529503943
AT3G18890,-0.2881736778233312
AT3G18900,-0.36322887901170386
AT3G18910,0.18220588777175104
AT3G18930,0.10122644073799783
AT3G18940,-0.2092391209907856
AT3G18950,0.18029333437130643
AT3G18960,-0.5720534589171128
AT3G18970,-0.07701554835577233
AT3G18980,0.29836989045226925
AT3G18990,0.0007193991069205796
AT3G19000,-1.150430108382976
AT3G19010,0.9139027079257654
AT3G19020,-0.13942618967590575
AT3G19030,1.9072316638918758
AT3G19040,2.705220475403397
AT3G19050,-0.3017723468010889
AT3G19080,-0.6390148783203904
AT3G19090,0.4309645370895656
AT3G19100,-0.2426640553540907
AT3G19120,0.4862767594714127
AT3G19130,1.5336555332396582
AT3G19150,1.550823662838953
AT3G19170,-0.0177705692792162
AT3G19180,-0.49332378934532456
AT3G19184,-2.2970296123128144
AT3G19190,0.05709251521930159
AT3G19200,-0.5548477821940022
AT3G19210,0.643553946421528
AT3G19220,-0.3246429334145192
AT3G19230,-1.6913766160585635
AT3G19240,0.4601681582318586
AT3G19250,-0.26531972305994317
AT3G19260,0.25554663099713665
AT3G19270,-1.2658295959316117
AT3G19280,-0.33744423856347605
AT3G19290,-0.032053917831248994
AT3G19300,-1.5224357386199765
AT3G19310,-1.3097228407021333
AT3G19320,-2.787635667625206
AT3G19330,0.17660976071740547
AT3G19340,-0.17290497378490524
AT3G19350,4.158559396086054
AT3G19360,0.6894276465600557
AT3G19370,-0.5133523582111507
AT3G19380,0.3051499827477162
AT3G19390,1.40321639905078
AT3G19400,-0.6095843471263114
AT3G19420,0.07521867302200802
AT3G19430,-0.3832023697103992
AT3G19440,0.2505673798843968
AT3G19450,-0.5178831039506459
AT3G19460,-0.19403771116046498
AT3G19470,-0.20433082827101687
AT3G19480,-0.31580805711207066
AT3G19490,-0.28954111228634544
AT3G19500,-0.12349545272665514
AT3G19508,0.2856197656453742
AT3G19510,0.45373297856005684
AT3G19515,-0.13397618134170924
AT3G19520,-0.20759318921071135
AT3G19530,2.696276678122706
AT3G19540,0.8220167836363129
AT3G19550,0.2151548970175807
AT3G19552,-4.340570696677282
AT3G19553,0.329199856699645
AT3G19570,0.07502282053554393
AT3G19580,0.7983041632561816
AT3G19590,0.24439954693973281
AT3G19615,4.074301519280831
AT3G19620,-1.5408825176054965
AT3G19630,0.21793571794162347
AT3G19640,-0.007379643163611161
AT3G19650,-0.22080426110034787
AT3G19660,0.5336896004481329
AT3G19663,-0.0018407054280741453
AT3G19670,0.014194963307351385
AT3G19680,2.04283092703419
AT3G19690,3.3984254061124917
AT3G19700,3.5328140478313754
AT3G19710,-0.4219084956418622
AT3G19720,-0.8291418316996948
AT3G19740,0.02406897142580731
AT3G19760,0.05974015236441079
AT3G19770,0.3149855857757351
AT3G19780,0.34929047692991266
AT3G19790,-0.41737700989223525
AT3G19800,-0.9594920841164452
AT3G19810,-0.400742628870394
AT3G19820,-0.7036921735538034
AT3G19830,0.3994224976502401
AT3G19840,0.13422328188815993
AT3G19850,-0.11792598496606432
AT3G19860,-0.218048994830659
AT3G19870,0.15842375176959755
AT3G19880,-1.87785450462112
AT3G19895,-0.18119521389749266
AT3G19900,-0.25671694876648465
AT3G19910,0.38989376058559444
AT3G19920,0.8728043713081216
AT3G19930,2.0187714553062914
AT3G19950,0.2207789108122479
AT3G19960,-0.3702377478939294
AT3G19970,3.139481696652884
AT3G19980,0.2795004067500497
AT3G19990,-0.33720188233230014
AT3G20000,0.3204302423606317
AT3G20010,-0.3545638820214249
AT3G20015,-0.3360559728695422
AT3G20020,-0.33669238542105495
AT3G20040,0.2041435670270476
AT3G20050,0.2395411222189631
AT3G20060,-0.011469446984435862
AT3G20070,-0.30182983203012076
AT3G20080,-0.5501556824818594
AT3G20090,-0.38578511337408783
AT3G20100,-0.4641643290737871
AT3G20110,0.8711550217050064
AT3G20120,-1.1485105467037153
AT3G20130,-0.6981280089906947
AT3G20140,0.872587006636052
AT3G20150,-0.207435956900154
AT3G20160,0.5189785195608787
AT3G20170,0.7612769028818467
AT3G20180,0.6859294344249187
AT3G20190,-0.06503722533948911
AT3G20200,-0.060425204112830616
AT3G20210,0.4799944694372936
AT3G20230,-0.5276951829795237
AT3G20240,-0.488347738770693
AT3G20250,-0.6755626792942734
AT3G20260,0.20356203873985657
AT3G20270,-0.7036973667408337
AT3G20280,-0.2769377836127744
AT3G20290,0.1408132864181651
AT3G20300,0.11878776471190852
AT3G20310,0.6265557395632637
AT3G20320,0.08737709072242168
AT3G20330,-0.025327430958843287
AT3G20340,3.102255266280452
AT3G20350,0.9550875237943551
AT3G20360,2.61373688931992
AT3G20370,-0.7233074626100888
AT3G20380,0.6359905209526404
AT3G20390,-0.3714348406528732
AT3G20395,1.215731937960113
AT3G20400,0.8233294667683942
AT3G20410,0.31799951186684644
AT3G20420,-0.9812298273374026
AT3G20430,-0.052781439449565724
AT3G20440,-0.4196695068538254
AT3G20450,-0.046437398028705286
AT3G20460,-0.4514289195946129
AT3G20470,-0.4171520528931338
AT3G20475,0.2426028837472943
AT3G20480,-0.09506509866552086
AT3G20490,0.17055974773009394
AT3G20500,0.9219986801484519
AT3G20510,1.2055309267208494
AT3G20520,3.0988804608940628
AT3G20530,-0.2562259181684904
AT3G20540,-0.2816717320752827
AT3G20550,-0.43697616049283833
AT3G20557,2.6551264287920437
AT3G20560,0.17555340872280054
AT3G20570,0.015159824256653248
AT3G20590,0.14553624850110056
AT3G20600,2.4328117651042978
AT3G20620,-0.10574861180996883
AT3G20630,0.21181534713611946
AT3G20640,-0.3195832442138915
AT3G20650,0.18324783399131137
AT3G20660,0.8108209219815374
AT3G20670,0.2459980777529327
AT3G20680,-0.45166517949392376
AT3G20710,0.06653333346595397
AT3G20720,0.3021088341761803
AT3G20730,0.5701073480556061
AT3G20740,0.26964585827056925
AT3G20770,0.27727208353470806
AT3G20780,0.3399152440624791
AT3G20790,0.07249564574268712
AT3G20800,-0.10122242637205181
AT3G20810,-0.1389427163988432
AT3G20820,-0.7629959110796215
AT3G20830,-1.0805191735090627
AT3G20840,-0.3167354255308979
AT3G20850,4.074609867458875
AT3G20860,-0.43117352702428585
AT3G20865,-1.23461821513476
AT3G20870,-0.39688066582351644
AT3G20880,-1.5203744609465262
AT3G20890,0.3694762114340976
AT3G20898,0.38805414736027893
AT3G20910,-0.22647540112606948
AT3G20920,0.3548550250338468
AT3G20930,-0.43310591061385767
AT3G20935,-0.39383143323384556
AT3G20940,0.21245134424761106
AT3G20960,-0.3745994854444351
AT3G20970,0.051037293819965995
AT3G21000,-0.3832606298779994
AT3G21055,-0.3773668439039953
AT3G21060,-0.3694311072642289
AT3G21070,0.23554876783896597
AT3G21080,2.4793763757039384
AT3G21090,-0.7859331641506454
AT3G21100,-0.06468231947670137
AT3G21110,-0.06773351427306637
AT3G21140,-0.24606712972080652
AT3G21150,2.4446080879886645
AT3G21160,0.46582493279547127
AT3G21175,-0.28212067251655515
AT3G21180,0.8685533083419801
AT3G21190,-0.26753122261963985
AT3G21200,-0.05560943754414789
AT3G21210,0.8701587229462787
AT3G21215,-0.21627947675164438
AT3G21220,1.1043326828593327
AT3G21230,0.9359952432974347
AT3G21240,-0.09341389132691566
AT3G21250,-0.6194691647452109
AT3G21260,-1.1851819444293321
AT3G21270,-0.6039578839239078
AT3G21280,-0.08530356182598357
AT3G21290,-0.09888969335287533
AT3G21295,0.20645458408706535
AT3G21300,-0.10082832688977265
AT3G21310,0.7484373320119552
AT3G21320,2.7802989692195346
AT3G21330,0.45892091766345344
AT3G21340,0.6306690029410239
AT3G21350,-0.1596713838294091
AT3G21351,0.5230000576075218
AT3G21352,2.0876968578088824
AT3G21360,-0.8314366701620541
AT3G21370,-3.0425350289000046
AT3G21380,-0.04650530424339226
AT3G21390,-0.3465526270357841
AT3G21400,-0.6755355041942207
AT3G21405,-2.6724263804689485
AT3G21420,-0.5010374121948152
AT3G21430,-0.14359211492010757
AT3G21460,0.5640374124322993
AT3G21465,-0.2967135695693762
AT3G21470,0.4467922514526883
AT3G21480,0.42268638800314495
AT3G21510,0.7387471223105533
AT3G21520,1.0233551609076519
AT3G21530,-0.33895508761576765
AT3G21540,0.32868942032169307
AT3G21550,0.010522061247906004
AT3G21560,-0.7319384195965136
AT3G21580,-0.5271924983882993
AT3G21590,-3.5579944875375635
AT3G21600,0.17450047946406477
AT3G21610,0.30128025766251604
AT3G21620,-1.548893201763462
AT3G21630,0.18396200256628475
AT3G21640,-0.01927444203269459
AT3G21650,-0.18516244504794008
AT3G21660,5.253484611626874
AT3G21670,-1.8083725797763688
AT3G21680,0.5630480579656157
AT3G21690,-0.9495200768678409
AT3G21700,-0.7877486699653178
AT3G21710,0.023296482007021814
AT3G21720,-0.10210043130280423
AT3G21740,-0.12215924602926168
AT3G21750,-1.329420370877162
AT3G21760,-1.252493898642576
AT3G21770,0.041514168853838455
AT3G21780,2.649749723632708
AT3G21790,-0.33151826462040374
AT3G21800,-1.8780211335393637
AT3G21810,-0.20215195227923266
AT3G21820,-0.058933172846727895
AT3G21865,0.6810297209222688
AT3G21870,-0.8137584203740756
AT3G21880,1.8728773498034657
AT3G21890,1.4596925166286783
AT3G21950,-0.62000925863679
AT3G22050,1.8730318233610872
AT3G22057,2.6551264287920437
AT3G22060,1.5230292273629094
AT3G22070,-0.44359773583726264
AT3G22090,-0.6365258829275277
AT3G22100,-2.519778800268373
AT3G22104,-1.3128945875036822
AT3G22110,0.2119384845195061
AT3G22120,0.2792308856509062
AT3G22125,2.660548807382373
AT3G22142,0.18154814258685995
AT3G22150,-1.6838465982845292
AT3G22160,1.2996310178059955
AT3G22170,0.15180325725887592
AT3G22180,-0.1893784557794184
AT3G22190,0.04919816988798708
AT3G22200,0.637871072517827
AT3G22210,-0.6644732218235355
AT3G22220,0.09786787298991206
AT3G22230,0.12169360204657899
AT3G22231,1.1193918712608433
AT3G22235,0.8940359800801065
AT3G22240,-0.7985545693403536
AT3G22250,1.7146545593105897
AT3G22260,1.388445021438885
AT3G22270,-0.23471538735960812
AT3G22275,2.7243096112815905
AT3G22290,0.20571939156633545
AT3G22300,0.6843013540301641
AT3G22310,0.6521255836856555
AT3G22320,0.14202397594862368
AT3G22330,0.047947541632743076
AT3G22370,1.4485056542502213
AT3G22380,-0.04194672658039926
AT3G22400,0.49727350449670327
AT3G22410,-0.772914810427489
AT3G22415,-1.515724385234088
AT3G22420,-0.65197028103064
AT3G22425,-0.25981995330842683
AT3G22430,-0.042410274458075346
AT3G22440,-0.4191536496722716
AT3G22450,0.26299903282525977
AT3G22460,-0.7022068289938994
AT3G22470,0.2290585385647573
AT3G22480,0.29026917981091843
AT3G22520,0.06478238348515776
AT3G22540,-0.4305095298870474
AT3G22550,-0.9610917203273721
AT3G22560,0.24063970930439604
AT3G22565,-1.5335026886928171
AT3G22570,1.9730357464362214
AT3G22580,2.696276678122706
AT3G22590,0.3335801780205346
AT3G22600,-0.10521502529233172
AT3G22620,-0.503920830334777
AT3G22630,-0.0148101609916859
AT3G22640,-0.433810801262698
AT3G22660,0.3426735879820599
AT3G22680,-0.1332646494405491
AT3G22690,0.40207201409257926
AT3G22700,1.0451444934529428
AT3G22740,-0.22467421594445727
AT3G22750,-0.7037696214582473
AT3G22760,-1.1651656475464633
AT3G22780,-0.07165432543790184
AT3G22790,0.1814783207846904
AT3G22800,0.692220931783487
AT3G22810,-0.7513552944546762
AT3G22820,-2.6555602290051805
AT3G22830,1.446402957460315
AT3G22840,0.31178384238215606
AT3G22845,0.4351935707500084
AT3G22850,-0.05318979356167054
AT3G22860,-0.7486918133204223
AT3G22880,-0.20064614816934
AT3G22890,0.3753096160448398
AT3G22900,0.1547902765819203
AT3G22910,1.6090490621617817
AT3G22930,0.9672104543458557
AT3G22942,0.27792963089999934
AT3G22950,0.5441666421430877
AT3G22960,-0.2948343851231232
AT3G22961,-0.28434969105973357
AT3G22970,-1.4398168708860928
AT3G22980,0.23271788363467008
AT3G22990,0.11983453749863907
AT3G23000,-0.4884288279825097
AT3G23010,-0.23981298220772415
AT3G23020,-0.05497010786942678
AT3G23030,1.0132963360073701
AT3G23050,0.2612435100442946
AT3G23060,-0.02520807182138262
AT3G23070,-0.436863429142087
AT3G23080,-1.5766026172526393
AT3G23090,0.011716666611501468
AT3G23100,0.03460345240064405
AT3G23110,-1.1356573063809015
AT3G23120,1.3650568838811017
AT3G23123,2.6623377602122282
AT3G23150,1.2898527075279786
AT3G23160,-0.1653936395294212
AT3G23170,3.073483970197324
AT3G23175,0.2319674445456328
AT3G23180,0.02102859987067786
AT3G23190,0.414440703769049
AT3G23200,-0.08763992316788667
AT3G23210,-1.3882833947327677
AT3G23230,4.19267238261423
AT3G23240,3.9646859509472527
AT3G23250,5.567977075857041
AT3G23255,-0.005735456448586758
AT3G23260,-0.013548204828887895
AT3G23280,0.06473056006189007
AT3G23290,-0.5822606384057915
AT3G23300,1.2314654068180846
AT3G23310,-0.3631127170929852
AT3G23325,0.13104408295796927
AT3G23330,0.30461953409344156
AT3G23340,-1.1106765691629419
AT3G23360,-2.6826615294764204
AT3G23370,0.2350173275321139
AT3G23390,0.13879391674779187
AT3G23400,0.089650074402579
AT3G23410,-0.038776831537720914
AT3G23430,0.35416924215694956
AT3G23440,0.2163544807150457
AT3G23450,-0.4806756938133839
AT3G23470,0.0010841314652642907
AT3G23480,-0.5441659745041377
AT3G23490,-0.5905138185968727
AT3G23510,0.5364841726084291
AT3G23530,-0.21140629852128867
AT3G23540,-0.023702111156191582
AT3G23550,2.7565636690236017
AT3G23560,0.6678620543076571
AT3G23570,-0.286898965653981
AT3G23580,-0.2827064912293017
AT3G23590,0.8953487150535465
AT3G23600,-0.16277571903045404
AT3G23605,0.061373168363973926
AT3G23610,0.3484926142465286
AT3G23620,0.7533383445149089
AT3G23630,3.466331912555172
AT3G23635,-3.759395861705025
AT3G23640,-0.7740892131194254
AT3G23660,0.9529284873131662
AT3G23670,-0.04309915577886801
AT3G23690,0.14387408836826499
AT3G23700,-0.4109057938903849
AT3G23710,-0.49397850104536717
AT3G23730,2.052478993909968
AT3G23740,-0.9210750487103411
AT3G23750,1.6943794719572958
AT3G23760,-0.37829179098372534
AT3G23780,-0.5096023566865069
AT3G23790,0.9245241400912004
AT3G23800,0.15947275297073865
AT3G23805,0.28029197590972055
AT3G23810,0.7445792573405532
AT3G23820,0.9232044750705233
AT3G23830,-0.154970639712026
AT3G23840,-0.4040988160509116
AT3G23860,-0.03128379928537564
AT3G23870,0.7912986417263679
AT3G23880,0.14295305070773623
AT3G23890,-0.3215380690844941
AT3G23900,-0.05395707297989032
AT3G23910,-0.5540507262240952
AT3G23920,1.179962999374979
AT3G23930,-1.3766318132870659
AT3G23940,-0.2510567688124137
AT3G23955,2.6551264287920437
AT3G23980,0.5573410209689191
AT3G23990,-0.6083211664632691
AT3G24000,-0.44579364233867996
AT3G24010,-0.052378667871203016
AT3G24020,0.0699859881711418
AT3G24030,0.22198243957267472
AT3G24040,-0.2661980897738423
AT3G24050,0.3371990772156366
AT3G24065,-1.097898063723417
AT3G24068,-4.495622824281734
AT3G24070,-0.06692300663793262
AT3G24080,0.1320803501596212
AT3G24090,0.6052192731420092
AT3G24093,2.6623377602122282
AT3G24100,-0.2947312959021437
AT3G24110,0.0886684958161709
AT3G24120,0.04934717310288341
AT3G24130,-0.05411820660772968
AT3G24140,-0.6346955734339077
AT3G24150,-0.09411131153752554
AT3G24160,0.11490013908028675
AT3G24170,0.3159866312817661
AT3G24180,0.6170366430097997
AT3G24190,-0.5397239943139772
AT3G24200,0.21034634616403028
AT3G24210,0.5781511272092821
AT3G24225,-0.6385406090544548
AT3G24230,-3.557797147071437
AT3G24240,-0.047416771256549715
AT3G24255,-0.2586558606457329
AT3G24290,2.6623377602122282
AT3G24300,-0.5084505245272309
AT3G24310,-0.5819378457690787
AT3G24315,0.26110737649480537
AT3G24320,-0.6792879267637735
AT3G24340,-0.7348058317595885
AT3G24350,1.276718137026812
AT3G24360,-1.0030830905147956
AT3G24420,3.005462072932209
AT3G24430,0.02611287589805634
AT3G24440,0.4114497055595685
AT3G24450,-0.08130542698397776
AT3G24460,-0.0798533431076099
AT3G24463,0.2921086677323737
AT3G24480,0.7280222882631453
AT3G24490,0.1420445054883602
AT3G24495,-0.49685365445638296
AT3G24500,-1.3857206652102427
AT3G24503,-0.19886977425637162
AT3G24506,-0.07295143550960403
AT3G24515,0.28613209458537653
AT3G24520,-0.8800104635434879
AT3G24530,1.5764235462165972
AT3G24535,-0.8823262914796391
AT3G24540,-0.3756645846564383
AT3G24550,1.5078670732105584
AT3G24560,-0.7172619638238489
AT3G24570,0.020181071610633636
AT3G24575,-1.3784721905297834
AT3G24590,-0.4349503357503238
AT3G24605,-2.674639620965142
AT3G24630,0.4957809016789608
AT3G24650,-0.34664234278448974
AT3G24660,-0.8896305779744662
AT3G24670,0.43939842418498865
AT3G24715,0.14424027458101985
AT3G24730,-0.2777758176355353
AT3G24740,-0.06680375281721687
AT3G24750,1.9610421975970502
AT3G24760,0.08653142548757858
AT3G24770,-1.036330574995294
AT3G24780,-3.065352037543543
AT3G24790,2.6551264287920437
AT3G24800,0.49142070145186756
AT3G24810,-0.31281793170081035
AT3G24820,0.09933320067468535
AT3G24830,0.019543538624009954
AT3G24840,1.0655204941159497
AT3G24860,0.3020298467507859
AT3G24870,-0.07141790564431232
AT3G24880,-0.16897126668348517
AT3G24890,0.5235614333031423
AT3G24900,0.9273905555930774
AT3G24929,0.5722842456057948
AT3G24982,0.27112543040780507
AT3G25010,0.09693165505080381
AT3G25012,2.6623377602122282
AT3G25011,-2.3729981215424245
AT3G25013,-0.5313444842393538
AT3G25014,-0.7284269431433104
AT3G25020,-0.6632937472147489
AT3G25030,-1.0998062327464033
AT3G25040,0.24145658128583306
AT3G25060,0.20560970667124392
AT3G25070,-0.7061206716797609
AT3G25080,2.6623377602122282
AT3G25100,0.049606160144228216
AT3G25110,-0.19779647096563138
AT3G25120,0.0631199470535442
AT3G25130,-0.867729259358284
AT3G25140,1.3138626710033554
AT3G25150,0.06983126291137504
AT3G25180,7.328183708792773
AT3G25190,0.2924708965490643
AT3G25210,0.5901833169034487
AT3G25220,0.30180533896239903
AT3G25230,-0.16301373301085642
AT3G25240,2.6551264287920437
AT3G25250,1.858391738297135
AT3G25260,-2.6826615294764204
AT3G25290,-0.8163039256932464
AT3G25400,-0.7469824948753933
AT3G25410,-0.519997385786359
AT3G25430,-0.05746158956181561
AT3G25440,0.20830339022639413
AT3G25470,0.06078063082339738
AT3G25480,-0.1409331388553693
AT3G25493,3.159626365390882
AT3G25500,1.296996859269275
AT3G25505,1.3789890862284806
AT3G25510,0.5810791579864129
AT3G25520,0.16377517224626187
AT3G25530,-0.3199341968237376
AT3G25540,0.1855020542466036
AT3G25545,0.08015096045226978
AT3G25560,0.10696923660802958
AT3G25570,0.46166581005382573
AT3G25577,2.6551264287920437
AT3G25580,0.7494945461484591
AT3G25585,-0.44119143671439026
AT3G25590,-0.5656150700758594
AT3G25597,0.32702545860549825
AT3G25600,3.0909772143961955
AT3G25610,1.2290717371103517
AT3G25620,-0.0439798249312086
AT3G25640,-0.473214352879694
AT3G25655,-0.1122840683913733
AT3G25660,-0.015250218873832804
AT3G25670,-2.198666603432687
AT3G25680,0.009690278079838658
AT3G25690,-0.016517133139276684
AT3G25700,-0.37693970626823753
AT3G25710,-0.701068227132013
AT3G25717,-0.540308053644989
AT3G25730,1.692780195512438
AT3G25740,-0.4753388575204976
AT3G25760,0.4174493226086808
AT3G25770,0.013869781180027569
AT3G25780,4.241849715737954
AT3G25790,-0.7501403577227714
AT3G25800,0.09543146772819419
AT3G25805,-0.45346111647848436
AT3G25820,-0.05245676443455322
AT3G25830,-0.1381915814108038
AT3G25840,-0.05412477114809206
AT3G25855,0.31975286962864863
AT3G25860,-0.16531515876445732
AT3G25870,0.3322802126890885
AT3G25880,-0.14601569873702416
AT3G25882,1.4313731369091207
AT3G25890,-0.5162642839115889
AT3G25900,1.6823118459322088
AT3G25905,-3.195751973001449
AT3G25910,0.06901200090528176
AT3G25920,-0.17242483335939537
AT3G25930,-0.05208435271307971
AT3G25940,-0.08697122744523605
AT3G25950,-0.4942467971176382
AT3G25970,-0.01516734169007325
AT3G25980,-0.016656328698518363
AT3G25990,1.0226468718714343
AT3G26000,-0.37100602992236026
AT3G26020,0.42954744327827976
AT3G26030,0.3792849376672555
AT3G26040,0.13348347182087264
AT3G26050,-0.14777186347963664
AT3G26060,-0.27089575881003786
AT3G26070,-0.4540031175313257
AT3G26080,0.724367562981604
AT3G26085,-0.40907291415302266
AT3G26090,0.5142147754433236
AT3G26100,-0.3837897422896964
AT3G26110,-2.6826615294764204
AT3G26115,-0.36697520805751954
AT3G26120,-3.052714085576983
AT3G26130,-0.660176283879068
AT3G26125,0.41418567137957485
AT3G26135,0.2656953502612501
AT3G26150,2.6623377602122282
AT3G26170,0.04217712917151699
AT3G26180,-0.9393143186169846
AT3G26200,1.3366265051746407
AT3G26210,-0.043626683239116934
AT3G26220,-1.3948148234341213
AT3G26230,-1.0028663544423755
AT3G26235,-1.7489082193539665
AT3G26237,-0.014984432603277274
AT3G26240,-0.6891613629529234
AT3G26280,-2.2235252552731315
AT3G26290,-1.5490393939591374
AT3G26300,-0.6796392826180034
AT3G26310,-0.7115000084571146
AT3G26320,-1.8984605678805044
AT3G26330,-0.17241831245538342
AT3G26340,0.49888155977501114
AT3G26350,-0.6565300423052982
AT3G26360,0.14192647743293477
AT3G26370,0.07139212633796703
AT3G26380,-0.6621261761320412
AT3G26395,0.47042575753180893
AT3G26400,0.6159126940037167
AT3G26410,0.1770247697806851
AT3G26430,1.0450536707177787
AT3G26420,1.0008310314263482
AT3G26440,-1.294490242560897
AT3G26445,5.380604197143465
AT3G26450,-2.0435196193620473
AT3G26460,-0.5260335449395858
AT3G26470,0.8434973679765748
AT3G26480,-0.9578884882433034
AT3G26490,-0.3367196803022648
AT3G26500,1.743417602225668
AT3G26510,-0.07064086173460543
AT3G26520,-1.052123118446665
AT3G26539,0.6261062747003503
AT3G26540,-0.2080123046421748
AT3G26550,0.04606163013047075
AT3G26560,0.145006830402186
AT3G26570,-0.30741637849757303
AT3G26580,-0.742373353968371
AT3G26590,0.0550236666749554
AT3G26600,-0.324382899263802
AT3G26610,0.08033300206076803
AT3G26618,0.14692269033097421
AT3G26620,-3.1820943759343177
AT3G26630,-0.21822481099947466
AT3G26640,0.27542458411768367
AT3G26650,-0.3081022932037662
AT3G26670,0.8279631077438939
AT3G26680,0.8666426297505351
AT3G26690,-0.08474948325898428
AT3G26700,0.16774170009665723
AT3G26710,-0.16949698120171963
AT3G26720,-0.1294514313592357
AT3G26730,-0.07088830083891749
AT3G26740,-1.506051650231074
AT3G26742,-1.8522600473555018
AT3G26744,-0.30929279331285536
AT3G26750,-0.5872862322593487
AT3G26760,0.049488092756639276
AT3G26770,-0.10079245092985664
AT3G26780,0.4394925416015742
AT3G26782,0.13203803886767324
AT3G26790,-3.6056265338478264
AT3G26810,-0.238902948325925
AT3G26820,2.6551264287920437
AT3G26830,-0.26280762430409077
AT3G26840,1.2881890867408479
AT3G26850,-0.05711194450704566
AT3G26855,0.1939099764996588
AT3G26890,-0.8632759016458729
AT3G26900,-0.3732747629370735
AT3G26910,0.8510761865406278
AT3G26920,0.13166797802055655
AT3G26922,0.16466380605486444
AT3G26934,-4.1022591224414935
AT3G26932,-1.9591987861021782
AT3G26935,-0.2510868314955962
AT3G26950,0.45517226084282536
AT3G26960,-0.5960170909033695
AT3G26980,2.4460154049852623
AT3G26990,-0.25498768296318075
AT3G27000,0.14471994386056122
AT3G27010,0.12784229412059284
AT3G27020,-0.335029863929927
AT3G27025,-0.9511597891753043
AT3G27027,0.2266895813316808
AT3G27030,0.5193509399448122
AT3G27050,-0.20559107911309948
AT3G27060,-0.6945661700090116
AT3G27070,-1.8820603365899975
AT3G27080,0.4086937369187641
AT3G27090,0.11918328974421127
AT3G27100,-0.1815420382178013
AT3G27110,0.09662688011730372
AT3G27120,0.30294868332877906
AT3G27150,-0.5616325462920636
AT3G27160,-0.007982590253026922
AT3G27170,1.6606391432305196
AT3G27180,-0.0999319898296094
AT3G27190,0.13118133100647236
AT3G27200,-0.29939129860715646
AT3G27210,0.8646070801600232
AT3G27220,-0.3285166023292598
AT3G27230,0.5658696843916667
AT3G27240,0.1985823132001454
AT3G27250,-1.4737889480237467
AT3G27260,0.28740551925314034
AT3G27270,-1.2400238652341655
AT3G27280,0.3226905014131584
AT3G27290,1.805383064118432
AT3G27300,-0.049990401660745996
AT3G27310,0.47681619496249317
AT3G27320,0.06297995889315701
AT3G27325,0.07298199920506805
AT3G27330,-0.018241692281935156
AT3G27340,-0.43083246437140127
AT3G27350,-1.0641489137050753
AT3G27360,0.1753602940270938
AT3G27380,0.5559504205363062
AT3G27390,-0.2571668399234849
AT3G27400,-0.15490416235264978
AT3G27410,-4.213956777237574
AT3G27415,-0.8992302475275858
AT3G27416,-0.05411820660772968
AT3G27420,-0.3940193497730756
AT3G27430,0.007661223211687794
AT3G27440,1.1845272103503988
AT3G27460,-0.2836540968822436
AT3G27470,-0.2094198679174788
AT3G27473,-0.22440995247351603
AT3G27475,0.6573401480096541
AT3G27480,-2.7424421707922506
AT3G27490,0.4967785582958532
AT3G27500,-0.2225948145757525
AT3G27510,-0.014573506605117751
AT3G27520,0.5808683793960271
AT3G27530,-0.034143262663583154
AT3G27540,-0.26819351182244194
AT3G27550,0.30720812003098164
AT3G27560,0.5614692215104558
AT3G27570,-0.11779126296690492
AT3G27580,-0.22105407636111804
AT3G27610,-0.37250672425974474
AT3G27620,0.7210493582468159
AT3G27630,-0.010331717804453836
AT3G27640,-0.0774681133104326
AT3G27650,0.6138101630880776
AT3G27660,0.6410266851165148
AT3G27670,0.11669755055803706
AT3G27690,-0.6578062863288221
AT3G27700,-0.04995155466429424
AT3G27710,-0.5620626906149526
AT3G27730,-0.5096250531462568
AT3G27740,-0.06491881162374095
AT3G27750,-0.7042591691427397
AT3G27770,-0.1202924901677293
AT3G27810,1.8728773498034657
AT3G27809,4.629884364025532
AT3G27820,-0.6614322531833564
AT3G27830,-0.12643219082047236
AT3G27850,-0.3473499308303151
AT3G27860,-0.36125869270271105
AT3G27870,-1.0469086375186478
AT3G27880,0.6455622755886469
AT3G27890,-0.35427931575199373
AT3G27900,0.6368143496204941
AT3G27906,0.2613962732062126
AT3G27920,-1.3577997322059534
AT3G27925,-0.5399851433278894
AT3G27930,0.37978109867823523
AT3G27940,-0.5652647862088717
AT3G27950,0.7707191697934133
AT3G27960,1.4799404771241758
AT3G27970,-0.2550154655934909
AT3G27980,-0.5456995891059228
AT3G28007,-1.0044502163048556
AT3G28030,-0.22950562879781553
AT3G28040,-0.9449489870881903
AT3G28050,-1.104400250572187
AT3G28060,0.83551997635295
AT3G28070,-2.542662856106945
AT3G28080,-2.3614486617225565
AT3G28100,-2.3216423984517403
AT3G28130,-2.167171358752859
AT3G28140,-0.6676291246578581
AT3G28150,-1.025812616367996
AT3G28155,-0.9331988104869285
AT3G28170,0.4797285673622823
AT3G28180,2.512623118360014
AT3G28190,1.8730852100772803
AT3G28200,2.1324972996607645
AT3G28210,3.636187539716616
AT3G28220,-1.9019756050829189
AT3G28270,-1.7891678205173158
AT3G28290,-2.4458413441860825
AT3G28300,-2.091133806084791
AT3G28310,-0.05411820660772968
AT3G28330,-0.3688627189012756
AT3G28340,3.792424344084076
AT3G28345,-0.361020248419861
AT3G28360,-0.3244602805311796
AT3G28370,-0.3275468172900698
AT3G28380,1.2482764115370466
AT3G28390,2.6623377602122282
AT3G28420,-0.15285944380435654
AT3G28430,0.49565570855003366
AT3G28450,0.7059810902296748
AT3G28455,-0.5747928391412913
AT3G28460,-0.33734704515918806
AT3G28470,2.6623377602122282
AT3G28480,-0.12028814359382563
AT3G28500,0.5752327308818367
AT3G28540,-0.8027591531643284
AT3G28550,0.20985097839639974
AT3G28560,-0.07619646566992885
AT3G28570,3.715044581530864
AT3G28580,0.945556839943105
AT3G28600,5.602727964976381
AT3G28610,-2.0410612315431966
AT3G28620,-1.2672592853780063
AT3G28630,0.07957889465068935
AT3G28635,1.836678823731123
AT3G28640,-0.11968139889325097
AT3G28650,0.14808038134596518
AT3G28660,0.52561184411657
AT3G28670,0.11470489963119389
AT3G28690,-0.3912086211422931
AT3G28700,-0.0772607761164675
AT3G28710,0.08126841321661135
AT3G28715,0.2064738408156876
AT3G28720,0.070354929178684
AT3G28730,-0.3568223356380554
AT3G28740,-1.0338805529174377
AT3G28750,-1.9404203488904408
AT3G28760,-0.5633828798090471
AT3G28770,-0.35773175910601357
AT3G28840,-0.15995614706698658
AT3G28850,0.5408042289144871
AT3G28857,-2.4208915558996256
AT3G28860,-0.8056128366634201
AT3G28875,0.09633653226481341
AT3G28880,0.37114818731213656
AT3G28890,-1.4753100521214928
AT3G28900,0.11443573141528604
AT3G28910,0.5137510508930395
AT3G28917,4.074609867458875
AT3G28920,-0.4763400449226498
AT3G28930,0.768831361608871
AT3G28940,-0.17749094448128766
AT3G28950,-0.17508228313744112
AT3G28956,-0.2813303423011593
AT3G28960,-0.7094293787697402
AT3G28970,0.3060147618947855
AT3G29000,5.594475049294971
AT3G29010,1.0410382551003168
AT3G29030,-0.2201466738241434
AT3G29034,0.6734857007852653
AT3G29035,-0.35286988083909787
AT3G29060,-2.6724263804689485
AT3G29075,1.1623328669986686
AT3G29090,-0.4534277417302273
AT3G29100,0.10707143962986185
AT3G29110,0.8235694161154805
AT3G29130,0.14486922139842057
AT3G29140,0.7407624939875941
AT3G29160,1.329639831640019
AT3G29170,1.5501589665218287
AT3G29173,-0.7747768645691818
AT3G29180,-0.23430117455338642
AT3G29185,-0.41087113427397753
AT3G29190,-2.5318874327203367
AT3G29200,-0.8044699661332383
AT3G29230,-0.4927092291714357
AT3G29240,-0.05983996636554109
AT3G29250,0.4362027980716519
AT3G29255,-2.6826615294764204
AT3G29270,0.0407350429800172
AT3G29280,-0.26019169321973734
AT3G29290,-0.24365243835850448
AT3G29300,0.6755538749997704
AT3G29310,0.19810864190628025
AT3G29320,-1.278842248795677
AT3G29330,0.10865998208705871
AT3G29350,-0.11077420173780098
AT3G29360,2.5394183171256035
AT3G29370,0.010847950903400943
AT3G29375,-0.018224636898198896
AT3G29390,-0.24515762581449033
AT3G29400,0.527011531206276
AT3G29410,-1.3072639278853897
AT3G29430,4.381615609596514
AT3G29575,-0.8761504883851465
AT3G29590,-1.2615863873809257
AT3G29630,-0.7910445764436107
AT3G29633,-1.0223883381081307
AT3G29635,0.4956203938167018
AT3G29631,0.6082054204327164
AT3G29637,-1.8777557325959988
AT3G29638,1.8730318233610872
AT3G29639,0.7348271081670684
AT3G29670,-1.4995660852468442
AT3G29680,-1.0081834142844242
AT3G29760,0.12579628050716676
AT3G29763,-2.6826615294764204
AT3G29770,0.0047460061676896535
AT3G29780,-1.6410807863681978
AT3G29810,-0.041060630292656206
AT3G29830,-1.8777557325959988
AT3G29970,-2.674639620965142
AT3G30180,-1.743530963293599
AT3G30210,-2.674639620965142
AT3G30300,-0.14540113491890316
AT3G30305,0.8359300420380406
AT3G30340,0.9696166876173105
AT3G30350,-0.3548581004132789
AT3G30380,0.05238271806326454
AT3G30390,-0.6366635135401127
AT3G30460,-1.4269534655834053
AT3G30530,1.928438456759622
AT3G30580,2.6551264287920437
AT3G30720,-0.2968011862222031
AT3G30725,-2.674639620965142
AT3G30730,-0.7933018385275822
AT3G30770,1.119636920494627
AT3G30775,3.9851528328929406
AT3G30841,-0.18316931772575346
AT3G30842,-0.939686309695548
AT3G31910,2.6623377602122282
AT3G32030,0.13157699792936042
AT3G32040,-0.1691857144255073
AT3G32047,0.8254964203446866
AT3G32400,-0.15032233981742454
AT3G32920,-0.3741356740090478
AT3G32930,-0.5210174733240533
AT3G32940,-0.2001801140557794
AT3G32980,-0.1473715713046758
AT3G33528,0.964902089580885
AT3G33530,0.2949138087659208
AT3G33520,-0.2178921596179203
AT3G41762,-0.8879124749480412
AT3G42050,0.16043277117581523
AT3G42150,-0.028626506244566165
AT3G42170,0.22200309635493323
AT3G42180,-0.12710263719955053
AT3G42630,-0.006036554716697456
AT3G42640,-0.5498685268749799
AT3G42660,-0.05019406337002522
AT3G42670,-0.17903543712942088
AT3G42725,-0.4019971793970932
AT3G42790,0.31277854320422743
AT3G42800,-2.182232780158075
AT3G42850,0.9609268442901794
AT3G42860,-0.19568025718135346
AT3G42950,0.05137595962087998
AT3G43110,0.20061313078433843
AT3G43190,-0.9288582817830594
AT3G43210,0.12295317438857979
AT3G43220,0.3659958183468168
AT3G43230,-0.06410674686984583
AT3G43240,0.10504657137050245
AT3G43250,6.608959655946072
AT3G43270,-0.16568102452581063
AT3G43300,0.5432927536286547
AT3G43430,1.6152714001465964
AT3G43440,0.16460771647207154
AT3G43470,-1.87785450462112
AT3G43520,-0.004453026361728409
AT3G43540,-0.31756646598974575
AT3G43580,-0.6110796439492391
AT3G43590,0.3460735285594266
AT3G43600,-0.03642674044131937
AT3G43610,-0.32385827686148216
AT3G43670,-1.3855640104771674
AT3G43700,-0.13944937529322812
AT3G43720,-0.01949461598131905
AT3G43740,0.06709338019442396
AT3G43790,-0.47070352979717794
AT3G43800,-0.3185968131427885
AT3G43810,0.7563051559386487
AT3G43840,-0.8208968827249478
AT3G43850,-0.46290235141982256
AT3G43890,-0.06966924331859443
AT3G43920,-0.7607149955426474
AT3G43930,0.7540421974958194
AT3G43960,-0.30233316755833856
AT3G43970,-2.6826615294764204
AT3G43980,0.3711590130600871
AT3G43990,1.8728773498034657
AT3G44006,-0.6077310215792349
AT3G44010,0.21890925609869782
AT3G44020,-0.6550817681872065
AT3G44050,-0.2953920825629562
AT3G44100,-0.16868591705472166
AT3G44110,-0.1798083799866119
AT3G44120,-0.21986187703665502
AT3G44150,-0.6695394196381694
AT3G44160,-0.5611654143981839
AT3G44190,0.8552186339987063
AT3G44200,0.47415278924426135
AT3G44220,-0.9280371402873641
AT3G44250,-2.674639620965142
AT3G44260,4.690181842577778
AT3G44265,-0.0658771637273737
AT3G44280,0.0949258362298796
AT3G44290,-0.06903840410276901
AT3G44300,0.3098963472405982
AT3G44310,-1.2597633886192265
AT3G44320,-0.07749042632999346
AT3G44326,0.14036483471815106
AT3G44330,-0.07082534840921455
AT3G44340,0.5894941679989821
AT3G44350,2.696276678122706
AT3G44370,0.20618072286366015
AT3G44380,-0.17630897046680424
AT3G44400,1.3321497134122953
AT3G44405,-0.06145027775830187
AT3G44430,-0.45159864565070795
AT3G44440,-3.5577547003633283
AT3G44450,-1.302021925758292
AT3G44480,0.25965868233744305
AT3G44485,-2.6724263804689485
AT3G44490,3.532760705161366
AT3G44510,0.1966760997636361
AT3G44530,-0.06479088439058699
AT3G44540,-0.8725906499987239
AT3G44550,-0.34757032154083173
AT3G44590,0.11162313708328453
AT3G44600,-0.4303198414832826
AT3G44610,-0.9195609214375874
AT3G44620,-0.014102972496183374
AT3G44630,1.4841488606772166
AT3G44670,-0.08215247632795052
AT3G44680,0.026596899042627044
AT3G44690,0.22656913546462842
AT3G44695,0.9749329991062351
AT3G44700,2.8694305842018935
AT3G44710,2.0054989745680514
AT3G44713,0.14445897614276001
AT3G44716,-0.2442383322865698
AT3G44720,0.7161168462529273
AT3G44730,0.40103867994756115
AT3G44735,0.4259924206247772
AT3G44740,-0.14274017185947047
AT3G44750,0.26658844160550565
AT3G44753,-1.6749342013623727
AT3G44760,-2.6724263804689485
AT3G44763,1.8730318233610872
AT3G44766,-1.8778757470751295
AT3G44769,-0.26512476750401637
AT3G44770,0.6259237491397738
AT3G44790,-0.34076655405861817
AT3G44800,1.1810811874699518
AT3G44805,-2.2311490839495183
AT3G44820,-1.046555985146819
AT3G44830,-0.05411820660772968
AT3G44850,-0.033145125299510886
AT3G44860,2.5967961180572647
AT3G44870,3.1599884449236058
AT3G44880,-0.12877951050818245
AT3G44890,-0.12100239183537771
AT3G44900,-0.9204471481497227
AT3G44940,-0.5767022596293495
AT3G44960,-0.520163933398351
AT3G44970,-0.9443131020942799
AT3G44990,-0.40438604539829653
AT3G45010,0.1897171737085581
AT3G45020,-0.19493736199292624
AT3G45030,-0.10972337564755126
AT3G45040,1.4107224080704568
AT3G45050,-0.04541641330593556
AT3G45060,-0.7763788534150327
AT3G45070,0.03154154995961003
AT3G45080,-1.002360012150285
AT3G45090,-0.04642673143258602
AT3G45093,1.8730318233610872
AT3G45100,-0.1523608998681211
AT3G45130,0.4273428596841528
AT3G45140,-2.174870171600977
AT3G45160,-0.16624149875717523
AT3G45180,-2.6826615294764204
AT3G45190,-0.30191005348615824
AT3G45210,-1.1662264194528775
AT3G45230,0.5439882218016845
AT3G45240,-0.1083172770585284
AT3G45260,-0.11423157909096893
AT3G45280,0.9410895159582766
AT3G45290,-0.8687049695333662
AT3G45300,-0.30170519198629986
AT3G45310,-0.5506969101579741
AT3G45330,-0.24183446260611913
AT3G45390,-0.2645910460882995
AT3G45400,0.07306553809087576
AT3G45410,0.018940694065412506
AT3G45420,0.08202710947234798
AT3G45430,-0.38381278153749054
AT3G45440,-0.12567598216347742
AT3G45443,0.1682558063200024
AT3G45460,1.8728773498034657
AT3G45490,2.6623377602122282
AT3G45530,0.6534468535433241
AT3G45590,-0.02609399445754473
AT3G45600,-0.4151929647495019
AT3G45610,-0.6160430054071385
AT3G45620,0.1295853646552317
AT3G45630,0.023622054411833043
AT3G45640,1.048030252215057
AT3G45650,-0.07268980389222329
AT3G45660,0.5297677857638161
AT3G45680,-0.6276560006386873
AT3G45700,1.4532003288587472
AT3G45710,-0.08623733744033692
AT3G45720,-2.6724263804689485
AT3G45730,2.7918720596896183
AT3G45740,0.7181740091283928
AT3G45750,-0.2135110879077082
AT3G45760,1.2483401027391308
AT3G45770,-0.276091544024405
AT3G45780,-1.7211412070987602
AT3G45800,-2.6724263804689485
AT3G45830,0.16686275058416578
AT3G45840,1.4314845030042493
AT3G45850,-0.7195519323389425
AT3G45860,2.658459125611777
AT3G45870,1.8943523249158623
AT3G45880,0.4068912880919867
AT3G45890,-0.1423993423499359
AT3G45900,-0.39950721706682896
AT3G45920,-0.39542655377740066
AT3G45930,0.28139882606320565
AT3G45960,4.273760979032008
AT3G45970,3.777472416476836
AT3G45980,0.41889194736806906
AT3G46000,0.03604592028411813
AT3G46010,0.25299477288114663
AT3G46020,-0.37505075589565645
AT3G46030,0.3741049205419149
AT3G46040,0.056098224371662814
AT3G46060,0.5685928326539197
AT3G46070,4.7497032593925566
AT3G46080,5.042118579768503
AT3G46090,4.1118884994867955
AT3G46100,0.3269981662250871
AT3G46110,1.5369174574834945
AT3G46130,-0.4021839447169058
AT3G46140,-0.08431408083632463
AT3G46150,-0.43462695313852034
AT3G46170,-1.9693977124081607
AT3G46180,0.25431944121229655
AT3G46200,0.24166412743068613
AT3G46210,-0.24451260436192493
AT3G46220,0.39134677056424355
AT3G46230,-1.832180853943627
AT3G46260,-3.5577547003633283
AT3G46270,-0.042387660952041085
AT3G46280,1.8994016740620672
AT3G46290,0.2572284536292797
AT3G46300,1.1653258146618213
AT3G46320,0.09654839708537825
AT3G46330,0.768823117580799
AT3G46340,-1.65335370992453
AT3G46350,1.8728773498034657
AT3G46370,-0.7337801537773398
AT3G46400,-0.7113083735047863
AT3G46410,-1.8777557325959988
AT3G46430,0.0766290955655768
AT3G46440,0.10160641846989002
AT3G46450,0.11644541860752258
AT3G46460,0.23040794901851241
AT3G46480,2.320453091240295
AT3G46490,-0.04759363313034432
AT3G46500,-0.3299339879113072
AT3G46510,0.606795059873392
AT3G46530,0.6280551039996205
AT3G46540,-0.5046490266998406
AT3G46550,-0.07344119864988653
AT3G46560,-0.04579612559465098
AT3G46580,-1.0815721572837929
AT3G46590,-0.35891778232482374
AT3G46600,1.2029179104499814
AT3G46610,-0.7019827238611801
AT3G46616,-0.8361594213415002
AT3G46617,-0.04158754549383614
AT3G46620,2.3481851325925254
AT3G46630,0.08661264192419359
AT3G46640,0.8933955248673451
AT3G46650,0.24247973544484688
AT3G46660,-0.09730929521918076
AT3G46666,-0.2992337742983242
AT3G46670,-1.5753206962718433
AT3G46680,-0.3752284050667447
AT3G46690,1.763038957215176
AT3G46700,0.8939134629502704
AT3G46710,0.7953602822624308
AT3G46720,0.3450302651955406
AT3G46730,0.32428720529141986
AT3G46735,-1.214555214585294
AT3G46740,-0.1525924472968708
AT3G46760,-0.03258873981687511
AT3G46770,-1.097898063723417
AT3G46780,-0.46459603974285424
AT3G46790,-0.042796306475492055
AT3G46800,1.6535017667326557
AT3G46810,0.1971480263305082
AT3G46820,0.301791987971198
AT3G46830,0.6524064906707152
AT3G46845,0.8057495553173492
AT3G46870,0.11190392237262191
AT3G46880,0.2278354341233861
AT3G46890,-0.3167664125318291
AT3G46900,-0.5326038031408267
AT3G46910,-2.674639620965142
AT3G46920,-0.19969011565066427
AT3G46930,1.666762086517899
AT3G46940,-0.5820917453569865
AT3G46950,0.2337628472841742
AT3G46960,-0.18216554674509333
AT3G46970,-0.5920703976797872
AT3G46980,-0.2676615962523934
AT3G46990,-0.044451079987971404
AT3G47000,-0.5365358840867794
AT3G47010,-0.8727066766454642
AT3G47030,-0.08767711576579704
AT3G47040,1.1126459740992733
AT3G47050,-2.0547511783657533
AT3G47060,0.11398419678414892
AT3G47070,-0.06456099035785526
AT3G47080,0.7187529621598919
AT3G47090,1.4805097882160376
AT3G47100,-1.8783164768190557
AT3G47110,-0.040546905058318525
AT3G47120,0.34237265629354446
AT3G47130,5.029995784571431
AT3G47160,-0.19256185353663066
AT3G47180,0.6039293967771697
AT3G47200,0.8457376828686527
AT3G47210,0.9720212151720944
AT3G47220,1.004846287366357
AT3G47250,-0.5475871526108282
AT3G47290,0.18182120230202894
AT3G47295,-0.9365857108567732
AT3G47300,0.5911508967502564
AT3G47340,1.017598515594514
AT3G47350,-0.42446203965270946
AT3G47360,-0.6605929543820134
AT3G47370,0.19923969738473288
AT3G47380,0.3420612024960285
AT3G47390,-0.17691135647232675
AT3G47400,-0.7147396880715755
AT3G47420,-0.4222268537334741
AT3G47430,-2.120082809346559
AT3G47450,-0.17693719061913282
AT3G47460,-0.14293272461653597
AT3G47470,-0.7074375169854907
AT3G47480,0.7155303514513491
AT3G47490,-0.29407900306348367
AT3G47500,-0.5684254835541607
AT3G47510,0.7240161662168237
AT3G47520,0.44725032694321487
AT3G47530,0.23558598506325998
AT3G47540,-1.2014981544499115
AT3G47550,0.35416375093558505
AT3G47560,-0.6495766232142437
AT3G47570,2.314597149629955
AT3G47580,-0.8793417378922384
AT3G47590,0.18894715723443378
AT3G47600,0.0801439805210461
AT3G47610,-0.3634987641431845
AT3G47620,-0.8104389261051702
AT3G47630,-0.22660510623507255
AT3G47640,-0.5656810494368586
AT3G47650,-0.15816271343845303
AT3G47660,1.2137091050445192
AT3G47670,0.43029258607346604
AT3G47675,-0.01644887845574331
AT3G47680,-0.1474592506888074
AT3G47690,1.1818693543769907
AT3G47700,0.7578781994399492
AT3G47710,-0.6065247653248147
AT3G47720,2.6551264287920437
AT3G47730,-0.006462649826776106
AT3G47740,-0.5208942992196786
AT3G47750,0.08641396592855402
AT3G47760,0.867745790585727
AT3G47770,0.3280768469981919
AT3G47780,2.3181716398358665
AT3G47790,-0.5930462775865836
AT3G47800,-0.470910652773965
AT3G47810,0.12498059372342328
AT3G47820,1.0805574390504737
AT3G47830,0.47866506141472936
AT3G47833,0.1956369346623987
AT3G47836,-0.0772024493987892
AT3G47840,0.13364239697425193
AT3G47850,0.19184173414217437
AT3G47860,-0.3485255089404259
AT3G47870,-4.811985376340102
AT3G47890,0.18240980711567986
AT3G47910,-0.01492514230195395
AT3G47930,0.14329091039298952
AT3G47940,1.1700461560588868
AT3G47950,0.33473284832404115
AT3G47960,1.0757786830527631
AT3G47965,-0.09702294197981452
AT3G47980,0.3555705139135359
AT3G47990,0.11395262804664737
AT3G48000,-0.506791399539592
AT3G48010,1.4371763098894441
AT3G48020,0.7101799890960029
AT3G48030,0.338359720076911
AT3G48040,-0.35517925535254624
AT3G48050,0.3961256778994955
AT3G48060,0.35578117344667415
AT3G48070,-0.05872163693516417
AT3G48080,0.2664445047098894
AT3G48090,0.520752049953586
AT3G48100,0.5187797597745832
AT3G48110,-0.27231596981566086
AT3G48120,0.655071843289466
AT3G48140,0.7627970919915421
AT3G48150,-0.10047816470214253
AT3G48160,-0.007098975524614844
AT3G48170,-0.24315373285846398
AT3G48180,0.0463623474562375
AT3G48185,-0.3048895586541949
AT3G48187,-0.6564964635243299
AT3G48190,-0.7587574543009881
AT3G48195,0.17689939129302104
AT3G48200,-1.4592283514171112
AT3G48210,0.06508324850161983
AT3G48240,0.4485303278719371
AT3G48250,-0.039574472308733406
AT3G48260,-0.04718334174608416
AT3G48270,1.8730852100772803
AT3G48280,-1.7753778905390034
AT3G48290,-3.077739577275265
AT3G48300,1.353835146063177
AT3G48310,-1.375695443639675
AT3G48320,-0.36213985226488143
AT3G48330,-0.34392362741331545
AT3G48340,0.49805209256546235
AT3G48343,3.1597807187302642
AT3G48344,1.3752720551694484
AT3G48346,-0.9364952525140722
AT3G48350,-0.9172903210646726
AT3G48360,1.814094345727089
AT3G48380,-0.12105812287454928
AT3G48390,0.38178908634096753
AT3G48410,-0.5547089608206914
AT3G48420,-0.15836752078721508
AT3G48425,0.006516324815965454
AT3G48430,-0.2478823332488954
AT3G48440,-0.14310779311959268
AT3G48450,-0.4294177438888698
AT3G48460,-0.21654039632874664
AT3G48470,-0.6107623217264974
AT3G48480,-0.7487332731951024
AT3G48490,-1.2943274852142377
AT3G48500,-0.4936697183459841
AT3G48510,-2.2256590464850032
AT3G48520,2.915391132995433
AT3G48530,-0.34892475226517206
AT3G48540,-0.2792043415918504
AT3G48550,-0.7273358613638371
AT3G48560,-0.26426384208206716
AT3G48570,1.0978718437751418
AT3G48580,0.32716811002838103
AT3G48590,-0.026375177664523956
AT3G48600,-0.6198750103951826
AT3G48610,0.3520055735023227
AT3G48620,-0.3595358717484622
AT3G48640,3.533122674160285
AT3G48660,1.7116718379998568
AT3G48670,-0.38576648275011816
AT3G48680,-0.08434873881608136
AT3G48690,-0.4065486491225188
AT3G48700,-1.471536674673417
AT3G48710,-0.30044710464719976
AT3G48720,-1.393173009621336
AT3G48730,-0.2690853357773955
AT3G48740,-0.13971746060919787
AT3G48750,-0.12915037394671972
AT3G48760,0.8909191916441382
AT3G48770,-0.1843809072880374
AT3G48780,0.9465288445784354
AT3G48790,-0.02890065172916462
AT3G48800,-0.47356220977221986
AT3G48810,-0.1746533880402391
AT3G48820,1.0602403144091688
AT3G48830,-0.3124263834384323
AT3G48835,-0.3851286860123538
AT3G48840,-1.7747230692629998
AT3G48850,3.715044581530864
AT3G48860,0.33873795593990197
AT3G48870,-0.4641626625464022
AT3G48880,0.16208712382347742
AT3G48890,-0.1969868904689006
AT3G48900,0.1112168353217604
AT3G48920,-0.6833830510376485
AT3G48930,0.24037904704393032
AT3G48940,-0.2559607531380467
AT3G48960,2.6551264287920437
AT3G48970,-1.012652062274831
AT3G48980,0.4261964720296188
AT3G48990,0.5241310592064201
AT3G49000,-0.2690287599617754
AT3G49010,0.1430637405201828
AT3G49050,-0.6221116819116318
AT3G49055,0.09369875740111445
AT3G49060,0.4218718444078454
AT3G49070,-0.03497451901439002
AT3G49080,0.563895041570788
AT3G49100,0.5523138695569476
AT3G49110,-0.47686739845018145
AT3G49120,-0.1519659362285567
AT3G49140,-0.5591567545998922
AT3G49142,-0.1977502561156121
AT3G49155,-0.73299772371676
AT3G49160,0.5150456193668064
AT3G49170,0.17105554666985132
AT3G49180,0.11001079637080345
AT3G49190,0.6794349847496528
AT3G49210,1.1866874062546686
AT3G49220,0.8704355144959165
AT3G49250,-0.4094667858151219
AT3G49240,0.9209822509144643
AT3G49260,-0.7846977190648029
AT3G49270,2.6551264287920437
AT3G49290,-0.19050275750212006
AT3G49300,-3.6464673130340506
AT3G49310,0.46561050440154783
AT3G49320,0.0974598517731354
AT3G49330,-0.04506322656208762
AT3G49350,1.481230941703614
AT3G49360,-0.5913925620375566
AT3G49370,-0.2793801706815091
AT3G49380,-1.1378332899907044
AT3G49390,0.031893884267708006
AT3G49400,0.3739398571271135
AT3G49410,-0.03334402451307039
AT3G49420,0.29415027563536905
AT3G49430,0.004873127104920198
AT3G49470,-0.0634674925275635
AT3G49480,-1.0014037516328584
AT3G49490,-0.2955867809627386
AT3G49500,-0.5359698964546197
AT3G49510,0.24415634945362225
AT3G49520,-0.05411820660772968
AT3G49530,2.0011913368318455
AT3G49550,-0.08017363020220035
AT3G49551,-0.06695658043634473
AT3G49560,-0.130584414928802
AT3G49570,0.30735389620719267
AT3G49580,-1.7107065941596629
AT3G49590,0.05480516367405128
AT3G49600,0.08460611753473762
AT3G49601,0.2381251896612211
AT3G49620,3.6152520058006123
AT3G49630,2.81001891463558
AT3G49640,0.7563409687653272
AT3G49645,-0.1800914486641494
AT3G49650,-0.6617378348754417
AT3G49660,0.1586982862282744
AT3G49670,0.19423892045088384
AT3G49680,-0.3434187098684775
AT3G49690,-0.584144342316593
AT3G49700,-1.8784367005372429
AT3G49710,-0.2962990368644941
AT3G49720,1.8220234481650175
AT3G49725,0.20997381988006014
AT3G49730,-0.03046154176811588
AT3G49750,-0.34706365193069477
AT3G49760,-1.6947321142389367
AT3G49780,0.25561320913130237
AT3G49790,0.42902800874183816
AT3G49800,0.44247166833204904
AT3G49810,-0.14627221950813774
AT3G49820,1.6018275631422851
AT3G49830,0.1257445703728502
AT3G49840,-0.9350058247731471
AT3G49845,-0.2118606422039907
AT3G49850,-0.12662890707235788
AT3G49860,0.0012449570635231458
AT3G49870,0.4197507602860278
AT3G49880,-0.06682857162548032
AT3G49890,0.4136480097822071
AT3G49900,-1.2790185511000858
AT3G49910,0.1519480566739299
AT3G49920,-0.3030625793606759
AT3G49930,-0.6719765300490484
AT3G49940,1.6800274612343828
AT3G49950,0.5671511895900326
AT3G49960,-0.21952955084645417
AT3G49970,0.35360434362618737
AT3G49980,-2.188155265660108
AT3G49990,0.3454802827266516
AT3G50000,0.598324253774728
AT3G50010,0.6272519103615087
AT3G50030,-0.939686309695548
AT3G50040,0.9737588578429667
AT3G50050,0.9268445094022869
AT3G50060,2.380824155722168
AT3G50070,-0.7904358990661045
AT3G50080,0.292097743940435
AT3G50100,0.03188962796722407
AT3G50110,0.29283001014451193
AT3G50120,-0.07688957923862523
AT3G50130,1.981490420725836
AT3G50140,1.5951768488458635
AT3G50150,1.1068716980843794
AT3G50170,-2.6724263804689485
AT3G50190,-0.7915178189765524
AT3G50200,-0.21543596690805103
AT3G50210,-0.041985765804516746
AT3G50220,-0.722882022551507
AT3G50230,-0.10876880088204077
AT3G50240,-0.12368261195136715
AT3G50260,2.4800145497587245
AT3G50270,-1.1852433056127716
AT3G50280,-0.014266779865214062
AT3G50290,-2.6826615294764204
AT3G50300,-0.5009524709117069
AT3G50310,-0.030876750198029605
AT3G50330,-0.9391377017546062
AT3G50340,-0.8935436381090979
AT3G50350,0.8490255315505776
AT3G50360,1.0060367725289192
AT3G50370,0.08854941635985508
AT3G50380,-0.25060997729627077
AT3G50390,-3.0135795330950557
AT3G50400,-0.507323520183392
AT3G50410,-0.042616135684547786
AT3G50420,-0.2907071253621762
AT3G50430,-0.16726077013539187
AT3G50440,-3.130990421175688
AT3G50450,-0.892116654328321
AT3G50460,1.208056008501092
AT3G50470,1.7690457214405944
AT3G50480,2.8819446114482004
AT3G50500,-0.48807990695589665
AT3G50520,0.26185808714786696
AT3G50530,-0.5579234089582236
AT3G50550,0.8756382751875456
AT3G50560,1.0805919560651989
AT3G50570,1.7591100252948597
AT3G50580,-2.674639620965142
AT3G50590,0.4955735530395889
AT3G50610,-2.674639620965142
AT3G50620,0.138857521395137
AT3G50630,-0.7256752510393738
AT3G50640,0.6891580165352122
AT3G50650,1.4843692374737403
AT3G50660,-0.40753781858973687
AT3G50670,-0.037256523431482565
AT3G50685,-1.344005554174677
AT3G50690,-0.16665805600525563
AT3G50700,-0.7357883981827317
AT3G50710,1.7246187015099173
AT3G50740,-0.5764302358178726
AT3G50750,-0.6605070196092805
AT3G50760,1.099391408552225
AT3G50770,3.380963073356973
AT3G50780,-0.18145983339513042
AT3G50790,0.06920756152970386
AT3G50800,3.3340430778479675
AT3G50810,-0.5165486357366701
AT3G50820,-0.5498061967811914
AT3G50830,1.001705321574515
AT3G50840,-1.9491864937416354
AT3G50845,-0.28943336882455417
AT3G50850,0.15355807454081472
AT3G50860,0.24141770153320494
AT3G50870,-1.1004434335552156
AT3G50880,0.03014200048234672
AT3G50890,-1.4943067296480108
AT3G50900,0.6519603652869289
AT3G50910,1.2529596229115938
AT3G50920,-0.05451310097900143
AT3G50930,3.7194671257176957
AT3G50940,1.263480382021408
AT3G50950,1.374381199640475
AT3G50960,0.5730995534983184
AT3G50970,1.9808643224991687
AT3G50980,-0.9076525617976753
AT3G51000,-0.6125567206525008
AT3G51010,0.1011696912387108
AT3G51030,-0.10956044812716582
AT3G51040,0.0678560840669474
AT3G51050,-0.08163282805779613
AT3G51060,-0.48389882925456995
AT3G51070,-0.6487186409880535
AT3G51080,-0.9082494119673795
AT3G51090,-0.3729338527327438
AT3G51100,0.0899937057879933
AT3G51110,0.033417802497765325
AT3G51120,-0.09063808280960448
AT3G51130,0.16662898091151992
AT3G51140,-0.110875005281716
AT3G51150,-0.37157753341121075
AT3G51160,1.8796476678392222
AT3G51171,-0.24527821625029736
AT3G51180,1.1222665445873983
AT3G51190,1.8730852100772803
AT3G51220,-0.10079582101318144
AT3G51230,-0.3894313918563859
AT3G51240,0.08671112476086128
AT3G51250,0.50649480510186
AT3G51260,0.18556469453316793
AT3G51270,-0.33416723604518134
AT3G51280,-0.3139848441672093
AT3G51290,-1.537135400241342
AT3G51300,-0.5141021578110695
AT3G51310,-0.08480095469286845
AT3G51320,0.38591613024932686
AT3G51325,-0.9255909698064803
AT3G51330,-0.7419670350929453
AT3G51340,0.23666323289015434
AT3G51350,0.33687817020889016
AT3G51360,-0.18651390023480924
AT3G51370,0.14620820957727185
AT3G51380,-1.5261570806557918
AT3G51390,-0.04841592345895622
AT3G51400,0.0027206441383238237
AT3G51410,0.02406284772788563
AT3G51420,-1.0233884514239713
AT3G51430,-0.28749321625782126
AT3G51440,0.005481709961919508
AT3G51450,1.1705922243507807
AT3G51460,0.6061248109258268
AT3G51470,1.2994793237160924
AT3G51480,-0.350736906449385
AT3G51490,-1.3246105099721863
AT3G51500,-0.29131529580610915
AT3G51510,-0.6167855109443742
AT3G51520,-0.9185843729767472
AT3G51530,-0.1091990847602312
AT3G51540,0.8934786932650373
AT3G51550,1.4556398836485387
AT3G51560,0.6859294344249187
AT3G51570,-0.049386404953351906
AT3G51580,0.8766127204902223
AT3G51600,0.28982783129641865
AT3G51610,0.09772795220098099
AT3G51620,-0.03947997965958936
AT3G51630,0.03180947515100673
AT3G51640,-0.024496803120672334
AT3G51642,-1.8495069436071687
AT3G51644,2.6623377602122282
AT3G51650,-0.055724402571543694
AT3G51660,0.3338492556194051
AT3G51670,-0.44812951960295216
AT3G51680,1.9620759069351188
AT3G51710,-0.37029535991362517
AT3G51720,-0.04675843529999921
AT3G51730,-9.96320497547438e-05
AT3G51740,-0.44386421873445175
AT3G51750,-0.32469912420363584
AT3G51760,-0.07111132877611993
AT3G51770,0.8385966172496322
AT3G51780,0.16834565902411114
AT3G51790,1.1853316801027312
AT3G51800,0.18058639742035307
AT3G51820,-0.1931937679222585
AT3G51830,-0.7236032111682135
AT3G51840,-0.38223623560169917
AT3G51850,0.0941782610031621
AT3G51860,-0.34029906797553267
AT3G51870,0.9000923066979593
AT3G51880,-0.3800219554741557
AT3G51890,1.3220141465597675
AT3G51895,-1.1132454078369574
AT3G51910,0.6469166074112312
AT3G51920,1.0950781885786065
AT3G51930,-0.28081570082202056
AT3G51940,0.23481294598767122
AT3G51950,-1.1150410974253535
AT3G51960,0.042887611956806966
AT3G51970,1.8650061007836864
AT3G51980,0.1765386166229158
AT3G51990,0.8796499475041583
AT3G52000,-2.6826615294764204
AT3G52010,-4.4967448770887755
AT3G52020,-3.461079007329271
AT3G52030,-0.18223706411459137
AT3G52040,0.3291619567581339
AT3G52050,-0.38623707703968696
AT3G52060,-0.3407362129586216
AT3G52070,-1.2129122889296156
AT3G52075,-4.368056018763504
AT3G52090,-0.1844787763178221
AT3G52100,0.631259802527265
AT3G52105,0.09899919830531871
AT3G52110,-0.19543289902813638
AT3G52115,-0.23407946432139312
AT3G52120,0.5995428339565232
AT3G52140,-0.18658169923165738
AT3G52150,-0.2426467791231815
AT3G52155,-0.3974045617224498
AT3G52160,-0.5691695374602809
AT3G52170,-0.4744675999664941
AT3G52180,-0.815778625358736
AT3G52190,0.6183211938684352
AT3G52200,0.21951721543274735
AT3G52210,-0.41973583893177696
AT3G52220,0.3566706990382041
AT3G52230,-0.3818651879980556
AT3G52240,0.39970818662991103
AT3G52250,-0.41731581180669874
AT3G52260,-0.008670045385514503
AT3G52270,4.569373090560193
AT3G52280,-0.591533403983675
AT3G52290,-0.4848303520551062
AT3G52300,0.15605860674259647
AT3G52310,0.9798119049681242
AT3G52340,0.16843912074648232
AT3G52360,-0.438070656460911
AT3G52370,-0.28675993717828296
AT3G52380,-0.0015370907176343194
AT3G52390,0.07163616150798327
AT3G52400,2.965698538347006
AT3G52420,0.14235592432198646
AT3G52430,0.22056924556772653
AT3G52440,2.066143968295238
AT3G52450,2.8925088754511203
AT3G52460,1.0840504155900328
AT3G52470,1.4599827782780503
AT3G52480,0.02337927582335299
AT3G52490,-0.02296979018071228
AT3G52500,0.5384564572938028
AT3G52510,3.3984254061124917
AT3G52520,2.191274359786471
AT3G52525,-1.1560279396228703
AT3G52526,0.052682629235912805
AT3G52530,-0.376611986659614
AT3G52540,-1.4669662889992283
AT3G52550,-0.990578295146724
AT3G52560,0.18508663400591915
AT3G52561,3.3984254061124917
AT3G52570,0.8986474107976993
AT3G52580,0.03541609266088931
AT3G52590,0.21559573625967834
AT3G52600,2.696276678122706
AT3G52610,0.5349684682952074
AT3G52630,-0.5635554975217113
AT3G52640,0.5897272367164835
AT3G52660,0.09620670087904755
AT3G52680,0.4578071831466104
AT3G52710,0.9942592308265865
AT3G52720,-1.6807467168933377
AT3G52730,0.34836433213901363
AT3G52740,-0.18353134132940344
AT3G52750,-0.41927466681406256
AT3G52760,0.3478908813368936
AT3G52770,-0.3121639795168451
AT3G52790,-0.4147974180161055
AT3G52800,2.7813396408760407
AT3G52810,-2.6724263804689485
AT3G52820,-1.250985365781
AT3G52840,0.11304747914402388
AT3G52850,-0.08332004102552361
AT3G52860,-0.03167139987079776
AT3G52870,0.6127194356620278
AT3G52880,-0.06049333457165939
AT3G52890,0.2952260933467635
AT3G52900,-0.8452520234821416
AT3G52905,0.20453960842355323
AT3G52910,-1.4629147906757467
AT3G52920,-0.14143181295076557
AT3G52930,0.52298148478571
AT3G52940,1.8647969661886727
AT3G52950,1.688420867921294
AT3G52960,-0.16602768357607559
AT3G52990,0.6391168426179483
AT3G53000,0.37479716812832603
AT3G53010,0.3752856084279735
AT3G53020,0.27538706676493835
AT3G53030,0.08176188886453624
AT3G53040,-0.25617819558759575
AT3G53090,-0.09645615949495302
AT3G53100,-0.9705844623977388
AT3G53110,0.24452690321223902
AT3G53120,0.5334473513486059
AT3G53130,-0.2143502860065804
AT3G53150,0.676860440401245
AT3G53160,-0.8941750897374161
AT3G53170,-0.32461742871924876
AT3G53180,0.2554983007356017
AT3G53190,-1.1332809427442285
AT3G53200,0.7185824066320147
AT3G53210,-1.575909269727127
AT3G53220,-0.13428453050618705
AT3G53230,-1.3844166472808779
AT3G53232,2.26254665592863
AT3G53240,-0.07015720561577742
AT3G53235,-0.8464324379462461
AT3G53250,-1.5047044831908019
AT3G53260,0.06541389240739914
AT3G53270,-0.21543672482507495
AT3G53280,-1.482308523651439
AT3G53300,4.94116004420985
AT3G53310,-0.19939414180435025
AT3G53320,-0.0007776690887772248
AT3G53340,0.17165366599989892
AT3G53350,-0.4554448422603988
AT3G53360,0.2895042528316943
AT3G53370,0.12082484035836447
AT3G53380,-0.22635291075461386
AT3G53390,-0.11068726005951711
AT3G53400,1.2440929930873412
AT3G53410,-0.32714682280378743
AT3G53420,-1.4280552936285127
AT3G53430,0.26915483281254116
AT3G53440,0.6228636505713451
AT3G53450,-0.525663042480918
AT3G53460,0.036812346024813
AT3G53470,-0.6110232747719436
AT3G53480,-0.092484460820275
AT3G53490,0.42205864626275164
AT3G53500,-0.04493837102343367
AT3G53510,0.09405730093933815
AT3G53520,0.8986380232246342
AT3G53530,-0.5455943884407851
AT3G53540,-0.07620490519388601
AT3G53560,-0.037190994644458734
AT3G53570,0.04361117893363458
AT3G53580,-0.10162773200695004
AT3G53590,-0.30001578446404575
AT3G53600,4.074301519280831
AT3G53610,0.9227751061168316
AT3G53620,3.1958527119571256
AT3G53630,-0.2600281224469914
AT3G53650,0.9094584090515546
AT3G53670,0.3871406010582374
AT3G53680,0.6763431041218037
AT3G53690,-0.19653146550435105
AT3G53700,-0.7539595062109514
AT3G53710,0.8743651185457291
AT3G53720,-0.007268325498416876
AT3G53730,0.36590621853858635
AT3G53740,-0.12331670440219233
AT3G53750,0.2118335303467105
AT3G53760,-0.291868829171573
AT3G53780,-0.39711002227992004
AT3G53800,-0.13671234832371187
AT3G53810,1.1228531043144432
AT3G53820,-2.6826615294764204
AT3G53830,-0.3311567317660046
AT3G53840,0.4447754525857216
AT3G53850,-0.370785634626753
AT3G53860,-0.0923917079401147
AT3G53870,0.057904396680740954
AT3G53880,0.826340968746904
AT3G53890,0.3324537144147463
AT3G53900,0.0464959334091045
AT3G53920,-0.8964086803308362
AT3G53930,0.3343941416939068
AT3G53940,0.6914656773686018
AT3G53950,0.15719899302829543
AT3G53960,-0.42821212289095556
AT3G53970,-0.45853554274410524
AT3G53980,-0.3557201046564648
AT3G53990,0.4568067068149027
AT3G54000,0.4959081538354492
AT3G54010,-0.2251577594402416
AT3G54020,0.8419943293195469
AT3G54030,1.2060079378079491
AT3G54040,0.09414894898039922
AT3G54050,-0.3737706547842385
AT3G54060,0.7263845653743262
AT3G54065,-0.16403030205966734
AT3G54070,-3.5577547003633283
AT3G54080,0.06700764466199605
AT3G54085,0.8660275138913482
AT3G54090,-0.2561904433571994
AT3G54100,1.317452302850399
AT3G54110,0.9726128861934625
AT3G54120,0.48419822698482035
AT3G54130,0.3936293483995515
AT3G54140,0.22895594970925412
AT3G54150,3.190372065133858
AT3G54160,0.2606916351297524
AT3G54170,0.4226111086194378
AT3G54180,-0.21407271159079688
AT3G54190,-0.0762400518680907
AT3G54200,0.8011130635214813
AT3G54210,-0.2616349529012748
AT3G54220,-0.12610945631462617
AT3G54230,0.02747077762135511
AT3G54250,0.7463109598329952
AT3G54260,-0.659081932622973
AT3G54270,0.1494437598965092
AT3G54280,-0.3421465258136236
AT3G54290,-0.11663862985760605
AT3G54300,0.38983738690691716
AT3G54310,2.6623377602122282
AT3G54320,-0.28886833000006795
AT3G54340,2.0670637688600904
AT3G54350,-0.27689908933232854
AT3G54360,-0.5173659959191379
AT3G54363,-0.754813815892947
AT3G54380,0.41931850684250266
AT3G54390,-0.5545813009628994
AT3G54400,1.2112501398727096
AT3G54420,0.17677123796304492
AT3G54430,0.9311562127237831
AT3G54440,-0.3578537111607948
AT3G54450,-0.14933467264381425
AT3G54460,-0.5047171630269205
AT3G54470,0.009101613346694435
AT3G54480,-0.22905940529182597
AT3G54490,4.110670368424876
AT3G54500,-0.23183557360979548
AT3G54510,0.033775127767679346
AT3G54520,2.696276678122706
AT3G54540,-0.15902586997628584
AT3G54560,-0.3052787918395276
AT3G54580,0.030936282869788383
AT3G54590,-0.008500827634817647
AT3G54600,-1.592339294842416
AT3G54610,0.2955416604752946
AT3G54620,0.34647340591339437
AT3G54630,0.6065722120494115
AT3G54640,0.6961538467954197
AT3G54650,0.7152359333644586
AT3G54660,-0.11452135125458346
AT3G54670,-0.06393327492316914
AT3G54680,0.6464107831003292
AT3G54690,1.2698586648469123
AT3G54700,2.696276678122706
AT3G54710,-0.09378393052873679
AT3G54720,-1.2135328710424023
AT3G54730,-0.09734512604681353
AT3G54740,-0.6880036610564626
AT3G54750,-0.2033645915116732
AT3G54760,-0.10036163520014997
AT3G54770,0.14191563819100003
AT3G54780,-1.140686422870543
AT3G54790,-1.040192209356118
AT3G54810,2.741291092576177
AT3G54820,-0.2498232576149454
AT3G54826,-0.0062980886258283235
AT3G54830,-0.4079960275036851
AT3G54840,-0.059596637646169424
AT3G54850,0.44085051336651426
AT3G54860,-0.0892666968756007
AT3G54870,0.7710409380804224
AT3G54880,1.3312537199273033
AT3G54890,-0.6301463429902054
AT3G54900,-0.37798968388913723
AT3G54910,-0.6518004196757028
AT3G54920,0.7008600797741479
AT3G54930,0.6463061747847072
AT3G54940,-1.933909190828593
AT3G54950,0.4915508712288199
AT3G54960,0.3265731772597994
AT3G54970,-0.38861099220895473
AT3G54980,0.3616873349942098
AT3G54990,-0.009866695286819728
AT3G55000,0.3779498656730689
AT3G55005,0.3304930090971534
AT3G55010,0.01735678993919529
AT3G55020,0.018371750903847687
AT3G55030,0.38948211297789626
AT3G55040,0.5100693206987443
AT3G55050,1.1626145395833534
AT3G55060,-0.08452218138267953
AT3G55070,-0.3504286038382389
AT3G55080,-0.4125902352182807
AT3G55090,-0.3666035162247685
AT3G55110,0.06865383147297159
AT3G55120,-1.1395849125469153
AT3G55130,-1.1655906693665943
AT3G55140,0.10887430453520232
AT3G55150,0.5658160608199828
AT3G55160,-0.3596231330025427
AT3G55170,-0.22949484609417156
AT3G55180,2.6623377602122282
AT3G55200,0.08403426828876943
AT3G55210,2.696276678122706
AT3G55220,0.33192757223328084
AT3G55230,0.43895713828634
AT3G55240,0.8947936853510947
AT3G55250,-0.22769201764073804
AT3G55260,-0.2570735805427563
AT3G55270,0.31898283494156204
AT3G55280,0.3884247946045043
AT3G55290,-0.8733398165549499
AT3G55310,-1.7815660649045784
AT3G55320,-0.026338913851094093
AT3G55330,-0.1855101680369725
AT3G55340,0.13798625282665983
AT3G55350,0.5979842613792766
AT3G55360,-0.5973907324320558
AT3G55370,-0.17597495068250207
AT3G55380,0.445458246477117
AT3G55390,-0.17563207487166563
AT3G55400,0.05959999629447359
AT3G55410,0.7917329992602582
AT3G55420,-0.3676150976179393
AT3G55430,1.7502340608615667
AT3G55440,0.1696321541032154
AT3G55450,0.43139454960625534
AT3G55460,-0.06912985851392404
AT3G55470,0.31410090802490565
AT3G55480,0.1595127182061589
AT3G55490,0.05520642995352947
AT3G55500,0.6295344118110839
AT3G55510,0.4964975660180919
AT3G55515,-0.37352078527806576
AT3G55520,-0.21905992670714294
AT3G55530,-0.7589965601814698
AT3G55550,-0.48370472767388223
AT3G55560,-0.029205330378213233
AT3G55580,-1.6895144356867182
AT3G55600,0.4490674398998166
AT3G55605,0.18573332989209368
AT3G55610,-0.3094691622405133
AT3G55620,0.1761793282389452
AT3G55630,-1.0543180150835254
AT3G55640,0.2269670525432587
AT3G55646,1.082943424166936
AT3G55660,-0.6054778182570446
AT3G55690,-0.09800508862594087
AT3G55700,-1.2063030799415622
AT3G55710,0.22981146172327754
AT3G55720,1.3758267614744566
AT3G55730,0.07741961557312355
AT3G55740,-1.0274192307682153
AT3G55750,0.3710918733661345
AT3G55760,0.2012396107415832
AT3G55770,-0.011816933217319572
AT3G55780,-0.1122840683913733
AT3G55800,-0.10623446682795888
AT3G55820,1.0591790259972904
AT3G55830,0.10310669668328246
AT3G55840,5.025160061569649
AT3G55850,0.13949308177603487
AT3G55880,1.5473305986094463
AT3G55890,-0.33174301626326924
AT3G55900,-0.42132367197930126
AT3G55910,-0.3959602597141183
AT3G55920,0.2568451890349889
AT3G55940,1.5439743055927084
AT3G55950,2.168321379454874
AT3G55960,0.04941517604089011
AT3G55970,1.6732946805689666
AT3G55980,3.899539750352368
AT3G55990,0.18896386977007068
AT3G56000,-0.1995047297952491
AT3G56010,-0.2790152379692912
AT3G56020,0.12578729209552353
AT3G56030,0.6690376959741603
AT3G56040,-1.3445730163980618
AT3G56050,0.22329530576800258
AT3G56060,-1.0978493670585059
AT3G56070,0.14117779620322468
AT3G56080,-2.387529354946998
AT3G56090,0.5128288302743118
AT3G56100,-0.9783605049056385
AT3G56110,0.5373646340118458
AT3G56120,0.18390705161547055
AT3G56130,-0.5417904947285154
AT3G56140,-0.5885275009400347
AT3G56150,0.21204283617657427
AT3G56160,-0.26176094836686853
AT3G56170,0.3402135093349994
AT3G56190,0.17068911241640544
AT3G56200,1.6697317285570397
AT3G56210,-0.1995008953245939
AT3G56220,-0.7408732010764808
AT3G56230,0.7235520673848782
AT3G56240,-0.24147175574631707
AT3G56250,0.08439812789297586
AT3G56260,-0.6158348966894508
AT3G56270,-1.1957763014574312
AT3G56290,0.11808192021764517
AT3G56300,0.467311393666268
AT3G56310,-0.20277650677097414
AT3G56320,-0.40564739108274817
AT3G56330,-0.5667387809409283
AT3G56340,0.11360285328128487
AT3G56350,-0.3598048368823838
AT3G56360,-0.14978333715417194
AT3G56370,-0.9957028752070438
AT3G56380,8.86155824272695
AT3G56400,4.381318237566624
AT3G56410,0.5426277254587264
AT3G56430,-0.052509651385543414
AT3G56440,-0.09770326953348273
AT3G56450,-0.3509736157396362
AT3G56460,0.10831082470931325
AT3G56470,0.4674137739490491
AT3G56480,-0.5385755656919077
AT3G56490,-0.18327481633690912
AT3G56500,2.6551264287920437
AT3G56510,0.10982116876790891
AT3G56550,0.16956241575582154
AT3G56570,0.07485206461423922
AT3G56580,0.15128617527366384
AT3G56590,0.5916940120549924
AT3G56600,-0.6958947111908164
AT3G56620,0.24106064652279532
AT3G56630,-0.6252429366716991
AT3G56640,0.628771415313683
AT3G56650,-0.20478653395173185
AT3G56660,-0.03201491800673841
AT3G56680,-0.5359783299199095
AT3G56690,-0.33655034023171615
AT3G56710,2.0836409929594644
AT3G56720,-0.14217503278949944
AT3G56730,0.6726034137139362
AT3G56740,0.05127394377601515
AT3G56750,0.07805465363714297
AT3G56760,-0.0842409302763598
AT3G56770,0.4609610501399694
AT3G56780,0.532263897676469
AT3G56790,-0.5637437380351232
AT3G56800,0.5378687906569715
AT3G56810,-0.43826731507357697
AT3G56820,0.20054940382621236
AT3G56830,-0.5693750914008532
AT3G56840,-0.19932566844409813
AT3G56850,0.026263385123431696
AT3G56860,-0.24593904849059253
AT3G56870,-0.3308298145715729
AT3G56880,2.2786284803274848
AT3G56890,-0.8254190917092632
AT3G56891,2.391093539669287
AT3G56900,0.6770748137619915
AT3G56910,-0.15498833118033956
AT3G56930,0.6961881265816515
AT3G56940,-1.0409781391161206
AT3G56950,0.20640550731049814
AT3G56960,-0.09007993714516067
AT3G56970,-1.3608930678910003
AT3G56980,-0.9313948035222591
AT3G56990,0.02468299562060825
AT3G57000,0.2304303627286076
AT3G57010,-0.3921449370618859
AT3G57020,0.04924374553742665
AT3G57030,-0.48798042312711415
AT3G57040,-0.370044224519813
AT3G57050,-0.8262994462791244
AT3G57060,-0.284469576417924
AT3G57062,-1.0221001687432025
AT3G57070,0.7651334657401445
AT3G57080,-0.7846821845215278
AT3G57090,0.411281959430548
AT3G57100,0.872800159751463
AT3G57110,0.9292569174846803
AT3G57120,1.3426071455198902
AT3G57130,0.05206682229648921
AT3G57140,0.48182747697126344
AT3G57150,0.05582225376412231
AT3G57160,-0.20366659294087422
AT3G57170,0.14943740676506467
AT3G57180,-0.17892208147260893
AT3G57190,-0.5086967990883
AT3G57200,-0.19603666758319405
AT3G57210,1.4907265129066514
AT3G57220,0.5672211994713207
AT3G57230,0.12384845107236657
AT3G57240,-0.2975293243262648
AT3G57260,-0.018254300017269322
AT3G57280,1.2398035393357079
AT3G57290,0.26300751149176743
AT3G57300,-0.26032888157926465
AT3G57320,-0.31393142804048774
AT3G57330,1.0929258788536056
AT3G57340,0.7048080135269496
AT3G57350,-0.44956582368931924
AT3G57360,0.7986635405730064
AT3G57380,-0.806415512321716
AT3G57390,-0.2124417798504068
AT3G57400,-0.6828999404394741
AT3G57410,0.5497646951059046
AT3G57420,0.922144824635505
AT3G57430,-0.4913280577561281
AT3G57440,0.1647491423734771
AT3G57450,3.107331627919851
AT3G57460,8.018892299742898
AT3G57470,-0.3605485964849096
AT3G57480,0.43350065162986906
AT3G57490,0.7849444603732655
AT3G57500,0.028108845299558326
AT3G57520,3.994286587664005
AT3G57530,1.9282659759637197
AT3G57540,-0.18680172696828792
AT3G57550,2.050541822414701
AT3G57560,0.38064918599726344
AT3G57570,-0.3440072409865552
AT3G57580,-0.09634675308335083
AT3G57587,4.629831085319101
AT3G57590,-0.207520501456582
AT3G57600,-0.6988324627122491
AT3G57610,0.12282890115574804
AT3G57630,-0.17480160716642618
AT3G57640,2.456915479790667
AT3G57650,0.3682306224385568
AT3G57660,0.20643127126794658
AT3G57670,-0.8710676080229138
AT3G57680,-0.2369313322353387
AT3G57710,0.11514598029403662
AT3G57720,1.2785136197330094
AT3G57730,-2.9376769781845233
AT3G57740,0.7630726673954956
AT3G57750,0.7178216931426269
AT3G57760,1.597406115599432
AT3G57770,-0.6197778104531363
AT3G57780,0.7877212430047196
AT3G57785,-0.1491659339749833
AT3G57787,1.5121874834327382
AT3G57790,0.4351482412674009
AT3G57800,-0.2584995571917897
AT3G57810,-0.9456250023022841
AT3G57830,-2.111673177255059
AT3G57860,-0.9259508482924356
AT3G57870,-0.23077785066188675
AT3G57880,0.7330186129638357
AT3G57890,0.639789019095099
AT3G57910,0.04981222206079442
AT3G57920,0.47824557300582915
AT3G57930,1.5823421268558784
AT3G57940,0.19918991636548022
AT3G57950,0.25782079918209866
AT3G57970,1.4369247123937494
AT3G57980,1.1015354404905735
AT3G57990,0.05329138138069387
AT3G58000,-0.5690257566313789
AT3G58010,-0.1554851982448185
AT3G58020,0.3440687692930537
AT3G58030,0.39945392023563336
AT3G58040,0.029934970167537902
AT3G58050,0.3425357647746049
AT3G58060,1.5460074148461576
AT3G58070,-1.5661202738973228
AT3G58090,-0.22539881173900517
AT3G58100,-0.4122953224232486
AT3G58110,0.24315240217730494
AT3G58120,0.09905836337402883
AT3G58130,0.10712086873023126
AT3G58140,-0.17592829464332443
AT3G58150,0.674857916709901
AT3G58160,-0.3315946417321308
AT3G58170,0.18557282488077576
AT3G58180,0.448478293607033
AT3G58190,-1.097898063723417
AT3G58200,-0.4152164445356266
AT3G58220,-0.35180317285683194
AT3G58270,1.4015188901882996
AT3G58320,-2.6724263804689485
AT3G58350,0.901749192775336
AT3G58380,4.754452507423488
AT3G58430,-0.6678460793469327
AT3G58450,-4.815780090533408
AT3G58460,-0.2881781841689954
AT3G58470,-0.0004283016309117378
AT3G58480,1.7780533416911202
AT3G58490,-0.21488064621520678
AT3G58500,0.10638414991617808
AT3G58510,0.12130369126540835
AT3G58520,0.41495200076692224
AT3G58530,0.16172217156295204
AT3G58540,1.2436314493121983
AT3G58550,-0.7812102198251891
AT3G58560,0.12212629673005021
AT3G58570,0.08416988321607817
AT3G58580,0.5113109217771603
AT3G58590,-0.3624688393073322
AT3G58600,0.7551671077436132
AT3G58610,-0.10608306270912034
AT3G58620,0.9541481987991812
AT3G58630,0.8259978097753488
AT3G58640,0.4077292274451726
AT3G58650,-0.09304548463775299
AT3G58660,0.21260148531520762
AT3G58670,-0.5937072634406806
AT3G58680,-0.02451686698115505
AT3G58690,0.1728566209800035
AT3G58700,0.13947605230747429
AT3G58710,0.29362106680308314
AT3G58720,-0.930798505127564
AT3G58730,0.546589946986217
AT3G58750,-0.10461928205635057
AT3G58760,0.6347514085729422
AT3G58770,-1.3628182905625692
AT3G58780,-0.9751638955929788
AT3G58790,2.207018143983803
AT3G58800,0.6699176038564146
AT3G58810,-0.2550191894835086
AT3G58820,-1.211619040710212
AT3G58830,0.05496718986556386
AT3G58840,0.07651346416520774
AT3G58850,0.4614872372842007
AT3G58860,-3.6056265338478264
AT3G58875,0.08757610994969103
AT3G58900,-0.05127685895567801
AT3G58930,-0.26563035892385983
AT3G58940,-0.554674569767471
AT3G58950,2.696276678122706
AT3G58970,-0.1615018903515896
AT3G58980,-0.2940009213044696
AT3G58990,-0.5698455983695024
AT3G59000,-0.24144628703180393
AT3G59010,-1.0936665521071331
AT3G59020,0.2442520805523601
AT3G59040,-0.38867260522799824
AT3G59050,0.5769372760671437
AT3G59060,0.6744144223500821
AT3G59070,1.6511848193550513
AT3G59080,2.452487921281701
AT3G59090,0.11360184674489192
AT3G59100,-0.3816717735663974
AT3G59110,-0.010789626528922121
AT3G59120,-0.5764063615058839
AT3G59130,-0.06503722533948911
AT3G59140,-1.1466227012353631
AT3G59150,0.19183820934508233
AT3G59190,-0.21774496893578474
AT3G59200,0.13209876516573504
AT3G59210,-0.6925142892037408
AT3G59220,0.2701000404642192
AT3G59230,0.7453382230529453
AT3G59250,-1.2092257196260268
AT3G59260,-4.1022591224414935
AT3G59270,0.6600731917547735
AT3G59280,0.6175539496837456
AT3G59290,0.9794094119609631
AT3G59300,-0.666670614659208
AT3G59310,1.0638314288881732
AT3G59320,-0.290676276177784
AT3G59330,-0.3717666714334073
AT3G59340,-0.47255452907663165
AT3G59350,3.4533897602601327
AT3G59360,0.7179671969091033
AT3G59370,0.613479466334024
AT3G59380,-0.17932386187639118
AT3G59390,0.12201541455052965
AT3G59400,-1.1617217957862631
AT3G59410,0.005639158814720503
AT3G59420,-1.0198883865398216
AT3G59430,-0.5661026395640149
AT3G59435,0.9075325390789686
AT3G59440,-3.855531668332906
AT3G59450,-0.3893122322030039
AT3G59460,2.696276678122706
AT3G59470,0.22770870474314636
AT3G59480,0.7073564351103346
AT3G59490,-0.924698811496151
AT3G59500,0.35164490413890354
AT3G59510,-0.38909051718146054
AT3G59520,0.3669399200270841
AT3G59530,-0.45189568637727395
AT3G59540,0.20574359792864644
AT3G59550,-1.018286327769535
AT3G59570,0.22102333295064186
AT3G59580,-1.6052548897097831
AT3G59600,0.021328746135124754
AT3G59610,2.6623377602122282
AT3G59630,-0.10677620845913492
AT3G59640,0.3354966166513289
AT3G59650,-0.13873007366927456
AT3G59660,-0.34874033887319267
AT3G59670,0.03712656021820271
AT3G59680,-0.14687049111618145
AT3G59690,-0.05983406511266433
AT3G59700,2.021233259574813
AT3G59710,-1.2099946936120856
AT3G59730,-0.3807023122418465
AT3G59740,0.5776936864844857
AT3G59750,0.6047399494114523
AT3G59760,-0.022108841760187178
AT3G59770,0.22737360921015054
AT3G59780,-0.5641191036752223
AT3G59790,-0.8387574863085138
AT3G59800,0.11405197992446701
AT3G59810,0.1543243119882657
AT3G59820,0.20358192412855472
AT3G59830,-0.43347825380375105
AT3G59840,-0.30548351856432177
AT3G59850,0.195649917228412
AT3G59870,0.086668018717068
AT3G59880,2.2362043019731273
AT3G59890,0.262995583319609
AT3G59900,3.279792222377125
AT3G59910,-0.11940385965907349
AT3G59920,0.46313079623026626
AT3G59930,-1.9844859652798408
AT3G59940,-0.6890949523891082
AT3G59950,0.005693443153570776
AT3G59970,0.06147194161116161
AT3G59980,-0.23807116119343802
AT3G59990,-0.1350929669019949
AT3G60000,0.3140213507495057
AT3G60010,-3.829903597127346
AT3G60030,0.0395849399989161
AT3G60040,0.5227224277931716
AT3G60050,0.0634900400888299
AT3G60070,-0.3058788329803978
AT3G60080,0.012721678476780244
AT3G60090,2.6623377602122282
AT3G60110,0.7801505783191923
AT3G60130,-0.3554464847519855
AT3G60140,0.23249113019639434
AT3G60150,-0.05011855743819782
AT3G60160,-1.3928772795467612
AT3G60180,-0.23393869698489372
AT3G60190,-0.9081038071814849
AT3G60200,1.4460743870503452
AT3G60210,-0.17849520565585722
AT3G60220,-0.9821632032503367
AT3G60240,-0.10944764359036718
AT3G60245,0.27414694478690094
AT3G60250,0.36966863741530137
AT3G60260,1.8841393460124134
AT3G60270,-0.018254300017269322
AT3G60280,-0.038029208507625666
AT3G60286,0.8482874361022261
AT3G60290,4.014592609937971
AT3G60300,-0.1201517108684374
AT3G60310,-0.39496549084128574
AT3G60320,0.5049827172427369
AT3G60330,-0.11528669606797037
AT3G60340,-0.6592439357905295
AT3G60350,-0.17956372171027768
AT3G60360,0.11021952787465757
AT3G60370,-0.4226993709206935
AT3G60380,-0.021959114672611288
AT3G60390,-1.2831978529766146
AT3G60400,0.012694831986470178
AT3G60410,0.5604524018591303
AT3G60415,3.1794930484798236
AT3G60440,0.10109306905100292
AT3G60450,0.7708126409285515
AT3G60470,-1.8522600473555018
AT3G60480,-0.05613072254924888
AT3G60490,0.5958066564786729
AT3G60500,0.18213248186989933
AT3G60510,0.010056650596535974
AT3G60520,0.4665150308442084
AT3G60530,-0.11268441561212597
AT3G60540,2.1672650263863003
AT3G60550,1.5765884688337413
AT3G60580,-0.45857175487453233
AT3G60590,-0.10497340374236569
AT3G60600,0.4544893627965566
AT3G60620,0.10177917898261883
AT3G60630,0.1608672011539658
AT3G60640,-0.08437896143807522
AT3G60650,-2.5398490589288034
AT3G60660,0.33772474080520803
AT3G60670,-0.9381570485425904
AT3G60680,-0.03122458024491177
AT3G60690,-0.24376373190451062
AT3G60700,-0.8304122130231794
AT3G60710,0.06231067251451147
AT3G60720,-0.6922528888307438
AT3G60730,-1.3499279499864185
AT3G60740,0.20207876165325864
AT3G60750,-0.5020549441086685
AT3G60770,0.24715648012716532
AT3G60780,1.8730318233610872
AT3G60800,0.8404928051954764
AT3G60810,-0.6583128263353832
AT3G60820,0.15436940009705863
AT3G60830,-0.26991083931670234
AT3G60840,-0.6432767547668065
AT3G60850,-0.21320683976073426
AT3G60860,0.5600111672434597
AT3G60870,-0.3525318023909445
AT3G60880,-0.029144406126413565
AT3G60890,-1.1138760257395288
AT3G60900,-1.2373753454324636
AT3G60910,-0.19057002708950907
AT3G60920,-0.8992302475275858
AT3G60940,2.36992524868262
AT3G60950,1.8730852100772803
AT3G60960,-0.03387974461448823
AT3G60966,1.3124069567254446
AT3G60980,1.1787519955119936
AT3G60990,-3.6056265338478264
AT3G61010,-0.1262991395397376
AT3G61028,2.8851673992258347
AT3G61050,0.0040836679652147
AT3G61060,1.4261459399295104
AT3G61070,0.32219581904509914
AT3G61080,-0.32616706367474996
AT3G61090,0.045507377479412595
AT3G61100,0.1920715255838461
AT3G61110,0.1161900172178379
AT3G61113,-1.5042542765650024
AT3G61120,3.3984254061124917
AT3G61130,0.8716152595189836
AT3G61140,0.21217453510510484
AT3G61150,0.653716904840194
AT3G61160,-1.1346295282528005
AT3G61170,0.1922635330694399
AT3G61180,-0.10808278472401861
AT3G61190,3.2103544663298718
AT3G61200,-0.04708838416462878
AT3G61210,-0.39881206261199825
AT3G61220,-0.6068458911001764
AT3G61240,0.09091901625978474
AT3G61250,-0.7616600485780491
AT3G61260,0.258451073625803
AT3G61270,0.6465247567336496
AT3G61280,-1.0994881496867392
AT3G61290,-2.6724263804689485
AT3G61310,0.4272568623051892
AT3G61320,-0.5901817311859321
AT3G61340,1.4346821175810247
AT3G61350,0.698020507144964
AT3G61360,0.1455129525932069
AT3G61370,0.2763979996659067
AT3G61380,0.23215881119373522
AT3G61390,0.8836218616810017
AT3G61400,2.5228315673988915
AT3G61410,-0.6471829970837449
AT3G61415,-0.030347977041750122
AT3G61420,-0.06135610818550973
AT3G61430,-0.5022510463960571
AT3G61440,0.08720268476187434
AT3G61450,-0.2133346005532598
AT3G61460,-0.02275950295793033
AT3G61470,-0.46347138054351883
AT3G61480,0.40217407699443075
AT3G61490,-0.6861028937875923
AT3G61510,-0.9441867627792839
AT3G61520,0.05716855550279855
AT3G61530,-0.9557982345980536
AT3G61540,-0.5513232655326752
AT3G61550,-1.6734580345305237
AT3G61560,0.6555727718970007
AT3G61570,0.7624395949382672
AT3G61571,4.284033254088948
AT3G61580,0.6173180697094398
AT3G61590,-0.05962948847718354
AT3G61600,-0.19209376986092355
AT3G61610,-0.357075845286531
AT3G61620,0.16092845253880003
AT3G61630,0.5090108494527023
AT3G61640,2.341356549100958
AT3G61650,-0.01278096963381504
AT3G61660,-0.9394465231265614
AT3G61670,-0.3466907555003823
AT3G61680,0.8878546191808457
AT3G61690,0.20774548153787672
AT3G61700,-0.3820717346310784
AT3G61710,0.21173650483023784
AT3G61730,-0.2849319382002709
AT3G61740,0.19507360072436508
AT3G61750,-0.6079213379216747
AT3G61760,1.1931356472305388
AT3G61770,0.0011008721873696373
AT3G61780,-1.051621413694357
AT3G61790,0.2056503317562971
AT3G61800,-0.09221675390580122
AT3G61810,1.615051992873834
AT3G61820,-0.7664776800059759
AT3G61830,-1.2914746090980314
AT3G61840,-2.6707831636571235
AT3G61850,0.1933604391917191
AT3G61860,-0.18567437302335507
AT3G61870,-0.2790087405579082
AT3G61880,0.15879928210224045
AT3G61890,0.20256741059233552
AT3G61898,-0.24841422731819465
AT3G61900,-0.30253529531125484
AT3G61920,-0.5815973742403913
AT3G61930,0.13442054669085504
AT3G61950,-1.561893921027024
AT3G61960,-0.43565182431995525
AT3G61970,-0.8494824378547381
AT3G61980,1.2602520383144837
AT3G61990,-0.12542772244598185
AT3G62000,-0.45529053079046833
AT3G62010,-0.45961696851638023
AT3G62020,0.056077014279132996
AT3G62030,-0.07270255913993438
AT3G62040,0.41241913581634326
AT3G62050,0.007680576179651076
AT3G62060,0.09548400477201659
AT3G62070,-1.6204544799710348
AT3G62080,0.16681766806181003
AT3G62090,-0.22698181538771534
AT3G62100,-0.5749808259542516
AT3G62110,-0.6063705997027664
AT3G62120,0.258077946506847
AT3G62130,-0.41031777451340856
AT3G62140,-0.2813480477508289
AT3G62150,1.9729908259573765
AT3G62160,0.5522983004557084
AT3G62190,0.06439856418195118
AT3G62200,-0.5565155283105683
AT3G62210,0.5509381027510916
AT3G62220,0.666810831480061
AT3G62240,0.21892353067439227
AT3G62250,0.017044418999583682
AT3G62260,0.5104505323982155
AT3G62270,-0.6809705104648998
AT3G62280,-0.10442807974013181
AT3G62290,-0.20890308777247557
AT3G62300,-0.3460767022441344
AT3G62310,0.08227181250155678
AT3G62320,1.8730318233610872
AT3G62330,-0.3905172813953601
AT3G62340,-1.87785450462112
AT3G62360,0.36380685333791196
AT3G62370,0.06480427883701692
AT3G62380,-2.6724263804689485
AT3G62390,-1.5142459522715286
AT3G62400,0.06040261150427626
AT3G62410,-0.6133141535380153
AT3G62420,1.7864296727087652
AT3G62430,-0.16300014171412125
AT3G62450,0.48905886236288637
AT3G62460,0.4002052589900784
AT3G62470,-0.10830718643304427
AT3G62499,-0.8906432467432489
AT3G62500,-0.6401459144095836
AT3G62510,-1.4294831457298884
AT3G62530,-0.06337985338475768
AT3G62540,0.5786469103978408
AT3G62550,-1.9463496500065463
AT3G62560,-0.22947052716301686
AT3G62570,1.2284231218253188
AT3G62580,-0.12975910344202182
AT3G62590,2.1151566288326435
AT3G62600,0.20557892216597753
AT3G62610,2.696276678122706
AT3G62620,-0.27403155020343395
AT3G62630,-0.09598289257473494
AT3G62640,-0.0398341606759884
AT3G62650,-1.063775217832712
AT3G62660,0.045252396550351334
AT3G62680,0.09870125563876149
AT3G62690,0.5083826651056689
AT3G62700,-1.4454877198219085
AT3G62720,2.76926026551342
AT3G62730,-0.6618487897938335
AT3G62740,-0.5821033414319476
AT3G62750,-0.959101556201367
AT3G62760,2.17667793391591
AT3G62770,0.4926276685388871
AT3G62780,-0.10983881965987405
AT3G62790,-0.0021916211521822424
AT3G62800,-0.4285053342626055
AT3G62810,0.03432068281116236
AT3G62820,-0.5690605144897869
AT3G62830,0.9655011567642993
AT3G62840,0.13532911109446463
AT3G62850,-2.6826615294764204
AT3G62860,-0.4104841325717387
AT3G62870,0.015610064456873072
AT3G62880,-0.093752221163429
AT3G62890,0.18546091764922137
AT3G62900,0.29546355722372364
AT3G62910,-0.22401734672313456
AT3G62920,-0.3990095449481468
AT3G62930,1.8081731680431494
AT3G62940,0.15557972075125565
AT3G62950,1.060586455048867
AT3G62960,0.8985957806491005
AT3G62970,-0.2695183920789237
AT3G62980,-0.5557071609462729
AT3G63000,-0.03770237044307504
AT3G63010,0.6482774558264541
AT3G63020,-0.057878163030615944
AT3G63030,0.06947283037462557
AT3G63050,0.6191200622985256
AT3G63060,0.7090420483133035
AT3G63070,0.1093881507984041
AT3G63080,0.6598246047786986
AT3G63088,-1.5601244892779187
AT3G63090,0.5165168674926173
AT3G63110,-0.56620499387975
AT3G63120,0.598612288952391
AT3G63130,0.24165377108403313
AT3G63140,-0.22022254910959507
AT3G63150,0.0469817491480749
AT3G63160,-1.184584886304726
AT3G63170,-0.5517537176599752
AT3G63180,-0.23236383259578328
AT3G63190,-0.2932713845105918
AT3G63200,-0.004203001735085062
AT3G63210,-1.6931700060826838
AT3G63220,-0.22737306134369115
AT3G63240,0.05870694530717789
AT3G63250,-0.14106026385038134
AT3G63260,0.1318510290350907
AT3G63270,-0.2813071549425809
AT3G63280,0.0784194719118054
AT3G63290,-0.42997700572853037
AT3G63300,0.12594158897576016
AT3G63310,-0.052017225347101764
AT3G63320,-0.8364527574050137
AT3G63340,-0.25512928616425873
AT3G63370,-0.4006512112030425
AT3G63380,1.2867395850102539
AT3G63390,-0.16456138832537462
AT3G63400,0.10154988552178955
AT3G63410,-0.258619473133831
AT3G63420,0.921125908919841
AT3G63430,-0.27346887736609465
AT3G63440,0.23832601790480698
AT3G63450,-0.9693234393746722
AT3G63460,0.5456013349951893
AT3G63470,0.10399624321971748
AT3G63480,0.19030608810414248
AT3G63490,-0.20149138570898373
AT3G63500,0.5374783464119133
AT3G63510,-0.40203817033824096
AT3G63520,-0.272750761693988
AT3G63530,-0.20496482000759056
AT3G63540,-0.45098023689462235
AT4G00020,-0.6789570953663067
AT4G00026,0.08973928027801104
AT4G00030,-0.32208904280716594
AT4G00040,-0.4227529685636328
AT4G00050,-0.6593453128205851
AT4G00060,-0.0445165138553368
AT4G00070,-0.3656046492940004
AT4G00080,-0.4371973198858332
AT4G00090,0.2960937872882703
AT4G00100,-0.000307942712729413
AT4G00110,0.22690872454277075
AT4G00130,0.9676414842892191
AT4G00150,-0.08963115106749474
AT4G00165,-0.7072632605425474
AT4G00170,0.06643391513552477
AT4G00180,0.35608745967163574
AT4G00200,-0.4162708824901998
AT4G00210,0.1866457436373093
AT4G00220,1.0516617403496393
AT4G00230,0.3847183422077271
AT4G00231,0.012465184459353334
AT4G00238,-0.12483177343362212
AT4G00240,0.9239773981987774
AT4G00250,0.6851292381925679
AT4G00270,0.31107369002989516
AT4G00290,0.27495604911005694
AT4G00300,1.7167342922664017
AT4G00305,0.4139602461113369
AT4G00310,0.7617382956849328
AT4G00330,0.8140178798019326
AT4G00335,-0.46205829869834747
AT4G00340,-0.6728213590270721
AT4G00350,1.8730318233610872
AT4G00355,0.12203914913429015
AT4G00360,0.7308215191289537
AT4G00370,-0.03858478787533177
AT4G00380,-1.251837282394672
AT4G00390,1.3362531992407718
AT4G00400,-0.4623766088454037
AT4G00416,-0.0658771637273737
AT4G00420,-0.12737720124057927
AT4G00430,-0.8121292374700586
AT4G00440,0.5270206380894599
AT4G00450,-0.2292012866251939
AT4G00460,0.13028713891375696
AT4G00480,-0.8202269175003054
AT4G00490,0.1363569473699524
AT4G00500,0.15514906628070765
AT4G00520,-0.6746955353817213
AT4G00525,0.37706902709034024
AT4G00530,-0.6763173256890229
AT4G00550,-0.07393331319144573
AT4G00560,-0.09236547640639559
AT4G00570,1.199826342682874
AT4G00580,0.41331038582874174
AT4G00585,0.17056555631017564
AT4G00590,-0.30295776559370263
AT4G00620,-0.04496654604518038
AT4G00630,-0.3076750066876844
AT4G00650,0.4241742638897647
AT4G00660,0.051847426357000584
AT4G00670,0.11906312720028063
AT4G00680,0.4979894662556592
AT4G00690,0.20875646493150424
AT4G00695,0.19923829938357906
AT4G00700,-0.7086311019348243
AT4G00710,1.0514013891277663
AT4G00720,-0.3467686461790547
AT4G00730,0.12563242282911788
AT4G00740,0.9160624605880208
AT4G00750,-0.7227384040163619
AT4G00752,-0.07157648570416678
AT4G00755,-0.9860708868274725
AT4G00760,0.3834783639739938
AT4G00770,1.0135920892749761
AT4G00780,-0.6470004722877675
AT4G00800,-0.037603135003401456
AT4G00810,0.09489938622798544
AT4G00820,-0.5552311632717316
AT4G00830,-0.21433184203654376
AT4G00840,0.33221784856622
AT4G00850,0.7753946142379257
AT4G00860,0.3650648278501963
AT4G00870,-5.374799204339808
AT4G00880,-1.0138677712438937
AT4G00890,0.09451332158846468
AT4G00893,2.6623377602122282
AT4G00895,-0.43634251424453974
AT4G00900,-0.46165672678732916
AT4G00910,0.2811962296979492
AT4G00905,-1.0065645891776733
AT4G00930,-0.36737088937301166
AT4G00940,-0.1164571501444426
AT4G00950,-0.7484387435166149
AT4G00955,0.5488952628286862
AT4G00960,0.6045179662515594
AT4G00970,1.6567742633628066
AT4G00980,-0.08830771219819696
AT4G00990,-0.17520716794049243
AT4G01000,0.4517246791037279
AT4G01010,1.3882134010128646
AT4G01020,-0.712485436696081
AT4G01023,-1.2065326564177228
AT4G01026,0.19235786500424715
AT4G01030,-0.7238388050124825
AT4G01037,-0.12411055731595765
AT4G01040,-0.27106334777876906
AT4G01050,-0.4052355054214997
AT4G01060,-0.8516708722591297
AT4G01070,-1.2489496362620318
AT4G01080,-0.02569875835719864
AT4G01090,0.08904795784741601
AT4G01100,-0.05262118028602849
AT4G01110,-0.914772110892433
AT4G01120,0.8241551168888812
AT4G01130,-0.8816209683139826
AT4G01140,0.8249541315543574
AT4G01150,-0.20211316177907804
AT4G01190,0.7899916377081238
AT4G01200,0.5078558673467266
AT4G01210,0.2671192369126292
AT4G01220,1.4074842061412032
AT4G01230,2.3525590463088997
AT4G01240,0.3447159195079471
AT4G01250,3.3523588825294373
AT4G01270,-1.1465951140432786
AT4G01280,-0.35192249997446856
AT4G01290,-0.05954463697620712
AT4G01310,-0.2816502632912845
AT4G01320,0.22323081973850883
AT4G01330,-0.13629223767517748
AT4G01335,-0.6031538045198215
AT4G01340,-0.018254300017269322
AT4G01350,0.6089192806902458
AT4G01360,4.5204006895764755
AT4G01370,0.14572002165076897
AT4G01390,-1.4498634446243697
AT4G01395,0.8713145247157618
AT4G01400,-0.06739083521748859
AT4G01410,0.3504841436067745
AT4G01420,-3.5577547003633283
AT4G01430,-0.545640670112841
AT4G01435,-2.606148026398368
AT4G01440,-0.5863446154062901
AT4G01450,-0.7207829242201201
AT4G01460,-2.231706535504148
AT4G01480,0.06275855580290246
AT4G01500,-2.47955444654862
AT4G01510,-0.36032478131775103
AT4G01540,1.1934966903882076
AT4G01550,-0.5118462510796058
AT4G01560,0.0629427081669529
AT4G01570,-0.08898782850550305
AT4G01575,1.994419409927634
AT4G01580,-0.2868114261713247
AT4G01590,0.29908384832877577
AT4G01595,-0.3217387837691318
AT4G01600,-1.4646310569585217
AT4G01610,-0.5990658737547503
AT4G01630,3.410999458279609
AT4G01650,-0.18068826831623375
AT4G01660,1.2376233180865124
AT4G01670,-1.826029253251187
AT4G01680,0.4049151452190634
AT4G01690,-0.17904819707689934
AT4G01700,0.14853406207737974
AT4G01710,0.06159563189476579
AT4G01720,0.4907083821529458
AT4G01730,-0.25487439859759375
AT4G01735,-2.674639620965142
AT4G01740,0.43265641605791705
AT4G01750,1.5517685740133722
AT4G01760,0.477970680783218
AT4G01770,1.0133501785314791
AT4G01780,0.7407624939875941
AT4G01790,0.025638675401397193
AT4G01800,-0.40212243191192576
AT4G01810,0.11747914362923244
AT4G01820,-0.8428145486038534
AT4G01830,0.5868800501667483
AT4G01840,-0.14173843477970366
AT4G01850,0.25740836432950537
AT4G01860,-0.4636746138892615
AT4G01870,2.801102608550501
AT4G01880,-0.42509501072151096
AT4G01883,0.0552160443480535
AT4G01890,2.6551264287920437
AT4G01895,0.09914364452650876
AT4G01897,-0.1971730264390362
AT4G01900,-0.4057764762229375
AT4G01910,0.14383133016150138
AT4G01915,-1.4040211749671914
AT4G01920,0.05034417797312156
AT4G01925,0.3059314703812113
AT4G01930,1.088002182141998
AT4G01935,-0.712406202155965
AT4G01940,-0.32664878953385235
AT4G01950,2.9394590651278025
AT4G01960,-0.33806648364224284
AT4G01970,-0.06848813185581083
AT4G01985,-0.1260941825717037
AT4G01990,0.2905580308961655
AT4G01995,-0.49234263524817024
AT4G02000,-0.2584260110039912
AT4G02010,0.15511061978684873
AT4G02020,-0.5675425753187576
AT4G02030,0.7947178659568936
AT4G02040,0.9860586234807537
AT4G02050,-0.654151260115293
AT4G02060,-0.5504356694823247
AT4G02070,-0.175167827239841
AT4G02075,0.05688134878612438
AT4G02080,0.12449827578284325
AT4G02090,0.2761458780477984
AT4G02100,0.38501590713656214
AT4G02110,-0.4565522449855395
AT4G02120,-0.3258676000955761
AT4G02130,0.5637687859543881
AT4G02140,1.2700480997282342
AT4G02150,0.563731651371404
AT4G02160,4.7497032593925566
AT4G02170,5.876108319673526
AT4G02180,-0.15466097598817344
AT4G02190,-2.6724263804689485
AT4G02195,0.97603556746135
AT4G02200,1.5611326575264826
AT4G02210,-0.37171974834684335
AT4G02220,-0.22766125125515072
AT4G02230,-0.2313715832446976
AT4G02260,-0.5440022244097253
AT4G02270,0.047616525722719294
AT4G02280,0.10135116256210099
AT4G02290,-0.4521364797313337
AT4G02320,-3.133266996335431
AT4G02330,4.081028649848567
AT4G02340,0.7138745517847912
AT4G02350,1.0547570311043901
AT4G02360,-0.39348090610648767
AT4G02370,-0.10288089803086405
AT4G02380,2.6256005007328422
AT4G02390,-0.11682872638360714
AT4G02400,0.22753611748619032
AT4G02405,0.06538494825566296
AT4G02410,-0.09735080831520375
AT4G02420,-1.2157635766160586
AT4G02425,0.3942064129640306
AT4G02430,-0.13931964115518233
AT4G02440,0.3965808320346428
AT4G02450,0.20615459116421359
AT4G02460,-0.33544414813816015
AT4G02465,-0.059286261493275774
AT4G02480,-0.011376821131864851
AT4G02482,-0.5846401465789215
AT4G02485,-0.3601447478390185
AT4G02500,0.8341672616705124
AT4G02510,-0.4822623061755315
AT4G02520,0.7035602542145111
AT4G02530,-0.19246505728871877
AT4G02540,1.2407172182992852
AT4G02550,0.481065429993877
AT4G02560,-0.19913460082052115
AT4G02570,0.22900677056778826
AT4G02580,0.125685880878141
AT4G02590,-0.19781649414687663
AT4G02600,0.3414182740527081
AT4G02610,-0.6230398941323005
AT4G02620,0.5299628431950658
AT4G02630,-1.5413906275301588
AT4G02640,0.23028859243390049
AT4G02650,1.2829348698133567
AT4G02660,0.654440329434087
AT4G02670,-2.435854689908753
AT4G02680,0.27831236679492727
AT4G02690,0.2186863716547563
AT4G02700,0.31441440963982115
AT4G02710,-0.2891823753874808
AT4G02715,-0.1749806077019106
AT4G02725,-0.1441115162834699
AT4G02730,0.6471630759119681
AT4G02740,0.11514310051946205
AT4G02750,-0.22709362317537451
AT4G02760,0.23076600006294862
AT4G02770,-0.6110030236251597
AT4G02780,-0.40889539234784805
AT4G02790,-0.3011998996726877
AT4G02800,-0.35322829059464533
AT4G02810,2.0916898998358384
AT4G02820,-0.09592329657099326
AT4G02830,0.285189576639865
AT4G02840,0.0782460862200581
AT4G02850,-0.8804573313019471
AT4G02860,0.06794049244401983
AT4G02880,0.22345451750094683
AT4G02890,0.47951244944372623
AT4G02900,-0.5709460634940998
AT4G02920,-1.3448880390439384
AT4G02930,0.4398974926875035
AT4G02940,-0.5985915019497868
AT4G02980,-0.3946973986527474
AT4G02990,-0.4066026611644168
AT4G03000,-0.4954227272871132
AT4G03010,0.6315949605032564
AT4G03020,-0.004329491771075967
AT4G03030,-0.3686425150022623
AT4G03070,-1.687235953983017
AT4G03080,0.5780490227843547
AT4G03090,-0.48899851075524137
AT4G03100,-0.3106263660816774
AT4G03110,0.53711447409216
AT4G03115,0.005061333657601879
AT4G03120,-0.13771708160698012
AT4G03130,0.6738084457492045
AT4G03140,0.2574277895778117
AT4G03150,-0.40607775019214937
AT4G03175,-0.1122840683913733
AT4G03180,0.20883068084768203
AT4G03190,-0.11969012460012114
AT4G03200,-0.5637143889147257
AT4G03205,-0.3040193125932819
AT4G03210,0.6881950717667066
AT4G03220,5.03020287980755
AT4G03230,-0.2309920935323452
AT4G03240,-0.15721263625161966
AT4G03250,-0.185344186068791
AT4G03260,-0.21543681506710152
AT4G03270,-0.9244877778308364
AT4G03280,-0.06328932266704528
AT4G03290,2.6623377602122282
AT4G03292,0.3098248646697244
AT4G03320,0.3216916832725025
AT4G03330,0.016613110586813754
AT4G03340,-0.6933304361719332
AT4G03380,0.4507438095238473
AT4G03390,1.0443567663209805
AT4G03400,1.043968255749417
AT4G03410,0.2944451770149316
AT4G03415,0.13271315117515756
AT4G03420,0.4365050116414022
AT4G03430,0.3837478125362418
AT4G03440,-0.3110553618349987
AT4G03443,-1.2253746783787338
AT4G03460,1.9087787048295843
AT4G03470,-0.3222364166804633
AT4G03480,-0.4223910996636893
AT4G03490,0.30076910786541
AT4G03495,1.8730318233610872
AT4G03500,-0.7546305819840684
AT4G03505,-0.0018407054280741453
AT4G03510,0.4620739363645498
AT4G03520,-0.39622084023558524
AT4G03540,-3.5579944875375635
AT4G03550,1.382078967355877
AT4G03560,-0.41243038355831946
AT4G03600,-0.7811826594040672
AT4G03610,0.3468253100485388
AT4G03620,2.6551264287920437
AT4G03635,-0.48943343725823346
AT4G03820,-0.4969921435091493
AT4G03930,-0.7344108813621996
AT4G03940,-1.4145232662368126
AT4G03960,-0.3242709967401002
AT4G03965,-1.6249724272708785
AT4G04020,-0.1205775558457056
AT4G04025,2.1507845197809825
AT4G04030,-4.638851879175917
AT4G04040,-0.49109786471537614
AT4G04180,0.0862817239646187
AT4G04190,0.38068040179561335
AT4G04200,-0.14918461219076068
AT4G04210,0.0293624338851
AT4G04220,0.21787045802575522
AT4G04260,0.6826044739218721
AT4G04320,-0.47680515933053663
AT4G04330,-0.8456354853743627
AT4G04340,-1.3505342327856438
AT4G04350,-0.4235514080090773
AT4G04360,-0.884148390621223
AT4G04370,-0.32551247535366673
AT4G04423,-2.6724263804689485
AT4G04450,-0.18255089500748328
AT4G04460,-0.4464185391380167
AT4G04470,-0.22531096540423534
AT4G04490,0.13457524783711544
AT4G04540,4.648839096856955
AT4G04570,0.34365298389302995
AT4G04610,0.05965423114417527
AT4G04614,-0.18247868849084362
AT4G04620,-0.37254618016512436
AT4G04630,-1.8085942833430448
AT4G04640,-0.25087365742819107
AT4G04670,0.050537750102588805
AT4G04680,-0.35953069492740924
AT4G04695,0.0576231951410268
AT4G04700,0.9776849496437285
AT4G04710,0.4013547401262512
AT4G04720,0.0918582144263683
AT4G04740,-0.027504708972908555
AT4G04745,2.9468322542494256
AT4G04750,-1.321647909737603
AT4G04760,-0.6268126732693075
AT4G04770,-0.37795660907066136
AT4G04780,-0.09716984632666573
AT4G04790,0.38010626550353205
AT4G04800,-0.3445087081180216
AT4G04810,-0.3674480484572997
AT4G04830,-0.45851288124902584
AT4G04840,-1.3652575863718028
AT4G04850,-0.39559145983544897
AT4G04860,0.24353448090023627
AT4G04870,0.7626457566547873
AT4G04880,0.08832920580509411
AT4G04885,-0.29026267941549605
AT4G04890,-1.1495786841714108
AT4G04900,-0.5910004485808682
AT4G04910,0.2740701612850759
AT4G04920,-0.11633335774276948
AT4G04925,-0.036555970826673674
AT4G04930,-0.0658771637273737
AT4G04940,0.6471845497664561
AT4G04950,-0.15282534128315814
AT4G04955,0.20248312777154936
AT4G04960,1.2481837975810248
AT4G04970,-0.6646672434298352
AT4G04972,-0.4929683308916718
AT4G04980,-2.674639620965142
AT4G04990,0.27675738369882863
AT4G05000,-0.015886177176332544
AT4G05010,0.27466853554755033
AT4G05018,3.8707434907726563
AT4G05020,1.353930917466264
AT4G05030,-2.6724263804689485
AT4G05040,-0.7964759010607001
AT4G05050,0.5535952218711929
AT4G05060,-0.03727538463948438
AT4G05070,-0.35571369430115585
AT4G05071,-2.6724263804689485
AT4G05090,-0.0775897102116341
AT4G05091,-0.09680012138733522
AT4G05095,0.8523454403008508
AT4G05100,-0.08043298476466242
AT4G05110,0.6629293360161896
AT4G05120,2.255876536050897
AT4G05130,-0.001285132247865001
AT4G05150,-0.8924154722122892
AT4G05160,0.25846507286986103
AT4G05170,1.2553331405874268
AT4G05180,-0.6282667468430982
AT4G05190,-0.31266657862882524
AT4G05200,-0.706768549767074
AT4G05210,-0.33858468287051885
AT4G05320,0.2697496260328054
AT4G05330,-0.6768897148987041
AT4G05360,2.6551264287920437
AT4G05390,0.3022298876239441
AT4G05400,-0.18904364826865544
AT4G05410,0.3977317358363486
AT4G05420,-0.24783467964629238
AT4G05430,0.15940476278476454
AT4G05440,0.14720143433802738
AT4G05450,0.10619842525787208
AT4G05460,-0.21333424607314458
AT4G05470,3.3984254061124917
AT4G05475,0.4799944694372936
AT4G05497,-0.8395969641262465
AT4G05520,-0.22808721371191332
AT4G05530,-0.14402765088855093
AT4G05590,0.46462713871593814
AT4G05631,0.09213250045953461
AT4G06534,-0.4886656430113009
AT4G06536,-1.5107426976881104
AT4G06598,0.4076501653862743
AT4G06599,-0.11626397311359908
AT4G06634,-0.0571776322113487
AT4G06676,-0.05777207020958384
AT4G06744,0.3669326857787922
AT4G06746,1.530366334788082
AT4G07390,0.007898319667176938
AT4G07400,0.18224379347030142
AT4G07410,0.16420198171807093
AT4G07455,-0.08844726617154776
AT4G07526,3.715044581530864
AT4G07670,-1.8778757470751295
AT4G07820,0.33886526041765386
AT4G07825,-0.25222049049126954
AT4G07940,0.07751176634607057
AT4G07950,0.16324349162792073
AT4G07960,3.085857241307908
AT4G07990,0.0817508616653115
AT4G07995,-2.305022635852903
AT4G08040,3.886630223636971
AT4G08150,-0.7915446473320392
AT4G08160,0.030385797531633212
AT4G08170,1.2101140206860628
AT4G08180,0.7559542194201581
AT4G08210,0.629107143721795
AT4G08230,0.18826455952080062
AT4G08240,0.341716098372349
AT4G08250,0.24948730462610402
AT4G08280,-0.34477968162682837
AT4G08290,0.06546135254255982
AT4G08300,0.25010529271932835
AT4G08310,-0.3464809556073987
AT4G08320,-0.08879294893695236
AT4G08330,0.1784285060826242
AT4G08350,-0.008055121612965399
AT4G08360,1.9877955672079297
AT4G08390,0.38950433373166937
AT4G08400,-0.21801258245079344
AT4G08410,-0.4854008196904942
AT4G08450,0.8997903261016842
AT4G08455,0.33723230973687385
AT4G08460,0.18604057733463425
AT4G08470,-0.030026604551739288
AT4G08480,-0.22528291270641046
AT4G08500,1.1476830280618289
AT4G08510,0.04047711288654219
AT4G08520,0.5833320146070603
AT4G08535,0.3389456030295866
AT4G08540,-0.2910993220633639
AT4G08555,2.640304558952254
AT4G08570,-1.3058885304234538
AT4G08580,0.230649866260684
AT4G08590,0.5994447054183317
AT4G08620,0.6767593703217242
AT4G08685,0.29043653482334586
AT4G08690,-0.4193241944965979
AT4G08691,-2.6724263804689485
AT4G08700,-0.9747683663925321
AT4G08770,0.8965878941193118
AT4G08780,-0.7397234780787874
AT4G08790,-0.5693135969684249
AT4G08810,0.6542008469962258
AT4G08850,1.341142539068376
AT4G08870,-0.7351572930086616
AT4G08868,-0.40000033856915096
AT4G08874,-0.5573479511472942
AT4G08875,2.6551264287920437
AT4G08878,-2.6724263804689485
AT4G08900,-0.29838542185985495
AT4G08910,-0.2314714309080387
AT4G08920,-0.01803959467049008
AT4G08930,0.5634751095714643
AT4G08940,0.3083646855611246
AT4G08950,3.9402901314611047
AT4G08960,0.4180679549437618
AT4G08980,-0.3739452387093674
AT4G08990,0.20907094549780916
AT4G09000,0.692326893886403
AT4G09010,-0.3949468253885514
AT4G09012,-0.6907538185932902
AT4G09020,-0.9001904889305321
AT4G09030,2.7244524145343947
AT4G09035,3.9074074732805717
AT4G09040,-0.25688193597543735
AT4G09060,-0.856827742640533
AT4G09080,0.7704861159198932
AT4G09100,5.296928958509321
AT4G09140,0.1754596855819077
AT4G09150,0.8255765497094819
AT4G09160,0.1221562055938958
AT4G09170,-0.9601522332687271
AT4G09180,-0.39858094496001417
AT4G09200,0.3628600963881658
AT4G09260,1.8730318233610872
AT4G09300,-0.49036416965908036
AT4G09310,0.45358721275111974
AT4G09320,0.1309685156056825
AT4G09340,-0.028953431755511863
AT4G09350,-1.1781436340960727
AT4G09420,1.791610090036262
AT4G09430,0.017143038490628874
AT4G09435,-0.7880314455571535
AT4G09460,-0.526167038084651
AT4G09490,-0.5239972419994535
AT4G09500,-1.8313196427953626
AT4G09510,-0.47399639797223597
AT4G09520,0.07045752149390148
AT4G09550,-0.7201471292414394
AT4G09560,-0.3343722559477717
AT4G09570,1.9531579533018393
AT4G09580,0.1105308422241613
AT4G09620,-0.1973611917733937
AT4G09630,0.48200866350964855
AT4G09640,0.6021403830832657
AT4G09650,-0.4780065330934205
AT4G09670,-0.5771774094866382
AT4G09680,-0.10013649004890562
AT4G09720,0.6994980796879285
AT4G09730,-0.06652004500563238
AT4G09750,-0.28934537938217225
AT4G09760,-2.051048059666986
AT4G09770,0.1399272972548734
AT4G09780,0.5864289362779329
AT4G09800,-0.022347399020253282
AT4G09810,-0.8290517045054446
AT4G09820,2.632252911903828
AT4G09830,-0.3323804990515566
AT4G09840,0.2504624641382909
AT4G09850,2.696276678122706
AT4G09870,-2.674639620965142
AT4G09890,-0.19167631886758663
AT4G09900,-1.182021901846725
AT4G09920,-1.4098138047286457
AT4G09940,-2.8630229623365033
AT4G09950,-0.33600681935367216
AT4G09965,3.3984254061124917
AT4G09970,-0.6393461273242511
AT4G09980,0.1624565809434362
AT4G09990,0.008367364015417437
AT4G10000,-0.26111788761340016
AT4G10010,-5.478641982717014
AT4G10020,-1.2009822489739927
AT4G10030,-0.027393227387919966
AT4G10040,0.7879447357884619
AT4G10050,-0.49474144029456857
AT4G10060,-1.0157974629211726
AT4G10070,-0.29934103910677423
AT4G10080,-0.3230189566956995
AT4G10090,-0.1862539219793337
AT4G10100,-0.015016505406909743
AT4G10110,0.007386062912118461
AT4G10120,-0.20268707022802396
AT4G10130,0.17594614256597305
AT4G10140,1.307503803431451
AT4G10150,-3.1913867518595063
AT4G10160,-4.162507759996408
AT4G10170,-0.1840468481688802
AT4G10180,-0.5069667998765534
AT4G10200,-1.7825952877493842
AT4G10220,-2.6724263804689485
AT4G10250,0.1598365286155611
AT4G10260,-2.674639620965142
AT4G10265,-3.112054693340798
AT4G10270,-0.6172635695829063
AT4G10280,-0.052364424472882275
AT4G10300,-0.10299638982222555
AT4G10310,-1.4087568421190861
AT4G10320,0.01414369596232893
AT4G10330,-0.5538749166285332
AT4G10340,-0.789078194899305
AT4G10350,0.8361797781872539
AT4G10360,-0.8820391221613292
AT4G10370,-1.0325830693993938
AT4G10380,0.134506805721449
AT4G10390,-0.38722219951578796
AT4G10400,-0.7938897963123257
AT4G10420,-0.2641329458493096
AT4G10430,-0.23878403349228733
AT4G10450,0.42016896164061324
AT4G10470,-0.17176944541706507
AT4G10480,0.16005591833801786
AT4G10500,-0.4873731845187523
AT4G10510,-0.4230726906951595
AT4G10530,1.8730318233610872
AT4G10550,-0.6349612220490465
AT4G10560,-0.7244973011751648
AT4G10570,0.2768148493774068
AT4G10590,0.5334029184298158
AT4G10600,-1.1825793821480994
AT4G10610,-0.17867606578433903
AT4G10613,1.8730318233610872
AT4G10620,0.21386151802952955
AT4G10630,0.20646012661219978
AT4G10640,-1.1937848995618363
AT4G10650,0.31568076343928514
AT4G10695,-0.8470975291080428
AT4G10710,-0.03585784694028695
AT4G10720,-0.9698146523227902
AT4G10730,0.01551830298752826
AT4G10750,0.05169006237592921
AT4G10760,0.1910870379060207
AT4G10770,-1.5650133123282652
AT4G10780,0.835227615318134
AT4G10790,-0.14986122976522986
AT4G10800,-0.12290559603597014
AT4G10810,0.4160763579283127
AT4G10840,1.1697675024660712
AT4G10843,0.26061110947045235
AT4G10860,-2.6826615294764204
AT4G10890,-0.5008186901699266
AT4G10910,-1.8150465736942674
AT4G10920,-0.1464789908798093
AT4G10925,-0.21420286834940266
AT4G10930,-0.2724038719738817
AT4G10950,-0.4982227720650245
AT4G10955,-0.5142871655960537
AT4G10960,1.1834764418941934
AT4G10970,0.08146620969913862
AT4G11000,2.58902437111856
AT4G11010,0.07737347965893096
AT4G11040,4.7760004643273835
AT4G11050,-0.9785791119506312
AT4G11060,0.3857521900932721
AT4G11080,0.14536940688086372
AT4G11090,0.4012559777938805
AT4G11100,-0.4977639679195723
AT4G11110,-0.04059774238273986
AT4G11120,0.1738798425474752
AT4G11130,-0.7139456986232268
AT4G11140,-0.16311871509621587
AT4G11150,0.3247117411664496
AT4G11160,0.06365740465915548
AT4G11170,6.576428226797224
AT4G11175,-0.2314419494399561
AT4G11190,-0.001516775641433425
AT4G11210,0.4881475067997287
AT4G11211,-0.5619835541188679
AT4G11220,-0.06792990749932964
AT4G11230,0.42251527253232435
AT4G11240,-0.21864150395488288
AT4G11260,-0.01204714851352856
AT4G11270,0.3591238504788019
AT4G11280,2.1108389221872637
AT4G11290,0.5275844354711466
AT4G11300,0.28283718357454124
AT4G11310,-1.3775726218060727
AT4G11320,-0.3643229637282074
AT4G11330,1.1471804035287998
AT4G11340,2.6551264287920437
AT4G11350,0.14833272132816197
AT4G11360,-0.7104437400401227
AT4G11370,0.0068365544689614945
AT4G11380,0.39954956502436245
AT4G11390,-0.56366626891672
AT4G11400,-0.7659637371971637
AT4G11410,-0.6607801841657579
AT4G11420,0.08704668538481142
AT4G11440,0.8191964429017077
AT4G11450,-0.5711686052774619
AT4G11460,-0.5006950322470307
AT4G11470,2.518587811064776
AT4G11480,-0.05411820660772968
AT4G11485,3.159626365390882
AT4G11521,2.10863828302691
AT4G11530,-0.09603791503681967
AT4G11543,-3.6056265338478264
AT4G11547,-0.4275444490465378
AT4G11550,0.8654964528938622
AT4G11560,-0.021467877360097257
AT4G11570,-0.4078296870148067
AT4G11600,0.4182298239877903
AT4G11610,0.5695287227133093
AT4G11630,0.20470344163493326
AT4G11640,-0.2402956267797805
AT4G11650,0.3511220468302236
AT4G11655,1.3636795080437687
AT4G11660,-0.7935258193862561
AT4G11670,0.3429200559736306
AT4G11680,-0.1270405882839643
AT4G11690,-0.36504361307166194
AT4G11700,0.842318690885456
AT4G11720,-0.3100467420582725
AT4G11740,-0.12177000655751824
AT4G11780,-0.28424879396416153
AT4G11790,0.175513197570268
AT4G11800,-0.02454053687689321
AT4G11810,0.39685010784508057
AT4G11820,-0.12299366137338831
AT4G11830,0.7996696742731921
AT4G11840,0.2694864211803526
AT4G11845,0.4252018237250442
AT4G11850,1.268076391149378
AT4G11860,0.007044980460967271
AT4G11870,2.696276678122706
AT4G11880,-0.15814771665686964
AT4G11890,3.1803863509464243
AT4G11900,-0.8877687044508406
AT4G11910,-0.29727166928617677
AT4G11920,0.7802326115461101
AT4G11930,-2.6826615294764204
AT4G11950,-0.3436642041238745
AT4G11960,-0.6418445002678262
AT4G11970,-1.0965583968864638
AT4G11980,-0.16687781177046795
AT4G11990,-0.49546237644393376
AT4G12000,1.11327744354082
AT4G12005,1.9570808748489172
AT4G12010,-0.3116971956597044
AT4G12020,0.12578947842192403
AT4G12030,-0.6652362485708918
AT4G12040,1.0801277685481165
AT4G12050,0.5054512047759758
AT4G12060,-0.2623742920579632
AT4G12070,1.0287873688994442
AT4G12080,0.2546031623760334
AT4G12090,0.4720088565635066
AT4G12100,-2.6826615294764204
AT4G12110,0.22053140442502095
AT4G12120,1.495682410094235
AT4G12130,-0.18559272879152072
AT4G12140,-2.6826615294764204
AT4G12210,2.6551264287920437
AT4G12230,-0.08915239364390738
AT4G12240,0.43481496272089937
AT4G12250,0.6453921510267984
AT4G12270,0.16265040814656664
AT4G12290,-0.8447601882206256
AT4G12300,-0.6844368272308072
AT4G12310,-1.177460927218243
AT4G12320,-1.2351485034693341
AT4G12330,0.029812842264711144
AT4G12340,0.2846618650945941
AT4G12350,0.5539557224134146
AT4G12370,-0.04468288295834541
AT4G12382,-0.069472985656565
AT4G12390,-0.674190771435131
AT4G12400,-0.4008393290597671
AT4G12410,0.054012133220598404
AT4G12420,1.1586169563428337
AT4G12430,0.6297083870997638
AT4G12440,-0.8386751580975862
AT4G12450,0.5856373512064165
AT4G12460,-0.03855572406521673
AT4G12470,2.1731079529720327
AT4G12480,1.201675368071297
AT4G12490,0.9432396448213111
AT4G12495,-4.162507759996408
AT4G12500,0.5755144466027196
AT4G12510,0.6862612909255695
AT4G12520,-0.045980510573542244
AT4G12540,-0.6587459830462388
AT4G12545,0.5527153289744721
AT4G12550,-0.041842665530310554
AT4G12560,-0.11773962829581522
AT4G12570,0.06330697486458696
AT4G12580,-1.2586925509407711
AT4G12590,0.1971637126686032
AT4G12600,0.054508000881952956
AT4G12610,0.3536184243605306
AT4G12620,0.07588070327662276
AT4G12640,0.5431223780981512
AT4G12650,1.0188465168838994
AT4G12670,-0.45948298702853585
AT4G12680,-0.5378190019849202
AT4G12690,0.108516816634256
AT4G12700,0.041960368445158464
AT4G12710,-0.08288575045156525
AT4G12720,3.4713866052068627
AT4G12730,1.8987608216413911
AT4G12731,2.6623377602122282
AT4G12735,-0.5214992874951587
AT4G12740,0.3914738194424658
AT4G12750,-0.593674232401806
AT4G12760,0.010401504601782352
AT4G12770,0.7877657136767735
AT4G12780,0.803239883877297
AT4G12790,0.5812434758393382
AT4G12800,-0.33960255112710946
AT4G12810,2.6551264287920437
AT4G12830,-0.1471597726799205
AT4G12840,-0.31999008715741173
AT4G12850,0.7555994417167817
AT4G12870,-0.6193087084423676
AT4G12880,-0.5993383219198003
AT4G12890,-2.3491804882161698
AT4G12900,-1.6728107556094154
AT4G12910,-0.9157837843068282
AT4G12920,-0.04158754549383614
AT4G12950,3.159626365390882
AT4G12970,-1.3460981808592414
AT4G12980,-1.3856071122965004
AT4G12990,-1.2836944631486318
AT4G13000,-0.3640873769211506
AT4G13010,0.716209252613585
AT4G13020,-1.1157035709556282
AT4G13030,-0.001427782528953841
AT4G13040,0.5799166335499211
AT4G13050,-0.33795129054745227
AT4G13060,3.8707434907726563
AT4G13070,-0.3355539120520751
AT4G13090,2.696276678122706
AT4G13100,-1.588925627746261
AT4G13110,1.0465334679611584
AT4G13130,0.03946010750636201
AT4G13150,-0.20156335062847403
AT4G13160,0.21783749693578267
AT4G13170,-0.04521420084069405
AT4G13180,0.7677726116529462
AT4G13190,-1.949550945779468
AT4G13195,-1.650879744641602
AT4G13200,-0.32440837880337026
AT4G13210,-0.12658244877932903
AT4G13220,-0.4806762408939072
AT4G13235,-1.0031789242030804
AT4G13250,-0.38274939311422906
AT4G13260,-3.084240363534219
AT4G13270,0.5047409857522068
AT4G13280,-0.2406157200510291
AT4G13290,0.09209300553229298
AT4G13300,1.2052220633933863
AT4G13310,2.024054733121469
AT4G13330,1.0337323543407249
AT4G13340,2.7540817431160702
AT4G13345,0.4429632820060246
AT4G13350,1.057008412762798
AT4G13360,-0.36792091310492986
AT4G13370,1.1161840119860098
AT4G13390,0.037205372685971655
AT4G13395,4.57455053267517
AT4G13400,0.49745073660666256
AT4G13410,0.35844104312503067
AT4G13420,-2.4365218952121626
AT4G13430,-0.37907358810411174
AT4G13440,0.890717241609531
AT4G13450,-0.06656221910203981
AT4G13460,-0.41146156615111773
AT4G13500,-0.26361988861347163
AT4G13510,1.0545245463899018
AT4G13520,-0.20190569092074565
AT4G13530,-0.35269476602823774
AT4G13540,-0.8717155311794185
AT4G13550,-0.4116597589915922
AT4G13560,-0.08262107913025209
AT4G13570,-1.2297792632084787
AT4G13572,-0.29401764757291765
AT4G13575,-0.8439307841768809
AT4G13577,-1.033945425033888
AT4G13580,0.8457802423806043
AT4G13590,-0.14741718300042525
AT4G13600,-0.6844071075830988
AT4G13615,0.20283538707929172
AT4G13620,-0.19025445957974818
AT4G13630,-0.2549393428194007
AT4G13640,-0.04540987154835316
AT4G13650,-0.4274904062451139
AT4G13660,0.06730809422948432
AT4G13670,-0.2787476260255426
AT4G13680,-0.3278377502543753
AT4G13690,0.22222997242202594
AT4G13710,-0.572331342835607
AT4G13720,-0.27021776631285743
AT4G13730,0.029275424906417147
AT4G13750,-0.41908040568704474
AT4G13770,-1.2236391145075953
AT4G13780,-0.010109944329234212
AT4G13800,-0.5572264338793343
AT4G13810,-0.5560001189377101
AT4G13820,1.0430189449699214
AT4G13830,-0.5600277448972574
AT4G13840,-0.9883468991163392
AT4G13850,0.19082530492869534
AT4G13860,-0.24634657583198377
AT4G13870,0.3501204628408979
AT4G13880,-1.0733887687193684
AT4G13885,-0.6131266485634306
AT4G13890,1.2139823334850668
AT4G13920,-0.5818564181944518
AT4G13930,1.2845632436893095
AT4G13940,0.39408763544818404
AT4G13950,-0.04235679868845148
AT4G13970,-0.2812412700682222
AT4G13980,0.1445701364986055
AT4G13985,-0.06486189351771525
AT4G13990,-0.4005837039798907
AT4G13992,-0.5375922475616723
AT4G14000,-0.2307863055585421
AT4G14020,-0.4970584623207205
AT4G14030,0.5090357592954518
AT4G14040,0.04901394859272348
AT4G14050,0.16553836468565222
AT4G14060,0.05597487395581378
AT4G14070,-0.2393380184732738
AT4G14100,-0.5823948486857107
AT4G14090,-0.05568989373506538
AT4G14096,-0.33477130559960033
AT4G14103,-0.32614242906692703
AT4G14104,3.6021136418851913
AT4G14110,-0.03405087162844985
AT4G14120,-1.0354491634743772
AT4G14130,1.8126012862461116
AT4G14140,0.49889208925383854
AT4G14145,-0.08050788609843773
AT4G14147,0.39264690217758125
AT4G14150,-0.20781464364411295
AT4G14160,0.2906412450331638
AT4G14165,0.9676414842892191
AT4G14170,-0.1620584004854387
AT4G14180,0.5572669826927149
AT4G14190,-0.41091496461071886
AT4G14200,-0.5335387330936087
AT4G14210,-0.06215076021465412
AT4G14220,-0.14280922795323694
AT4G14230,-0.02718532827752772
AT4G14240,-0.13542671492448888
AT4G14245,2.9256284617078876
AT4G14270,-1.0654765733677123
AT4G14280,1.249570468038394
AT4G14290,-0.16397150982054778
AT4G14300,-0.21875305642148993
AT4G14305,0.3537295778033446
AT4G14310,-0.3292564405146491
AT4G14320,0.06988218260512724
AT4G14330,-0.22764687935965675
AT4G14340,0.18603805262562104
AT4G14342,-0.13966160597286667
AT4G14350,0.6330378155738329
AT4G14360,1.1521305025310349
AT4G14365,5.389408837349317
AT4G14368,6.226044057702624
AT4G14370,4.325049367911391
AT4G14380,-0.9334042876406264
AT4G14385,0.004075380849708131
AT4G14390,-0.33218748949217075
AT4G14400,1.6254678265164042
AT4G14410,0.08163690584601141
AT4G14420,0.3454529190533895
AT4G14430,-0.1438828562214234
AT4G14440,-0.7702656760297107
AT4G14450,3.245629899796372
AT4G14455,0.6604320025522936
AT4G14465,-0.11779613975744549
AT4G14480,-0.22828906942438756
AT4G14490,0.859853331279679
AT4G14500,0.15013794270009023
AT4G14510,-0.595020482642083
AT4G14520,-0.7149131271989032
AT4G14540,-0.958151428283194
AT4G14550,-1.1546951402886343
AT4G14560,-0.7158978260909827
AT4G14570,-0.4950829471806921
AT4G14580,0.5569889481229183
AT4G14590,0.14842436198859588
AT4G14600,0.5417035177185018
AT4G14605,-1.071148832356288
AT4G14615,-0.43194098434075134
AT4G14620,-1.3934536589283097
AT4G14630,0.4841667571092569
AT4G14640,0.8601883087088703
AT4G14650,0.3994396241290742
AT4G14660,-0.42897117800545215
AT4G14670,2.6551264287920437
AT4G14680,0.7452498725416445
AT4G14690,0.6962995164495511
AT4G14695,0.4805117939696186
AT4G14700,0.035923087864717464
AT4G14710,-0.23669958105892322
AT4G14713,-0.24639311310892
AT4G14716,-0.37455366438490173
AT4G14720,-0.3765246597801781
AT4G14723,0.09787433188244898
AT4G14730,2.696276678122706
AT4G14740,-0.9636929352494077
AT4G14746,0.6302237765409059
AT4G14750,-0.5679634219802205
AT4G14760,-0.93974312085602
AT4G14770,-0.8114184552328765
AT4G14780,-0.14930499902766944
AT4G14790,-0.17965293040117167
AT4G14800,0.17651308726807186
AT4G14805,-0.014984432603277274
AT4G14815,-2.6826615294764204
AT4G14820,-0.38935824505684696
AT4G14830,-1.070730461202817
AT4G14840,0.2995222374065281
AT4G14850,0.41832432514414336
AT4G14860,-0.08618681209501634
AT4G14870,-0.7197060510584196
AT4G14880,0.2241006140654423
AT4G14900,0.09512303909285769
AT4G14890,-0.9310100117670516
AT4G14905,-0.0998986818396238
AT4G14910,-0.22918990609946785
AT4G14920,0.3611419013371796
AT4G14930,-1.0650039555764834
AT4G14940,0.9890934145208875
AT4G14950,0.24110769546183675
AT4G14960,0.26565809771695453
AT4G14965,0.11604149815789563
AT4G14970,0.13663205118281874
AT4G14980,-0.06215212471436781
AT4G14990,-0.26835918488167115
AT4G15000,0.21046512547301258
AT4G15010,0.48583362250685763
AT4G15020,0.28791075919841
AT4G15030,0.20602841529106203
AT4G15070,1.627431944913546
AT4G15075,-2.6826615294764204
AT4G15080,-0.48969309973567365
AT4G15090,-0.372758782464632
AT4G15093,0.09157207058045101
AT4G15096,4.890277350440747
AT4G15100,-0.6645717338294347
AT4G15110,-0.5860778282752921
AT4G15120,-0.1420197233130818
AT4G15130,0.39846738663216785
AT4G15140,0.1596172455184132
AT4G15150,0.9445138734229107
AT4G15160,0.3648536313438856
AT4G15165,0.28597211580138276
AT4G15180,-0.12462293577579499
AT4G15210,0.785822486773013
AT4G15215,0.4616244047434089
AT4G15230,1.306013756486474
AT4G15233,1.7155712202276325
AT4G15236,0.5528138138415984
AT4G15240,0.1463184254609909
AT4G15248,-1.3106435730135242
AT4G15260,0.45929021688809984
AT4G15270,1.202691192650898
AT4G15280,-0.31229654867154
AT4G15290,0.28519078882308924
AT4G15300,1.1645730890120791
AT4G15320,-2.5116698243312383
AT4G15330,-0.025116134628999823
AT4G15340,1.5161879181436835
AT4G15350,1.7584790775133181
AT4G15360,3.0988804608940628
AT4G15370,-0.6814033520106694
AT4G15380,-0.895629546522301
AT4G15390,-0.052185079514541134
AT4G15393,-0.08626926152852722
AT4G15396,-0.8466982434664632
AT4G15400,0.3322538798772111
AT4G15410,0.20337600567060812
AT4G15415,0.20119905807232005
AT4G15417,0.22604049321200725
AT4G15420,0.032281900033762446
AT4G15430,-0.13552305975491086
AT4G15440,-1.927364053203405
AT4G15450,0.9335893105754688
AT4G15460,-0.041488773468720416
AT4G15470,1.2317434018011397
AT4G15475,-0.10296877755982077
AT4G15480,0.5503202194273709
AT4G15490,0.1707963418531271
AT4G15500,-1.0743359822590803
AT4G15510,-0.5125188167017111
AT4G15520,-0.42188179332760467
AT4G15530,2.175432306131626
AT4G15540,-0.546342551248339
AT4G15545,-0.4159556490920667
AT4G15550,0.2578329699925432
AT4G15560,-1.0059781854669867
AT4G15563,0.41428917968476897
AT4G15570,-0.03703570917402275
AT4G15610,1.9263469802110111
AT4G15620,-2.3078510286606773
AT4G15630,-1.7646453528701693
AT4G15640,0.2416127783715615
AT4G15650,3.5328140478313754
AT4G15660,-0.9645045837650538
AT4G15670,-0.7216765747359147
AT4G15680,0.635022015638458
AT4G15690,0.24898577049344667
AT4G15700,0.4940368195584463
AT4G15710,-1.2016439812635942
AT4G15720,0.37168676164198444
AT4G15730,-0.15469369100544605
AT4G15740,-0.40768608090757624
AT4G15750,-2.6826615294764204
AT4G15760,0.35946235916732067
AT4G15765,-2.1009171863417864
AT4G15770,0.13732899500167922
AT4G15780,-0.5175736276881141
AT4G15790,0.1556755551567372
AT4G15800,1.5881521586320713
AT4G15802,0.17064636258053575
AT4G15810,-0.9529053917301683
AT4G15820,-0.29341056778086977
AT4G15830,-0.3847215910857258
AT4G15840,-0.370847066708197
AT4G15850,0.028210085865463707
AT4G15880,0.007265922597675933
AT4G15890,0.6489572767985491
AT4G15900,-0.04483366833335115
AT4G15910,-0.5772073373332268
AT4G15920,-0.14580877024632677
AT4G15930,-0.35058837127058334
AT4G15940,0.1087520067715359
AT4G15950,-0.32934486309258787
AT4G15953,-0.5378779375116126
AT4G15955,0.3452825118234664
AT4G15960,-0.2302754696893201
AT4G15975,2.720496146901847
AT4G15990,0.9355100537887963
AT4G16000,0.1839762647311548
AT4G16008,-0.3234420034054568
AT4G16015,0.14909037725043536
AT4G16050,2.696276678122706
AT4G16060,-0.294181211527683
AT4G16070,0.38087952875920456
AT4G16100,-0.005127062109344494
AT4G16110,0.13458695809360616
AT4G16120,1.2479860009958479
AT4G16130,-0.35921231380186325
AT4G16140,1.3028883126192308
AT4G16141,0.3565287251658975
AT4G16143,0.539169209814802
AT4G16144,0.3562353959026925
AT4G16146,-0.4768587958835284
AT4G16150,-0.05098246485450867
AT4G16155,-0.08061505674817807
AT4G16160,-1.8784367005372429
AT4G16162,-1.2298428627744895
AT4G16180,-0.24538498271681922
AT4G16190,-1.0705462764305114
AT4G16200,1.8730318233610872
AT4G16210,0.40432437437881025
AT4G16220,1.0656544754511128
AT4G16230,0.5215085718007948
AT4G16233,-0.17906575838747318
AT4G16240,1.3858145816589904
AT4G16250,-0.13722822844599053
AT4G16260,0.843587355426882
AT4G16265,-0.1531796147220277
AT4G16270,-0.8888670548687854
AT4G16280,-0.07244526764592174
AT4G16310,-0.038465292930256995
AT4G16330,-0.1608234031577154
AT4G16340,-0.11720856914641697
AT4G16350,0.7651163591320801
AT4G16360,-0.12643312517490676
AT4G16370,-0.7272884648951702
AT4G16380,0.6280673988752028
AT4G16390,-0.14310782254879556
AT4G16400,0.5174277957431991
AT4G16410,-0.5741060027801076
AT4G16420,0.07468405424286628
AT4G16430,0.3060800317420503
AT4G16440,0.39564055334693593
AT4G16442,-0.05552002132859973
AT4G16444,0.288651072054422
AT4G16447,-1.7644133897383796
AT4G16450,0.031436075755278396
AT4G16460,-1.8628357204108017
AT4G16470,-0.3020318231064248
AT4G16480,-0.08574079648495422
AT4G16490,0.46860939537935986
AT4G16500,2.373984591910507
AT4G16510,-0.10089595061341226
AT4G16515,-2.3520538891704548
AT4G16520,-1.0330750184174922
AT4G16535,0.3295687902371339
AT4G16540,0.6097294774143937
AT4G16550,1.3527618577402816
AT4G16563,1.9110888365629677
AT4G16566,0.766403991903394
AT4G16570,0.17072053257839617
AT4G16580,0.2772971489969666
AT4G16600,-0.014092499847668236
AT4G16610,-0.8761976351566582
AT4G16620,-0.5582473099186476
AT4G16630,0.2756178984547891
AT4G16640,0.4963421024855171
AT4G16650,-0.23062935056708742
AT4G16660,0.2060439438041088
AT4G16670,0.15093197691396493
AT4G16680,0.28813061429866776
AT4G16690,0.30390910640568664
AT4G16695,0.2993641421042849
AT4G16700,0.11046900863636669
AT4G16710,0.05492299885440247
AT4G16720,0.0610101345786153
AT4G16730,2.6551264287920437
AT4G16740,-1.7610369200923321
AT4G16745,0.21113755238844079
AT4G16750,-1.7516615718530464
AT4G16760,0.01447937175841164
AT4G16765,-0.509687446723537
AT4G16770,-0.30589356597949013
AT4G16780,-1.0169446801739173
AT4G16790,-0.15675238867953672
AT4G16800,-0.3059560415655103
AT4G16807,-0.7891309389375227
AT4G16810,4.110670368424876
AT4G16820,5.748720808155507
AT4G16830,-0.5544197806070569
AT4G16835,0.013807430582411436
AT4G16840,1.0474643992820094
AT4G16845,0.23310767990297862
AT4G16850,0.4160966402934193
AT4G16855,-0.014984432603277274
AT4G16857,-0.29534669000620223
AT4G16860,0.23723608859048634
AT4G16880,-0.5615599732896179
AT4G16890,0.018064093744137758
AT4G16900,0.2948244284672608
AT4G16920,0.6089816132766949
AT4G16940,0.46719408142435054
AT4G16950,0.3574894020202048
AT4G16955,0.26898043462832777
AT4G16957,0.03460995578355774
AT4G16960,0.8776680244418171
AT4G16970,0.23550132444704308
AT4G16980,-1.4348164328651773
AT4G16983,-1.0333857220409957
AT4G16990,0.7042055815941272
AT4G17000,-0.1850400359697223
AT4G17010,0.3384074479837009
AT4G17020,-0.18941273620458648
AT4G17030,-1.7339100113807635
AT4G17040,-0.1778741465137332
AT4G17050,-0.42960524411407836
AT4G17060,0.48914417720963793
AT4G17070,0.4192663009052691
AT4G17080,0.28321634946118723
AT4G17085,-0.18302810998393604
AT4G17090,-0.20101173597858132
AT4G17100,0.34236558770883746
AT4G17140,0.08666797502043269
AT4G17150,0.592738424856762
AT4G17160,-2.6826615294764204
AT4G17170,0.57601434912725
AT4G17180,0.1844331565732199
AT4G17190,0.2601143172025119
AT4G17215,-0.3411896015526861
AT4G17220,0.2826463157042846
AT4G17230,1.5864226976642173
AT4G17240,1.3452949581536984
AT4G17245,-0.10311532953329834
AT4G17250,0.3226223511303603
AT4G17260,1.158889612783505
AT4G17270,0.5946531825734137
AT4G17280,-0.05478831596041198
AT4G17300,-0.0881202513392265
AT4G17310,0.7956183762387024
AT4G17330,-0.06290145653841708
AT4G17340,0.8890293916870484
AT4G17350,0.6690920937345234
AT4G17360,0.03797337922136663
AT4G17370,-0.519713183684535
AT4G17380,0.005157532705135219
AT4G17390,-0.014632285247090303
AT4G17410,-0.34680977589376183
AT4G17420,0.3268054225017104
AT4G17430,0.14639888937617587
AT4G17440,0.10755565884433087
AT4G17460,1.091992136660165
AT4G17470,-0.8399299530073625
AT4G17480,0.8747559572428508
AT4G17483,-0.17473058029260904
AT4G17486,0.1131413488230415
AT4G17490,3.787504418657936
AT4G17500,2.7662773019604634
AT4G17505,-2.6724263804689485
AT4G17510,-0.13893443044628828
AT4G17520,-0.024820305314680324
AT4G17530,0.935348419592588
AT4G17540,-0.34076341901840623
AT4G17550,0.31186759122676366
AT4G17560,-0.20284561645005897
AT4G17570,-0.8597024323204941
AT4G17600,-0.34997101739350617
AT4G17610,-0.4764399977005343
AT4G17615,0.9137933032834693
AT4G17616,0.017661248961066543
AT4G17620,0.1473749146658597
AT4G17640,0.27390036067380896
AT4G17650,0.5402067269612159
AT4G17660,3.0389295249610098
AT4G17670,0.8594477766225138
AT4G17680,-1.2776266391903317
AT4G17695,-0.5819863910162257
AT4G17710,-1.2582559727854654
AT4G17720,0.7442724666529733
AT4G17730,-0.15093603498019542
AT4G17740,-0.6349331429063579
AT4G17750,0.05470269757984316
AT4G17760,-0.6133526306818714
AT4G17770,-1.1024772090304995
AT4G17780,2.696276678122706
AT4G17785,-0.020028544623719672
AT4G17790,-0.46891551932124825
AT4G17800,0.31602200143717013
AT4G17810,-0.7671667138484131
AT4G17830,0.08882405378968193
AT4G17840,0.047853053780371364
AT4G17860,-0.3216685134353768
AT4G17870,0.944373597432665
AT4G17880,-0.6454431573508363
AT4G17890,0.5329085750670834
AT4G17895,0.5599938926842312
AT4G17900,0.49236455504687987
AT4G17905,-0.8540692097264971
AT4G17910,-0.721457007098063
AT4G17920,2.6551264287920437
AT4G17940,0.4238794942670473
AT4G17950,0.9083828330481922
AT4G17960,0.26173240319348207
AT4G17970,-0.3896092825119425
AT4G17980,-4.982757357327601
AT4G18010,2.3731725180231007
AT4G18020,-0.5578420463172048
AT4G18030,1.9598019789616277
AT4G18040,0.4645977735495742
AT4G18050,-0.022643383909014422
AT4G18060,0.6417320709963483
AT4G18070,1.0705975559020813
AT4G18080,2.6551264287920437
AT4G18090,2.6623377602122282
AT4G18100,0.10794777668927981
AT4G18130,-0.1976073947425918
AT4G18140,0.08091933000352815
AT4G18150,-0.5634773773255958
AT4G18160,-0.18395527221086921
AT4G18170,2.2111666591954626
AT4G18180,2.696276678122706
AT4G18195,0.43612777641212297
AT4G18197,0.5025374522339827
AT4G18205,0.9359979952939371
AT4G18210,0.22005568469402384
AT4G18215,1.8730852100772803
AT4G18220,-0.5840797707211226
AT4G18230,-0.17073281245135452
AT4G18240,-0.5137275663197954
AT4G18250,4.980864263726691
AT4G18253,4.336757679722731
AT4G18260,0.5604486677143803
AT4G18270,-1.2803789857733203
AT4G18280,0.6848349808343136
AT4G18290,-0.002143850057786419
AT4G18300,0.587195534718578
AT4G18330,0.633693424238649
AT4G18335,-3.8900628459940494
AT4G18340,2.3394133878393344
AT4G18350,0.14856663992554892
AT4G18360,-0.18672048291500262
AT4G18370,-0.379075397443206
AT4G18372,0.5527424872511311
AT4G18375,-0.06037990543329461
AT4G18380,-0.36637329573960115
AT4G18390,-0.6322285409178546
AT4G18395,-4.557231990892989
AT4G18400,-0.6673253326776596
AT4G18422,6.145049936377709
AT4G18425,-0.16655423012980383
AT4G18430,0.4737309170769148
AT4G18440,-0.748606748329132
AT4G18450,2.6551264287920437
AT4G18470,-0.4857706185630364
AT4G18460,-0.40973853707911523
AT4G18465,-0.2675617029091623
AT4G18480,-0.1611066467434151
AT4G18490,-0.19812384640097372
AT4G18501,-1.1483794974468462
AT4G18510,1.067207100834701
AT4G18520,-0.1959022535012926
AT4G18530,-0.4213626954885271
AT4G18540,3.533122674160285
AT4G18550,-0.06464582694952896
AT4G18570,-1.1379733185418903
AT4G18580,0.30001814733504956
AT4G18590,0.12141151905661848
AT4G18593,-0.03727309745750299
AT4G18600,-0.30689965007951325
AT4G18610,0.20271664804759276
AT4G18630,-0.2595032422389868
AT4G18640,-0.4932493347178247
AT4G18650,2.696276678122706
AT4G18660,-2.6826615294764204
AT4G18670,-0.43268646750550704
AT4G18680,3.532707363265254
AT4G18690,2.6551264287920437
AT4G18700,0.1502775249673971
AT4G18710,0.03617592190410167
AT4G18730,-0.04922389423358167
AT4G18740,-0.4213008403259775
AT4G18750,0.03586139537465366
AT4G18760,-0.007579489619010526
AT4G18780,-0.16374830692199902
AT4G18790,2.6623377602122282
AT4G18800,0.9460026102783383
AT4G18810,-0.19918384653465063
AT4G18820,-0.20764813002896612
AT4G18823,-2.674639620965142
AT4G18830,-0.6125159618118474
AT4G18840,-0.20710514233152344
AT4G18870,2.6551264287920437
AT4G18880,0.6843164634960148
AT4G18890,0.027978303638655437
AT4G18900,-0.057878163030615944
AT4G18905,-0.1908648887576865
AT4G18910,-0.31585481667386517
AT4G18930,0.25391428791115583
AT4G18940,1.4319964993166312
AT4G18950,1.8394375911095913
AT4G18960,-1.625121738896307
AT4G18970,-0.11763420538458978
AT4G18975,-0.30323949116588944
AT4G18980,0.10140813269030169
AT4G18990,1.9253501554376078
AT4G19000,2.6623377602122282
AT4G19003,0.7824105707047434
AT4G19006,0.6881187662173024
AT4G19010,0.6001395888802942
AT4G19020,-0.22850421616227204
AT4G19030,0.7784059683686343
AT4G19040,0.1284240788727958
AT4G19045,0.1641172736778484
AT4G19050,-1.2191034636977809
AT4G19060,-0.7389336692155977
AT4G19070,-0.4108060035943991
AT4G19080,0.036598538065578064
AT4G19090,-0.03181741890717083
AT4G19095,-0.4284950534131223
AT4G19100,-0.38049792106089214
AT4G19110,0.43302824722689
AT4G19120,2.4538737320329016
AT4G19130,0.649528892242204
AT4G19140,1.0938909656059979
AT4G19150,0.5206650857964811
AT4G19160,0.502532183015941
AT4G19170,-2.819324182749756
AT4G19180,1.060620755080487
AT4G19185,-0.09174006842137432
AT4G19190,0.24130035214578066
AT4G19191,0.45411990202615676
AT4G19200,1.5040151000812458
AT4G19210,0.19763446234286192
AT4G19220,-0.7945541338965078
AT4G19230,0.5541937618336888
AT4G19270,1.8728773498034657
AT4G19350,-0.053971583930938434
AT4G19370,0.575931449549238
AT4G19380,0.5111457009130519
AT4G19390,-0.014762028513055084
AT4G19400,0.09168717343933364
AT4G19410,0.2382580827952446
AT4G19420,-0.17007083302930487
AT4G19430,-3.37128730621746
AT4G19440,0.7789302442396705
AT4G19450,0.8759063779120067
AT4G19460,-0.21961500048534985
AT4G19490,0.538548046989286
AT4G19500,-0.2602312033720247
AT4G19510,0.18294787780402635
AT4G19520,1.8833883255261294
AT4G19530,-0.07002173166660666
AT4G19540,0.0620151124305868
AT4G19550,0.35938998134195654
AT4G19560,-0.5970210544402812
AT4G19570,0.3388001629181052
AT4G19590,-0.8547721041028192
AT4G19600,0.027360589779408726
AT4G19610,-0.39326373751871513
AT4G19640,0.5384253356742329
AT4G19645,-1.0321737893367589
AT4G19650,0.20294863766275092
AT4G19660,-0.7315351467411954
AT4G19670,-0.28540496538047727
AT4G19680,0.5060049000165313
AT4G19690,0.6368120012977893
AT4G19700,-0.7719478902628708
AT4G19710,-0.05937046529846095
AT4G19720,-0.5090180571261477
AT4G19810,1.4356014482599275
AT4G19820,1.4110570888699976
AT4G19830,-0.08328987048722866
AT4G19840,-0.2341069284934056
AT4G19850,-0.376293708908074
AT4G19860,-0.7281538079069415
AT4G19865,-0.21866989218127003
AT4G19870,-0.07444278930863493
AT4G19880,0.4767034383926866
AT4G19890,-0.31896849144932143
AT4G19900,0.5288240173291753
AT4G19920,-1.1761902004882268
AT4G19950,-0.1321296063213016
AT4G19960,0.32091028931190374
AT4G19970,-0.06794316515495712
AT4G19975,-0.3753186873723213
AT4G19980,0.539273116110279
AT4G19985,-0.2538740465083611
AT4G19990,-0.32274566460345794
AT4G20000,1.654999655617686
AT4G20010,0.07075521963224574
AT4G20020,-0.037021855512849436
AT4G20030,-0.42931581394292145
AT4G20040,-0.48437856301785337
AT4G20050,-1.195331294412003
AT4G20060,-0.4832110981233353
AT4G20070,0.19132234995702796
AT4G20090,-0.15618586571319734
AT4G20110,-0.2016140815864129
AT4G20130,-0.5002616673725586
AT4G20140,-1.519197764471548
AT4G20150,-0.05977007898859489
AT4G20160,0.37351366029944305
AT4G20170,1.5261074028818267
AT4G20190,-0.5314281584102479
AT4G20210,0.10374003481438783
AT4G20230,-1.1662215065063253
AT4G20235,0.572046440321826
AT4G20240,0.03403170490755433
AT4G20260,0.21410401277523855
AT4G20270,-0.5469198597625278
AT4G20280,0.14711318951553032
AT4G20300,0.9484484503745872
AT4G20310,0.03787385370134498
AT4G20320,-0.0009610139649231075
AT4G20325,-0.4645741955834612
AT4G20330,0.2499466140864897
AT4G20340,0.19300941182077205
AT4G20350,-0.5248200247953645
AT4G20360,-0.18117490849476442
AT4G20380,0.49383235885828763
AT4G20390,0.003785315528386052
AT4G20400,0.18168226069028556
AT4G20410,0.046557753956425474
AT4G20430,-0.7757746687408316
AT4G20440,0.05382064738705661
AT4G20450,0.016549187329690136
AT4G20460,0.3072721170215978
AT4G20480,0.08246027420476618
AT4G20690,0.7404324311148931
AT4G20700,-3.557797147071437
AT4G20720,0.4812860680389431
AT4G20740,0.15221181083289864
AT4G20760,-0.022483420681736067
AT4G20770,-0.0509023829161831
AT4G20780,1.1633730341017514
AT4G20820,0.6109933521271087
AT4G20830,2.9041146186587925
AT4G20840,-0.20141885027216905
AT4G20850,0.10574311653109618
AT4G20860,3.094429909954957
AT4G20870,-0.05711320143545835
AT4G20880,-0.1579725422927937
AT4G20890,0.9795590984090637
AT4G20900,2.696276678122706
AT4G20910,-0.6677410268945906
AT4G20920,1.6263471369959903
AT4G20930,-0.7910584902953707
AT4G20940,-0.8245657487292347
AT4G20953,1.7582391349486093
AT4G20960,0.11587799379427274
AT4G20970,-0.16181619728024887
AT4G20980,0.3952601966083036
AT4G20990,3.829142464213995
AT4G21020,-0.014984432603277274
AT4G21040,-3.557797147071437
AT4G21060,-0.06289107025483451
AT4G21065,-0.5331071037017658
AT4G21070,-0.7893923538084651
AT4G21090,0.07245357480093798
AT4G21100,0.035718918236433306
AT4G21105,0.1423259341242524
AT4G21110,-0.04636378386655657
AT4G21120,0.669174806564431
AT4G21140,0.3289678988987519
AT4G21150,0.3822034286695759
AT4G21160,0.035635913696960175
AT4G21170,0.19968987252623402
AT4G21180,-0.23503989087000596
AT4G21190,-1.0098843681498388
AT4G21192,0.46671415352479423
AT4G21200,0.9371966102711486
AT4G21210,0.16242134739106276
AT4G21215,-0.25308017583164744
AT4G21220,0.51448928416189
AT4G21230,0.49815494120179826
AT4G21250,0.8087045988276486
AT4G21270,-0.40330514863114897
AT4G21280,-0.5492737263042873
AT4G21300,0.2258401078985312
AT4G21310,0.06597702514231467
AT4G21320,-1.1339556721551234
AT4G21323,-1.549475125168151
AT4G21326,-0.295134632540452
AT4G21340,0.14909037725043536
AT4G21350,-0.9506366025780525
AT4G21380,0.2918838627445854
AT4G21390,1.6026247987951288
AT4G21400,2.0271589075875958
AT4G21410,2.1804687281397075
AT4G21430,0.04130242583970214
AT4G21440,-0.47585088009138604
AT4G21445,-1.420838704488168
AT4G21450,0.12834509950606823
AT4G21460,-0.10326741822006752
AT4G21470,-0.0786639515529618
AT4G21480,0.04537648273324233
AT4G21490,-2.658375374129908
AT4G21500,-0.1711250905117445
AT4G21510,0.5009848762391008
AT4G21520,-0.2717234084297611
AT4G21530,0.03205818961461195
AT4G21534,0.15074174245423982
AT4G21540,0.04336499167638253
AT4G21550,-1.571714463089441
AT4G21560,1.0530137944642097
AT4G21570,1.1380431135385676
AT4G21580,-0.14719232585917152
AT4G21585,-0.47516120690650165
AT4G21590,-0.03469784129055764
AT4G21600,0.12326305174591692
AT4G21610,-0.10463602790792903
AT4G21620,-0.5611249003587141
AT4G21650,-1.4486116482995761
AT4G21660,0.1792135617472276
AT4G21670,0.36428339268416987
AT4G21680,3.518888449321635
AT4G21700,1.4037889984744092
AT4G21705,-0.09537406800425849
AT4G21710,-0.11247458184921104
AT4G21720,-0.06008068117581317
AT4G21740,0.5274099622595309
AT4G21745,-0.5341784794915447
AT4G21750,-0.30644255772149703
AT4G21760,-1.5232478347162988
AT4G21770,-0.47574716250315946
AT4G21780,-0.6099902026235762
AT4G21790,-0.27682914645718265
AT4G21800,-0.45664721280392284
AT4G21810,-0.7191843917210817
AT4G21820,-0.2224989366929894
AT4G21830,0.7991611212182879
AT4G21850,2.9835173241118316
AT4G21860,-0.2768698995297178
AT4G21865,0.2454761779529522
AT4G21870,2.6129951732207317
AT4G21880,0.25759302115425076
AT4G21890,0.6984613364565877
AT4G21900,0.4581091236673347
AT4G21902,2.6551264287920437
AT4G21903,-0.6180191466018774
AT4G21910,-0.6675292734194552
AT4G21920,1.811955683115523
AT4G21926,0.1263685674167708
AT4G21930,-1.399790431770227
AT4G21940,1.3042618667377275
AT4G21960,-1.3671435297417078
AT4G21970,-1.3222061640755935
AT4G21980,0.18026869295642384
AT4G21990,0.8777972958690726
AT4G22000,0.2768862293244991
AT4G22010,1.279074830503352
AT4G22050,-3.6464673130340506
AT4G22070,-0.4595940755068683
AT4G22080,-0.30945431133727586
AT4G22090,-3.2162086668201333
AT4G22105,2.6551264287920437
AT4G22110,0.6252095604339707
AT4G22120,-0.8380732540382774
AT4G22130,-0.37262171991004955
AT4G22140,0.3092110761959594
AT4G22150,0.039367027619118776
AT4G22160,-1.0387065450688198
AT4G22170,-1.0735146841402325
AT4G22190,-1.146265711092177
AT4G22200,-3.08925337524682
AT4G22212,0.7246518053442323
AT4G22214,1.4989738849301
AT4G22217,4.153753926399454
AT4G22220,-0.0812031436599306
AT4G22230,1.2471057078564152
AT4G22235,0.20945172290448194
AT4G22240,0.12929123500562598
AT4G22250,-0.772305070328167
AT4G22260,0.14806391800194785
AT4G22270,0.5371205598658444
AT4G22280,-0.21158653616634768
AT4G22285,-0.08025447489687364
AT4G22290,0.8895195002148788
AT4G22300,0.053957617843654354
AT4G22305,0.25809686694803363
AT4G22310,0.13098908768338702
AT4G22320,1.2324247249341023
AT4G22330,0.49176827861121475
AT4G22340,-0.11993829280862293
AT4G22350,0.14419933634895538
AT4G22360,0.1213632266639951
AT4G22370,-0.7910518389229214
AT4G22380,-0.2294556531254303
AT4G22390,-0.13382301907248617
AT4G22410,-4.430734417593246
AT4G22460,1.085341738043409
AT4G22467,4.723428100670953
AT4G22470,2.845840791745624
AT4G22475,-0.4482050182807701
AT4G22485,-0.33931195040616063
AT4G22490,-0.4406116156648586
AT4G22495,-0.38996426420935676
AT4G22505,-0.31059382412031067
AT4G22513,0.190469154537243
AT4G22517,0.42940437392289454
AT4G22530,0.79602021897552
AT4G22520,-5.192809646985845
AT4G22540,-0.4063225797757382
AT4G22550,0.10447443957333373
AT4G22560,-1.8045120271336874
AT4G22570,-0.2604544707615113
AT4G22580,1.0536692563878556
AT4G22590,3.60257375242109
AT4G22600,2.696276678122706
AT4G22610,-1.368251021636675
AT4G22620,2.2661180437283677
AT4G22640,-0.24802204379877385
AT4G22666,-0.011868887358766808
AT4G22670,-0.6564221882410199
AT4G22680,-0.42118302171102934
AT4G22690,0.6444600529026614
AT4G22710,3.3610434510563234
AT4G22720,0.19255286660607202
AT4G22730,-0.9450919413954886
AT4G22740,-0.24978473165415394
AT4G22745,-0.34501735695386504
AT4G22750,-0.7931191074949933
AT4G22755,-1.3227106399201995
AT4G22756,-1.0672661733040891
AT4G22758,-0.3045415921520697
AT4G22760,-0.8957952320164377
AT4G22770,0.43637882129625416
AT4G22780,-0.14613002986845747
AT4G22790,-0.14825567272830967
AT4G22810,0.1555832758324148
AT4G22820,0.7493616718163635
AT4G22830,0.034177117838801244
AT4G22840,-0.10389163276788779
AT4G22850,-0.3597321858015161
AT4G22860,-0.6835696413244767
AT4G22880,-0.8874610842111029
AT4G22890,-0.43668657238456976
AT4G22900,-0.5375757233657045
AT4G22910,0.922352458564411
AT4G22920,-0.26456753813327294
AT4G22930,-0.17026003393818714
AT4G22940,-1.7579293148591157
AT4G22950,-0.46561520737486317
AT4G22960,1.7572933724971695
AT4G22970,-0.006838597540830704
AT4G22980,-1.115744927777278
AT4G22990,-1.2995038237841887
AT4G23000,-1.22891705993705
AT4G23010,1.1973671240413604
AT4G23020,-1.5487207913323673
AT4G23030,2.212660533730112
AT4G23040,-0.1509252754854418
AT4G23050,-0.14782690985246183
AT4G23060,-0.13391665984826664
AT4G23070,2.95805388726576
AT4G23100,0.2120568946622617
AT4G23130,0.5055812599431706
AT4G23140,1.0901678304784936
AT4G23160,-0.23954923870848935
AT4G23170,-0.17836282174178217
AT4G23180,0.5952660610198234
AT4G23190,2.4519338465016456
AT4G23200,2.9026930524191434
AT4G23210,3.722705190373431
AT4G23220,5.211302998998655
AT4G23230,3.891018093337813
AT4G23240,-0.5434464827470465
AT4G23250,-1.4563755881450542
AT4G23260,0.3298065591876239
AT4G23270,0.9973045564721567
AT4G23280,1.4328672724281533
AT4G23290,-0.330822854480604
AT4G23300,-1.4067284548959347
AT4G23320,-4.438260087787887
AT4G23330,-0.0036884946620614903
AT4G23340,-1.0767314945733764
AT4G23350,-0.018254300017269322
AT4G23400,-1.4425944633761254
AT4G23410,0.13978036852053777
AT4G23420,0.09554961508380673
AT4G23430,-0.10214225038467664
AT4G23440,0.6392937126682998
AT4G23450,-1.0109114993614328
AT4G23460,1.0235098029974807
AT4G23470,1.884893966792278
AT4G23490,-0.11784341066716489
AT4G23493,-1.4475954123723833
AT4G23496,-1.5807709476344178
AT4G23500,-0.6179645459792965
AT4G23510,0.3725832432539792
AT4G23515,0.40815393387341586
AT4G23520,-0.05411820660772968
AT4G23530,0.3609934446328428
AT4G23540,0.2776225686144889
AT4G23550,1.2258052660637473
AT4G23570,0.5511282544210426
AT4G23590,0.6584407140164151
AT4G23600,-0.5169429940172473
AT4G23610,5.433767019240899
AT4G23620,0.24480984505868758
AT4G23630,0.2686761818468737
AT4G23640,-0.2259871910431125
AT4G23650,1.0161927481880066
AT4G23660,-0.0577169622004104
AT4G23670,-1.470058293849123
AT4G23680,-1.6195951800107011
AT4G23690,-0.19509559659651085
AT4G23700,1.9368939330251438
AT4G23710,0.4834966372694424
AT4G23720,-0.3879873746029823
AT4G23730,0.31252032372835054
AT4G23740,-0.7462306777261744
AT4G23750,-0.04143989543664573
AT4G23760,0.11047904822108777
AT4G23770,-0.1772013380982453
AT4G23790,-0.020792796333422247
AT4G23800,-0.33322875883378605
AT4G23810,3.61907234849016
AT4G23820,-0.5104337217198109
AT4G23840,0.48624782743609063
AT4G23850,1.261059649406251
AT4G23860,0.3639605484377934
AT4G23870,-0.559755736141846
AT4G23880,-0.5709269081430364
AT4G23882,-2.674639620965142
AT4G23885,-0.145786612582543
AT4G23890,-1.0664558122382841
AT4G23895,-0.40718359792227804
AT4G23900,0.27991121253833173
AT4G23910,0.15650729683975836
AT4G23920,-0.485932991671505
AT4G23930,0.10813374907876744
AT4G23940,-0.2807504879857849
AT4G23950,0.43303423393946766
AT4G23960,0.42069932709270974
AT4G23980,-0.6168200212097603
AT4G23990,-0.9747369387747855
AT4G24000,-2.6826615294764204
AT4G24010,-2.540162852107335
AT4G24015,1.248261817415036
AT4G24020,-0.03338575836598126
AT4G24026,0.5617088442615241
AT4G24040,0.6892724110284247
AT4G24050,-0.774018695473601
AT4G24060,0.8510113952026441
AT4G24070,-2.6826615294764204
AT4G24080,0.262021557165457
AT4G24090,-0.3986553646114973
AT4G24100,-0.00042395834671377173
AT4G24110,3.11776016430366
AT4G24120,-0.3787834566208051
AT4G24130,-0.5732905967241764
AT4G24140,0.6159232843351629
AT4G24150,-0.3802789056761606
AT4G24160,1.6288293949748895
AT4G24170,2.303069766598231
AT4G24175,-0.2080769233481789
AT4G24180,1.4416363732382431
AT4G24190,-0.035892529361450314
AT4G24200,0.29881316499004157
AT4G24210,0.2481660500076668
AT4G24220,1.134858835361634
AT4G24230,1.2274426183017249
AT4G24240,1.042333037269561
AT4G24250,-0.17215775546607112
AT4G24260,0.355063443623815
AT4G24265,-0.17656961965319537
AT4G24270,-0.11854571299819536
AT4G24275,0.5488915664457554
AT4G24280,-0.30968472522277074
AT4G24290,0.23797631280609105
AT4G24310,0.692785287684111
AT4G24320,0.2903008227031196
AT4G24330,0.581763572469963
AT4G24340,0.052111001184754376
AT4G24350,-0.14266202558884233
AT4G24370,0.7926250688029363
AT4G24380,2.529888177883558
AT4G24390,-0.07536474949207514
AT4G24400,0.4207682268505949
AT4G24410,0.5476307170425495
AT4G24413,1.914240883508225
AT4G24420,0.4586835215070362
AT4G24430,0.23388708576915437
AT4G24440,-0.08009326888454545
AT4G24450,-0.047753949687706645
AT4G24460,0.08906320235106926
AT4G24470,0.010969348997513942
AT4G24480,0.19120508877373452
AT4G24490,0.4483529961635762
AT4G24500,-0.286441136676084
AT4G24510,0.059877006649039555
AT4G24520,-0.0585303001225049
AT4G24530,-0.13331686752799468
AT4G24540,0.3140162465266861
AT4G24550,0.20743750689563364
AT4G24560,0.09332521349887407
AT4G24570,5.541090491293767
AT4G24580,1.0552960547515233
AT4G24590,0.2991627328968359
AT4G24600,0.8238780387605394
AT4G24610,-0.2123037097771284
AT4G24620,-0.18909254551835786
AT4G24630,-0.46266221165309096
AT4G24660,-0.5370510887247103
AT4G24670,-1.0979379405519722
AT4G24680,0.03370970485496184
AT4G24690,-0.05097009505328515
AT4G24700,-1.7538211308864557
AT4G24710,-0.23357276349633765
AT4G24715,-2.6724263804689485
AT4G24730,0.9056976854103567
AT4G24740,0.11715972275159395
AT4G24750,-0.635236405597918
AT4G24760,-0.07467422433443414
AT4G24770,-0.156421542225009
AT4G24780,-1.0166896147436417
AT4G24790,-1.388147740338295
AT4G24800,-0.5238291572642918
AT4G24805,1.732882449760869
AT4G24810,-1.1901699311408471
AT4G24820,0.605158439836734
AT4G24830,-0.1088559764134786
AT4G24840,0.8754237399119185
AT4G24860,-0.12606454289303534
AT4G24880,-0.04134782640684859
AT4G24890,1.4351151920041052
AT4G24900,-0.17484085446888997
AT4G24910,0.02794637910555927
AT4G24920,1.004709715280854
AT4G24930,0.04106637866116736
AT4G24940,0.02766047966383877
AT4G24960,1.670579829244031
AT4G24970,0.054073383104398354
AT4G24972,-1.1950034987227383
AT4G24990,0.5808683423476406
AT4G25000,-0.22871745846800193
AT4G25010,2.6551264287920437
AT4G25020,0.5982613181841607
AT4G25030,0.8084788981099382
AT4G25050,0.2040198348556188
AT4G25070,1.313605055881478
AT4G25080,-0.741360311506173
AT4G25090,-0.18017147858606775
AT4G25100,-0.0595321669280878
AT4G25110,0.7986454489958733
AT4G25120,-0.16511429790171034
AT4G25130,-0.22527460962384238
AT4G25150,-0.5842312285655515
AT4G25160,-2.0866066903703504
AT4G25170,0.6389236728980038
AT4G25180,0.10581797815890348
AT4G25190,0.5423127721211952
AT4G25200,-0.9744692270369316
AT4G25210,1.1830338615469371
AT4G25220,0.1645885488002433
AT4G25225,0.36329911505701296
AT4G25230,-0.19228481172690093
AT4G25240,-0.5383434552193976
AT4G25250,0.010641994288163202
AT4G25260,0.745059224960858
AT4G25270,0.15265339198620287
AT4G25280,0.3732089318098671
AT4G25290,-0.23653042249896786
AT4G25300,-0.5707989569137728
AT4G25310,-0.49096345392990515
AT4G25315,0.3134606763957504
AT4G25320,0.47021658942887157
AT4G25330,2.696276678122706
AT4G25340,0.2747789664212299
AT4G25350,1.3887923429387834
AT4G25360,0.8817463007604224
AT4G25370,-0.007256651729521812
AT4G25380,2.7574717423394866
AT4G25390,2.27252464875806
AT4G25400,0.3200977852560162
AT4G25410,0.9259661995651831
AT4G25420,-3.9700421861640622
AT4G25430,1.4328672724281533
AT4G25433,2.6623377602122282
AT4G25434,0.14819919702018725
AT4G25440,0.06720904094473344
AT4G25450,-0.050656686188431894
AT4G25470,2.5558393676802957
AT4G25480,-6.535621324772964
AT4G25490,-0.06579701959115254
AT4G25500,0.22856628078844415
AT4G25510,-0.5177899158975824
AT4G25515,-0.11393206853300346
AT4G25520,-0.13165761200734127
AT4G25530,-0.469056468183816
AT4G25540,-0.5206428726127812
AT4G25550,0.02050268515140807
AT4G25560,0.9090954879884068
AT4G25570,-0.3881940497105159
AT4G25580,1.992455854396292
AT4G25600,-0.5183236427585596
AT4G25610,0.4847867909494045
AT4G25620,1.5307000136300764
AT4G25630,0.5320306828629356
AT4G25640,-0.04243420600112571
AT4G25650,-0.48685754277376003
AT4G25660,0.5640396754915432
AT4G25670,0.061191492936591305
AT4G25680,1.1509028327761057
AT4G25690,0.1949390517191161
AT4G25700,-0.19224495710401435
AT4G25707,-0.06980884304322393
AT4G25710,-0.38602915930579446
AT4G25720,0.3665502429647913
AT4G25730,0.2860903833675874
AT4G25740,0.010636519444987447
AT4G25750,0.9445685811080898
AT4G25760,0.4769568131173954
AT4G25770,-0.04395678616331016
AT4G25780,-1.3623205664489957
AT4G25790,0.6340743931033261
AT4G25800,0.015767564231547893
AT4G25810,4.439416272327226
AT4G25820,-0.14254037406030576
AT4G25830,1.2819454929099046
AT4G25835,-0.25291077429860864
AT4G25840,0.44260461267830914
AT4G25850,-0.5566662798653166
AT4G25860,0.37134833571124154
AT4G25870,0.43289639467828567
AT4G25880,-0.4640496510868958
AT4G25890,0.19790438643600244
AT4G25900,0.0032353126919112004
AT4G25910,-1.4731613894673932
AT4G25940,-0.05220600293855366
AT4G25950,-2.7443987942743107
AT4G25960,-0.49256472802344575
AT4G25970,-0.11473323149093399
AT4G25980,-0.2544504796907324
AT4G25990,1.3414125517138453
AT4G26000,0.03802656730966232
AT4G26010,0.18100990340351564
AT4G26020,-2.4013398436250744
AT4G26050,-0.8755801316806879
AT4G26055,0.4744140603311254
AT4G26060,0.3355807929788777
AT4G26070,0.5704407884149357
AT4G26080,0.356038727711252
AT4G26090,0.55371242449866
AT4G26100,0.44814263708538027
AT4G26110,-0.2204615196232652
AT4G26120,0.3255256832411155
AT4G26130,-0.12908590058103966
AT4G26140,-0.5764133994703499
AT4G26145,-1.1765600896509858
AT4G26150,0.02045940822756279
AT4G26160,-0.4330259436680065
AT4G26170,1.4209699325601748
AT4G26180,-0.23662481636048663
AT4G26190,-0.014910579369918906
AT4G26200,3.448051286361901
AT4G26210,0.21459033328415944
AT4G26220,-0.2725704532160608
AT4G26230,-0.00522684610240144
AT4G26240,-0.0743405023817659
AT4G26260,4.001445252857641
AT4G26270,-0.7911045244130225
AT4G26288,0.44541514896584583
AT4G26300,0.007813211795709554
AT4G26310,-0.20897733349703315
AT4G26320,0.3192221201210847
AT4G26330,-1.448063135577049
AT4G26370,-0.39903528699349033
AT4G26380,1.3078114339152545
AT4G26390,0.8233294667683942
AT4G26400,0.4492175607243238
AT4G26410,0.03359124620999485
AT4G26415,-0.780784841221173
AT4G26420,-2.6826615294764204
AT4G26430,-0.17484956957739017
AT4G26440,-1.8778757470751295
AT4G26450,0.6049367167200852
AT4G26455,0.2880696257353205
AT4G26466,2.6551264287920437
AT4G26460,3.2976692806992833
AT4G26470,0.3322034532871756
AT4G26480,1.0416417438970011
AT4G26490,0.7721616103796225
AT4G26510,-0.07093787988876019
AT4G26500,3.6021136418851913
AT4G26520,-1.8811706505062769
AT4G26530,-1.8226514592092087
AT4G26540,-1.355195959552167
AT4G26550,0.3610595435171453
AT4G26555,-0.7877113721157203
AT4G26570,0.8117101263097828
AT4G26580,-0.6581813689391349
AT4G26590,-0.1572354397248724
AT4G26600,0.17095377964956018
AT4G26610,0.5419865885154292
AT4G26620,-0.25563477235831755
AT4G26630,-0.5294920418286279
AT4G26640,-0.06523438758357958
AT4G26650,0.9576024013315021
AT4G26660,-0.42720643427792326
AT4G26670,-0.6855864662380078
AT4G26680,-0.04000841550005068
AT4G26690,1.8830030721636162
AT4G26700,0.3036801761765776
AT4G26710,-0.20407196198564986
AT4G26720,0.17893517922450883
AT4G26730,1.1213132919703774
AT4G26750,1.1138069067151657
AT4G26760,-0.4660034013680629
AT4G26770,0.20697228934420908
AT4G26780,0.07933872326949926
AT4G26790,-1.0567732234391383
AT4G26800,-0.01880754840492903
AT4G26810,0.551487939243954
AT4G26820,-0.05411820660772968
AT4G26830,0.5208780135535962
AT4G26840,-0.338215070410879
AT4G26850,-0.9069961667398675
AT4G26860,0.17933364562295132
AT4G26870,-0.262848013835493
AT4G26880,1.3647527990387915
AT4G26890,4.47173214211509
AT4G26900,-0.2652767228234526
AT4G26910,0.6326711663777116
AT4G26930,3.6021136418851913
AT4G26940,0.5017887735093423
AT4G26950,-2.163050011706432
AT4G26960,-0.31881927222745055
AT4G26965,-0.1507946555788116
AT4G26970,0.02658591299315368
AT4G26980,0.10888779023684182
AT4G26990,0.7637189983950647
AT4G27000,-0.10904269099725286
AT4G27010,-0.11605043392856036
AT4G27020,-0.4470122293997766
AT4G27030,-0.19886320583872774
AT4G27040,-0.01548253311643992
AT4G27050,-0.134436034787028
AT4G27060,0.5036468125159281
AT4G27070,-0.03688804055522828
AT4G27080,0.19959625652395466
AT4G27090,-0.038225179931974836
AT4G27100,1.1939356072937661
AT4G27120,-0.1883997442542902
AT4G27130,-0.13313928987821763
AT4G27140,6.769644269807642
AT4G27180,-0.43839047206086057
AT4G27190,0.4949947042199455
AT4G27220,2.718387581005116
AT4G27230,-0.18784039193403645
AT4G27240,-0.18968995250448045
AT4G27250,0.4652631387791914
AT4G27260,-0.4967697497610718
AT4G27270,-0.3722750117694284
AT4G27280,3.984127181621145
AT4G27290,0.9163594182045619
AT4G27300,-1.3246869532886296
AT4G27310,0.6946977656349805
AT4G27320,0.20668813313588213
AT4G27330,2.6551264287920437
AT4G27340,0.16735490496256658
AT4G27350,2.0941791179201754
AT4G27360,-0.057878163030615944
AT4G27370,-0.43749958137459816
AT4G27380,0.021455077771612065
AT4G27390,-0.20096105755780408
AT4G27400,-0.01242776513275563
AT4G27410,-0.07771579497682779
AT4G27430,0.0799793414437443
AT4G27435,-0.4337636014261749
AT4G27440,-0.7997872255874742
AT4G27450,-1.4676057237283506
AT4G27460,1.1848265078186313
AT4G27470,-0.3773543896410303
AT4G27480,2.214960807981232
AT4G27490,0.5536367331606163
AT4G27500,1.5452107331311826
AT4G27510,0.21512689099627758
AT4G27520,0.36675327473663044
AT4G27530,2.223587981263117
AT4G27540,-0.23869302997025524
AT4G27550,-3.1820943759343177
AT4G27560,1.4783177605132525
AT4G27570,-0.26428633903943344
AT4G27580,3.533122674160285
AT4G27585,0.26781857630229927
AT4G27590,1.8951673537987759
AT4G27595,-0.7977691807164661
AT4G27600,-0.2491974970169795
AT4G27610,-0.18894276738190383
AT4G27620,0.05011608922981994
AT4G27630,0.0972850453374104
AT4G27640,0.019434355477471237
AT4G27650,0.6895243743101586
AT4G27652,2.280354082979285
AT4G27654,4.060573436686786
AT4G27657,2.807069367217307
AT4G27660,1.098550158756429
AT4G27670,-1.7812355001971527
AT4G27680,0.3929980503483648
AT4G27690,0.5667836786960893
AT4G27700,-0.6012131847919585
AT4G27710,-0.7022958546947508
AT4G27720,2.64776777394981
AT4G27730,2.1912155396123647
AT4G27740,0.0773745107323592
AT4G27745,-0.14670707712414124
AT4G27750,0.30687395709661663
AT4G27760,0.24503369309884812
AT4G27780,0.22892111892632727
AT4G27800,-0.5482229381109057
AT4G27810,0.6716570080858244
AT4G27820,-0.42448700836678194
AT4G27830,0.06525542318918331
AT4G27840,-0.11585319285753815
AT4G27850,0.3985488992044037
AT4G27860,-0.8809440461732619
AT4G27870,-0.7614669558818109
AT4G27880,0.02966277215045023
AT4G27900,0.6255396732619471
AT4G27910,0.37636804427447246
AT4G27920,-3.182171854804002
AT4G27940,0.3181865331194493
AT4G27950,1.3257611437640737
AT4G27960,1.036091265574149
AT4G27970,1.88685217349355
AT4G27980,1.8640228667066503
AT4G27990,-0.3453594714260786
AT4G28000,2.6551264287920437
AT4G28005,-1.87785450462112
AT4G28010,0.0772857232122598
AT4G28020,-0.23634894802825596
AT4G28025,-0.326270548739979
AT4G28030,-0.566895838684841
AT4G28040,0.8304699157032557
AT4G28050,0.4843654582001246
AT4G28060,-0.006127022250576644
AT4G28070,-0.6408660496267514
AT4G28080,-0.5803110867735484
AT4G28085,3.8696726695562833
AT4G28088,2.6551264287920437
AT4G28100,-0.4957448625533323
AT4G28110,-3.6056265338478264
AT4G28140,3.317138179441905
AT4G28150,-0.3628773216545574
AT4G28160,-0.40416525182435775
AT4G28170,0.11103708286368422
AT4G28180,-0.5715598329674901
AT4G28190,1.553780562206881
AT4G28200,0.046899335352483695
AT4G28210,-0.23837021641636272
AT4G28220,-0.4061846005346224
AT4G28230,1.0921622985534494
AT4G28240,-0.1285586963423439
AT4G28250,-0.9571037539783883
AT4G28260,-0.14451948270885032
AT4G28270,-0.822700932388638
AT4G28280,-0.15491514920574614
AT4G28290,0.5775772862560398
AT4G28300,-0.015395628601767219
AT4G28310,-0.5348532326170535
AT4G28320,0.36709837297837816
AT4G28330,0.9493535076342285
AT4G28340,4.074609867458875
AT4G28350,1.2862259575542079
AT4G28360,-0.379209339069576
AT4G28370,-0.22260909550340816
AT4G28380,-1.3547836644361428
AT4G28390,-0.5610463503708167
AT4G28400,1.205533797832896
AT4G28410,0.09359920612565073
AT4G28420,0.9411504209245686
AT4G28430,-0.05696516982599254
AT4G28440,-0.3755298163407469
AT4G28450,-0.04492076133544998
AT4G28460,1.512135838221912
AT4G28470,0.13629006737643798
AT4G28480,0.2964237486608053
AT4G28485,1.8730318233610872
AT4G28490,0.19453233849255647
AT4G28500,-0.5015833209614146
AT4G28510,0.11586808449346514
AT4G28530,0.2494918202417376
AT4G28540,0.18572594735871772
AT4G28550,1.7435466756468274
AT4G28556,-2.041386158458553
AT4G28560,0.6934054878299606
AT4G28570,-0.1437995686646921
AT4G28590,0.0389505195188222
AT4G28600,0.20192035839967606
AT4G28610,0.04445165869005647
AT4G28620,-3.6464673130340506
AT4G28630,0.16530586646979592
AT4G28640,-1.0539969158729834
AT4G28650,-0.15697674629913622
AT4G28660,0.08169465467174786
AT4G28680,-1.2729779943402018
AT4G28690,-0.2564688251485709
AT4G28700,1.7392869078332651
AT4G28703,0.7547597887234959
AT4G28706,-0.2827158616066937
AT4G28710,0.37017501105251144
AT4G28720,-1.2754456485617152
AT4G28730,-0.4066134980361711
AT4G28740,-0.34165396259043745
AT4G28750,-0.39132481777132183
AT4G28755,-0.8106315668209603
AT4G28760,-0.550480969128031
AT4G28770,0.057244195842869855
AT4G28780,-1.1290414875395058
AT4G28790,0.31938064610491906
AT4G28800,-1.489421550567906
AT4G28811,2.696276678122706
AT4G28820,-0.6823862634547805
AT4G28830,-0.7963865912556085
AT4G28840,0.8167486052565992
AT4G28850,0.23886451276411844
AT4G28860,0.4638898306628836
AT4G28880,0.3432322406434342
AT4G28890,-0.44852995170385546
AT4G28910,0.14287754794462276
AT4G28930,-3.461079007329271
AT4G28940,-0.1659822001356849
AT4G28950,-1.13269521389258
AT4G28980,0.28235855236011054
AT4G28990,0.11218084081601716
AT4G29000,-0.0555082603309621
AT4G29010,-0.2843121326526852
AT4G29020,-0.6449612450252838
AT4G29030,-0.8055034759200111
AT4G29040,0.3217242781251329
AT4G29050,-0.8552870908257462
AT4G29060,-0.39658972949099897
AT4G29070,-0.28559594143113876
AT4G29080,-0.12420291292821357
AT4G29100,-0.38442105202675725
AT4G29110,-0.8330539838159214
AT4G29120,-0.20753787120738088
AT4G29130,0.2591974241008971
AT4G29140,-0.28554225548837836
AT4G29150,-1.5949130940497769
AT4G29160,1.0517342589464382
AT4G29170,-0.03123362066195281
AT4G29180,-0.12552980688447188
AT4G29190,-0.5445773975962342
AT4G29200,-2.674639620965142
AT4G29210,-0.37466489525012336
AT4G29220,-0.20881824372973126
AT4G29230,-0.6310628264187054
AT4G29240,-0.215065059685681
AT4G29260,0.0913420297293885
AT4G29270,-0.6475865726807781
AT4G29310,1.002858765837655
AT4G29330,0.02632390116519057
AT4G29340,-0.30413674623887427
AT4G29350,0.13423561744611817
AT4G29360,-0.9784046939950385
AT4G29370,-3.557797147071437
AT4G29380,-0.09050563031848288
AT4G29390,0.04729261138075164
AT4G29400,-0.3407263426640117
AT4G29410,0.07436337241934847
AT4G29420,-0.03223802097411034
AT4G29430,-0.00023201395713010091
AT4G29440,0.9759266421227002
AT4G29450,1.4328672724281533
AT4G29460,-0.8363568946876431
AT4G29470,2.4295174864465663
AT4G29480,0.30427050340990536
AT4G29490,-0.1879944518792657
AT4G29510,0.16147931611613162
AT4G29520,0.14796781410699833
AT4G29530,-0.02264077778432881
AT4G29540,-0.13223567775762252
AT4G29550,1.882822249961415
AT4G29560,-0.6082254496777459
AT4G29590,0.2444812861610903
AT4G29600,3.3984254061124917
AT4G29610,2.7581427146002993
AT4G29620,-2.6724263804689485
AT4G29650,-2.674639620965142
AT4G29660,0.3247694393665728
AT4G29670,0.8546461237336683
AT4G29680,-0.01589520253838198
AT4G29690,0.5940744472913946
AT4G29700,-0.6319529994665554
AT4G29710,-1.015365696029101
AT4G29720,0.22940725302949172
AT4G29730,-0.34184377048442954
AT4G29735,0.378618063667379
AT4G29740,0.49563105101153493
AT4G29750,-0.18344020934387958
AT4G29760,1.5284949655359585
AT4G29770,-0.7309837902470394
AT4G29780,4.362813180287957
AT4G29790,0.11939435720455262
AT4G29800,0.7740718390453346
AT4G29810,0.7135745086640123
AT4G29820,-0.4594592231433976
AT4G29830,0.01920114069280387
AT4G29840,0.04834802597658961
AT4G29850,1.791847100456505
AT4G29860,0.0793559778430701
AT4G29870,0.19637498450764687
AT4G29880,-0.6825588623048466
AT4G29890,-0.6865082453182978
AT4G29900,1.1236131002508203
AT4G29905,-1.1832934201594025
AT4G29910,-0.4756576773889091
AT4G29920,-0.5748214454344192
AT4G29930,-0.1315571933735317
AT4G29940,0.17915244413819312
AT4G29950,1.934438406287849
AT4G29960,-0.07893581586037762
AT4G29990,-0.3874143741445114
AT4G30000,-0.06691207470222939
AT4G30010,0.2196735650865213
AT4G30020,-1.2960939363638597
AT4G30050,-2.674639620965142
AT4G30060,2.095902855378207
AT4G30080,0.045331361817775265
AT4G30090,2.84199735818155
AT4G30100,0.16692896242724148
AT4G30110,-1.8544419854051541
AT4G30120,-1.0062384321143114
AT4G30130,-0.9483311888947704
AT4G30140,-0.2178789262478999
AT4G30150,0.14100820635362296
AT4G30160,0.10537449878811155
AT4G30170,0.3722815294209919
AT4G30180,0.21905274154386462
AT4G30190,-0.22021395427901028
AT4G30200,-0.36588613367199474
AT4G30210,1.789626912692136
AT4G30220,0.25075842573856283
AT4G30230,-0.2415473632040095
AT4G30240,-0.08286335573142635
AT4G30250,-0.8440799798720457
AT4G30260,0.7905308410168015
AT4G30270,1.568190741938715
AT4G30280,5.708796367061944
AT4G30290,3.680552997421476
AT4G30300,2.6551264287920437
AT4G30310,-0.06472276841730404
AT4G30320,0.9018267947815327
AT4G30330,-0.046503685356754615
AT4G30340,1.063399933991565
AT4G30350,1.4445649462562955
AT4G30360,0.34481204356045303
AT4G30370,1.4767657916625878
AT4G30380,4.073550593268459
AT4G30390,0.3200898205758884
AT4G30400,-1.2747755374818377
AT4G30410,-0.7320831879792945
AT4G30420,0.15212247727833816
AT4G30430,5.8130295392033275
AT4G30440,1.8459723654300206
AT4G30450,-0.7594607015285255
AT4G30460,-0.7888975889885762
AT4G30470,0.7725338328991829
AT4G30480,0.3999620835633324
AT4G30490,0.04764699149653839
AT4G30500,-0.04750820316312828
AT4G30510,0.02201454634915743
AT4G30520,-0.9091616340754399
AT4G30530,0.17320689651568033
AT4G30550,0.041727319761772165
AT4G30560,-0.39463582328524877
AT4G30570,-1.155975466598278
AT4G30580,-0.29606838189842166
AT4G30600,1.5192058783143239
AT4G30610,0.308768896247612
AT4G30620,-0.6063282202087363
AT4G30630,-0.12688630177992963
AT4G30640,-0.9225840490807441
AT4G30650,0.3890873059057592
AT4G30660,-0.9076842276185448
AT4G30662,-1.4591521140181412
AT4G30670,-0.4694214076706511
AT4G30680,0.1706720711663492
AT4G30690,-0.6508392004467384
AT4G30700,0.14378829195582996
AT4G30710,0.2541720000994321
AT4G30720,-0.792474996631567
AT4G30740,-0.8361594213415002
AT4G30750,0.23667831784379567
AT4G30760,0.21087660250033013
AT4G30780,0.750705609641825
AT4G30790,-0.4568063371997292
AT4G30800,0.3801261436424358
AT4G30810,-1.0382365304450316
AT4G30820,0.18519059652042238
AT4G30825,-0.3802531481366433
AT4G30830,-1.0501544380088894
AT4G30840,0.23908915674019818
AT4G30845,-0.2906241256959313
AT4G30850,1.0161214639216247
AT4G30860,-0.43647853447606627
AT4G30870,-0.11429385796486478
AT4G30880,-0.0658771637273737
AT4G30890,0.20499041493604664
AT4G30900,-0.16675897521333555
AT4G30910,-0.2974099084872473
AT4G30920,0.4764268216204516
AT4G30930,-0.006384590240609261
AT4G30935,-0.2577148383790635
AT4G30940,-0.6675235810270436
AT4G30950,-0.13705823355298927
AT4G30960,-0.22522368616478217
AT4G30980,-0.523976001469137
AT4G30990,-0.19096121410554479
AT4G30993,-0.8905777798772142
AT4G30996,2.1900890033846374
AT4G31000,2.708910570511821
AT4G31010,-0.6901859963675225
AT4G31020,-0.2878731134187986
AT4G31040,-0.3397151246139909
AT4G31050,-0.37141768832069855
AT4G31060,-0.8823695076489944
AT4G31070,-0.4079102444300754
AT4G31073,-3.6464673130340506
AT4G31080,0.2506100570407854
AT4G31100,0.5423546998841083
AT4G31110,0.7245397779379625
AT4G31115,-0.3505922731782998
AT4G31120,-0.422203116333288
AT4G31130,0.2925913075660265
AT4G31140,0.19086140166498558
AT4G31150,-0.35583026237915294
AT4G31160,-0.3630507330916308
AT4G31170,0.3139050027029771
AT4G31180,0.11428264661752228
AT4G31200,-0.39240572856942707
AT4G31210,-0.011190549793666864
AT4G31230,5.033101946069897
AT4G31240,0.06657853765921425
AT4G31250,-0.302687180782379
AT4G31270,-0.13401060688049185
AT4G31290,-0.7533743247534049
AT4G31300,0.2495612126846144
AT4G31310,-0.6713611463368702
AT4G31320,0.10750667148561781
AT4G31330,-0.7246596417880313
AT4G31340,0.5029930307544369
AT4G31350,-0.6197119101908152
AT4G31351,-0.22759455085701205
AT4G31354,-0.7713274456841643
AT4G31355,-0.45020650857767136
AT4G31360,0.4829826974948204
AT4G31370,2.161500490391132
AT4G31380,-0.9390309561286897
AT4G31390,-0.0883923766301536
AT4G31400,-0.30915959182073544
AT4G31405,-0.7940802571166468
AT4G31410,-0.2515387484171955
AT4G31420,0.2631869511477247
AT4G31430,-0.2256472495760478
AT4G31440,-0.0022327652177260263
AT4G31450,-0.5555476081657993
AT4G31460,-0.008287442085187365
AT4G31470,0.7451699829733681
AT4G31480,0.6148421190853486
AT4G31490,0.8446656518519431
AT4G31500,0.6087646738410303
AT4G31510,0.7069891600573769
AT4G31520,1.3303883918853163
AT4G31530,-0.3136677774538892
AT4G31550,2.144431240077242
AT4G31560,-0.7421677711395485
AT4G31570,0.21948391468362222
AT4G31580,0.753986000029813
AT4G31590,0.47758523263386515
AT4G31600,0.5440579296581766
AT4G31610,-0.6064180810555186
AT4G31615,-0.15138320190059304
AT4G31620,0.28283212393979745
AT4G31640,0.8582503507127108
AT4G31650,-0.5024960066308648
AT4G31660,-1.1418332879513549
AT4G31670,-0.14862661104275648
AT4G31680,-0.5632294735532594
AT4G31685,2.696276678122706
AT4G31690,-2.6826615294764204
AT4G31700,0.36037891317042686
AT4G31710,-0.9393774912044202
AT4G31720,-0.22661762384366962
AT4G31730,-0.5632456736288945
AT4G31750,0.26796542305497284
AT4G31760,-1.483908526018235
AT4G31770,0.30681513535352983
AT4G31780,0.10745470258105323
AT4G31790,0.6532506209475628
AT4G31800,4.930889374601624
AT4G31805,-0.5508166926549134
AT4G31810,0.2957245056964372
AT4G31820,-0.02800738175110681
AT4G31840,-0.5794078384817191
AT4G31850,-0.5554029412747412
AT4G31860,-0.10633574150132531
AT4G31870,0.5851150464908509
AT4G31880,-0.012679948991415065
AT4G31890,-1.1082102457672076
AT4G31900,-2.6724263804689485
AT4G31910,-0.6557349494330984
AT4G31920,-0.4936801450915025
AT4G31930,0.10867170759623733
AT4G31940,0.5192753295699941
AT4G31950,5.0301022775640085
AT4G31960,2.6551264287920437
AT4G31980,0.6263404455862642
AT4G31985,0.12259689604131535
AT4G31990,0.11665677137166303
AT4G32000,-1.6262982522410125
AT4G32010,-0.19821111518607523
AT4G32020,1.0536734967114234
AT4G32030,1.0113024502993373
AT4G32040,0.29955227590443134
AT4G32050,-0.8927233982363361
AT4G32060,0.41895539277333493
AT4G32070,-0.1312446814165436
AT4G32120,0.45466666304454245
AT4G32130,0.42077718217972576
AT4G32140,1.390668698629319
AT4G32150,0.44654325924734284
AT4G32160,-0.11316394435603493
AT4G32175,-0.24053720710940465
AT4G32180,-0.0299682034834879
AT4G32190,-0.6280679509534348
AT4G32200,0.870280512430781
AT4G32210,0.13510731687165647
AT4G32208,3.532707363265254
AT4G32240,-0.0857181032501449
AT4G32250,-0.7163915666245244
AT4G32260,-0.15622057886243815
AT4G32270,-0.4949540278347833
AT4G32272,-0.40377323394984393
AT4G32280,-2.260018464694945
AT4G32285,0.7561064856680071
AT4G32290,-0.15455971884990488
AT4G32295,-1.5751414862420658
AT4G32300,0.6978270928962955
AT4G32320,-0.5080330464417884
AT4G32330,-0.027032301782556088
AT4G32340,-0.7436123999986209
AT4G32350,1.7293509438199144
AT4G32360,-0.4944394992962509
AT4G32390,0.656560239701092
AT4G32400,0.009362250931925704
AT4G32410,1.1267143696972293
AT4G32420,-0.39546421084555133
AT4G32430,0.46435488373219963
AT4G32440,-0.2039497429141689
AT4G32450,-0.281192072978628
AT4G32460,-0.25653798744974216
AT4G32470,0.045063163661655935
AT4G32480,1.841641058330357
AT4G32500,2.6623377602122282
AT4G32510,-1.3501042618189145
AT4G32520,0.1963898712467452
AT4G32530,-0.0016458583256286458
AT4G32535,0.9059534818139984
AT4G32540,-0.47176963396697785
AT4G32551,-0.12467660844356383
AT4G32560,0.14120311194923477
AT4G32570,-0.14957320025511028
AT4G32590,-0.056612403052040156
AT4G32600,-0.10923035021244358
AT4G32605,-0.09746202402811459
AT4G32610,-0.39027025930556297
AT4G32620,-0.05736759980638499
AT4G32630,-1.4841481241557122
AT4G32640,0.4908101021816014
AT4G32650,0.2618924417744124
AT4G32660,0.1076455955405178
AT4G32670,-0.3396848974614363
AT4G32680,0.2065010812390131
AT4G32690,-0.546394006406333
AT4G32700,0.20898488861255296
AT4G32710,-0.7822741579137107
AT4G32720,0.0941706565317803
AT4G32730,-0.3733836290439395
AT4G32750,0.07040028571038673
AT4G32760,0.3091266813587505
AT4G32770,-0.09480936535342045
AT4G32780,0.3018088521443424
AT4G32790,0.9904086001305404
AT4G32800,3.5791389262914777
AT4G32810,0.7742483261137235
AT4G32820,-0.27952049002144197
AT4G32830,0.187892688442485
AT4G32840,-0.0450398385240681
AT4G32850,0.09204661705729827
AT4G32860,0.0576664882646377
AT4G32870,0.9898536567889402
AT4G32880,-0.8755009828251284
AT4G32890,-1.5833185420478169
AT4G32900,-0.43554312385655286
AT4G32910,-0.6055503298967815
AT4G32915,-0.0732288488018127
AT4G32920,0.8084405460632028
AT4G32930,-0.06794960189195227
AT4G32940,-0.9374648216158217
AT4G32950,0.4223861034373792
AT4G32960,0.1628664894197423
AT4G32970,-0.7433911487291521
AT4G32980,-1.7629239775803367
AT4G32990,-1.0683698811203033
AT4G33000,-0.9681191805564411
AT4G33010,0.20569323461259115
AT4G33020,-0.6618487897938335
AT4G33030,-0.60827533437594
AT4G33040,-0.4516854397369571
AT4G33050,2.7623228663777746
AT4G33060,-0.054797121760030765
AT4G33070,-0.09608682837978047
AT4G33080,-0.6386176398977762
AT4G33090,-0.18397368079863455
AT4G33100,0.37489440378611827
AT4G33110,-0.6266449796328194
AT4G33120,0.384516065466539
AT4G33130,-0.09229865282120296
AT4G33140,0.37620146905543195
AT4G33145,-0.8363993707477383
AT4G33150,-0.24414362346164784
AT4G33160,-0.1567683301202079
AT4G33170,-0.16593553102481556
AT4G33180,0.17790296298039152
AT4G33200,-0.16468404458932948
AT4G33210,0.18174175130912978
AT4G33220,0.13660801813928586
AT4G33230,2.6623377602122282
AT4G33240,0.05490595007366322
AT4G33250,-0.016019483832224526
AT4G33260,-0.4069927195841202
AT4G33270,-0.46392626243688023
AT4G33280,-1.015964983782857
AT4G33300,1.6086444719495827
AT4G33310,-0.6569790034291313
AT4G33330,-0.027251375988637628
AT4G33350,-0.39558395303033583
AT4G33355,1.064889067935493
AT4G33360,-0.15881497651645152
AT4G33370,0.37877746840475585
AT4G33380,-0.16767921873407907
AT4G33390,-0.12300051306854896
AT4G33400,0.17888856197708447
AT4G33410,-0.16036757034841978
AT4G33420,1.2080795355520562
AT4G33430,0.49674505626665905
AT4G33440,-0.12667461171777863
AT4G33450,-1.608617415383923
AT4G33460,-0.18620980358673966
AT4G33465,0.011907815311513636
AT4G33467,-0.14804460406601858
AT4G33470,-0.5144978788851613
AT4G33480,-0.4330013216196119
AT4G33490,-0.43036185898376306
AT4G33495,0.01811205982149397
AT4G33500,-0.5738498988304899
AT4G33510,-0.3834205006193029
AT4G33520,-0.21623837680472122
AT4G33530,0.535155152057737
AT4G33540,-0.4905363262741826
AT4G33550,-1.5369802582577483
AT4G33560,-0.17546022376045683
AT4G33565,0.290854599612482
AT4G33580,-0.11573052183514614
AT4G33590,2.712178915879749
AT4G33610,-0.7532984114439071
AT4G33620,-0.2645134915459295
AT4G33625,-0.6025594118817413
AT4G33630,-0.704064236432974
AT4G33640,0.07787456460550714
AT4G33650,-0.16349824434285434
AT4G33660,-1.1574708660437631
AT4G33666,-2.2890921829593487
AT4G33670,-0.7969515652348794
AT4G33680,-0.15851934257908595
AT4G33690,0.23227209594721557
AT4G33700,-0.07098141079532587
AT4G33730,0.46996554241463107
AT4G33740,-0.3769250925298167
AT4G33760,-0.22307831031740594
AT4G33770,-0.04081646661987224
AT4G33780,0.47225035493163936
AT4G33790,0.7738679786129542
AT4G33800,-0.24831779312153834
AT4G33810,0.3493477281114132
AT4G33820,0.8234627318461849
AT4G33865,0.06389266135548506
AT4G33870,-0.053756001791411503
AT4G33880,0.8326139425630875
AT4G33885,2.6551264287920437
AT4G33890,0.1929235380741696
AT4G33905,2.2453938997274885
AT4G33910,0.8266860026757135
AT4G33920,2.4599279794120292
AT4G33925,-0.44829463502947375
AT4G33930,1.9058058108454812
AT4G33940,1.2160349220606774
AT4G33945,0.36235579425825265
AT4G33950,0.44253350211655734
AT4G33960,-0.7590122869791167
AT4G33970,0.11228294157424729
AT4G33980,1.6281324226666483
AT4G33985,2.67207917274168
AT4G33990,-0.10486485430891117
AT4G34000,-0.9210151740484879
AT4G34020,-0.6709809744850989
AT4G34030,-0.436906390900819
AT4G34040,-0.3969211082700173
AT4G34050,-0.4250062729757237
AT4G34060,-0.7865866200442758
AT4G34070,-0.08895462472003735
AT4G34090,-0.4958203621941353
AT4G34100,0.40449698722620153
AT4G34110,0.007165730484361066
AT4G34120,0.20816933905167695
AT4G34131,0.8054549514127138
AT4G34135,0.25959479287709286
AT4G34138,-0.4605538671382093
AT4G34139,1.2571101730584722
AT4G34140,-0.39973545844154534
AT4G34150,3.3363817693145545
AT4G34160,-0.923409996457552
AT4G34180,0.197582061866727
AT4G34190,-0.19685472171472018
AT4G34200,-0.11155322528495643
AT4G34210,1.9200428278965156
AT4G34215,0.12896545064821643
AT4G34220,-1.1748322571956746
AT4G34230,0.036455130165411895
AT4G34240,0.3006448095124661
AT4G34250,-0.8812378425655164
AT4G34260,1.315196134429818
AT4G34265,0.13502660196307106
AT4G34270,-0.04074220058012277
AT4G34280,-0.12880173688675498
AT4G34290,-0.23628162986157952
AT4G34310,0.1080270591497204
AT4G34320,1.4705762311533022
AT4G34330,-0.7374252016188731
AT4G34340,0.20449712899091463
AT4G34350,-0.09759627140904606
AT4G34360,0.4053829757675157
AT4G34370,-0.29308659085038324
AT4G34380,1.3179560806589081
AT4G34390,1.4344774561200118
AT4G34400,0.029004679787494138
AT4G34410,5.226298987555734
AT4G34412,0.20995074881078085
AT4G34419,0.579188485912699
AT4G34420,0.42402446561792567
AT4G34430,0.5061905856261245
AT4G34440,0.823265258500218
AT4G34450,0.4792012520188479
AT4G34460,0.43910025194712743
AT4G34470,-2.6826615294764204
AT4G34480,0.1841797944941675
AT4G34490,0.2998398888299711
AT4G34500,0.23278097514339943
AT4G34510,-1.4671471268042227
AT4G34530,0.459155594502363
AT4G34540,0.013905770701243185
AT4G34550,-1.3505388879788502
AT4G34555,0.2767738272445364
AT4G34560,-0.18082397769669495
AT4G34570,-0.4313997207753231
AT4G34580,-0.1647467564143945
AT4G34590,-0.02544599601391671
AT4G34600,0.09965224960443576
AT4G34610,0.05679857768656058
AT4G34620,-0.26200615902519125
AT4G34630,-0.5005721249458196
AT4G34640,0.11666836575867963
AT4G34650,-1.402511328859912
AT4G34660,0.6582617966443632
AT4G34670,-0.08080122197710247
AT4G34680,-0.7572512824051378
AT4G34700,0.05742451135140025
AT4G34710,1.6317262885908788
AT4G34720,0.12873818703335801
AT4G34730,-0.36950253593862714
AT4G34740,0.17665612255983437
AT4G34750,-0.4082198321798654
AT4G34760,-1.6659559051402413
AT4G34770,0.49758097141304763
AT4G34780,3.3984254061124917
AT4G34790,-0.8972788482537876
AT4G34800,0.4478021088625012
AT4G34810,4.888300592729441
AT4G34830,-0.7058731088579691
AT4G34840,-0.08175552461508845
AT4G34850,0.37134618593229135
AT4G34860,0.04849051027404999
AT4G34870,0.09757519961477602
AT4G34880,0.8500604134910883
AT4G34881,-1.0689027322755271
AT4G34890,-0.2127248232926987
AT4G34900,-1.2537499768118487
AT4G34910,-0.20293786299039207
AT4G34920,-0.5674885644769444
AT4G34930,0.07347064481459152
AT4G34940,-2.6724263804689485
AT4G34950,0.031384589225791876
AT4G34960,0.14400019032837796
AT4G34970,0.22380987227075427
AT4G34980,-0.2963493294572483
AT4G34990,-0.45188193685180444
AT4G35000,-0.10082228155872651
AT4G35010,-1.4999471555433959
AT4G35020,-0.44552981630904914
AT4G35030,-0.4049866703410073
AT4G35040,-0.18553198331803364
AT4G35050,-0.4241598685361701
AT4G35060,-0.10322082754149885
AT4G35070,0.21733432688039322
AT4G35080,0.10653234107704454
AT4G35090,-0.22236802472006578
AT4G35100,-0.34807574084016984
AT4G35110,1.7739435415981888
AT4G35130,0.10117980771254943
AT4G35140,-0.2564712025499306
AT4G35160,0.4376093395849794
AT4G35170,2.696276678122706
AT4G35180,6.040625065716242
AT4G35190,1.865674051535381
AT4G35200,-2.25524880855793
AT4G35210,3.5328140478313754
AT4G35220,-0.48283993523043217
AT4G35230,-0.2911392471584957
AT4G35240,0.7706024349558955
AT4G35250,-0.1349486553502285
AT4G35260,0.8142164888476967
AT4G35270,-1.3644559804257748
AT4G35290,-1.2937999228423862
AT4G35300,-1.1884289552111356
AT4G35310,1.354254103081726
AT4G35320,2.848544490396413
AT4G35335,0.445441734056875
AT4G35350,-0.30099282033294483
AT4G35360,0.40737162614829014
AT4G35370,1.3989784085654369
AT4G35380,0.6526321271405997
AT4G35390,-1.2970167309310083
AT4G35410,0.4907980209933432
AT4G35420,-0.7418542320915367
AT4G35440,-0.6375776069933132
AT4G35450,0.2641490449434121
AT4G35460,-0.04768561340888528
AT4G35470,-0.5263435216146908
AT4G35480,1.384318945799907
AT4G35490,-0.12455312015941486
AT4G35500,1.5194434711400078
AT4G35510,0.31247016236403785
AT4G35520,0.12385796359803002
AT4G35530,-0.27603423235958424
AT4G35540,0.610441819668612
AT4G35550,-0.3908880430374707
AT4G35560,-0.0632557797389511
AT4G35570,0.7580245665125436
AT4G35580,-0.22305054246027978
AT4G35590,0.39823666396866114
AT4G35600,0.9016047929429256
AT4G35620,-0.5859061983809403
AT4G35630,0.8205532556785495
AT4G35640,-1.4937489442863796
AT4G35650,2.6551264287920437
AT4G35655,-2.674639620965142
AT4G35660,-0.37562220258725715
AT4G35680,2.6551264287920437
AT4G35685,0.04483045791799535
AT4G35690,-0.939793214749693
AT4G35720,1.019496425907437
AT4G35730,1.4704179431213367
AT4G35740,-0.02350912397986677
AT4G35750,-0.09519495625538266
AT4G35760,-0.12808215765578704
AT4G35770,0.7999768023567795
AT4G35780,-0.12120297901822838
AT4G35783,0.4105773162694198
AT4G35785,0.1715251704068254
AT4G35790,0.3753265541216402
AT4G35800,0.00919596857830083
AT4G35810,-2.1654820794627914
AT4G35830,-0.07828236838830939
AT4G35840,-0.5746654746301707
AT4G35850,-0.11067162232245092
AT4G35860,0.08478033029228099
AT4G35870,0.08156333917759952
AT4G35880,-0.7053911145508458
AT4G35890,0.18548141572243027
AT4G35900,0.6056252606561642
AT4G35905,-0.23025154825018268
AT4G35910,-0.009274434483960774
AT4G35920,-0.7188763119266448
AT4G35930,0.0068629978069733736
AT4G35940,0.6870762110262952
AT4G35950,-0.0018750363591038667
AT4G35970,0.2523723443056357
AT4G35980,-0.007395013738404716
AT4G35985,2.141882910876784
AT4G35987,0.8667863378240028
AT4G36000,2.85576511151804
AT4G36010,4.13231792595564
AT4G36020,0.9160917830775079
AT4G36030,0.8562579272146053
AT4G36040,0.6394527524265972
AT4G36050,-0.8676765848285679
AT4G36060,-0.08740282478521803
AT4G36070,2.6623377602122282
AT4G36080,-0.5121420431927582
AT4G36090,0.22534249495983133
AT4G36100,2.6551264287920437
AT4G36105,0.9591591482458235
AT4G36110,-0.1961159176524232
AT4G36120,-0.2633487242424864
AT4G36130,0.04522613162481075
AT4G36140,0.018523557923539723
AT4G36150,0.6444008383315134
AT4G36160,-0.4357979661933907
AT4G36170,-1.87785450462112
AT4G36180,-0.8856349634801605
AT4G36190,-0.40694597118244885
AT4G36195,-0.04690821416573634
AT4G36210,0.5339241343935399
AT4G36220,-0.6244733867388468
AT4G36230,-1.7280600399259411
AT4G36240,-0.557594076767948
AT4G36250,-0.06990950503071591
AT4G36260,-0.4237102121639154
AT4G36270,-0.8239977535427012
AT4G36280,0.3038127137664775
AT4G36290,-0.2881068035592286
AT4G36360,-0.10150499846835337
AT4G36380,-1.3194186499788003
AT4G36390,-0.2538997691211327
AT4G36400,-0.28727363522588767
AT4G36410,1.2271441753723145
AT4G36420,0.19843503405829185
AT4G36430,-0.3320153143094435
AT4G36440,-0.12277565656683753
AT4G36450,-0.675339748695993
AT4G36470,-0.9918681450830926
AT4G36480,0.8763736426360486
AT4G36490,-2.041673780321922
AT4G36500,1.3308495124281234
AT4G36515,-0.24843203900437422
AT4G36520,-0.7339458621002162
AT4G36530,-0.3421321672843893
AT4G36540,-2.1818705384956014
AT4G36550,-0.14855596903076834
AT4G36570,0.12508495834079764
AT4G36580,0.4918722884769688
AT4G36600,4.983806890744248
AT4G36610,-0.3002791313050423
AT4G36620,-0.967395694200071
AT4G36630,-0.23508363622841646
AT4G36640,-0.22675838805660367
AT4G36650,0.550657356258458
AT4G36660,0.7617516342313381
AT4G36670,1.2667687391473328
AT4G36680,0.6256615086326917
AT4G36690,-0.16180030976456633
AT4G36700,-0.34687210541512636
AT4G36710,-0.17914884337156076
AT4G36720,-0.1698157913346035
AT4G36730,0.9452801431108162
AT4G36740,-0.2928395907634448
AT4G36750,0.0821444257159473
AT4G36760,0.363837608386319
AT4G36770,0.9459101947866868
AT4G36780,0.5507476379233639
AT4G36790,0.6389790349803675
AT4G36791,-0.8363568946876431
AT4G36795,-0.0013385806930656758
AT4G36800,0.7538328262941189
AT4G36810,0.2496538803849079
AT4G36820,3.5581350248624477
AT4G36830,-1.097874122841905
AT4G36840,0.6396486459864813
AT4G36850,1.003151535720047
AT4G36860,0.035744845826586255
AT4G36870,-0.6668835849587178
AT4G36880,0.42064813820136726
AT4G36890,0.43813713595001685
AT4G36900,0.6403365192169914
AT4G36910,-0.6462095323638145
AT4G36920,0.8671665265467039
AT4G36925,-2.6724263804689485
AT4G36930,-0.4665168188891368
AT4G36940,-0.3313686016554428
AT4G36945,1.1266588894940388
AT4G36950,4.54417372386185
AT4G36960,0.14675366481897065
AT4G36970,-0.6657030938677108
AT4G36980,-0.3981566242968838
AT4G36990,0.08285672051220676
AT4G37000,-0.31165695612585037
AT4G37010,0.10700079425341877
AT4G37020,-0.13463955558257115
AT4G37022,0.23416524861719828
AT4G37030,-0.25603535931003024
AT4G37040,0.04764747442284722
AT4G37050,0.7787272322878542
AT4G37070,0.24153692861737766
AT4G37080,-1.3319182660036952
AT4G37090,0.16468349246695943
AT4G37100,-0.46754925700455496
AT4G37110,-0.028050882756548018
AT4G37120,0.3962268518192968
AT4G37130,0.09034948592317675
AT4G37140,-1.2370476195755387
AT4G37150,-0.5783936023855288
AT4G37160,0.5350213107179751
AT4G37170,0.34970868736181304
AT4G37180,-0.05096537946278812
AT4G37190,-0.25457844835493937
AT4G37200,-0.09705738832096228
AT4G37210,0.25902114143949767
AT4G37220,1.265389610060206
AT4G37230,-0.7324491727493629
AT4G37235,0.20196964121905864
AT4G37240,3.4857546950912406
AT4G37250,-0.2727361776418467
AT4G37260,0.9291115331256534
AT4G37270,-0.5034350604806866
AT4G37280,-0.17282218457872
AT4G37290,4.297755328240865
AT4G37295,0.5138775436583812
AT4G37300,-0.7646108571356708
AT4G37310,-2.1056860042763845
AT4G37320,-0.8267061803514848
AT4G37330,-1.122252564708086
AT4G37340,-1.0835131974877998
AT4G37370,0.7680086539745276
AT4G37380,-0.4559824709520986
AT4G37390,-0.15351569767082343
AT4G37400,-0.32539885291371323
AT4G37409,1.101875796542332
AT4G37410,-0.6694032435413106
AT4G37420,-3.5577547003633283
AT4G37430,0.31573935357376115
AT4G37440,-0.13704463491849891
AT4G37445,0.483176815950796
AT4G37450,3.120877825621318
AT4G37460,-0.11970333849876422
AT4G37470,-1.0465807348675111
AT4G37480,0.0909394891220082
AT4G37483,-0.6422076574831093
AT4G37490,-0.3372674020638908
AT4G37510,-0.24240656465157223
AT4G37520,0.387664370772227
AT4G37530,1.8558411310062655
AT4G37540,0.5183130220122334
AT4G37550,-0.7631781500045819
AT4G37560,-1.067492322145651
AT4G37580,0.7980158506723615
AT4G37590,-0.14918254221387478
AT4G37608,-0.17878194917724238
AT4G37610,2.039203520962826
AT4G37630,0.5274624799984211
AT4G37640,1.0409969088147943
AT4G37650,-0.11630655442096247
AT4G37660,0.7088686197103433
AT4G37670,0.22580998205405237
AT4G37680,-0.40979002373184054
AT4G37682,-0.14709248634065586
AT4G37685,-2.6826615294764204
AT4G37690,-0.6831055648759364
AT4G37700,-0.2467452497888017
AT4G37710,2.6551264287920437
AT4G37730,-0.5545310001203833
AT4G37740,-0.2118508605301084
AT4G37750,-0.7222895429373278
AT4G37760,0.022617069438521795
AT4G37770,3.045708929135105
AT4G37780,2.5379462403105806
AT4G37790,0.6252398006428114
AT4G37800,-1.3165817467896719
AT4G37810,-1.9568831334488448
AT4G37820,0.5998084243480986
AT4G37830,-0.07347351393638793
AT4G37840,2.6551264287920437
AT4G37850,1.6431627856219087
AT4G37860,-0.7457425983708276
AT4G37870,0.2690813236571268
AT4G37880,0.43821358875362015
AT4G37890,-0.8683370127619073
AT4G37900,0.7228139531678949
AT4G37910,0.7945953206210778
AT4G37920,-0.5351828780392258
AT4G37925,-1.3437526724684863
AT4G37930,-0.07664609756806491
AT4G37940,-0.07097516826407443
AT4G37950,-3.6056265338478264
AT4G37970,-1.7410132119308817
AT4G37980,-1.8327588766701395
AT4G37990,2.6164513620025476
AT4G38000,2.6623377602122282
AT4G38010,-0.08482689787287367
AT4G38020,-0.5727296354239566
AT4G38040,0.7058907776153351
AT4G38050,0.45240238710157177
AT4G38060,-0.4236158418357374
AT4G38062,-0.17909913147761086
AT4G38070,0.855710530298327
AT4G38080,-0.5869065515415632
AT4G38090,-0.26575710789484686
AT4G38092,-0.06568618397583076
AT4G38100,-0.15558518116065698
AT4G38120,-0.023626559148984077
AT4G38130,-0.06332122131587761
AT4G38150,0.17915254202410577
AT4G38160,-0.786155028645503
AT4G38170,-0.09109972736265459
AT4G38180,-0.20249244985385131
AT4G38200,0.9673052240456249
AT4G38210,-0.2769314575955783
AT4G38213,-3.557797147071437
AT4G38220,-0.4583576980400428
AT4G38225,-0.37037259669754424
AT4G38230,0.5596440261639269
AT4G38240,0.40893610304530464
AT4G38250,-0.29137667914630977
AT4G38260,0.06118929329409061
AT4G38270,0.33147293731397104
AT4G38280,-0.5303910999506263
AT4G38290,-0.17905343180971642
AT4G38300,-0.12067073413961016
AT4G38310,1.3647527990387915
AT4G38320,0.09455156577922329
AT4G38330,0.3022616278103805
AT4G38340,0.3681465704922545
AT4G38350,-0.3058328466446327
AT4G38360,-0.08964003409058259
AT4G38370,-0.5632641781412397
AT4G38380,0.008907444596747003
AT4G38390,0.22156190547948898
AT4G38400,4.446680482602363
AT4G38410,3.8091132845497473
AT4G38420,3.2868299805610515
AT4G38430,-0.8810007298424193
AT4G38440,-0.41898845461198836
AT4G38460,-0.45748907822968826
AT4G38470,1.7052564109531858
AT4G38480,0.12205117168813974
AT4G38490,-0.5310790026505915
AT4G38495,-0.3487722617202233
AT4G38500,0.8341692897564066
AT4G38510,0.2145072560907421
AT4G38520,0.6010246908590366
AT4G38530,0.28721286909204313
AT4G38540,0.1832854251328682
AT4G38550,1.7663298271553995
AT4G38560,4.346487674804814
AT4G38570,-0.025317488112941742
AT4G38580,0.38178181625704083
AT4G38590,-1.1116745025674806
AT4G38600,-0.06665566363410386
AT4G38620,-0.24780508510994007
AT4G38630,0.2017836729082374
AT4G38640,-0.18983169867722452
AT4G38650,0.6095192377745914
AT4G38660,-0.5886847971034636
AT4G38670,-1.2652739654728473
AT4G38680,-0.0028384493029597105
AT4G38690,-0.8235685702313909
AT4G38700,-0.8856563286329879
AT4G38710,0.7549778067177787
AT4G38730,0.3205383382737701
AT4G38740,-0.6952561306926786
AT4G38760,-0.3663280907107333
AT4G38770,-1.7842493851774917
AT4G38775,-0.07791252779888792
AT4G38780,0.3463484077040224
AT4G38790,0.3377489420797871
AT4G38800,-0.3560525591959958
AT4G38810,-0.14539121189702792
AT4G38825,-0.13477790851579052
AT4G38820,5.586971555243372
AT4G38830,1.4685565185662028
AT4G38840,-1.2806554749730545
AT4G38850,-1.2591616439045348
AT4G38860,-2.7750162976243566
AT4G38870,-2.121132968735419
AT4G38880,-0.057878163030615944
AT4G38890,-0.5082404047316256
AT4G38900,0.1361776086817992
AT4G38910,-1.1276617807461644
AT4G38920,0.018985567341790674
AT4G38930,-0.49928763706392637
AT4G38940,0.9397465252243486
AT4G38950,-0.514119924409233
AT4G38960,0.34015625329402843
AT4G38970,-0.11301797090760228
AT4G38980,-0.2599037341358208
AT4G39000,-0.057878163030615944
AT4G39010,-0.7529588385408713
AT4G39030,1.9312088027371497
AT4G39040,-0.5287411081090407
AT4G39050,0.21655215408296824
AT4G39060,2.696276678122706
AT4G39070,3.533361995017387
AT4G39080,0.2652578878964959
AT4G39090,-0.2896647767268869
AT4G39100,-0.5988357281682787
AT4G39110,0.029534447846428308
AT4G39120,-0.30168141083937844
AT4G39140,0.04926546837486974
AT4G39150,0.39082986011594933
AT4G39160,-0.13735605717862603
AT4G39170,0.34101489913360544
AT4G39180,-0.7483869596315639
AT4G39190,-1.4077189389098557
AT4G39200,-0.04785552839576481
AT4G39210,-0.33777592390780625
AT4G39220,1.2770243085824868
AT4G39230,-0.1454858388271118
AT4G39235,-0.29783907820153327
AT4G39240,0.09160618160943801
AT4G39250,-0.06488247013965655
AT4G39260,0.3351548917441173
AT4G39270,0.24414593893250613
AT4G39280,-0.009665465049990388
AT4G39300,0.10655613630724442
AT4G39320,1.3837717512233891
AT4G39330,-2.1428159596275336
AT4G39340,-4.4967448770887755
AT4G39350,1.1879550522698328
AT4G39360,-0.1637353707550296
AT4G39370,0.047267814466591236
AT4G39380,0.01995644299714947
AT4G39390,1.0056453990154637
AT4G39400,-0.04923803600415854
AT4G39403,-0.27266650001155107
AT4G39410,0.7129429333855843
AT4G39420,-0.18711645326954643
AT4G39460,-0.25061187085497705
AT4G39470,-0.30322435183778673
AT4G39480,-2.747227819906825
AT4G39500,-2.6826615294764204
AT4G39510,-1.6384872928564722
AT4G39520,-0.14067665570242732
AT4G39530,0.028585981839083938
AT4G39540,-0.27747506476442874
AT4G39550,-0.7090978414506603
AT4G39560,0.14475595143429254
AT4G39570,0.273593782880968
AT4G39580,1.2313419226168407
AT4G39590,3.6021136418851913
AT4G39600,-0.08388095720226785
AT4G39620,-0.4688921757567745
AT4G39630,-0.1846896040973911
AT4G39640,0.22183876562160337
AT4G39660,0.6573215503361868
AT4G39670,4.000894682509778
AT4G39675,0.8800638418666655
AT4G39680,-0.12236681470608612
AT4G39690,0.18316186255918068
AT4G39700,-0.44240374370978447
AT4G39710,-0.2677551678459306
AT4G39720,-0.8396406951010675
AT4G39730,-0.24572147422714546
AT4G39740,0.6764732541094699
AT4G39770,0.6575406385510959
AT4G39780,1.4457160425674478
AT4G39790,0.33185090283594626
AT4G39795,-0.7446314341406399
AT4G39800,-0.5118469387620148
AT4G39810,-0.5760827829701473
AT4G39820,0.873324423982503
AT4G39830,2.4355318982278877
AT4G39840,1.829409065548085
AT4G39850,-0.05606742753092985
AT4G39860,0.37173677692307455
AT4G39870,-0.2480280597338245
AT4G39880,0.4298624914484402
AT4G39890,2.206288482972798
AT4G39900,-0.2499986063381396
AT4G39910,0.39497478246093554
AT4G39920,0.7943400542909975
AT4G39925,0.120216262121916
AT4G39930,-0.6822691073188142
AT4G39940,0.44524925468661747
AT4G39950,0.6360525844582264
AT4G39952,-0.1421178415459006
AT4G39955,0.19800255922547694
AT4G39960,0.34326681387738084
AT4G39970,-0.525863563846427
AT4G39980,0.522397400725189
AT4G39990,1.295424100340265
AT4G40000,0.31813826942000517
AT4G40010,0.37911195655932783
AT4G40020,2.352870244139911
AT4G40030,-0.021386468031696537
AT4G40040,0.21978087062971158
AT4G40042,-0.09599357334553121
AT4G40045,0.005229546371329267
AT4G40050,-0.376137710090313
AT4G40060,-1.0303520575176128
AT4G40063,0.1176457208273618
AT4G40070,1.294275505397718
AT4G40080,0.6888352446055651
AT4G40090,0.11668047907273361
AT5G01010,-0.07981012320453296
AT5G01015,1.1470609667556806
AT5G01020,-0.12693301839793372
AT5G01030,0.41767287069785636
AT5G01040,2.740677911079915
AT5G01050,1.7243010867722457
AT5G01060,-0.6076646555657219
AT5G01070,-0.06866312010731764
AT5G01075,-0.24183428992674513
AT5G01090,-0.5660754975211207
AT5G01100,5.1014430223467935
AT5G01110,0.44061249562267935
AT5G01120,0.05553404562225956
AT5G01160,0.2051859267240815
AT5G01170,0.049522884291024166
AT5G01180,2.492953306139212
AT5G01190,-0.800949823315496
AT5G01200,-0.4141215715902904
AT5G01210,1.5101973515239415
AT5G01220,-0.21383263430679122
AT5G01230,0.06548511727389471
AT5G01240,-0.8135257909353769
AT5G01250,-0.8464075995023314
AT5G01260,-0.6199681311638141
AT5G01270,-0.08302773992412515
AT5G01280,1.0977837837046627
AT5G01290,0.14907801151361444
AT5G01305,-0.34975400401124823
AT5G01310,0.02335707737789433
AT5G01320,-0.15596048576810023
AT5G01330,1.0060511543931956
AT5G01340,0.3878570179642501
AT5G01350,-0.24774742220751678
AT5G01360,-0.3190869870005283
AT5G01370,-0.31306027857391333
AT5G01380,5.797810720386654
AT5G01390,-0.023016612460422692
AT5G01400,0.019866814037363074
AT5G01410,0.4127603891270344
AT5G01420,-0.0546350764327471
AT5G01430,0.2355662509932436
AT5G01445,0.4289337579623747
AT5G01450,0.025691275350024467
AT5G01460,0.4901603524488576
AT5G01470,0.31507011645440897
AT5G01480,-0.01346807132632308
AT5G01490,0.1359820469097923
AT5G01500,0.3305005931470211
AT5G01510,-0.43616969923395127
AT5G01520,-0.6043131509581012
AT5G01530,-0.40009302124100876
AT5G01540,2.0768348364403564
AT5G01550,0.9792419911956833
AT5G01560,0.16614374079853458
AT5G01570,0.06575131158983454
AT5G01580,0.2654013078867164
AT5G01590,-0.2621436818351734
AT5G01600,1.0451664925853663
AT5G01610,0.7058587375042078
AT5G01620,-0.09283211611951905
AT5G01630,-0.2906983538122732
AT5G01640,1.4217804549425253
AT5G01650,-0.35476013644835364
AT5G01660,-0.14954151520412087
AT5G01670,-0.0917567076387026
AT5G01690,-0.30001578446404575
AT5G01700,-0.032794603654008145
AT5G01710,1.3518712156864032
AT5G01720,-0.33077702612257526
AT5G01730,2.1261113223352486
AT5G01740,1.4464274014766187
AT5G01750,0.21102027364796785
AT5G01760,2.2255932429292398
AT5G01770,-0.4673622059009234
AT5G01780,0.05339126159337253
AT5G01790,-0.2856832916347274
AT5G01800,0.1899022899584196
AT5G01810,3.111036838616089
AT5G01820,0.039091183148138905
AT5G01830,1.2085369833120108
AT5G01840,-0.8364407660629262
AT5G01850,-0.1333473198036469
AT5G01870,-0.3798006408913676
AT5G01880,-1.9859630210515855
AT5G01881,-1.1263957937241562
AT5G01890,-0.7344805870333724
AT5G01895,-2.6724263804689485
AT5G01900,2.696276678122706
AT5G01910,-0.14563023232407293
AT5G01920,-1.0741184676881168
AT5G01930,-0.7287737057661056
AT5G01940,-0.39522744328098347
AT5G01950,0.2861744096664657
AT5G01960,0.020481080090378627
AT5G01970,0.859321049209173
AT5G01980,0.3056296667943377
AT5G01990,-0.7170426953750032
AT5G02000,-0.06477132592985112
AT5G02010,-0.5348441447834901
AT5G02020,-0.7681621848405649
AT5G02030,-0.35157145736848455
AT5G02040,0.13324997460200455
AT5G02050,0.3677431359585049
AT5G02060,-0.5381795305919713
AT5G02065,-0.9713721443877327
AT5G02070,4.230075839436051
AT5G02080,-0.33760475440450244
AT5G02090,0.055264218659489946
AT5G02100,0.5704145616730973
AT5G02110,-1.2283244955771793
AT5G02120,-0.35754276818428077
AT5G02130,0.07557789690857764
AT5G02140,-0.8077756559245145
AT5G02150,-1.043228004313648
AT5G02160,-0.7209699617814526
AT5G02170,-0.5052225317716252
AT5G02180,-0.38770588518498444
AT5G02190,-0.29948862052020725
AT5G02200,2.7092357692585454
AT5G02210,4.074301519280831
AT5G02220,2.1248498154675466
AT5G02230,1.2915725781480758
AT5G02240,-0.08258209217938146
AT5G02250,-0.5372542630682969
AT5G02260,0.35955969686637346
AT5G02270,0.7078092782643731
AT5G02280,0.7384025672127282
AT5G02290,0.9630677766838406
AT5G02310,-0.2639955749439011
AT5G02320,-0.14103702277472185
AT5G02330,1.1914938974263838
AT5G02350,0.3745603801843017
AT5G02360,1.494480524903648
AT5G02370,0.08710633488594646
AT5G02380,-0.07488745778675832
AT5G02390,0.2505025816012577
AT5G02400,0.3966330921540526
AT5G02410,-0.4988877388832793
AT5G02420,-0.12179455713780848
AT5G02430,1.7639663307153963
AT5G02440,-0.9028034024894197
AT5G02450,0.314474763411216
AT5G02460,-0.13501082789964058
AT5G02470,0.4176033093385612
AT5G02480,0.8941385868668353
AT5G02490,0.8209464980347616
AT5G02500,-0.5907091908852389
AT5G02502,0.16745668752780002
AT5G02510,1.3054308138768012
AT5G02520,0.2526792310219616
AT5G02530,0.259443982348541
AT5G02540,-0.6906029740447873
AT5G02550,-0.3525851511694356
AT5G02560,-1.1238810496685463
AT5G02580,-0.46137263289661623
AT5G02590,0.11458711745337931
AT5G02600,0.1924469804568236
AT5G02610,-0.0254229985369875
AT5G02620,-1.1218610976943098
AT5G02630,-0.0390509613615556
AT5G02640,-0.2831652201284159
AT5G02650,-0.3236917990354064
AT5G02670,-0.5237183039390795
AT5G02680,0.2551610744085045
AT5G02690,-0.06000430731416556
AT5G02700,2.177949209499173
AT5G02710,-0.24556712977176745
AT5G02720,3.8288339760258454
AT5G02730,-0.08431408083632463
AT5G02740,0.29297281022900634
AT5G02750,1.0940338156400473
AT5G02760,0.11898703178278273
AT5G02770,-0.19364186242233364
AT5G02780,1.0691056198692148
AT5G02790,-0.20905183826053628
AT5G02800,-0.3198985572895629
AT5G02810,-0.12206653017525074
AT5G02820,0.9387621060880421
AT5G02830,-0.8204071915880559
AT5G02840,-1.194127374859231
AT5G02850,0.4968507459596996
AT5G02860,-1.2929551679296998
AT5G02870,0.17118143443353984
AT5G02880,-0.42930359444064087
AT5G02890,-0.8686063311696932
AT5G02900,2.6551264287920437
AT5G02910,-0.09464893801902113
AT5G02940,-0.5736130866940534
AT5G02950,-0.6446230172691738
AT5G02960,0.1257351798143501
AT5G02970,0.7187955412180703
AT5G03010,0.7369377169860927
AT5G03020,0.17446799596512752
AT5G03030,0.2915038080704688
AT5G03040,1.568165041804586
AT5G03050,-0.39884863753715505
AT5G03060,0.5069028247940739
AT5G03070,-0.10780731697336854
AT5G03080,0.6151458609324669
AT5G03090,-2.6826615294764204
AT5G03100,-0.15087638868694103
AT5G03110,0.37137008122409226
AT5G03120,1.2743762739348874
AT5G03130,-2.002319884262741
AT5G03140,-0.7640073746540683
AT5G03150,-0.38345337399840956
AT5G03160,0.03794130164630926
AT5G03170,-0.3575341775935659
AT5G03180,-1.2029396253849263
AT5G03190,-0.5546067505225805
AT5G03200,-0.725420494686349
AT5G03204,4.07419490325191
AT5G03210,3.12276098103116
AT5G03220,0.0035159456676591943
AT5G03230,-2.484573504080771
AT5G03240,-0.668503379447909
AT5G03250,-1.1891422090454569
AT5G03260,0.2701781305788289
AT5G03270,-0.5105295506347253
AT5G03280,-0.3374064836796196
AT5G03290,0.5292946759587748
AT5G03300,0.4547838895165386
AT5G03320,0.6328464703632624
AT5G03330,0.18042228651525227
AT5G03340,0.13574516214334786
AT5G03345,0.33978819057161397
AT5G03350,-0.03036206788216984
AT5G03355,1.8974222764941866
AT5G03360,-0.01108271899210007
AT5G03370,-0.38367279856161135
AT5G03380,0.818244771721539
AT5G03390,0.32241300278270074
AT5G03406,-0.7706047214740763
AT5G03415,-0.08810386129264551
AT5G03420,-0.5314488026371477
AT5G03430,-0.574078876041024
AT5G03435,-0.3245021801813749
AT5G03440,-0.3222448669288845
AT5G03450,-0.1944713398207419
AT5G03455,-0.4721220404555815
AT5G03460,-0.27994225337422185
AT5G03470,-0.08774750151883262
AT5G03480,-1.8778757470751295
AT5G03490,0.5497246937221308
AT5G03495,-0.8826772678326058
AT5G03500,0.14144434654307844
AT5G03510,0.41244228023147417
AT5G03520,2.0775632771704364
AT5G03530,0.08816507638497001
AT5G03540,0.7340975360622116
AT5G03545,0.18258313220422243
AT5G03550,0.33634999799739546
AT5G03553,2.877947263007471
AT5G03555,-0.8446212977977869
AT5G03560,-0.9415583846884392
AT5G03570,1.0719951791356463
AT5G03610,0.23796311660911035
AT5G03620,-1.0009044107830685
AT5G03630,0.6442419433357984
AT5G03640,-0.7175733160437923
AT5G03650,-0.060450858421249976
AT5G03660,0.08710689533978087
AT5G03670,0.027685359279776778
AT5G03680,0.1809524175806069
AT5G03690,0.10970141083480604
AT5G03700,1.9015163184335881
AT5G03720,2.850163656995879
AT5G03730,1.0530604071252603
AT5G03740,-0.42793833699574807
AT5G03760,-0.38964205236205235
AT5G03770,-0.3075155090647311
AT5G03780,-0.6580822835849688
AT5G03790,1.1020434990201766
AT5G03795,-0.06922537738895407
AT5G03800,-0.4166550259616078
AT5G03830,-0.46792111589020463
AT5G03840,0.3393274756066351
AT5G03850,0.26743427129317376
AT5G03860,-0.554559383745786
AT5G03870,-0.03325674388978484
AT5G03880,-0.2486371916723735
AT5G03885,-0.8675707948819051
AT5G03890,1.7379388409031162
AT5G03900,-0.14311799967987782
AT5G03905,-0.008482959962428694
AT5G03910,-0.2942209750331895
AT5G03940,-0.5394146880963472
AT5G03960,0.11108241113560595
AT5G03970,-0.19958029919640188
AT5G03990,-0.3170998362165529
AT5G03995,0.4483575793575348
AT5G04000,0.6593800788365914
AT5G04010,0.8730441578771071
AT5G04020,1.5435006784885206
AT5G04040,0.6442555428191518
AT5G04050,-0.5531592916802078
AT5G04060,-0.034442213536672185
AT5G04070,0.01148633152731268
AT5G04080,0.21774591322113596
AT5G04090,0.17865410912426619
AT5G04110,-0.8329782083366511
AT5G04120,-2.6724263804689485
AT5G04130,-0.23000001290106892
AT5G04140,-0.31656329213840123
AT5G04150,-1.110685647628424
AT5G04160,0.9656962252214667
AT5G04170,0.9543069128685939
AT5G04180,1.2485162788031943
AT5G04190,-0.44429363129989
AT5G04200,-0.3078604632952842
AT5G04210,-0.4633452031975871
AT5G04220,0.13219183150763192
AT5G04230,0.21302631500895594
AT5G04240,0.1008332694474957
AT5G04250,0.33695411523029434
AT5G04260,-0.2363265887369998
AT5G04270,1.0011847155485583
AT5G04280,0.19291825132540302
AT5G04290,-0.6613424664282204
AT5G04310,2.0059248084287717
AT5G04320,-0.09136941506532205
AT5G04330,-0.25695770789172107
AT5G04340,2.9951988977882
AT5G04360,-0.7006584930832829
AT5G04370,0.02886071657507161
AT5G04390,0.47185811229668406
AT5G04410,0.369995460385657
AT5G04420,0.7815376344889928
AT5G04430,0.34620101200811254
AT5G04440,-0.25430286112117656
AT5G04460,-0.07742668962883198
AT5G04470,-0.0994994631599486
AT5G04480,1.5926829992854727
AT5G04490,-0.6806764558908738
AT5G04500,0.6546254624400936
AT5G04510,-0.2636887745636927
AT5G04520,0.5673253522411553
AT5G04530,0.7296705938835162
AT5G04540,0.06812004360571972
AT5G04550,0.9028676259745031
AT5G04560,0.028222576259969958
AT5G04590,-0.14115141779844984
AT5G04600,0.05862235662774693
AT5G04620,0.07368433639039752
AT5G04630,2.5206971573460515
AT5G04670,0.19707365357492562
AT5G04680,-0.17341796184416114
AT5G04690,-0.44922893457393537
AT5G04700,-1.008417406030726
AT5G04710,-0.22248214680205172
AT5G04720,1.343617407985306
AT5G04730,0.04390891226482169
AT5G04740,0.22637613856783742
AT5G04750,-0.4031354181314939
AT5G04760,0.9592468509858845
AT5G04770,0.12765957169808004
AT5G04780,-0.25106020301762844
AT5G04800,0.1729797758755721
AT5G04810,-1.137467494224876
AT5G04820,-0.35660494912887747
AT5G04830,0.22124495386433773
AT5G04840,-0.18719403927719788
AT5G04850,-0.16841128421553672
AT5G04860,-0.08202907537399508
AT5G04870,1.899698115393855
AT5G04885,-0.4414516261786852
AT5G04890,-0.48495942649565266
AT5G04895,0.3937363551871798
AT5G04900,-0.3905404174209921
AT5G04910,-0.26909044660867676
AT5G04920,0.022393453507980225
AT5G04930,0.3200505204757361
AT5G04940,0.11340783325260743
AT5G04950,-1.7302118155662876
AT5G04960,-0.5209590288552571
AT5G04970,0.13456693561717475
AT5G04980,-0.44542937804629673
AT5G04990,0.3862941542975683
AT5G05000,0.11082972867063165
AT5G05010,0.6040240553924535
AT5G05060,-0.15929156080495338
AT5G05080,-0.18559790032904597
AT5G05085,-0.4243999893269446
AT5G05090,-0.8706739785222085
AT5G05100,0.0266001490560432
AT5G05110,-0.4332474378121536
AT5G05130,-0.7212641230781318
AT5G05140,1.358375355983467
AT5G05150,0.6336868653830537
AT5G05160,-0.2513049973157757
AT5G05170,1.4361737849684983
AT5G05180,0.8394043704684658
AT5G05190,1.6960991640456076
AT5G05200,-0.03934328047338484
AT5G05210,0.26967180711680805
AT5G05220,-2.6826615294764204
AT5G05230,-0.6833384514136341
AT5G05240,0.8535792605637477
AT5G05250,-0.7912721334605547
AT5G05270,-0.10362842879519964
AT5G05280,-4.112607584996344
AT5G05290,-2.674639620965142
AT5G05300,7.896985988140349
AT5G05310,-0.0656576287669066
AT5G05320,-0.1556967432980137
AT5G05330,0.007396683345068478
AT5G05340,0.5539557224134146
AT5G05350,-0.12734258856496136
AT5G05360,0.4601632989496822
AT5G05365,1.3782946404009873
AT5G05370,0.7750239520671774
AT5G05380,1.031701028985651
AT5G05390,-1.3169474399959675
AT5G05400,-0.12022370499881815
AT5G05410,0.14832836474380462
AT5G05420,0.21849288578277154
AT5G05430,0.3604445865814591
AT5G05440,2.0335947550521674
AT5G05450,0.861070544710636
AT5G05460,0.4275851073210651
AT5G05470,0.5979181038767423
AT5G05480,-0.6631939381448901
AT5G05490,0.09875769874393976
AT5G05500,-0.41257055922012315
AT5G05510,0.21489394340066895
AT5G05520,0.3249010956307055
AT5G05530,2.7784956756374126
AT5G05540,-0.13026865078076377
AT5G05550,-0.3869623273892204
AT5G05560,-0.18800123515851633
AT5G05570,0.30157796236510576
AT5G05580,0.4558774657905429
AT5G05590,0.6009280020735848
AT5G05600,2.1745961648373235
AT5G05610,0.03335809490268793
AT5G05620,0.0002560974463283501
AT5G05630,-0.9974447979659401
AT5G05640,-0.18003903069451596
AT5G05660,0.7231712017411863
AT5G05670,0.02842661695187119
AT5G05680,-0.07912860994843068
AT5G05690,-1.3394308689579097
AT5G05700,-0.17118443187666432
AT5G05710,-0.009870104408115013
AT5G05730,0.2690799109293433
AT5G05740,-0.3238240037083179
AT5G05750,0.10233302239142227
AT5G05760,1.1641480475391324
AT5G05780,0.39735566827756114
AT5G05790,1.2664809807898076
AT5G05800,-0.5816583325896386
AT5G05810,-0.18226549622353122
AT5G05820,1.0066397159963343
AT5G05830,0.07469093071643465
AT5G05840,-1.484381331875371
AT5G05850,0.8409052273871315
AT5G05860,-0.519906978949093
AT5G05870,-0.017925454985914194
AT5G05880,0.9732916227539287
AT5G05890,-0.23431313053946462
AT5G05900,1.1262244430699515
AT5G05920,0.20164172811296585
AT5G05930,-0.13581977963904554
AT5G05940,-1.079567499251188
AT5G05950,0.29360238313243076
AT5G05960,-0.3446517870970573
AT5G05965,0.8294252146340784
AT5G05970,0.007654546442003884
AT5G05980,-0.5215088840010803
AT5G05987,0.10881132663689642
AT5G05990,-0.0958504200161418
AT5G06000,0.09828789585785036
AT5G06050,0.11384522920824806
AT5G06060,-0.250775384848357
AT5G06070,-3.557797147071437
AT5G06080,4.074609867458875
AT5G06090,-0.22284498760195853
AT5G06100,0.03972183395509319
AT5G06110,0.13992780640523958
AT5G06120,-0.12765138328356399
AT5G06130,-0.49180909364819453
AT5G06140,0.31214497497250165
AT5G06150,-0.4339442594044328
AT5G06160,0.14771261160829907
AT5G06180,-0.8690197142510335
AT5G06190,-0.5614356283839487
AT5G06200,0.9358537415037359
AT5G06210,-0.42795999294693554
AT5G06220,-0.44577540382495306
AT5G06230,0.455379833741341
AT5G06240,-0.23722495241311242
AT5G06250,0.10985957350473767
AT5G06260,-0.3192448314268416
AT5G06265,-0.7279518971769766
AT5G06270,-1.3893082549371414
AT5G06280,-0.6897877871860272
AT5G06290,-0.19408916048776184
AT5G06300,1.2179856563437017
AT5G06310,0.49324029007324005
AT5G06320,2.9270922466590252
AT5G06330,-0.8332565194013051
AT5G06340,-0.38653387773425196
AT5G06350,-0.34255359530114915
AT5G06360,0.11328392394053685
AT5G06370,0.04270602914510726
AT5G06380,1.2995635479875602
AT5G06390,0.5515148815426999
AT5G06400,0.567581707946553
AT5G06410,-0.014746581877481204
AT5G06420,0.33709144953217646
AT5G06430,0.6961414072212427
AT5G06440,-0.02667932476266606
AT5G06450,-0.15666776658739517
AT5G06460,-0.29604523467579413
AT5G06470,-1.2453525716952043
AT5G06480,-1.043258461693759
AT5G06490,-1.2369146697241749
AT5G06500,2.6551264287920437
AT5G06510,-1.7309282014824852
AT5G06520,3.715044581530864
AT5G06530,0.12685350996749473
AT5G06540,0.30421041811063954
AT5G06550,0.5258257738629241
AT5G06560,0.2650115097232327
AT5G06570,1.8820752803373881
AT5G06580,-0.20218892975582814
AT5G06590,0.8026231147825504
AT5G06600,0.09109629341416903
AT5G06610,-0.08096007272108026
AT5G06620,0.023962955606334966
AT5G06630,-0.045392400030386804
AT5G06640,-0.24343734036372286
AT5G06645,-2.414796016385764
AT5G06660,0.34875107534445415
AT5G06670,-0.7767689742374497
AT5G06680,0.25364226681345187
AT5G06690,-0.08118876984888501
AT5G06700,1.1930185307749008
AT5G06710,-0.3239749285068366
AT5G06720,0.30625077585465155
AT5G06730,0.9708618896092334
AT5G06740,0.41336943309508883
AT5G06750,0.4277959993432026
AT5G06760,2.8609867114144847
AT5G06770,0.04429518747111648
AT5G06780,0.43041217624751105
AT5G06790,-2.208517795250553
AT5G06800,0.10385671430147624
AT5G06810,0.23901566501283059
AT5G06811,0.17310268251206423
AT5G06820,-0.2339081382923788
AT5G06830,0.09465973116820921
AT5G06839,0.3910890527595364
AT5G06850,0.492885305939471
AT5G06860,1.1260969261330511
AT5G06870,1.2433170646745946
AT5G06890,2.6551264287920437
AT5G06900,-0.08431408083632463
AT5G06910,0.213972368387187
AT5G06930,-0.13492623550187732
AT5G06940,-1.0996472692771477
AT5G06950,-0.03013199827904743
AT5G06960,0.013211738367486703
AT5G06970,0.5918496969739377
AT5G06980,1.216609934598547
AT5G06990,0.43525387964923323
AT5G07000,-0.07398933083289984
AT5G07010,2.2200978021540374
AT5G07020,-0.12216736760906721
AT5G07030,-0.5916228890399027
AT5G07040,-0.6303222210076136
AT5G07060,0.1794848110953567
AT5G07070,1.553542218767856
AT5G07080,0.6032865397926701
AT5G07090,-0.08098750936975325
AT5G07100,1.0875945725168186
AT5G07110,1.1553860192167196
AT5G07120,-0.2176871370431848
AT5G07130,-0.6394480035477966
AT5G07140,0.1853120227545741
AT5G07150,-0.9239300808840744
AT5G07165,4.405172770137137
AT5G07180,-1.8048837965730617
AT5G07190,-1.721935386629053
AT5G07200,-2.6826615294764204
AT5G07220,0.10100457661988502
AT5G07240,-1.1786888589779898
AT5G07250,0.21428870635389438
AT5G07270,0.07787515541955758
AT5G07280,-0.47102316687201234
AT5G07290,-0.2559585010011177
AT5G07300,-0.12573584981182365
AT5G07320,-0.1537247504897882
AT5G07330,-0.05411820660772968
AT5G07340,-0.19177481001718333
AT5G07350,0.8102994077427419
AT5G07360,-0.24401114810615845
AT5G07370,0.06386251435250277
AT5G07380,0.2490907415316029
AT5G07390,0.3410789991461106
AT5G07400,-0.04215103609788235
AT5G07430,3.9074074732805717
AT5G07440,2.5382483391929864
AT5G07450,-1.989358722966453
AT5G07460,0.33854385957153316
AT5G07470,0.4144900504567241
AT5G07475,-1.0670163444576712
AT5G07500,-0.6253043493164905
AT5G07550,2.696276678122706
AT5G07560,-0.6646600481137489
AT5G07570,-0.5203458512931476
AT5G07571,-5.383361285656949
AT5G07572,0.09292115626718292
AT5G07580,0.9553184526925863
AT5G07590,0.2722022698384708
AT5G07610,0.5305352322679407
AT5G07620,0.5132191477101739
AT5G07630,0.09367319118842136
AT5G07640,0.4843229609477018
AT5G07650,-0.2713243753569455
AT5G07660,-0.7074264520843152
AT5G07670,-1.0207149741206012
AT5G07680,0.8191955226049483
AT5G07690,-1.2123373412874034
AT5G07700,-0.37895155612174264
AT5G07710,-0.3713420030983431
AT5G07720,1.4358725813988205
AT5G07730,0.22642512121867933
AT5G07740,0.42230427437151297
AT5G07760,0.3218918593074803
AT5G07770,-0.5360077124261219
AT5G07780,-0.2995188038778939
AT5G07790,-0.3451555578594561
AT5G07800,-0.3615829395496972
AT5G07810,-0.06705910528606288
AT5G07820,0.1905222015639652
AT5G07830,0.39433232995190626
AT5G07840,0.573161770253248
AT5G07860,-0.6397385841197866
AT5G07870,0.1271967362518483
AT5G07880,0.11938856325445338
AT5G07890,-0.21222280124984366
AT5G07900,-0.6901724433510056
AT5G07910,0.5126917173618993
AT5G07920,0.8135588619429309
AT5G07940,-0.3747744249261941
AT5G07950,-0.1758931115662199
AT5G07960,0.314384974797516
AT5G07970,-0.09018355226092964
AT5G07980,-0.07867565831223372
AT5G07990,1.1621963274541782
AT5G08000,0.3672452582791282
AT5G08010,-0.5555479975571295
AT5G08020,-0.4462959630430761
AT5G08030,-0.5380774366362485
AT5G08040,0.04586069963364831
AT5G08050,-0.32562371592282596
AT5G08060,0.05844976609864633
AT5G08070,0.09044077239040718
AT5G08080,0.27906969481746197
AT5G08100,0.0018594829887042554
AT5G08110,-0.032878300967585476
AT5G08120,0.40518770314957403
AT5G08130,0.0967753979182192
AT5G08139,0.12617851951730238
AT5G08141,2.6582748144426267
AT5G08150,2.628408551546579
AT5G08160,1.3939137959414545
AT5G08170,-0.10234195485876543
AT5G08180,0.2634322021635253
AT5G08190,0.614753608263629
AT5G08200,1.2051770409246756
AT5G08230,-0.1556112301891901
AT5G08240,0.6891487968943822
AT5G08250,-1.2191630585484452
AT5G08260,-0.5661538052832816
AT5G08270,-0.601656486559662
AT5G08280,-0.22856986449625882
AT5G08290,0.030923912999554097
AT5G08300,0.4333898826199956
AT5G08305,0.1545920042440355
AT5G08310,-0.048787395833107365
AT5G08320,0.026464119110418478
AT5G08330,-0.42753539480435937
AT5G08335,0.11080772297403357
AT5G08340,-0.05421551309405372
AT5G08350,2.9134656371833927
AT5G08360,0.34927918375434397
AT5G08370,-0.12602379631178295
AT5G08380,-1.2775748434772325
AT5G08391,1.8360603709716672
AT5G08390,0.5421366842927694
AT5G08400,-0.030273151561333964
AT5G08410,-0.5972423776450507
AT5G08415,-0.017528110257673795
AT5G08420,-0.2645325203265481
AT5G08430,-0.8203591195176888
AT5G08440,-0.35294236567468096
AT5G08450,0.0926220200400841
AT5G08460,-2.6826615294764204
AT5G08470,-0.26932801660495026
AT5G08480,-2.169862226668974
AT5G08490,-0.38603016310286825
AT5G08500,-0.048911578184457113
AT5G08510,-0.213445288841399
AT5G08520,-0.17513877758948254
AT5G08530,0.18870620425716642
AT5G08535,0.2240963969606599
AT5G08540,-0.3059344584855026
AT5G08550,-0.2045578191335725
AT5G08560,0.21490473521624875
AT5G08565,0.6636475049929085
AT5G08570,-0.45794140408030043
AT5G08580,0.18066493004223033
AT5G08590,0.2886724637584844
AT5G08600,-0.2252622551214893
AT5G08610,-0.06678301628869479
AT5G08620,0.013435426911714229
AT5G08630,0.6220153522259412
AT5G08640,0.31484679211288297
AT5G08650,-0.0721608261571243
AT5G08660,1.2649147576712019
AT5G08670,-0.011718709542596947
AT5G08680,0.20589456394523728
AT5G08690,0.1451580809905348
AT5G08710,-0.3851113867893177
AT5G08720,-0.3617361642970298
AT5G08730,0.2560985770707493
AT5G08740,0.24254941561697493
AT5G08750,-0.12625285427259617
AT5G08760,3.1290592850176275
AT5G08770,1.0788243322842266
AT5G08780,0.31819941908367083
AT5G08790,2.4305272275722114
AT5G09210,-0.08431408083632463
AT5G09220,-0.6440939701229759
AT5G09225,-0.41241452190922784
AT5G09230,-0.0820640755974637
AT5G09240,0.05525720668529589
AT5G09250,0.9695754068268675
AT5G09260,1.2688286898107766
AT5G09270,0.4960384687259473
AT5G09290,0.2965559426506188
AT5G09300,-0.7064120119647281
AT5G09310,0.15293729518709145
AT5G09315,-0.3866194679510574
AT5G09320,-2.9731912510741885
AT5G09330,0.3025252043826022
AT5G09350,0.11705558587475903
AT5G09380,-0.06111039280025524
AT5G09390,0.29196297398804727
AT5G09400,0.0964440495497432
AT5G09410,0.3995802415887183
AT5G09420,1.0413100716018426
AT5G09430,1.6109732429107868
AT5G09440,1.1585500132727942
AT5G09445,-0.3740291859976674
AT5G09450,0.08452225745733782
AT5G09460,-1.0455570418677675
AT5G09470,4.110670368424876
AT5G09480,-0.8875066827840102
AT5G09500,-0.4051717372358584
AT5G09510,0.30383611336016125
AT5G09520,-0.5887212624563772
AT5G09530,-0.4231793445979408
AT5G09540,-0.42941759725720974
AT5G09570,-0.6338376934814881
AT5G09580,-0.16958264131256598
AT5G09590,-0.5089994489125909
AT5G09600,0.41029725465184647
AT5G09620,0.6301833109570131
AT5G09630,0.011961652144089759
AT5G09640,-0.05411820660772968
AT5G09650,-0.10820657057508741
AT5G09660,-0.3192726827456703
AT5G09670,0.8532647522661063
AT5G09680,0.6545992204786107
AT5G09690,-0.14352764929867995
AT5G09700,0.4275671430754533
AT5G09720,-0.38733386257330366
AT5G09730,-0.9694028540438556
AT5G09740,0.24502555446622445
AT5G09750,1.3054308138768012
AT5G09760,0.2860741297651035
AT5G09770,-0.456523813275488
AT5G09790,0.10367158594039777
AT5G09800,1.8428438976806767
AT5G09805,-0.6238182072041769
AT5G09810,0.38295619411707993
AT5G09820,-0.9346140411629231
AT5G09830,-0.01853574829701842
AT5G09840,0.4181588077032033
AT5G09850,0.43117924720651296
AT5G09860,0.03486490476730091
AT5G09870,1.6879977672579147
AT5G09876,5.363817927057234
AT5G09880,-0.10581128554107544
AT5G09890,1.098944118095133
AT5G09900,0.2547401657767852
AT5G09910,0.8725386849226308
AT5G09920,0.14080019275994624
AT5G09930,0.43539815542076726
AT5G09950,-0.03982867684272309
AT5G09960,0.14001471129682722
AT5G09970,-0.1067143812693825
AT5G09976,0.23919857989015017
AT5G09978,0.3941159028160404
AT5G09980,0.7289826320818844
AT5G09990,-0.6859959572780775
AT5G09995,-0.3039060479299314
AT5G10010,0.480224133299679
AT5G10020,0.23410647119631117
AT5G10030,0.2782173230926684
AT5G10040,-3.2162086668201333
AT5G10050,-0.19399759120926446
AT5G10060,0.11326519494812073
AT5G10070,0.1104221325831238
AT5G10080,-0.8990605440225685
AT5G10090,-0.024266053465193633
AT5G10100,0.48671517544137144
AT5G10110,0.28036280421680576
AT5G10120,-3.557797147071437
AT5G10130,0.20374987083597854
AT5G10140,-0.5023083287014645
AT5G10150,-1.271469390543339
AT5G10160,-0.11222879019724566
AT5G10170,0.4980451768873861
AT5G10180,-0.6849167531434283
AT5G10190,0.7261382957869907
AT5G10200,0.2897047329923493
AT5G10210,1.5097779867237866
AT5G10220,-1.6669186149719164
AT5G10230,-1.0931038422447845
AT5G10240,0.09351168780013713
AT5G10250,-1.9801086485383097
AT5G10260,1.1459905455224955
AT5G10270,0.03621431999170701
AT5G10280,0.051742122664209855
AT5G10290,0.030242293385349988
AT5G10300,0.32943544065372743
AT5G10310,-1.166614210066731
AT5G10320,-0.6260165606671003
AT5G10330,0.6166823978729549
AT5G10336,2.6551264287920437
AT5G10340,3.3984254061124917
AT5G10350,-0.2643786940937895
AT5G10360,0.2199217409445551
AT5G10370,-0.27414324575734944
AT5G10380,1.4689358613977639
AT5G10390,0.21063037281971986
AT5G10400,0.2407726885286973
AT5G10410,-0.49637770244341645
AT5G10430,1.0321733052456237
AT5G10435,-3.9110169592592987
AT5G10440,0.04520013380397858
AT5G10450,0.30271940121848145
AT5G10460,-0.34917497186303026
AT5G10470,-0.18819371930187778
AT5G10480,-0.2960536966551751
AT5G10490,0.0882866173449333
AT5G10510,-0.3870610419047834
AT5G10520,0.5143138539759863
AT5G10540,-0.010542547362961282
AT5G10550,0.4609380385936114
AT5G10560,-0.48148582438492593
AT5G10570,-2.45666335484054
AT5G10580,-0.13717528777808785
AT5G10600,-1.299436770928756
AT5G10605,-0.0760810867502515
AT5G10610,-0.32122764242412233
AT5G10620,-0.15030300131489774
AT5G10625,1.0000819806912058
AT5G10630,0.2521302918484255
AT5G10650,-0.8867210330816091
AT5G10660,1.2107969681517183
AT5G10680,1.6221985475777523
AT5G10690,-0.6164702213335093
AT5G10695,2.4841622838619832
AT5G10700,-0.24282674163856424
AT5G10710,-0.22097851068311108
AT5G10720,0.35413886134169
AT5G10730,-0.13546156927582426
AT5G10740,0.9188751613002263
AT5G10745,0.6874264380591532
AT5G10750,1.562759340846441
AT5G10760,3.039063206734674
AT5G10770,0.06827755663618687
AT5G10780,0.2374906015171777
AT5G10790,0.6760828131457994
AT5G10800,-0.6293082445496858
AT5G10810,-0.2897384659378125
AT5G10820,0.3138926177150253
AT5G10830,0.25192148590046237
AT5G10840,1.1837326830737966
AT5G10860,-0.47201141030424293
AT5G10870,-0.2875938468816725
AT5G10880,-0.8678335121501077
AT5G10890,-0.35332249439217944
AT5G10900,-0.04263241581978387
AT5G10910,-0.5128848053175872
AT5G10920,-0.5328314422950361
AT5G10930,-1.5003890693301551
AT5G10940,-0.24955025685596702
AT5G10946,-1.9571782147019734
AT5G10950,0.06583828643554701
AT5G10960,0.4315846715605084
AT5G10970,-0.491276562852096
AT5G10980,0.6444543938421197
AT5G10990,1.2099033403317874
AT5G11000,1.2469337214049767
AT5G11010,0.14229234939984448
AT5G11020,-0.19810518055435808
AT5G11030,0.20838794847896533
AT5G11040,0.6490410414623973
AT5G11060,-0.7731071816706544
AT5G11070,0.6574712686796801
AT5G11090,1.4456917476548279
AT5G11100,-0.11858125270925557
AT5G11110,0.3471424197880513
AT5G11140,3.0066611915343517
AT5G11150,0.5579153335227697
AT5G11160,1.3246428463418045
AT5G11170,0.23003476117387087
AT5G11180,-0.7807622462841454
AT5G11190,-0.7830973077778579
AT5G11200,0.11914700342616388
AT5G11210,0.05408924679725449
AT5G11230,0.40461051879933213
AT5G11240,0.15005173828578972
AT5G11250,0.400565326591219
AT5G11260,-0.08410752927855171
AT5G11270,-0.4278875140155712
AT5G11280,0.1653655752977913
AT5G11290,1.3987025233670658
AT5G11300,-0.3362109236573589
AT5G11310,0.23689587750508556
AT5G11320,-1.5785577777235285
AT5G11330,-0.7017603342545511
AT5G11340,-0.13195216357723885
AT5G11350,-0.2793111568965876
AT5G11360,0.64290233555271
AT5G11380,-0.36572982978087976
AT5G11390,-0.22138299784195165
AT5G11410,0.60807522922521
AT5G11412,-2.010744078449006
AT5G11416,-3.5577547003633283
AT5G11420,-1.6500045135876773
AT5G11430,-0.3354545051771458
AT5G11440,1.6742048451605398
AT5G11450,-0.1786842193511246
AT5G11460,-1.608052730847887
AT5G11470,-0.1318251306063266
AT5G11480,-0.2955363266470397
AT5G11490,0.33803434555866557
AT5G11500,-0.03164361277657279
AT5G11510,0.012324303549487693
AT5G11520,0.570862412414807
AT5G11530,0.4128674840469499
AT5G11540,0.1112168760345301
AT5G11550,-2.120730284378448
AT5G11560,0.2789306947571164
AT5G11570,-0.2261040907291809
AT5G11580,-0.44430979539365634
AT5G11590,0.405271966571693
AT5G11600,0.6194645776894836
AT5G11610,-1.975980998518067
AT5G11620,-0.7280029654097289
AT5G11630,0.6355455634677319
AT5G11640,0.6129380997057772
AT5G11650,2.207456093227494
AT5G11660,1.8728773498034657
AT5G11670,0.6037505142420064
AT5G11680,0.8102409229439705
AT5G11690,-0.829077484718578
AT5G11700,0.3147030617728173
AT5G11710,0.7741583832819756
AT5G11720,-0.523524444019601
AT5G11730,0.6413529106986501
AT5G11740,1.9148760169048347
AT5G11750,-0.025458277621372663
AT5G11760,-0.033336457997547184
AT5G11770,-0.04489492689805852
AT5G11780,-0.4093551493504999
AT5G11790,0.8278057242124017
AT5G11800,0.6802092532789754
AT5G11810,0.3255560015454052
AT5G11840,0.11617943886437818
AT5G11850,0.5624867064437016
AT5G11860,-0.07892725526649622
AT5G11870,0.7264360602417288
AT5G11880,-0.15088755775216964
AT5G11890,0.587045772994877
AT5G11900,0.1581454000082466
AT5G11910,-0.022015884729281447
AT5G11920,0.8253417890263182
AT5G11930,-2.21188491282121
AT5G11950,0.13086259177933068
AT5G11960,0.2502706385091983
AT5G11970,1.9962223522142195
AT5G11975,-0.6092142555353507
AT5G11980,0.9940637849920327
AT5G11990,-0.5122928190306514
AT5G12010,1.2037756004304219
AT5G12020,-1.1393087740442682
AT5G12030,0.06380434035784485
AT5G12040,-0.22530710287583633
AT5G12050,-0.8516969218313883
AT5G12080,-0.6884312837595342
AT5G12100,0.28313513668979345
AT5G12110,-1.5637080367240117
AT5G12120,0.22162757389383606
AT5G12130,-0.3117035876793295
AT5G12140,0.5086236321079085
AT5G12150,-0.18173130229111698
AT5G12170,0.7068280788166328
AT5G12180,-0.17395934685795048
AT5G12190,0.17845873274509277
AT5G12200,-0.5432042849915454
AT5G12210,-0.14956388477625726
AT5G12220,0.22366340805410634
AT5G12230,-0.12482713606758104
AT5G12235,0.09759263392334007
AT5G12240,0.0019558800193414465
AT5G12250,-0.28733818432498
AT5G12260,0.3093631207543893
AT5G12270,1.129825836319432
AT5G12280,-0.4386434766126049
AT5G12290,-0.023427354915115262
AT5G12300,0.2340983367626041
AT5G12310,0.13562289073572467
AT5G12320,-0.48448761417419006
AT5G12330,-0.19765067312585552
AT5G12340,2.9875261717229358
AT5G12350,0.019416027289158484
AT5G12360,-0.6665716419847828
AT5G12370,0.33009409918579596
AT5G12380,-0.20580927792523473
AT5G12390,-0.017704184698654375
AT5G12400,0.038097001687993404
AT5G12410,-0.3106419854931648
AT5G12420,-0.9356410938738625
AT5G12430,-0.1292867189305595
AT5G12440,-0.4416379679307444
AT5G12450,-1.7102055956868476
AT5G12470,0.04715502775481968
AT5G12480,0.14844261254913532
AT5G12840,-0.16965913247023764
AT5G12850,0.5262834227494443
AT5G12860,0.19735900854607355
AT5G12870,0.12613733225523038
AT5G12880,1.4299389450995281
AT5G12890,0.287345395163138
AT5G12900,-1.1778912957908174
AT5G12910,2.6551264287920437
AT5G12920,-0.5491102305629799
AT5G12930,1.253548448259457
AT5G12940,0.1387260018443532
AT5G12950,-2.350189829835923
AT5G12960,0.35971707819468257
AT5G12970,-0.6030279081943692
AT5G12980,0.15700069235981065
AT5G13000,-0.3204417124121359
AT5G13010,0.053718620982072085
AT5G13020,0.3760970531074268
AT5G13030,0.0933882446912692
AT5G13050,-0.32469003614702496
AT5G13060,-0.6127189698385396
AT5G13070,-0.08223914605725235
AT5G13080,1.0331077425118342
AT5G13090,-0.41116835835182225
AT5G13100,0.613728164762497
AT5G13110,0.5020760601750752
AT5G13120,-0.04085849939021009
AT5G13130,3.715044581530864
AT5G13140,-0.8123898023744429
AT5G13150,-0.38616155596676577
AT5G13160,1.0986743912714496
AT5G13170,-1.4857075878974644
AT5G13180,-0.7297297931196688
AT5G13190,2.405591395634794
AT5G13200,2.586425903479018
AT5G13210,1.5565660960573309
AT5G13220,3.854923657014054
AT5G13230,-0.025101325687982283
AT5G13240,-0.37402586231225415
AT5G13250,-0.732303701337283
AT5G13260,0.05856064056078486
AT5G13270,-0.2780927190239373
AT5G13280,-0.08101837672797785
AT5G13290,-0.976638753735692
AT5G13300,-0.5883243142866463
AT5G13310,0.4421119556361566
AT5G13320,-0.22797047369819817
AT5G13330,1.3083385509393795
AT5G13340,0.3302246463128495
AT5G13360,-0.08246789047873035
AT5G13370,-0.3975410432532303
AT5G13390,0.4887839518634214
AT5G13400,-0.6435304127321526
AT5G13410,-0.40160076556769575
AT5G13420,0.08406408324717113
AT5G13430,0.21040409118504455
AT5G13440,0.2433949699925236
AT5G13450,0.1199394915156622
AT5G13460,0.3802508425233964
AT5G13470,-0.24030900410744943
AT5G13480,0.08505447395409088
AT5G13490,1.1559128848747433
AT5G13500,2.432085423588249
AT5G13510,-0.12050805831800765
AT5G13520,-0.19506370233842957
AT5G13530,0.1476592384734978
AT5G13550,0.19110269171711575
AT5G13560,0.419421042585734
AT5G13570,-0.019513358137220535
AT5G13580,-0.4629687430727077
AT5G13590,0.5866517839838589
AT5G13600,-0.07771235784297348
AT5G13610,0.05839765467065298
AT5G13620,-2.6826615294764204
AT5G13630,-0.7658080226988185
AT5G13640,-0.4659734919644396
AT5G13650,-0.039264650275843936
AT5G13660,-0.28989646331285746
AT5G13680,0.033794075930728175
AT5G13690,-1.1240883485531505
AT5G13700,2.1241884347163005
AT5G13710,1.0800469964588455
AT5G13720,0.3875360398401545
AT5G13730,-1.0590159424549543
AT5G13740,-0.7786999700736147
AT5G13750,-0.47207150020165917
AT5G13760,0.4899815900777471
AT5G13770,-1.1557385145826469
AT5G13780,-0.07603570957882912
AT5G13790,0.9153562336466505
AT5G13800,-0.0439375887201106
AT5G13810,0.5073169283124214
AT5G13820,1.46697919406069
AT5G13830,0.19070792919191143
AT5G13840,0.0854024078246164
AT5G13850,0.23600668356824503
AT5G13860,1.2804032487998707
AT5G13870,-0.5368591300523589
AT5G13880,0.06650874277711957
AT5G13890,0.4119909239890248
AT5G13900,-0.887139179036937
AT5G13910,0.5804560029348939
AT5G13920,-0.5043448259197602
AT5G13930,-0.2540669829374701
AT5G13940,-2.6826615294764204
AT5G13950,-0.3430341032940496
AT5G13960,-0.4524219363278809
AT5G13970,0.18826194769090365
AT5G13980,-0.7662121252672989
AT5G13990,0.14423984541098803
AT5G14000,-0.25487610353967377
AT5G14020,0.4337020696819798
AT5G14030,0.5947302513704177
AT5G14040,0.49902018723966685
AT5G14050,-0.1774171245333486
AT5G14060,-0.9906420842942638
AT5G14070,1.0821365672856438
AT5G14080,-0.27170707978054626
AT5G14090,0.13673951765479572
AT5G14100,-0.28204539615054147
AT5G14105,0.2050653140460222
AT5G14110,1.283153640333148
AT5G14120,1.175769634425354
AT5G14130,0.34909658747792727
AT5G14140,0.4096630877415692
AT5G14150,0.8970424428077342
AT5G14160,2.6551264287920437
AT5G14170,0.01705351796589303
AT5G14180,-1.081909013941056
AT5G14200,-0.8143047613297456
AT5G14210,-0.5508380686038338
AT5G14220,-0.4042232435833596
AT5G14230,0.938162203150882
AT5G14240,0.4541130454898252
AT5G14250,-0.005161259811182064
AT5G14260,-0.7022093311380045
AT5G14270,0.04192060929118533
AT5G14280,-0.2208747179445913
AT5G14285,0.07409010659892741
AT5G14310,0.7896418106035854
AT5G14320,-0.23936479428823818
AT5G14330,0.10862897284270369
AT5G14340,0.4671853634970817
AT5G14345,-2.674639620965142
AT5G14350,-1.1482363801001632
AT5G14360,1.9093706467517981
AT5G14370,-0.24967572647426087
AT5G14380,-0.492022253075972
AT5G14390,-1.2959729280475412
AT5G14400,2.6551264287920437
AT5G14410,-0.922559206337796
AT5G14420,-0.2000077367598665
AT5G14430,0.308909823451134
AT5G14440,0.337525844486694
AT5G14450,0.5891722905097461
AT5G14460,-0.3187684614520676
AT5G14470,1.0937770408780183
AT5G14480,0.24132002213823292
AT5G14490,-4.101501103911392
AT5G14500,-0.560098363856414
AT5G14510,-0.9777091299231998
AT5G14515,-2.674639620965142
AT5G14520,0.16070209320310533
AT5G14530,-0.2848776980170342
AT5G14540,0.31240872051206764
AT5G14550,-0.05335583981263148
AT5G14570,0.933017291909046
AT5G14580,-0.028717562226190464
AT5G14590,-0.36131903245701485
AT5G14600,0.22313561344503102
AT5G14610,-0.34203993859943144
AT5G14620,-0.6193905392849599
AT5G14640,-0.004376976539156883
AT5G14650,-0.9203486240149665
AT5G14660,-0.038561624284779494
AT5G14680,-0.5386657138895674
AT5G14690,-0.5301773409612771
AT5G14700,-0.44717477292994756
AT5G14710,-0.11933905657758546
AT5G14720,0.1641200703637542
AT5G14730,1.4238332175460278
AT5G14740,-0.9463471790648216
AT5G14750,0.11477141048670429
AT5G14760,1.336239182160935
AT5G14770,-0.4809847672542386
AT5G14780,-0.32770366280336594
AT5G14790,0.39284512721045656
AT5G14800,-0.6742047798599987
AT5G14820,-0.23191868534680946
AT5G14850,-0.07902472353301974
AT5G14860,-1.87785450462112
AT5G14870,1.1553726759866927
AT5G14880,-0.7736127425436883
AT5G14890,-0.5000173140552545
AT5G14895,1.976857741481184
AT5G14900,3.849766243684433
AT5G14910,0.00830159406111728
AT5G14920,1.4691159238057168
AT5G14930,1.9334792199125095
AT5G14940,-0.2144420900444991
AT5G14950,0.42476997425438007
AT5G14960,-0.7629957886530487
AT5G14970,-0.49724166264512537
AT5G14980,2.6551264287920437
AT5G15010,-0.5576456232524867
AT5G15020,-0.18121220396507315
AT5G15025,0.5713735949371191
AT5G15050,0.20181447386527607
AT5G15070,0.8258250112372038
AT5G15080,-0.3218115260122575
AT5G15090,0.09183259909749787
AT5G15120,-0.007910550098475614
AT5G15130,0.6895655015689874
AT5G15140,-2.674639620965142
AT5G15150,0.12710342333821553
AT5G15160,-2.0354086120030237
AT5G15170,-0.49809809598200305
AT5G15180,0.38643502993466317
AT5G15190,0.9821124986727483
AT5G15200,0.07690901762680981
AT5G15210,-0.16843533891551604
AT5G15220,0.22718762959943056
AT5G15230,-0.844471715517632
AT5G15240,-0.3840445875097884
AT5G15250,0.5883078763858188
AT5G15260,0.6342954466954244
AT5G15265,0.355502147351145
AT5G15270,-0.04540044072985934
AT5G15280,0.6135883381602603
AT5G15290,1.9548460714450178
AT5G15300,-0.09770059766245036
AT5G15310,-1.1624347108744406
AT5G15320,0.18638334329823458
AT5G15330,0.11037701979117519
AT5G15340,0.6080021702763946
AT5G15350,1.9640243905141017
AT5G15380,0.8235694161154805
AT5G15390,-0.30158279570194396
AT5G15400,0.048402679171955454
AT5G15410,0.334920290834436
AT5G15430,-1.31053194705662
AT5G15440,-0.17111279613733024
AT5G15450,-0.43021089304146665
AT5G15460,0.2921838816306654
AT5G15470,1.5021427830141956
AT5G15490,1.7223144943908915
AT5G15500,-0.8034263269055197
AT5G15510,-0.2039289039884068
AT5G15520,0.3461439486113729
AT5G15530,-0.0069292171234498785
AT5G15537,-0.1940299795251222
AT5G15540,-0.10911063624143581
AT5G15550,0.26753993204070375
AT5G15570,-0.07739612924158608
AT5G15580,0.28995784065864966
AT5G15581,0.6102831763177825
AT5G15600,-0.3313108328687288
AT5G15610,-0.03159276997140656
AT5G15620,2.6551264287920437
AT5G15630,0.17131361686844654
AT5G15640,1.7668470200261526
AT5G15650,1.8802406021253502
AT5G15660,-3.6056265338478264
AT5G15680,0.06879193751827918
AT5G15685,-1.8778757470751295
AT5G15700,0.0685954473904903
AT5G15710,0.14000188602204594
AT5G15720,0.1534346285757669
AT5G15725,-1.0855065102973411
AT5G15730,1.373752572694726
AT5G15740,1.0302678445604294
AT5G15750,0.36807459348120514
AT5G15760,0.2838129262524295
AT5G15770,1.6303832839138568
AT5G15780,-0.8262375722770474
AT5G15790,0.061529761449359247
AT5G15800,0.5003228003022092
AT5G15802,-0.3420304075858382
AT5G15810,0.024650443432319712
AT5G15820,0.28174958157865715
AT5G15830,0.7179618457301027
AT5G15840,1.363182463845668
AT5G15850,0.07830936067770215
AT5G15853,-0.012164477201626533
AT5G15860,-0.6294525430333993
AT5G15870,1.0357373284997833
AT5G15880,-0.01927025907467211
AT5G15890,-0.30492419508807406
AT5G15900,-0.2095120256152663
AT5G15910,0.32334551843130704
AT5G15920,-0.26443845343241246
AT5G15930,0.8697308500808494
AT5G15940,0.4885760116042843
AT5G15950,0.09325579432153663
AT5G15960,2.4201276957482927
AT5G15970,2.088556563242008
AT5G15980,0.05711692929775583
AT5G16000,-0.8067557957546871
AT5G16010,0.6212676507285413
AT5G16020,-0.6063700080651686
AT5G16023,-1.3105743291257967
AT5G16030,-2.501608429876998
AT5G16040,-0.1346453840161383
AT5G16050,-0.08540978450282607
AT5G16060,-0.0010112178386633942
AT5G16070,0.10115323515081606
AT5G16080,0.5613471892804748
AT5G16110,-0.04479277509238185
AT5G16120,0.014589684895931128
AT5G16130,0.2028251809225407
AT5G16140,-0.7533108891254081
AT5G16150,-0.8630747867343399
AT5G16160,0.11756308401113748
AT5G16170,1.1589647673622767
AT5G16180,-0.7851831073354459
AT5G16190,0.3104699445225431
AT5G16200,1.3972693356655586
AT5G16210,0.4262482092177252
AT5G16220,0.4999938858213865
AT5G16230,0.6010380341587025
AT5G16240,-0.10818847359540652
AT5G16250,-0.33972088875376666
AT5G16260,-0.3501292637777686
AT5G16270,-0.17090636974886367
AT5G16280,0.5570205641080187
AT5G16290,-0.3504030901567194
AT5G16300,1.3204220166397558
AT5G16310,-0.7763040797497526
AT5G16320,0.07881885344842161
AT5G16330,-2.6724263804689485
AT5G16340,0.24773371185727075
AT5G16350,0.6796521961055965
AT5G16360,2.2708851891231427
AT5G16370,1.4914224713646416
AT5G16380,-0.28777086856788076
AT5G16390,0.5251402572710431
AT5G16400,-0.7312789179780662
AT5G16410,-1.0302531389472476
AT5G16420,0.6597946581474013
AT5G16440,0.25545615233807717
AT5G16450,0.17002665828198485
AT5G16453,4.073550593268459
AT5G16460,-2.6724263804689485
AT5G16470,0.02670575307812443
AT5G16480,0.31917152211937455
AT5G16486,-0.7801617808048293
AT5G16490,-0.5244003487838415
AT5G16510,0.572635372106848
AT5G16520,0.23803808038634114
AT5G16530,-1.9810638698588094
AT5G16540,-0.6804732947411058
AT5G16550,0.03581360368201109
AT5G16560,0.9067335297525055
AT5G16570,0.24217394772203985
AT5G16580,2.6623377602122282
AT5G16590,0.8361049366154191
AT5G16600,-0.6002687169612642
AT5G16610,-0.3143871096243619
AT5G16620,-0.23571361761003265
AT5G16630,-0.3396612117668611
AT5G16640,-0.2752876842470065
AT5G16650,-0.11529158306986073
AT5G16660,-0.21053303614640828
AT5G16680,0.15418310412310854
AT5G16690,-0.785329190035949
AT5G16710,-0.1902830745169861
AT5G16715,-0.18517429529108678
AT5G16720,-0.2801838619834485
AT5G16730,1.0315828803512603
AT5G16750,0.20796070219106644
AT5G16760,0.587021959611073
AT5G16770,-0.47703144225311755
AT5G16780,0.11377095609716865
AT5G16790,0.019269301829886874
AT5G16800,0.34454230949158426
AT5G16810,0.002241898663596947
AT5G16820,-0.4548300435561643
AT5G16830,0.9506924780021003
AT5G16840,0.5871679932338347
AT5G16850,0.10230144206861312
AT5G16860,0.870380662751038
AT5G16870,0.059026332964690474
AT5G16880,0.12160259035704758
AT5G16890,0.6483896118314773
AT5G16900,0.2591227760214985
AT5G16910,2.268234301625844
AT5G16930,0.34978159109440843
AT5G16940,0.08304378539119263
AT5G16950,0.2185620796031439
AT5G16960,1.136814424156421
AT5G16970,-0.06817947640841028
AT5G16980,-0.07268770374159125
AT5G16990,-0.3287790095469695
AT5G17000,1.710323551788396
AT5G17010,-0.19720480885928193
AT5G17020,0.2739850667496722
AT5G17030,-2.6724263804689485
AT5G17040,-0.1310022366417829
AT5G17050,-0.2336433052447454
AT5G17060,0.4792952720976834
AT5G17070,0.17681549938139562
AT5G17150,0.5851495214348144
AT5G17160,-0.36603639277119315
AT5G17165,1.7441041145100376
AT5G17170,-0.08087506067503203
AT5G17190,1.0136013767143375
AT5G17210,0.7409908946474447
AT5G17220,-0.8286120486538997
AT5G17230,-0.3965832598032502
AT5G17240,0.15152256572474693
AT5G17250,0.361906386339325
AT5G17260,-0.3617335988855275
AT5G17270,0.10496082691278096
AT5G17290,-0.23772778724725593
AT5G17280,1.469996318923916
AT5G17300,0.5571644377285925
AT5G17310,0.5942457825122598
AT5G17320,2.6623377602122282
AT5G17330,0.5232961025996908
AT5G17340,-1.097898063723417
AT5G17350,3.5968783999694027
AT5G17360,-0.1356555829584818
AT5G17370,0.44205318072426797
AT5G17380,0.7535764493436421
AT5G17390,1.3755006900474689
AT5G17400,-0.2555841840081634
AT5G17410,-0.3418758238903171
AT5G17420,-0.14100698777926005
AT5G17430,-0.1328498231168395
AT5G17440,-0.05277407729679712
AT5G17450,-1.0703151840914837
AT5G17460,0.7551277592841981
AT5G17490,-0.4319758281913633
AT5G17510,0.03478682500239019
AT5G17520,-0.6169316899493807
AT5G17530,-0.4060188297084953
AT5G17540,-1.0448116369283347
AT5G17550,-0.3743953766845448
AT5G17560,0.06193112001497736
AT5G17570,-0.31040987356897004
AT5G17580,-0.37880268782274107
AT5G17600,-0.42496701903567746
AT5G17610,-0.21968180212682725
AT5G17620,0.5385178231129069
AT5G17630,0.34528856062407376
AT5G17640,0.26402810860592746
AT5G17650,0.3907481111567752
AT5G17660,-0.22155137630366317
AT5G17670,-0.26348888375506196
AT5G17680,1.5795409310967174
AT5G17690,-0.47976259703405755
AT5G17700,-0.09614381949625295
AT5G17710,-0.23588516032247414
AT5G17760,1.0432248726363873
AT5G17770,0.09070399197642409
AT5G17780,1.761659195285312
AT5G17790,-0.3189225748705879
AT5G17800,-0.9381203299437557
AT5G17810,0.4286745055942744
AT5G17820,0.019007424744793756
AT5G17830,0.20628476168103924
AT5G17840,0.0076366300509578084
AT5G17850,1.322372300239691
AT5G17860,1.1541378719238418
AT5G17870,-0.1052293935661384
AT5G17880,-0.9981590841772527
AT5G17890,-0.12894689967439105
AT5G17900,0.07892166472267555
AT5G17910,0.5464504163600559
AT5G17920,0.7598691726494285
AT5G17930,-0.07865891325413203
AT5G17960,0.8483295464523606
AT5G17970,2.696276678122706
AT5G17980,0.27277424275387824
AT5G17990,0.12919079820137067
AT5G18000,-3.557797147071437
AT5G18010,-4.208873931714648
AT5G18020,-2.9816848648073635
AT5G18030,-4.003327003984851
AT5G18040,-1.1443531236561542
AT5G18050,-3.857667972273774
AT5G18060,-3.2941513088402012
AT5G18065,-0.30989993808143657
AT5G18070,0.768615451849143
AT5G18080,-2.96524716701488
AT5G18090,-0.5579448943967777
AT5G18100,-0.5062624226253917
AT5G18110,0.10914036295120691
AT5G18120,0.25572146341745833
AT5G18130,0.2777117676192504
AT5G18140,-1.0241713380924478
AT5G18150,1.331961664014436
AT5G18170,0.07593107577938635
AT5G18180,0.32501191816906777
AT5G18190,0.4017231212722564
AT5G18200,-0.09080757576609844
AT5G18210,-0.7486322296134054
AT5G18220,0.1515686573386313
AT5G18230,-0.3920720479763326
AT5G18240,-0.1207650898149399
AT5G18250,-0.04578805403740951
AT5G18260,-0.05614796696913042
AT5G18270,2.3684933347182526
AT5G18280,1.0086264341738629
AT5G18290,0.5585930036815336
AT5G18300,0.0466146858453754
AT5G18310,1.4928092744905013
AT5G18320,-0.9956119349543913
AT5G18340,-0.40594311389541954
AT5G18350,0.47608575854546253
AT5G18360,0.5218483640585145
AT5G18370,-0.09290620615194879
AT5G18380,0.03830842078400877
AT5G18390,0.27537307344383266
AT5G18400,2.048770700052795
AT5G18404,0.37450294530403444
AT5G18410,-0.16080987269802718
AT5G18420,0.22729341168108436
AT5G18430,0.5686697058606883
AT5G18440,0.17501202084649337
AT5G18450,-2.6724263804689485
AT5G18460,-0.5034633520335767
AT5G18470,2.959333132353465
AT5G18475,0.05423486344267822
AT5G18480,0.7830531492776337
AT5G18490,1.0571271194366292
AT5G18500,1.188933410226254
AT5G18520,0.5320913299696179
AT5G18525,0.48354903491432893
AT5G18540,0.05304448079388324
AT5G18550,0.26232268324579694
AT5G18560,-1.13529360535955
AT5G18570,-0.32972035441897896
AT5G18580,0.5076317125307219
AT5G18590,-0.2070443002757029
AT5G18600,0.23142348876778857
AT5G18610,0.5374165770959498
AT5G18620,-0.008236670640449853
AT5G18630,-0.5871513389556519
AT5G18636,3.0283330031111815
AT5G18640,-0.9628634596026087
AT5G18650,0.03532644101350089
AT5G18660,-0.2290770097871535
AT5G18661,2.320246039709647
AT5G18670,2.4397064820537966
AT5G18680,-0.6302864098646421
AT5G18690,-0.7040674301308768
AT5G18700,-0.2643174566699874
AT5G18710,-0.4408331499225188
AT5G18720,-0.6062209072758071
AT5G18730,-1.5646971592472128
AT5G18740,-0.550803655543014
AT5G18750,-0.007959382071760873
AT5G18760,-0.16950430164747204
AT5G18770,-0.02286365393547104
AT5G18780,-0.7468157266832187
AT5G18790,-0.17702868910124772
AT5G18800,-0.1581104379906847
AT5G18810,-0.5740257903642468
AT5G18820,0.05157010357831941
AT5G18830,-0.3844410996008322
AT5G18840,2.003603270187913
AT5G18850,-0.16851927069634548
AT5G18860,-0.35033285886749754
AT5G18900,0.06507080079021374
AT5G18910,1.7578668708232574
AT5G18920,-0.13272527312195256
AT5G18930,-0.07688133185134137
AT5G18937,3.159679720506435
AT5G18940,0.3218168306015496
AT5G18950,0.0694647044167108
AT5G18960,-0.3417087045664548
AT5G18970,-0.5900151187243285
AT5G18980,-0.060010066329286335
AT5G19000,0.780345047350194
AT5G19010,0.10841994450455429
AT5G19020,0.33976345359640514
AT5G19025,0.33047018306341197
AT5G19030,-0.20112334244030367
AT5G19040,0.4868259678930428
AT5G19050,0.2670530356095995
AT5G19060,1.2770589323285748
AT5G19070,0.799142841519762
AT5G19080,0.11861283985866115
AT5G19090,-0.14046823541093617
AT5G19100,1.2354475708439943
AT5G19110,3.215988610347276
AT5G19120,0.6086890489479838
AT5G19130,0.06759583680710375
AT5G19140,-0.16578204980590472
AT5G19150,-0.34010956596369124
AT5G19151,0.1999774712069681
AT5G19160,-0.2563301494721954
AT5G19170,-0.41584374236153226
AT5G19180,-0.280548131520011
AT5G19190,-0.22502221227776406
AT5G19200,0.6299288448337697
AT5G19210,-0.6701182076083111
AT5G19220,-0.12555237560847943
AT5G19230,2.068551769498257
AT5G19240,4.089451687001181
AT5G19250,0.38648691278730035
AT5G19260,0.04071662763196756
AT5G19280,-0.03003747287456282
AT5G19290,-1.0355142796280217
AT5G19300,0.12461568870900679
AT5G19310,-0.5037799617146627
AT5G19320,0.368193595970784
AT5G19330,-0.07083397666181199
AT5G19340,0.3051774642796367
AT5G19350,-0.09157139276056867
AT5G19360,-0.5286501833798167
AT5G19370,-0.04175656086870647
AT5G19380,0.4107762880358006
AT5G19390,-0.2529980640640035
AT5G19400,0.17101430264332299
AT5G19410,-0.44897515149475103
AT5G19420,0.21966130627505978
AT5G19430,-0.4750986946903413
AT5G19440,0.04778320980387636
AT5G19450,-0.2716939544081167
AT5G19460,0.4523471841976029
AT5G19470,-2.1624985800018046
AT5G19473,3.715044581530864
AT5G19480,-0.1863858846687415
AT5G19485,0.06554243541303093
AT5G19490,-0.4560958538129347
AT5G19500,-0.4375790716984482
AT5G19510,-0.0027813533182726754
AT5G19520,0.19566509985590402
AT5G19530,0.15459419936111046
AT5G19540,-0.3923354914234548
AT5G19550,0.3439341236173468
AT5G19560,0.9294003892938362
AT5G19570,0.2416759427574094
AT5G19580,0.258837857283402
AT5G19590,-0.1856958449111519
AT5G19600,-0.10699473547995923
AT5G19620,-0.2594619048641054
AT5G19630,0.03475544004742405
AT5G19650,-1.548259815896729
AT5G19660,-0.1182197081609697
AT5G19670,-0.4136092416589316
AT5G19680,-0.1953122950144978
AT5G19690,0.21891554791513615
AT5G19700,-5.745785336679729
AT5G19720,-3.461079007329271
AT5G19730,-1.9100553107403306
AT5G19740,-0.8223911990098643
AT5G19750,-0.11400173098215871
AT5G19760,0.07468969070053505
AT5G19770,1.3239749667343048
AT5G19780,0.9638835252582848
AT5G19790,-0.34287817217470445
AT5G19800,0.17371040638632482
AT5G19810,-1.3510380298835425
AT5G19820,0.322540043882647
AT5G19830,0.11377075073392719
AT5G19840,-0.07604006401900386
AT5G19850,-0.19509564194018045
AT5G19855,0.09014584009756947
AT5G19860,-0.5609325276925937
AT5G19870,-1.1814612210826534
AT5G19875,-1.0435773860978903
AT5G19880,-2.210897233001046
AT5G19890,0.5126280074815173
AT5G19900,0.30232597754810275
AT5G19910,0.08523492483624252
AT5G19920,0.6199096940297649
AT5G19930,-0.07482614076132196
AT5G19940,-0.46954672108166823
AT5G19950,-0.26707956942155486
AT5G19960,-0.13752047808585793
AT5G19970,-0.6014561071723024
AT5G19980,0.7376587427475088
AT5G19990,0.2898450556853884
AT5G20000,0.5472995112914566
AT5G20010,0.39280191127848807
AT5G20020,-0.13508297852833892
AT5G20030,-0.363429961296378
AT5G20040,-0.3955506308828342
AT5G20045,0.45996551179307293
AT5G20050,1.5020975900992575
AT5G20060,-0.10102303372837103
AT5G20070,0.219791942432294
AT5G20080,0.3498683296211381
AT5G20090,-0.03302520660710612
AT5G20100,2.696276678122706
AT5G20110,-0.8043975568377766
AT5G20120,-0.2275432420299301
AT5G20130,-0.6665735305909484
AT5G20140,-0.18328288099035572
AT5G20150,0.8702811859419552
AT5G20160,0.014067369290619462
AT5G20165,-0.002427098668229188
AT5G20170,-0.03336023258326796
AT5G20180,0.5286773675439947
AT5G20190,1.1554326852003558
AT5G20200,0.08049279893746626
AT5G20220,-0.25032231319650117
AT5G20230,3.4008540136025727
AT5G20240,0.2750416746453129
AT5G20250,1.7415516929213832
AT5G20260,1.3650568838811017
AT5G20270,-0.11887373574500461
AT5G20280,-0.20450040269637199
AT5G20290,0.08907935602194898
AT5G20300,-0.2774350719544503
AT5G20320,-0.7184570943232392
AT5G20350,-0.19161316791260463
AT5G20360,-0.2660608513028488
AT5G20380,-0.5630492481950177
AT5G20400,0.5589194833651386
AT5G20410,-0.49560698788028135
AT5G20420,-0.6421274302359089
AT5G20430,1.0849937202071858
AT5G20450,-0.7020229991404765
AT5G20470,1.406200147392535
AT5G20480,2.0621044125100254
AT5G20490,0.04540973373179648
AT5G20500,0.19193897539557123
AT5G20510,-0.8796123174774182
AT5G20520,-0.5090607743636029
AT5G20540,-0.013635502149169148
AT5G20550,0.33438049429491196
AT5G20570,0.18726680946723845
AT5G20580,-0.029056203233760427
AT5G20590,0.29600873366470504
AT5G20600,0.14641955942611692
AT5G20610,-0.05758362684710916
AT5G20620,-0.04713056888798274
AT5G20630,-0.9899291251065087
AT5G20635,-0.8824899323496812
AT5G20640,0.4053526881139017
AT5G20650,-0.13927066050654527
AT5G20660,-0.5165519859523977
AT5G20670,-2.5372548166406754
AT5G20680,0.32495482984677226
AT5G20700,-1.4714395845332686
AT5G20710,-1.017715871450449
AT5G20720,-0.2739318404013677
AT5G20730,0.41930479031095114
AT5G20740,1.5491436569408195
AT5G20790,2.270379726100852
AT5G20810,-0.1774440738255713
AT5G20820,0.5913842061120027
AT5G20830,-0.22029570122935196
AT5G20840,0.2266024592299225
AT5G20850,-0.4617922003925312
AT5G20860,-1.9604718037770452
AT5G20870,-0.34373832704345897
AT5G20885,0.5079043045877526
AT5G20890,0.4008328246596386
AT5G20900,0.25015210418282957
AT5G20910,0.5885852761586665
AT5G20920,0.34382567931931896
AT5G20930,-0.1488313885117759
AT5G20935,-1.2761918266079713
AT5G20940,-0.5001865493476221
AT5G20950,-0.17488961048034632
AT5G20960,-0.16404979471061967
AT5G20970,0.19746309723062905
AT5G20980,-0.38308670045883053
AT5G20990,-0.17077191389538457
AT5G21010,0.333640281771447
AT5G21020,-0.28127803332922063
AT5G21030,1.1664171582993792
AT5G21040,0.6680185449341882
AT5G21050,-0.16162858562556265
AT5G21060,0.464225501187061
AT5G21070,0.559265038877697
AT5G21080,-0.5648558286562178
AT5G21090,0.42928632115094273
AT5G21100,-1.6162812394814494
AT5G21105,0.983862500387757
AT5G21120,1.6568725687637416
AT5G21130,0.6474654462406166
AT5G21140,-0.7612703740737577
AT5G21150,-0.317629088931979
AT5G21160,-0.04225351020663876
AT5G21170,0.31294940119673514
AT5G21222,-1.043660249421206
AT5G21274,0.4708837823640732
AT5G21326,-0.4932476763600922
AT5G21430,-0.14996414684271425
AT5G21482,-0.3283696758243448
AT5G21900,0.9701115726941487
AT5G21910,-0.03988135878901881
AT5G21920,-0.44507132009917466
AT5G21930,-0.45607400200953546
AT5G21940,0.5886059352163786
AT5G21950,-0.5314793676440396
AT5G21960,4.430547109714553
AT5G21970,0.11457778372829046
AT5G21280,0.49016767283967405
AT5G21990,1.1834656944459205
AT5G22000,-0.08797123233696974
AT5G22010,-0.18812689314355932
AT5G22020,0.034826331761513105
AT5G22030,0.35844072379395997
AT5G22040,0.18425426600353365
AT5G22050,-0.17600030961601165
AT5G22060,-0.056082671785312566
AT5G22070,0.06912843073287947
AT5G22080,-0.27672091237077756
AT5G22090,-0.34482963395990923
AT5G22100,0.42866097739847314
AT5G22110,-0.1597268165818875
AT5G22120,0.1953426215944389
AT5G22130,0.1266695271449569
AT5G22140,0.15951690160186166
AT5G22200,2.283646952498971
AT5G22210,-0.39315737536028
AT5G22220,0.9544449085023976
AT5G22240,-1.5699305823335694
AT5G22250,1.9964079538257733
AT5G22270,-1.3352040870698145
AT5G22280,-0.248702912964545
AT5G22290,-0.8520032363058656
AT5G22300,0.25675665111814217
AT5G22310,0.5146473593265056
AT5G22320,0.29387470955956313
AT5G22330,-0.002051205535873413
AT5G22340,-0.43172443487304557
AT5G22350,0.9885570235762166
AT5G22355,0.4027660761931518
AT5G22360,0.34490394654416917
AT5G22370,0.05276454251636846
AT5G22380,3.1600418092819105
AT5G22390,-0.6780357110849488
AT5G22400,-0.10458075034884143
AT5G22410,0.10122992759649932
AT5G22430,-0.06424960556440433
AT5G22440,0.10691976423687205
AT5G22450,0.16347444896936625
AT5G22460,1.5844471068435964
AT5G22470,-3.557797147071437
AT5G22480,0.505351579745651
AT5G22500,1.6028994648323192
AT5G22510,-0.07633835213158485
AT5G22520,8.572255409847738
AT5G22530,6.120762276637036
AT5G22540,5.245386427634644
AT5G22550,2.1386902099155245
AT5G22560,-2.555345774502083
AT5G22570,0.8032416225798235
AT5G22580,-0.37993664034864266
AT5G22608,-0.20344171411655443
AT5G22610,4.18968437103656
AT5G22620,-0.13663151192078204
AT5G22630,0.6926859043536261
AT5G22640,-0.6204165371695096
AT5G22650,0.010868739885222708
AT5G22660,0.6187449955042096
AT5G22670,3.3984254061124917
AT5G22680,2.536729546742133
AT5G22690,2.0285268595867403
AT5G22700,-0.7149015521373367
AT5G22720,-0.018254300017269322
AT5G22730,-0.2902826744134986
AT5G22740,-0.41877775051673743
AT5G22750,0.3583353144637914
AT5G22760,0.27186389739336336
AT5G22770,0.5796853292930773
AT5G22780,0.8836861788890228
AT5G22790,0.6349461752532907
AT5G22794,0.2685419237818173
AT5G22796,0.3322809100533397
AT5G22799,-0.4090463646596254
AT5G22800,-0.5138783722847755
AT5G22820,-0.08515449031288864
AT5G22830,-0.35889755314623795
AT5G22840,0.3153719068861364
AT5G22850,-1.0480750166053978
AT5G22860,-0.6850753145652625
AT5G22870,-0.10255743841821767
AT5G22875,-0.008977768805100208
AT5G22880,-0.028865772493380557
AT5G22890,-0.043969111174590375
AT5G22910,2.696276678122706
AT5G22920,1.44521488072682
AT5G22930,-0.84650903924381
AT5G22940,0.4977973032297467
AT5G22950,0.3685322987664184
AT5G23000,0.7799902299751484
AT5G23010,-0.7740651199621393
AT5G23020,0.418870076461631
AT5G23030,-0.08636411252163187
AT5G23040,-0.2234096021238332
AT5G23050,0.2579180088829446
AT5G23060,-0.6236329311386806
AT5G23070,0.12856864619885067
AT5G23080,-0.4782431309179632
AT5G23090,0.37153681182394904
AT5G23100,-0.42151182948894994
AT5G23110,-0.18788712486666498
AT5G23120,-0.12779480340788124
AT5G23130,1.0835743090047236
AT5G23140,-0.18806212462628413
AT5G23150,-0.2557347755809823
AT5G23160,0.2937647801103302
AT5G23170,-0.7984722406939615
AT5G23190,-0.8387868705238034
AT5G23200,0.14193513501066413
AT5G23210,0.757174141970377
AT5G23220,-0.5059527989684212
AT5G23230,0.37971728400924976
AT5G23240,0.11226620423070967
AT5G23250,0.2635277875148129
AT5G23260,2.696276678122706
AT5G23270,-1.5405908995438435
AT5G23280,-0.8356192806257791
AT5G23290,0.09292137983112457
AT5G23300,0.36234448619672904
AT5G23310,-0.7076425827797017
AT5G23320,-0.3035407457764339
AT5G23330,-0.22459508807997958
AT5G23340,-0.09696352531126955
AT5G23350,3.9563213901608068
AT5G23360,2.532624378651685
AT5G23370,0.05017917815784227
AT5G23380,-0.3114585976442445
AT5G23390,0.05260145328394239
AT5G23395,0.4065064942021074
AT5G23400,-0.10729961008021173
AT5G23405,-0.41097622113177507
AT5G23411,0.40470426509921414
AT5G23420,-0.34433296444070866
AT5G23430,-0.23103056989499265
AT5G23440,0.15575286875267325
AT5G23450,0.2622094377483663
AT5G23460,0.5300725224762723
AT5G23480,-2.7830718683470765
AT5G23490,-0.12455195515043462
AT5G23510,0.8738010141294303
AT5G23520,0.22179491873509252
AT5G23530,0.11657680011581453
AT5G23535,0.1349622489432219
AT5G23540,0.3327638324159648
AT5G23550,-0.24454448564433126
AT5G23570,-0.6605707400150895
AT5G23575,0.33530336279233874
AT5G23580,-0.37261849218767257
AT5G23590,0.16808831149453587
AT5G23610,0.20738574053617181
AT5G23630,0.1522497202636684
AT5G23660,0.5902631274876311
AT5G23670,-0.20952155388627533
AT5G23680,-0.5577560375123201
AT5G23690,-0.395086306542127
AT5G23700,-0.011242937212145325
AT5G23710,0.4586048710103995
AT5G23720,0.17100553432590374
AT5G23730,-0.12625499491571043
AT5G23740,-0.0285516017644478
AT5G23750,0.7197105420671038
AT5G23760,0.29246464468720945
AT5G23770,-1.1944453568704478
AT5G23780,-0.5881240180001635
AT5G23790,-2.674639620965142
AT5G23800,-0.23970599177912447
AT5G23810,-0.36965333440888054
AT5G23820,-2.0794465969113918
AT5G23830,0.10822728202300395
AT5G23840,1.0345836674420203
AT5G23850,0.923744258417598
AT5G23860,-0.18056958643340418
AT5G23870,0.0019686845318362114
AT5G23880,0.12185721798807997
AT5G23890,-0.4251799938076684
AT5G23900,-0.020411660174971143
AT5G23910,-0.0256711961038264
AT5G23920,-0.5297722462663412
AT5G23930,1.0006127184756848
AT5G23940,-0.9494405265261071
AT5G23950,0.14834948830143901
AT5G23980,-0.9498731981300077
AT5G23990,1.8728773498034657
AT5G24000,-0.6925012161243013
AT5G24010,0.6480091947792651
AT5G24020,-0.37346982404853607
AT5G24030,3.2316028007174666
AT5G24040,2.703079254428986
AT5G24060,-0.24964327993744476
AT5G24070,-0.023835130936303985
AT5G24080,4.074301519280831
AT5G24090,-0.42206791704795876
AT5G24100,0.5092423793867819
AT5G24105,-1.0310620828901713
AT5G24110,4.775586072508414
AT5G24120,-0.5152380874350326
AT5G24140,0.8613229414546019
AT5G24150,-1.005407687439188
AT5G24155,-1.839314182634409
AT5G24160,-0.7466542775028323
AT5G24165,-0.7704918120397208
AT5G24170,-0.03755027909322316
AT5G24180,4.983806890744248
AT5G24190,2.6551264287920437
AT5G24200,-1.4839509445994836
AT5G24210,1.1271600325139814
AT5G24220,1.8074200646452399
AT5G24230,1.2210208297263223
AT5G24240,-0.2563000745878755
AT5G24260,-0.21502745194546496
AT5G24270,0.7141029423670792
AT5G24275,1.3636795080437687
AT5G24280,-0.5564622764112997
AT5G24290,0.38749559687878693
AT5G24300,-0.0770111430349262
AT5G24310,-0.5990812405349834
AT5G24313,2.4330020025678674
AT5G24314,-0.16804356089201272
AT5G24318,0.25177914217350905
AT5G24320,-0.5399073096536804
AT5G24330,-0.006232504357424989
AT5G24340,0.0918916673374675
AT5G24350,-0.14776923591293775
AT5G24352,0.48523059120242296
AT5G24355,1.1640168031251275
AT5G24360,0.38798157092080543
AT5G24380,-0.37071722409847846
AT5G24390,-0.16595977173220777
AT5G24400,0.47734758071350863
AT5G24410,-0.06955419388369342
AT5G24420,-0.9440655614885111
AT5G24430,1.6365550195344507
AT5G24450,0.018565993017719797
AT5G24460,0.2717559870052932
AT5G24470,1.5434654533750898
AT5G24490,-0.5668109133667252
AT5G24500,0.5952859608801826
AT5G24510,0.02179761299264666
AT5G24520,0.19669305836561324
AT5G24530,1.1144050352107169
AT5G24570,1.1662400197556932
AT5G24580,1.9988323255437075
AT5G24590,1.4031763544995655
AT5G24600,4.4818512221667826
AT5G24610,-0.367794011138332
AT5G24620,-0.38011096103821357
AT5G24630,0.7521238885306879
AT5G24650,-0.07614199968652566
AT5G24655,-0.9040537495747852
AT5G24660,-0.9883657890443365
AT5G24670,-0.5062197480944639
AT5G24680,-0.09123505852694822
AT5G24690,-0.4549697122610586
AT5G24710,0.79910567806795
AT5G24740,-0.1388131436325261
AT5G24750,-0.37757227859979364
AT5G24760,-0.05068755824077308
AT5G24770,-1.3743542583657415
AT5G24780,-0.47301620782716364
AT5G24800,-0.47247052769003745
AT5G24810,2.0441493664730426
AT5G24820,5.164980780013791
AT5G24830,0.3158709346806813
AT5G24840,0.2291086997939582
AT5G24850,0.12350251061897473
AT5G24860,-2.674639620965142
AT5G24870,-0.9083655499972736
AT5G24880,-0.8628302249767298
AT5G24890,-0.13766631100487908
AT5G24900,0.8813292169499214
AT5G24910,0.7799614921538308
AT5G24920,0.7139621573296788
AT5G24930,-0.4008043585289173
AT5G24960,0.30130422568256865
AT5G24970,0.0286709098591298
AT5G24980,0.08860244728239595
AT5G24990,0.013218789193770755
AT5G25010,0.5249747509691542
AT5G25020,0.5392529805262992
AT5G25040,-0.9176929689534611
AT5G25050,0.4403278990938117
AT5G25060,-0.09317856368662401
AT5G25070,0.45890065863376683
AT5G25080,-0.14358836198025401
AT5G25090,-0.8346584791342683
AT5G25100,0.4299060725744529
AT5G25110,0.6334036406064343
AT5G25120,-1.973343778104083
AT5G25130,-2.505869759577333
AT5G25140,-0.02568499513102088
AT5G25150,0.21205287290892774
AT5G25160,0.3902168417358312
AT5G25170,0.7504427357787189
AT5G25180,0.9411504209245686
AT5G25190,-0.476224723919018
AT5G25200,-2.6724263804689485
AT5G25210,0.40185499721184437
AT5G25220,-0.5582248992858139
AT5G25230,1.1099060831951504
AT5G25240,-0.1293080306649306
AT5G25250,5.433013828142041
AT5G25260,4.234106487312876
AT5G25265,0.1453446792655626
AT5G25270,-0.291712298827165
AT5G25280,-0.46195669387340493
AT5G25310,-0.24931208318728176
AT5G25340,4.467617109795717
AT5G25350,1.6372595649338897
AT5G25360,0.4871044419528701
AT5G25370,0.4663314887913014
AT5G25380,-0.6528384789198495
AT5G25415,-2.6724263804689485
AT5G25440,3.095326768184087
AT5G25450,0.275928777728184
AT5G25460,-0.941252385431247
AT5G25470,-1.2456649139620344
AT5G25475,-0.5213454017067811
AT5G25480,-0.41052628071502334
AT5G25490,-0.4701787032203437
AT5G25500,0.05862668873046268
AT5G25510,0.5386045473802902
AT5G25520,-0.7145265996832904
AT5G25530,2.6551264287920437
AT5G25540,0.5425236671543151
AT5G25560,-0.040494627173534414
AT5G25570,0.40827090244600345
AT5G25580,-0.5157075419928943
AT5G25590,-1.1688603214350592
AT5G25600,1.8730852100772803
AT5G25610,-1.7606241931162874
AT5G25620,-0.7482287414889014
AT5G25630,-0.8700893996494463
AT5G25640,0.6277946715124514
AT5G25754,0.007698791934983775
AT5G25755,-0.2731204187333989
AT5G25756,0.13206949713142785
AT5G25757,0.20987586119428725
AT5G25760,0.33863031464153937
AT5G25770,0.2108320971130366
AT5G25780,-0.16340718996552014
AT5G25790,0.393350636362965
AT5G25800,0.3330844342774031
AT5G25810,0.24505923195541748
AT5G25820,0.45364778534487726
AT5G25830,-0.4307637952176935
AT5G25840,-0.810004390556666
AT5G25880,-0.4125131483532562
AT5G25890,0.7141795293689269
AT5G25900,-0.371116739661669
AT5G25910,2.49755039006446
AT5G25920,-0.0026953136843534736
AT5G25930,2.355584219788507
AT5G25940,0.21476938014576974
AT5G25970,-0.42982100135461954
AT5G25980,-0.42894315601814176
AT5G25990,-3.6464673130340506
AT5G25995,-1.7878686211649466
AT5G26000,-0.28198395504126395
AT5G26010,2.6148034768677593
AT5G26030,1.605346094071183
AT5G26040,-0.16161019892940462
AT5G26080,0.4502376157414944
AT5G26110,-0.03321441082811002
AT5G26120,-0.9392707426981929
AT5G26140,-2.6826615294764204
AT5G26150,-0.8364527574050137
AT5G26160,-0.9524799612859659
AT5G26170,-0.5218923964878217
AT5G26180,-0.3846787676572578
AT5G26190,1.3533438666046949
AT5G26200,-0.30532001044632456
AT5G26210,-0.40121775939515564
AT5G26220,1.5141772211752302
AT5G26230,-0.7253259595626026
AT5G26240,0.1692073828332518
AT5G26250,-3.6056265338478264
AT5G26260,-0.04792728775909877
AT5G26270,-0.683704299050132
AT5G26280,0.2158033264223764
AT5G26290,-0.16242458916939498
AT5G26300,1.3647527990387915
AT5G26310,0.04416182735761313
AT5G26320,-0.11646351688254765
AT5G26330,-0.3183796531256314
AT5G26340,1.309192950371234
AT5G26360,0.132365112142617
AT5G26570,-1.0367113060611406
AT5G26667,0.9978705820197504
AT5G26742,-0.30715129513573636
AT5G26740,1.3301285222083994
AT5G26731,0.27460615664284116
AT5G26730,0.03595274674458481
AT5G26720,-0.14286638111173522
AT5G26710,0.4914370907114622
AT5G26700,0.24613296428984693
AT5G26690,4.074609867458875
AT5G26680,0.18155026385403503
AT5G26670,-0.26217311741288396
AT5G26660,0.09701808561661689
AT5G26630,-0.8487807479835873
AT5G26622,-0.14132526750882451
AT5G26620,0.6852592622792281
AT5G26610,-0.05688371246826291
AT5G26600,0.14848907387235571
AT5G26749,-0.44009929318703306
AT5G26751,0.24630338344251806
AT5G26760,-0.4516951259147813
AT5G26770,1.2692737373755656
AT5G26780,-0.1625198785733717
AT5G26790,0.13360939490153523
AT5G26800,-0.20446315563448644
AT5G26805,2.6551264287920437
AT5G26820,-0.4012191198052971
AT5G26830,0.02116368479468515
AT5G26850,0.024771848643160573
AT5G26860,0.35063304799120276
AT5G26865,-0.9391377017546062
AT5G26880,-0.43360882287613794
AT5G26900,0.9730620223105976
AT5G26910,0.3396764757733241
AT5G26920,3.4266725742253175
AT5G26930,0.3574308776605972
AT5G26940,0.036291739001554496
AT5G26950,-1.8628357204108017
AT5G26960,-0.6042083318728183
AT5G26970,-1.8522600473555018
AT5G26980,-0.04118128184550698
AT5G26990,0.20484318411361574
AT5G27000,0.7635036090913792
AT5G27020,-0.8992302475275858
AT5G27030,0.9454084282103639
AT5G27060,1.6593801951431926
AT5G27093,2.33361355511142
AT5G27100,0.2623713659030194
AT5G27110,0.08828024333517459
AT5G27120,0.17961308758713168
AT5G27130,0.8300694379238011
AT5G27150,-0.6547799881517765
AT5G27200,2.6551264287920437
AT5G27210,-0.48228590902079266
AT5G27220,-0.9437083361913043
AT5G27230,-0.5677481441277212
AT5G27240,-0.874775130053988
AT5G27247,-1.8778757470751295
AT5G27270,-0.4995633028531851
AT5G27280,-0.3897911344896246
AT5G27290,-0.20386312017540328
AT5G27300,-0.28332853806918695
AT5G27320,-0.41304390305724403
AT5G27330,0.07756175777929364
AT5G27350,-0.9984948216794532
AT5G27360,-1.96621251873704
AT5G27380,0.3927191108870142
AT5G27395,0.5340325472904648
AT5G27390,-0.48080147509672333
AT5G27400,-0.48126867358838304
AT5G27410,-0.5994333310653843
AT5G27420,2.862026144464353
AT5G27430,0.3357668170515354
AT5G27440,3.533122674160285
AT5G27450,0.3283044815732333
AT5G27460,0.060766877577114284
AT5G27470,0.32528797063064513
AT5G27490,0.7653092334224625
AT5G27493,-0.8363993707477383
AT5G27520,1.407688567485682
AT5G27540,0.2718986314588488
AT5G27550,0.14145789968027958
AT5G27560,-0.19223715574766886
AT5G27600,0.042185326377469544
AT5G27610,1.326457207248332
AT5G27620,0.11896927243392075
AT5G27630,0.521778905071532
AT5G27640,0.158461103278159
AT5G27650,-0.38520289592341744
AT5G27660,-0.08583115152430298
AT5G27670,-0.19020760009377646
AT5G27680,0.43801682445617635
AT5G27690,-0.05902654208057567
AT5G27700,0.04746994368405292
AT5G27710,-0.3633605019015382
AT5G27720,0.35383888379060885
AT5G27730,-1.0531396414280443
AT5G27740,-0.15692684440796204
AT5G27750,-0.1698394070823186
AT5G27760,1.0070223627618908
AT5G27765,2.6551264287920437
AT5G27770,0.14160817012880078
AT5G27780,-4.101501103911392
AT5G27820,0.003930375021396168
AT5G27830,0.1354485812669104
AT5G27840,0.018067207626932393
AT5G27850,0.09154415199721264
AT5G27860,-0.02322223031682099
AT5G27889,-2.6724263804689485
AT5G27890,-0.3150926548826743
AT5G27893,-0.31638932397906894
AT5G27910,-0.9364952525140722
AT5G27920,1.5356232843583015
AT5G27930,0.4146861540446568
AT5G27940,1.3465715005623902
AT5G27950,-0.5550096175077613
AT5G27970,0.07544684501963513
AT5G27980,-0.43510091138360185
AT5G27990,0.17455758638907604
AT5G28010,-0.39993782473792944
AT5G28020,-1.5428869741943771
AT5G28030,-1.0491785267149616
AT5G28040,0.6464362359940676
AT5G28050,1.658563356334772
AT5G28060,-0.011178058021817698
AT5G28080,0.781074026889964
AT5G28150,0.45996355057582633
AT5G28190,-1.8777557325959988
AT5G28220,0.28260605328221305
AT5G28237,0.8234627318461849
AT5G28290,0.22710240525122577
AT5G28300,0.9193303649968312
AT5G28320,0.10011334396403497
AT5G28340,0.019644843589953206
AT5G28345,-2.063374981890416
AT5G28350,0.5201446413692357
AT5G28380,1.495443526568523
AT5G28390,-0.3125284055122529
AT5G28400,-0.1340396503625812
AT5G28420,-0.6960614876981842
AT5G28442,0.32749887273049527
AT5G28450,-0.8476389391331911
AT5G28460,0.24402375446421945
AT5G28490,0.15357132250015484
AT5G28500,-0.2799251921679988
AT5G28510,0.7193648174319548
AT5G28520,-1.8777557325959988
AT5G28530,0.09249372752978173
AT5G28540,0.02549719604987005
AT5G28610,3.145653079441303
AT5G28630,2.4765466563114837
AT5G28640,-0.21923771863646213
AT5G28646,1.3499913474402045
AT5G28650,0.9181724888810681
AT5G28660,1.8730852100772803
AT5G28740,0.38754546497101666
AT5G28750,-0.14029553873379338
AT5G28770,0.9636072303405918
AT5G28830,1.8904845463864994
AT5G28840,0.6469594574595401
AT5G28850,0.1370459557345754
AT5G28900,-0.18918803874616802
AT5G28910,-1.7830425242527452
AT5G28919,-0.016254935241525853
AT5G28920,-4.492121499890817
AT5G28960,4.77589392595353
AT5G29000,0.03410317675011371
AT5G29070,1.8728773498034657
AT5G29560,-3.461079007329271
AT5G30495,0.011227871340053843
AT5G30490,0.16630772111277992
AT5G30500,-2.6826615294764204
AT5G30510,-0.17846237141511986
AT5G32440,0.02971761097379899
AT5G32450,0.21359612665320785
AT5G32460,0.42770096086904613
AT5G32470,0.3629391705523585
AT5G33280,-1.0322110781526155
AT5G33290,-0.038754006523309896
AT5G33300,0.0929007622458089
AT5G33320,0.06303793148374846
AT5G33340,-2.6826615294764204
AT5G33370,-0.9003150351665782
AT5G33390,0.5370786666150829
AT5G34780,1.8728773498034657
AT5G34830,-4.83321240160633
AT5G34850,-0.5086711121017615
AT5G34930,0.34883259995899574
AT5G34940,0.019905148975615204
AT5G35050,2.6623377602122282
AT5G35080,-0.012554710393051052
AT5G35100,-0.272634683006442
AT5G35110,0.468814105082211
AT5G35160,0.8619720905600327
AT5G35170,-0.3401484616193419
AT5G35180,-0.02255518028681307
AT5G35190,-0.3948857059915617
AT5G35200,0.30864620060485687
AT5G35210,-0.3136521026113478
AT5G35220,-0.18718925162802888
AT5G35320,-0.8559924961467976
AT5G35330,-0.5522794859959294
AT5G35360,-0.0973241680543618
AT5G35370,-0.45175177148379625
AT5G35375,-0.6068757256758653
AT5G35390,3.6021136418851913
AT5G35400,-0.5136360908388388
AT5G35410,0.5638060455246116
AT5G35430,0.343688725933079
AT5G35450,0.043565472335766534
AT5G35460,0.6625136773427623
AT5G35480,-0.4340054341971484
AT5G35490,0.06198492007978477
AT5G35510,-3.5577547003633283
AT5G35520,-0.30615295933882125
AT5G35525,3.2294873565495084
AT5G35530,-0.047367493653834476
AT5G35550,-2.6826615294764204
AT5G35560,-0.9040331314713377
AT5G35570,0.8981646262525838
AT5G35580,1.153366947987708
AT5G35590,0.2722864843378511
AT5G35620,0.5314627441656444
AT5G35630,-0.1448600152240984
AT5G35670,-0.5075007632566114
AT5G35680,0.4583204759580473
AT5G35690,-0.391157231027965
AT5G35700,0.49675083343907067
AT5G35715,-1.8778757470751295
AT5G35730,0.5237804825260783
AT5G35732,-0.0818444311530332
AT5G35735,1.8764965509111506
AT5G35740,0.7626561241128669
AT5G35750,0.3429020673019901
AT5G35753,0.20308360083267793
AT5G35760,1.348972360439361
AT5G35770,-1.373910490290446
AT5G35790,-1.0982101776655384
AT5G35840,-0.22397402877431985
AT5G35870,-4.495622824281734
AT5G35910,0.010069043069082139
AT5G35926,-0.9312278108574205
AT5G35930,-0.12764597109940032
AT5G35940,-0.3803133871771002
AT5G35950,2.6551264287920437
AT5G35960,0.09810925865667927
AT5G35970,-0.6935283859974001
AT5G35980,-0.04310096688499761
AT5G35995,0.05001204916634834
AT5G36000,1.6995710119795924
AT5G36001,1.3911276628855234
AT5G36110,-3.0134949617744233
AT5G36120,-0.3953991747631153
AT5G36160,0.040481182092926726
AT5G36170,-0.5863411322187473
AT5G36180,0.21864433303319109
AT5G36200,1.8728773498034657
AT5G36210,-0.2784452047124656
AT5G36220,0.1991650217455877
AT5G36228,1.8730318233610872
AT5G36230,-0.0037868568842355367
AT5G36240,0.030169499310781188
AT5G36250,0.36763527061657203
AT5G36260,2.368645892908908
AT5G36280,-1.7330084778752464
AT5G36290,1.1598210422486395
AT5G36670,-0.9296807713022186
AT5G36700,-0.16941564932937517
AT5G36710,-0.45588761181352433
AT5G36740,-0.014964389750634417
AT5G36790,-0.04492821176980731
AT5G36800,-0.29121387732127496
AT5G36870,0.7552748951839057
AT5G36880,0.6374962228867461
AT5G36890,-0.13775689339967603
AT5G36907,2.4344943263819316
AT5G36910,-2.5978416094399814
AT5G36920,0.6636848170917758
AT5G36925,6.176778466561562
AT5G36930,-0.6305593902980691
AT5G36940,-0.09042245715200654
AT5G36950,-0.25481964589299955
AT5G36960,1.3922156882052505
AT5G37000,-0.9046126821437914
AT5G37010,0.4404089904739371
AT5G37020,-0.768636624511822
AT5G37050,-0.0398341606759884
AT5G37055,0.13718487545596544
AT5G37070,0.23460746201974347
AT5G37130,-0.1333602337284854
AT5G37160,-2.6826615294764204
AT5G37180,0.00297032076289482
AT5G37190,-0.34368527208210004
AT5G37210,-0.10571941141741842
AT5G37240,-0.7281998358596564
AT5G37247,4.399466800975785
AT5G37250,0.6985605307418495
AT5G37260,0.8811229427602082
AT5G37290,-0.48246785384184
AT5G37300,0.03805011315469756
AT5G37310,-0.37673277005325595
AT5G37340,-0.7283365221629117
AT5G37350,0.09230743926403004
AT5G37360,-0.07396372770439988
AT5G37370,0.07322528797604771
AT5G37380,0.07207530674010382
AT5G37400,-0.05327054355065293
AT5G37410,-0.27150321910271114
AT5G37415,3.715044581530864
AT5G37420,2.353702950320301
AT5G37440,0.344977453076706
AT5G37450,0.8139131250677276
AT5G37460,-2.6724263804689485
AT5G37470,1.8730318233610872
AT5G37475,0.2339874765039283
AT5G37478,-0.1704138344177605
AT5G37480,0.837858688403042
AT5G37490,5.319942451438038
AT5G37500,0.4165577651911092
AT5G37510,0.16611201446048374
AT5G37530,0.499910935481819
AT5G37540,1.9331961607345398
AT5G37550,3.4817255841756696
AT5G37570,0.06061689656904608
AT5G37590,0.21750448178170378
AT5G37600,0.9203255458091067
AT5G37630,0.20592472087342206
AT5G37660,-0.6071914713407119
AT5G37670,-3.4342870908653
AT5G37680,-1.3271630538658095
AT5G37690,-0.6707511668444304
AT5G37710,0.5366404685600211
AT5G37720,0.2346978157872849
AT5G37740,0.5267348826308931
AT5G37750,2.092445142802958
AT5G37770,3.286939414658588
AT5G37780,0.476561401624732
AT5G37790,-0.5626582495018946
AT5G37793,-0.06187651244135037
AT5G37800,0.9211465251498281
AT5G37820,-2.6724263804689485
AT5G37830,-0.4556860965543649
AT5G37850,-0.4453641308275774
AT5G37860,3.6021136418851913
AT5G37890,-0.06555338920274036
AT5G37930,0.4285258733800277
AT5G37950,0.7404324311148931
AT5G37980,-0.4592908925296954
AT5G37990,-0.7287333735166891
AT5G38000,-0.9465425919666972
AT5G38010,-0.05695491690828073
AT5G38020,-0.6684881556048873
AT5G38030,-0.6079991326772181
AT5G38040,-0.6566910216412251
AT5G38050,0.20399338638298287
AT5G38060,-0.06298673794732841
AT5G38070,-0.20025384147759162
AT5G38100,-1.017275929262992
AT5G38110,0.07315994153362064
AT5G38120,0.572902008574928
AT5G38130,2.6623377602122282
AT5G38140,-0.7636132675733714
AT5G38150,-0.4948986464494763
AT5G38197,-2.674639620965142
AT5G38200,-0.06117613550269112
AT5G38210,0.3563191883332674
AT5G38220,-0.06433677957024697
AT5G38240,1.1702019881025767
AT5G38280,0.26898578666978723
AT5G38290,-0.33358772439797074
AT5G38300,0.12326981210745369
AT5G38310,0.4793821647642501
AT5G38320,-0.31788228118082584
AT5G38340,0.30369126680013997
AT5G38344,0.6629311394458105
AT5G38350,0.2941040202207871
AT5G38360,-0.34207530434949346
AT5G38380,-0.08767656595081706
AT5G38386,-0.1122840683913733
AT5G38410,-0.10498259363735116
AT5G38420,-0.1718017044792381
AT5G38430,0.09388087735931222
AT5G38450,0.6010254103236974
AT5G38460,0.38428366581297985
AT5G38470,0.03189111259904533
AT5G38480,0.7821448139187733
AT5G38510,-0.4218890220318409
AT5G38520,-0.23768058054758406
AT5G38530,-0.8071998071715704
AT5G38540,-2.6724263804689485
AT5G38550,1.148591129643375
AT5G38560,-0.0761248435241317
AT5G38565,-0.5523774867872955
AT5G38590,-0.2976671084755106
AT5G38600,0.5523700572901732
AT5G38610,-0.07665778348409921
AT5G38630,0.2264188055222214
AT5G38640,-0.18451995425581688
AT5G38660,-0.05511053411064633
AT5G38650,-0.2074499620096509
AT5G38690,0.026175947031711784
AT5G38700,2.5540632672138375
AT5G38710,2.1885349400904857
AT5G38720,0.4151625020189007
AT5G38730,-0.22642188573902816
AT5G38740,-2.266189342935849
AT5G38747,0.054219289919052185
AT5G38750,4.405172770137137
AT5G38780,-0.06941529980990858
AT5G38790,2.374706977253214
AT5G38800,-2.6826615294764204
AT5G38820,1.4090993952147364
AT5G38830,0.5222969822345247
AT5G38840,0.43508721488270313
AT5G38850,-0.5196887201958155
AT5G38860,-0.9539527409974357
AT5G38865,-1.480165928635321
AT5G38880,0.7255012910288674
AT5G38890,0.4885854888845652
AT5G38895,-0.34412728545924604
AT5G38900,-2.3375154717516406
AT5G38930,-0.06970557083819189
AT5G38940,1.3670677607265238
AT5G38970,-2.70159719827422
AT5G38980,-2.0436881314335866
AT5G38990,-0.6808644924008943
AT5G39000,-1.5937618704540062
AT5G39020,0.04083677991126328
AT5G39030,-0.6478494105495632
AT5G39040,-0.5140918013590788
AT5G39050,0.08419641664644742
AT5G39080,-0.824577006348996
AT5G39090,-0.2581429213216919
AT5G39100,0.9073814435059737
AT5G39110,2.696276678122706
AT5G39120,-0.8992302475275858
AT5G39130,-0.053756001791411503
AT5G39140,-2.674639620965142
AT5G39150,-0.6387955361986726
AT5G39160,-0.17815391930214303
AT5G39180,5.245693787677289
AT5G39190,-0.27613225588700685
AT5G39210,-1.590930560480936
AT5G39220,2.4243130823497325
AT5G39240,0.20703376907112817
AT5G39250,0.19379929330227
AT5G39260,-0.08310620365061375
AT5G39320,1.2895905917157484
AT5G39330,1.3455184736108776
AT5G39340,0.4399229338620357
AT5G39350,0.0341056147201209
AT5G39360,1.0051765853246026
AT5G39380,0.28912949178057396
AT5G39410,0.8480586007861523
AT5G39420,-0.43285403414254336
AT5G39450,0.027414527155070458
AT5G39471,0.0453726217532563
AT5G39480,2.6623377602122282
AT5G39493,-0.07619646566992885
AT5G39500,0.8786234347835289
AT5G39510,0.20486067827580662
AT5G39520,1.8792255241949143
AT5G39530,-0.7759303511121429
AT5G39550,0.11587680884165866
AT5G39570,1.01123604538068
AT5G39580,2.928767358069561
AT5G39590,0.5594726400968213
AT5G39600,0.020008037248113463
AT5G39610,0.11163069048877
AT5G39650,-2.6826615294764204
AT5G39660,0.16050925925289375
AT5G39670,5.5865487818163055
AT5G39680,0.5154162011774133
AT5G39710,0.06666221064028387
AT5G39730,0.17674896021812253
AT5G39740,0.21483450600051024
AT5G39750,2.6623377602122282
AT5G39760,-0.09239733075880119
AT5G39785,1.9590409479489526
AT5G39790,-0.5450499462127928
AT5G39800,-0.15842106648407603
AT5G39820,-2.021977290992269
AT5G39830,-0.17401281273196204
AT5G39840,0.27270603178060326
AT5G39850,-0.39938161678688383
AT5G39860,-4.870793069184007
AT5G39865,-0.9753435084467545
AT5G39890,-0.08417413234852947
AT5G39900,0.2649844119997523
AT5G39940,-0.3210412560442193
AT5G39950,-0.18799842083643412
AT5G39960,0.4074347430738636
AT5G39970,0.14041354777784054
AT5G39980,-0.18229987590313015
AT5G39990,0.19965261961781752
AT5G40010,-0.06655777038044085
AT5G40020,-1.0879478784983427
AT5G40030,-0.025437725799334607
AT5G40040,1.3653652360397877
AT5G40060,-0.9026414060640348
AT5G40080,-0.25604187691347574
AT5G40090,0.1308717020475519
AT5G40100,0.5902414526755205
AT5G40140,-0.27524290569843207
AT5G40150,-0.6197267711773315
AT5G40160,-0.16259845054144165
AT5G40170,-0.6865103183749106
AT5G40180,0.09721799089659544
AT5G40190,0.14205953669037255
AT5G40200,0.24605312275835953
AT5G40210,-0.9089571458661081
AT5G40230,-0.27668458417294434
AT5G40240,-0.3011240978245822
AT5G40250,-0.482289909073764
AT5G40270,-0.386329076003283
AT5G40280,0.07018772118367002
AT5G40300,-0.4746578079106229
AT5G40320,0.27177231607408076
AT5G40330,-1.2035380204060644
AT5G40340,0.2207600599183461
AT5G40370,0.49940487885713325
AT5G40380,2.3104353152843093
AT5G40382,0.8712118651753799
AT5G40390,-0.48764090103058483
AT5G40400,0.14328629176168498
AT5G40405,0.9464455369252565
AT5G40410,0.5189812947089885
AT5G40420,3.6021136418851913
AT5G40440,-0.6415035097666126
AT5G40450,0.8104103973069945
AT5G40460,1.7662890202446067
AT5G40470,0.05377079418838222
AT5G40480,-0.3140884432718832
AT5G40490,0.08626050584953907
AT5G40500,-0.6578518727886211
AT5G40510,0.22537197000384182
AT5G40520,-0.5761750787880362
AT5G40530,0.09698301451542442
AT5G40540,2.022522495154954
AT5G40550,-0.07650290876611383
AT5G40570,-0.10472623283221205
AT5G40580,0.03072778095467523
AT5G40590,1.9856333202952146
AT5G40600,-0.4968026316595369
AT5G40610,0.4109027492421363
AT5G40620,-1.87785450462112
AT5G40630,-0.39036551463872154
AT5G40640,-0.8985591785525022
AT5G40645,0.7692510158260221
AT5G40650,0.9484525490818306
AT5G40660,0.06676257770597654
AT5G40670,-0.30270339084302367
AT5G40690,0.26538167876293994
AT5G40700,-0.11370319538366597
AT5G40710,0.19954841957788708
AT5G40720,-1.3502986524207554
AT5G40730,0.41201124428225094
AT5G40740,0.6235132365769408
AT5G40760,0.08878336597307347
AT5G40770,0.030861696331620628
AT5G40780,2.713815707871522
AT5G40790,-1.87785450462112
AT5G40800,-1.201699926923016
AT5G40810,-0.04874252558006127
AT5G40820,-0.4802097246796871
AT5G40830,0.15945178596760803
AT5G40840,0.12806651274771466
AT5G40850,0.03039451662505975
AT5G40860,0.8222538021914284
AT5G40870,-0.4798607152416229
AT5G40880,0.6602968158631621
AT5G40890,0.45695264785114453
AT5G40900,1.1816722329369886
AT5G40910,-0.22939744335461976
AT5G40930,-0.15046015261901605
AT5G40940,-0.5014484408100062
AT5G40950,-0.1801913779330075
AT5G40960,0.20498355314715738
AT5G40970,-0.14641592766162984
AT5G41000,-0.5667165873259737
AT5G41010,0.3905883125537658
AT5G41020,0.05121050330359826
AT5G41025,3.8707434907726563
AT5G41030,2.696276678122706
AT5G41040,-0.05087460641237066
AT5G41050,0.1225867507333076
AT5G41060,0.702059015906524
AT5G41070,1.0683294366025669
AT5G41080,5.103524169414372
AT5G41090,-3.9654352774431447
AT5G41100,0.9896715607032025
AT5G41110,-0.4372029155064629
AT5G41120,-0.5796113364897975
AT5G41130,0.4308151700371278
AT5G41140,-0.10188666609742959
AT5G41150,0.07281730467818451
AT5G41160,0.9181497254401176
AT5G41170,2.2420652121272506
AT5G41180,0.8617611105166593
AT5G41190,0.02677136092969868
AT5G41210,-0.31233826538329096
AT5G41220,-0.013155498819569832
AT5G41240,-0.02288811469585252
AT5G41260,-0.17836687701904494
AT5G41270,-0.4648030028436083
AT5G41280,2.5364491562581706
AT5G41290,1.0534881381764871
AT5G41300,1.2869376397831735
AT5G41310,2.6623377602122282
AT5G41315,0.38985398063046584
AT5G41320,0.6231881568840505
AT5G41330,0.4923230806861143
AT5G41340,-0.3348913838780131
AT5G41350,0.016463074459509133
AT5G41360,0.5492629333673804
AT5G41370,-0.1878582221413551
AT5G41380,1.3283421983134827
AT5G41390,0.6206566331851672
AT5G41400,-1.0082997578226478
AT5G41410,-1.2697043202629161
AT5G41430,2.6551264287920437
AT5G41460,-0.7538914200514603
AT5G41470,1.3188490499091743
AT5G41480,0.005882260429379842
AT5G41520,-0.006578243179626576
AT5G41540,-0.08431408083632463
AT5G41550,1.0669018505303858
AT5G41560,0.013447855541294703
AT5G41570,-2.6589231189499274
AT5G41580,-0.1096907271169351
AT5G41590,1.270051026539599
AT5G41600,0.5094347635999719
AT5G41610,-0.06127643207330608
AT5G41620,-0.8107156803984186
AT5G41650,0.059417994368217285
AT5G41670,0.23502656192704258
AT5G41680,0.34431230707138455
AT5G41685,0.31854536089472196
AT5G41690,-0.5774027720581878
AT5G41700,-0.4238454485176319
AT5G41730,1.4296425593439905
AT5G41740,4.071659271576741
AT5G41750,5.653299816014208
AT5G41760,-0.15241311448778677
AT5G41761,-0.050981665914923216
AT5G41763,-0.8051556486482321
AT5G41765,1.181210428316571
AT5G41770,0.2954519177236845
AT5G41780,1.6266864204052145
AT5G41790,1.2250850857986413
AT5G41800,1.4537409655742828
AT5G41810,-0.36042008398543113
AT5G41820,-0.05731655263134471
AT5G41830,-2.6724263804689485
AT5G41850,0.03644635543411636
AT5G41860,-0.13295458569346982
AT5G41870,-0.04028930701712645
AT5G41880,-0.6067593485133194
AT5G41900,0.22442142279626803
AT5G41908,-0.08431408083632463
AT5G41910,-0.11817346147159624
AT5G41920,-0.18673265910051268
AT5G41940,-0.20898573299506218
AT5G41950,0.587737339830731
AT5G41960,-0.1321980407466272
AT5G41970,-0.29713775338129084
AT5G41980,-0.4392320078829991
AT5G41990,0.4524692465730741
AT5G42000,0.6314932940502538
AT5G42010,0.8221204428674252
AT5G42020,0.20850411233592306
AT5G42030,-1.354390184780756
AT5G42040,-0.4153230510728884
AT5G42050,1.8942290054909716
AT5G42060,0.07093855873034609
AT5G42070,-0.4654506668627458
AT5G42080,0.33745246919909744
AT5G42090,0.7120635127670893
AT5G42100,1.0835855299150845
AT5G42110,0.7729703761166083
AT5G42120,0.2332752578292843
AT5G42130,-0.05131954686247094
AT5G42140,-0.15539748756170454
AT5G42146,-0.7311479653154379
AT5G42150,1.0358395204959325
AT5G42170,2.6554886296275257
AT5G42180,0.4653907444253366
AT5G42190,-0.08682201699161234
AT5G42200,-1.7006557977341012
AT5G42210,-0.32773309646277693
AT5G42220,-0.45565721248912744
AT5G42230,0.5010728824364663
AT5G42235,2.6551264287920437
AT5G42240,-0.07304403105601961
AT5G42242,2.6623377602122282
AT5G42250,0.9687487577694459
AT5G42270,-0.14701377565194718
AT5G42280,0.09518092979169303
AT5G42300,0.3286012154740758
AT5G42310,-0.38611881023889266
AT5G42320,0.9535453181332061
AT5G42325,-2.674639620965142
AT5G42330,0.7249004415329421
AT5G42350,0.4089533103120293
AT5G42360,0.2510182675487366
AT5G42370,-0.3405958475750726
AT5G42380,9.638993823636877
AT5G42390,-0.05820158207153886
AT5G42400,-0.3672942446099679
AT5G42420,0.5907402807809055
AT5G42440,0.28056848302599235
AT5G42450,0.1981028281065159
AT5G42460,-0.2398881045472281
AT5G42470,0.09102746004669814
AT5G42480,-0.16990491419761436
AT5G42490,-0.053756001791411503
AT5G42500,0.2168675122862389
AT5G42510,-1.197972128097953
AT5G42520,-0.249062713364112
AT5G42530,0.27451993683466025
AT5G42540,-0.16080355278808364
AT5G42560,-0.20599642901063572
AT5G42570,0.9436325071139291
AT5G42580,-0.06780212855533191
AT5G42590,-0.15162534218222068
AT5G42600,2.6551264287920437
AT5G42620,0.29689319033360767
AT5G42630,-0.7379935061225198
AT5G42650,0.606953212962453
AT5G42655,2.809360838426499
AT5G42660,0.15863715168320675
AT5G42670,-0.1478519941924116
AT5G42680,0.7724446153531174
AT5G42690,0.03531552894272676
AT5G42700,-0.323348024902891
AT5G42710,-0.5081183261506359
AT5G42720,-0.44522830286972886
AT5G42740,-0.15490825988222764
AT5G42750,-0.8741636480848214
AT5G42760,-1.1123625050098205
AT5G42765,-0.19838173949107094
AT5G42770,-0.3788561260658038
AT5G42780,-0.5507824714751275
AT5G42785,0.7475013608611614
AT5G42790,0.2436566654322973
AT5G42800,-1.276690206560236
AT5G42810,-0.14262944543862166
AT5G42820,-0.28911548875967885
AT5G42830,0.21529597920342602
AT5G42840,-0.8764198087608825
AT5G42850,-0.3915973322399899
AT5G42860,0.22384931597664323
AT5G42870,0.1066729807794893
AT5G42880,0.5870424470106619
AT5G42890,0.0058591960843227325
AT5G42900,1.8196945697295257
AT5G42920,-0.45270097726285147
AT5G42930,0.3279919962235041
AT5G42940,0.9315017998811145
AT5G42950,-0.11020076774446927
AT5G42957,-3.461079007329271
AT5G42960,0.34601867357492433
AT5G42965,2.696276678122706
AT5G42970,0.20217691998979634
AT5G42980,0.11093267082430418
AT5G42990,0.31498830894609786
AT5G43010,0.4524222081512635
AT5G43020,-0.5893710128670847
AT5G43030,1.2632161424675172
AT5G43040,-0.2246302947482097
AT5G43050,-0.10811607626790347
AT5G43060,0.9174126414172867
AT5G43068,-3.461079007329271
AT5G43070,0.22885380940961345
AT5G43080,-0.3957066927851785
AT5G43090,3.532707363265254
AT5G43100,0.01455033189028958
AT5G43120,-2.6724263804689485
AT5G43130,0.006162713761868096
AT5G43140,0.4086789326384124
AT5G43150,-0.8113224662110087
AT5G43155,-0.045727971216377776
AT5G43160,-0.17543422505202733
AT5G43170,2.99153626127085
AT5G43175,-2.6724263804689485
AT5G43180,0.8867462646637294
AT5G43190,0.8994779579256229
AT5G43200,4.158559396086054
AT5G43210,-0.05532718317905152
AT5G43230,0.09446820221232709
AT5G43240,0.5894892297540414
AT5G43250,-0.9212610837163713
AT5G43260,-0.1169900195747791
AT5G43270,0.35952663199160406
AT5G43280,0.016785017578604466
AT5G43290,-0.837622224775218
AT5G43300,-2.392686442627831
AT5G43310,-0.0255846116697024
AT5G43320,0.07352090727531825
AT5G43330,-0.12921641974681702
AT5G43350,-0.17367477540857404
AT5G43370,2.2472595603093897
AT5G43380,1.2515637662279042
AT5G43400,-0.2769237908560338
AT5G43401,-2.6826615294764204
AT5G43420,2.4807082474662296
AT5G43430,0.548764124845627
AT5G43440,-0.6116522153162051
AT5G43450,-0.4088562417369133
AT5G43460,-0.05194374118348253
AT5G43470,-0.8259204206271528
AT5G43480,-1.8777557325959988
AT5G43490,4.153753926399454
AT5G43500,-0.2406262863513573
AT5G43510,4.074349056970112
AT5G43520,1.3320569294689628
AT5G43530,-0.02944995498649719
AT5G43540,0.7790637455247506
AT5G43560,0.09367388243407053
AT5G43570,0.647294764761606
AT5G43580,1.00943406063428
AT5G43590,2.861012088366324
AT5G43600,-0.7810987448091695
AT5G43620,1.4813577401209501
AT5G43630,-0.6585452722479114
AT5G43650,2.6551264287920437
AT5G43660,1.1366616636078395
AT5G43670,0.5600576036278274
AT5G43680,0.1563020881766048
AT5G43690,-1.5851912587856565
AT5G43700,0.1946016283856681
AT5G43710,-0.10972429945251891
AT5G43720,-0.1177244678849453
AT5G43730,-0.2991554468732048
AT5G43740,-1.0964915126397567
AT5G43745,-0.6522054612965171
AT5G43750,-0.17224224231612764
AT5G43760,0.9433266754798594
AT5G43780,0.16350580821557475
AT5G43790,0.048504983466768015
AT5G43810,-0.696845282880109
AT5G43822,-0.17398340827394632
AT5G43820,-0.39516019802895636
AT5G43830,0.24128372825955807
AT5G43840,-5.029909683730037
AT5G43850,-0.9529941304822337
AT5G43860,0.7068586370622497
AT5G43870,-0.8622035657655166
AT5G43880,0.9600244801685442
AT5G43890,5.27402965786292
AT5G43900,1.1769062066140061
AT5G43910,0.5813236946035355
AT5G43920,-0.7560653095163714
AT5G43930,0.2716129761911173
AT5G43940,-0.4036007378150108
AT5G43950,1.2082658021963761
AT5G43960,0.6674681301496226
AT5G43970,0.24028720622082642
AT5G43980,0.9233444048559125
AT5G43990,-0.86869208224889
AT5G44000,-0.18524034335187906
AT5G44005,0.3261099423154416
AT5G44010,1.0146711574686484
AT5G44020,0.03532922250734217
AT5G44030,-0.12922800505886786
AT5G44040,-0.06251322244476783
AT5G44050,2.364912184287374
AT5G44060,0.8249667799859267
AT5G44063,1.1220550498071353
AT5G44070,1.5455147397000242
AT5G44080,0.6004911765946248
AT5G44090,-0.09560532077780663
AT5G44100,0.5448907554010631
AT5G44110,0.9639442393619169
AT5G44120,-0.9393774912044202
AT5G44130,3.2504527413368276
AT5G44150,0.38125205022848024
AT5G44160,0.030347741973086283
AT5G44170,0.6536628095160825
AT5G44180,-0.667243068554404
AT5G44190,-1.2584850126366782
AT5G44200,-0.34149574352390044
AT5G44210,0.9106029915728894
AT5G44230,0.08595028988934161
AT5G44240,0.5155999874516295
AT5G44250,-0.4141564329830337
AT5G44260,0.9504210654740053
AT5G44280,0.658047675482786
AT5G44290,0.7332943576439119
AT5G44306,0.2750814920338292
AT5G44310,-2.6826615294764204
AT5G44316,-1.8778757470751295
AT5G44320,0.5278815719437406
AT5G44340,0.9517028152475416
AT5G44350,1.1394973373126176
AT5G44370,0.45484514960534506
AT5G44380,0.6841500222586026
AT5G44390,0.7160655941568135
AT5G44400,-0.9863942816783979
AT5G44410,-1.2937805572161025
AT5G44430,-2.6724263804689485
AT5G44440,-4.162507759996408
AT5G44450,0.030202335307638616
AT5G44460,0.3059020034977706
AT5G44480,0.048193161349293474
AT5G44490,-0.3809850721778302
AT5G44500,0.302211032961771
AT5G44510,-1.0670506629540228
AT5G44520,-0.22503643751997485
AT5G44530,1.112839172315859
AT5G44540,-0.0658771637273737
AT5G44550,-0.4940784411891933
AT5G44560,0.012672339392644233
AT5G44565,1.664852818357347
AT5G44567,-0.0677507674699109
AT5G44568,1.979743362735994
AT5G44566,3.715044581530864
AT5G44570,-0.7687784673650959
AT5G44572,-1.0726431815946507
AT5G44574,0.22855298178499883
AT5G44575,0.8368518326704576
AT5G44578,0.826420039417412
AT5G44580,0.6461618314214714
AT5G44582,0.25665065435934187
AT5G44585,2.5181959919297054
AT5G44590,-0.37390891358181133
AT5G44600,-0.43683883145010577
AT5G44610,0.33675517996755444
AT5G44620,1.4187984858910652
AT5G44630,-2.6724263804689485
AT5G44635,-0.46784008240261843
AT5G44650,-0.031343857883522626
AT5G44660,-0.8204988957548528
AT5G44670,-0.373888331046377
AT5G44680,-0.629510814965153
AT5G44700,0.7288255650266242
AT5G44710,0.09590491693435259
AT5G44720,-0.09767226044568944
AT5G44730,-0.6194430984106357
AT5G44740,-0.49935680821009215
AT5G44750,-0.3156776449616657
AT5G44770,1.0849937202071858
AT5G44780,0.5107225321608821
AT5G44785,-0.08671846906572216
AT5G44790,-0.32245582937440537
AT5G44800,-0.35708043337848294
AT5G44820,1.0211474243036671
AT5G44860,-0.07616652452215852
AT5G44870,-0.2821738712407812
AT5G44900,0.2176622724642381
AT5G44910,1.7168134419367727
AT5G44920,-0.12434799232270513
AT5G44930,-0.5743978216850951
AT5G44973,-1.9407114064710076
AT5G44980,-0.14332624809113342
AT5G45000,-0.30941840280492433
AT5G45010,0.31912738633685234
AT5G45020,-0.7039563147478135
AT5G45030,-0.2131898217615287
AT5G45040,-0.5631628803752132
AT5G45050,-0.027681412973226835
AT5G45060,0.03824936799069731
AT5G45070,-0.1570553624608343
AT5G45080,0.19746132920183862
AT5G45090,1.8127863627631897
AT5G45095,-4.4967448770887755
AT5G45100,-0.18505957919710014
AT5G45110,1.7019301205830548
AT5G45115,-0.3780233847292192
AT5G45130,0.7030260208476785
AT5G45140,-0.1751389493788908
AT5G45150,-0.8778266330687844
AT5G45160,-0.4528987511313943
AT5G45170,-0.04607421839336745
AT5G45190,0.29030064813121864
AT5G45200,0.5064183918227343
AT5G45210,-0.48108368802661505
AT5G45220,0.4527594399847027
AT5G45240,0.015298004242316624
AT5G45250,-0.017671297527821914
AT5G45260,0.11333183412512056
AT5G45275,-0.869515183572935
AT5G45280,3.209775276188082
AT5G45290,0.4113218746523989
AT5G45300,0.021835754740533123
AT5G45310,-2.01552314645657
AT5G45320,-0.1494165203813765
AT5G45330,0.22140147944701605
AT5G45340,4.799743958278657
AT5G45350,0.5543962168352735
AT5G45360,-0.03934043219918376
AT5G45370,-0.27173102283892486
AT5G45380,-0.04291410710547623
AT5G45390,-0.00512750699300558
AT5G45400,0.14488918318429736
AT5G45410,0.22186965314838317
AT5G45420,0.4650797634474966
AT5G45430,0.7583021475086703
AT5G45440,-0.21236023841997942
AT5G45450,-2.674639620965142
AT5G45455,0.12996958115202317
AT5G45460,-0.324524049081193
AT5G45469,-0.06824361088629592
AT5G45470,-0.1736789306770178
AT5G45480,-0.25076226775092886
AT5G45490,-0.6907585709739761
AT5G45500,-0.1997994615977443
AT5G45510,-0.22346393732456643
AT5G45520,-0.33021809574787
AT5G45530,-0.4948275719215084
AT5G45540,0.023696936566613036
AT5G45550,1.0121697315290037
AT5G45560,0.7573787619489214
AT5G45570,-1.5261653992209547
AT5G45580,-0.23350237056067266
AT5G45590,0.15018669498913545
AT5G45600,0.3571550207691613
AT5G45610,-0.4069590967741244
AT5G45620,0.34806211371275414
AT5G45630,4.687532872104977
AT5G45650,-2.7866610164415673
AT5G45660,-0.1752748707067633
AT5G45670,-0.5528402494502186
AT5G45680,-0.45816369312944194
AT5G45700,-0.27125380282196815
AT5G45710,0.5553700670567931
AT5G45720,0.6412498394518046
AT5G45730,-0.2871488674905294
AT5G45740,-0.1427510918108936
AT5G45750,1.9888729999474395
AT5G45760,-0.493150895423367
AT5G45770,-0.7899935597470876
AT5G45775,0.2379888189376489
AT5G45780,-0.3068624512282761
AT5G45790,0.14413755264279798
AT5G45800,-1.3205265472786496
AT5G45810,0.44016261063541134
AT5G45820,-0.027891027927047743
AT5G45830,0.5596655499739881
AT5G45840,1.160936296443488
AT5G45850,-3.2568532055443726
AT5G45860,1.3770173940108794
AT5G45870,2.6623377602122282
AT5G45900,0.13099428458412418
AT5G45920,0.5269414443012465
AT5G45930,-0.5098898032677509
AT5G45940,-0.23169024103824148
AT5G45950,-1.4477551903058012
AT5G45960,-1.6765395287621818
AT5G45970,0.46006615610368806
AT5G45990,-0.29141899547188
AT5G46020,-0.09738390283521403
AT5G46030,0.019548709491125405
AT5G46040,0.7142630542564925
AT5G46050,0.9027941422971716
AT5G46060,0.9119307743172652
AT5G46070,-0.09231923366512561
AT5G46080,0.5971075600904482
AT5G46090,0.20051400763113406
AT5G46100,-0.10365493303885072
AT5G46110,-0.991783494403118
AT5G46115,-1.3274714528094493
AT5G46130,-2.1879583478153455
AT5G46140,-4.618957856567752
AT5G46150,0.09714019463175835
AT5G46160,-0.03809732951028132
AT5G46170,-0.25126314759897667
AT5G46180,-0.7210897173748292
AT5G46190,-0.3651740851668293
AT5G46210,0.13525334268478953
AT5G46220,-0.2478198904665513
AT5G46230,3.3014077813253624
AT5G46240,-0.6821139251695175
AT5G46250,0.04729264975503513
AT5G46260,-0.21446063360767204
AT5G46270,-0.5559244377647251
AT5G46280,-0.7406840444257545
AT5G46290,0.3557375582971502
AT5G46295,4.118609625773906
AT5G46310,1.8728773498034657
AT5G46330,1.8210685425882989
AT5G46340,-0.18878534636242278
AT5G46350,1.1008389602875273
AT5G46370,-2.6826615294764204
AT5G46380,0.030169499310781188
AT5G46390,-0.44066550368422086
AT5G46400,-0.3041767171266721
AT5G46410,-0.10688223224768832
AT5G46420,-0.5669105785264908
AT5G46430,0.13108079588399688
AT5G46440,-0.47883587964819657
AT5G46450,0.7665610906215176
AT5G46460,0.062015258377755074
AT5G46470,1.1284469711007739
AT5G46490,-0.13164128245392143
AT5G46500,-0.6932327082821217
AT5G46510,0.12359363549646755
AT5G46520,0.5477326080820402
AT5G46530,0.3022989635050991
AT5G46550,0.097476156626393
AT5G46560,0.047639344143573605
AT5G46570,-0.12858361135632418
AT5G46580,-0.42561175121495215
AT5G46590,2.72900519747287
AT5G46600,0.9673996731625026
AT5G46620,0.3463195298685045
AT5G46630,0.7127804836542334
AT5G46640,-0.0534010290887787
AT5G46650,-1.4293086998975082
AT5G46680,-0.5116357541638281
AT5G46690,-3.5022642945594322
AT5G46700,-0.36762401442278153
AT5G46710,1.359325982643858
AT5G46720,-0.3013367734757181
AT5G46730,0.5972554667969036
AT5G46740,0.04541866022968575
AT5G46750,0.681800513501495
AT5G46760,-0.09507331682561318
AT5G46770,-3.6056265338478264
AT5G46780,0.9083648295086839
AT5G46790,-0.09413482121467423
AT5G46795,-2.674639620965142
AT5G46800,0.8234651788324319
AT5G46810,1.8730852100772803
AT5G46830,-2.4872822692264536
AT5G46840,-0.20098392338137375
AT5G46850,0.10066208698018025
AT5G46860,0.21985195137859653
AT5G46870,0.3926851159178614
AT5G46871,2.2917275088332234
AT5G46880,-0.026102581504062704
AT5G46890,0.3817551247361885
AT5G46900,0.49404102901716734
AT5G46910,1.1396927434838002
AT5G46915,-2.8374671943438665
AT5G46920,0.16453832813672326
AT5G47000,-1.3774602631352815
AT5G47010,0.04903964752732618
AT5G47020,-0.4792954639772097
AT5G47030,-0.044978742486797826
AT5G47040,-0.21936942264369672
AT5G47050,-0.061731580304864295
AT5G47060,-0.1781774552534399
AT5G47070,0.9865395666653413
AT5G47080,0.3966507559458964
AT5G47090,-0.09190233229359893
AT5G47100,-0.01600568565596341
AT5G47110,-0.5580053228551116
AT5G47120,0.12841084164560904
AT5G47130,-1.3374527224114903
AT5G47140,-0.48705313105264153
AT5G47150,2.6623377602122282
AT5G47160,-1.1720183285208159
AT5G47170,-0.31842476482938536
AT5G47180,1.0730868854263838
AT5G47190,-0.16226583165855651
AT5G47200,1.3561082600800844
AT5G47210,0.18530100748112094
AT5G47220,2.2899305124829445
AT5G47230,3.20783441196735
AT5G47240,1.24048308212773
AT5G47250,0.40916211687012916
AT5G47310,0.07756930955071303
AT5G47320,0.029419473493104486
AT5G47330,2.820684339771374
AT5G47350,0.3174126870564019
AT5G47360,0.2416651492173825
AT5G47370,0.8490412878223171
AT5G47380,-0.05692225213347805
AT5G47390,0.34717887474358056
AT5G47400,0.46233575440084484
AT5G47420,0.8105346870991778
AT5G47430,0.02442748775483197
AT5G47435,-0.3768531315227012
AT5G47440,-1.063093428742943
AT5G47450,0.46695001727440905
AT5G47455,0.40853005038337376
AT5G47460,0.4264944040713289
AT5G47470,2.1567937171091285
AT5G47480,0.545560248165701
AT5G47490,0.6529480566844689
AT5G47500,-0.6734001831831333
AT5G47510,0.23510742565656906
AT5G47520,0.03293650193611628
AT5G47530,-0.029060202783569265
AT5G47540,0.1794922938443743
AT5G47550,0.7584843214799769
AT5G47560,-0.269626090732708
AT5G47570,-0.022187269394766517
AT5G47580,-0.1596560785495359
AT5G47590,0.5873663608626419
AT5G47600,-0.43834933670393184
AT5G47610,-1.7277592902968264
AT5G47620,-0.30097020037639
AT5G47630,-0.6714256798299902
AT5G47635,-0.03310045017691
AT5G47640,-1.2944392024330154
AT5G47650,0.5459079862794411
AT5G47660,-0.2761669076727093
AT5G47670,-0.4592616100483967
AT5G47680,-0.2548494292566292
AT5G47690,-0.12098413075720155
AT5G47700,0.14379471776112457
AT5G47710,-0.38678037963557255
AT5G47720,-0.32481358959440276
AT5G47730,0.13723483080750504
AT5G47740,0.3826442408403997
AT5G47750,0.0982730413111493
AT5G47760,-0.29132919386861983
AT5G47770,0.3006933572493297
AT5G47780,0.829673320615367
AT5G47790,0.29673426204516645
AT5G47800,-0.5925749935106984
AT5G47810,-0.5125973449659597
AT5G47820,-0.4771505780549627
AT5G47830,-0.514123896680008
AT5G47840,-0.20730653415849468
AT5G47850,4.925486858474942
AT5G47860,0.009844403991379695
AT5G47870,-0.04288669845804119
AT5G47880,0.14585716089523457
AT5G47890,-0.27094688024603086
AT5G47900,-1.5852865494248731
AT5G47910,1.429637815733216
AT5G47920,-0.390467604387207
AT5G47930,0.19688943953960356
AT5G47940,0.17921673141013747
AT5G47950,-0.06741090074309247
AT5G47960,2.716802280513292
AT5G47970,0.1887777662537753
AT5G47980,0.5347720828983024
AT5G47990,-0.16663247708394943
AT5G48000,-0.4323070492351093
AT5G48010,0.10849139894486069
AT5G48020,0.18472130469004938
AT5G48030,-0.2459845870709456
AT5G48040,0.031279534437454515
AT5G48050,0.8727360242748301
AT5G48060,-0.5091366517194553
AT5G48070,0.7324795216230963
AT5G48090,-0.25299333360016096
AT5G48100,0.107163133028599
AT5G48110,0.7661254171173751
AT5G48120,-0.04928933369951817
AT5G48130,-0.29652144814349773
AT5G48150,-0.5159439380543245
AT5G48160,-0.24715496477164747
AT5G48170,-0.8543950206932559
AT5G48175,1.8474960488862564
AT5G48180,0.6957265994660875
AT5G48190,3.5170774746062126
AT5G48220,-0.29332374019306723
AT5G48230,0.06966743811439675
AT5G48240,0.2391327268707414
AT5G48250,0.8271659349734605
AT5G48290,-0.008321154698015623
AT5G48300,-0.04748182363363326
AT5G48310,-0.04224750465381457
AT5G48320,-0.5220379203258811
AT5G48330,-0.6396031848677792
AT5G48335,-0.14035743053089436
AT5G48340,-0.1266256857855502
AT5G48360,-1.0159400301712642
AT5G48370,0.3903256080875278
AT5G48380,1.28013700927111
AT5G48385,0.25904731026538
AT5G48390,0.6849479677517878
AT5G48400,1.2621885817163325
AT5G48410,-0.328160407436611
AT5G48430,3.6215488348159286
AT5G48440,0.20028263295848625
AT5G48450,2.343964521388535
AT5G48460,0.3908919745724993
AT5G48470,-0.19400356620400258
AT5G48480,-0.13100268439815202
AT5G48490,-1.3816056340817648
AT5G48500,-1.2932093980303332
AT5G48520,0.22009906600485707
AT5G48530,-0.5047182473549517
AT5G48540,1.3488803580770041
AT5G48545,-0.746708975529415
AT5G48550,-5.644981556061139
AT5G48560,0.5684689172827319
AT5G48570,-1.5688430075206123
AT5G48580,0.13933456233645078
AT5G48590,0.297602847239671
AT5G48600,-0.21060958159161725
AT5G48610,-0.3147902920659078
AT5G48620,-0.6632470982166799
AT5G48630,-0.09466167011871127
AT5G48640,-0.6701232160324302
AT5G48650,-0.22728555473521883
AT5G48655,0.49946497740683204
AT5G48657,1.985358264226725
AT5G48660,1.0498439348541253
AT5G48670,-0.5683003321049923
AT5G48680,0.6935659784407749
AT5G48690,-0.5850076885392583
AT5G48710,-2.6826615294764204
AT5G48720,-0.380587725744686
AT5G48730,-0.7132551786805592
AT5G48740,-0.9110106587389044
AT5G48760,-0.10137616740335093
AT5G48770,0.039846991691771
AT5G48780,-0.4248695247096291
AT5G48790,-0.2044912536276584
AT5G48800,-0.8539787191161395
AT5G48810,-0.11780865230815969
AT5G48820,-0.023558285774344986
AT5G48830,0.5197338108923045
AT5G48840,0.0798621107761331
AT5G48850,-0.027494882180558664
AT5G48870,0.5490837110129457
AT5G48880,-0.8485616476044268
AT5G48890,0.477970680783218
AT5G48900,-0.7851157413569687
AT5G48910,-0.5082875399283058
AT5G48920,0.528361871372195
AT5G48930,-1.2184710100738574
AT5G48940,0.0019727423755953833
AT5G48950,-0.21257115024262713
AT5G48953,-2.6826615294764204
AT5G48960,-0.3570931313098708
AT5G48970,0.7051158845102683
AT5G48980,0.13427294820002006
AT5G48990,-0.5681010769102217
AT5G49000,-0.12839272887954217
AT5G49010,-0.24902426108946624
AT5G49015,0.4211430456957
AT5G49020,-0.5563599642258954
AT5G49030,-0.07988818126471427
AT5G49060,-0.009765324547363072
AT5G49070,-0.9183964573660716
AT5G49100,-1.6284648025658124
AT5G49110,0.09046419348673823
AT5G49120,-1.4131626565725075
AT5G49130,-3.2976292149688193
AT5G49140,-4.213956777237574
AT5G49150,-0.2854112895747066
AT5G49160,-0.6159013933452439
AT5G49170,-0.23048079438531896
AT5G49190,-0.022060619558077716
AT5G49200,0.490074648596608
AT5G49210,0.03353601204056609
AT5G49215,-0.3114510520211897
AT5G49220,-0.0660702627359162
AT5G49230,0.2325914908986613
AT5G49270,0.04134598232964394
AT5G49280,2.15310807556463
AT5G49290,-0.254486536741951
AT5G49300,0.35608625442875985
AT5G49305,0.3337133214677463
AT5G49310,1.8730318233610872
AT5G49320,0.8276145912626292
AT5G49330,-1.1234294178429407
AT5G49340,-0.9909213090860911
AT5G49350,0.5771816290370528
AT5G49360,-0.051205315545440756
AT5G49390,-1.188999991295149
AT5G49400,0.34318515112429065
AT5G49410,-0.04904961233091743
AT5G49420,4.405172770137137
AT5G49430,-0.5615549044253679
AT5G49440,0.2886283976673733
AT5G49450,0.21493358633057444
AT5G49460,0.17987097361590101
AT5G49470,-0.2855484382369337
AT5G49480,1.7933400766435772
AT5G49500,0.32902270039809983
AT5G49510,0.3361558927747837
AT5G49520,3.7211567543119175
AT5G49525,-0.9913637800245264
AT5G49530,0.036744841928529726
AT5G49540,0.41571961599147855
AT5G49550,0.3482647263737297
AT5G49555,-0.5482433820300896
AT5G49560,0.01587454051710561
AT5G49570,-0.05300045058030043
AT5G49580,0.05376908774800106
AT5G49600,-2.6724263804689485
AT5G49610,-0.04083963865934026
AT5G49620,0.3486909583107221
AT5G49630,-0.8635945278698053
AT5G49640,-0.9156218442383312
AT5G49650,-0.26328042498762244
AT5G49660,0.015758881559550665
AT5G49665,-0.3543810082135506
AT5G49680,0.5574223212859115
AT5G49690,2.297383633997407
AT5G49700,1.9772496808660287
AT5G49710,-0.09662202434372145
AT5G49720,1.2155142236522372
AT5G49730,-1.7577838405867148
AT5G49740,-2.4230050730828703
AT5G49750,2.6551264287920437
AT5G49760,-0.3415180029859713
AT5G49770,0.42107321428796646
AT5G49780,0.16334913002162216
AT5G49800,0.03272593509810248
AT5G49810,0.0014454814235381893
AT5G49820,-0.17078096643812488
AT5G49830,0.3137627801171262
AT5G49840,-0.36080397438454426
AT5G49850,0.18861509573705923
AT5G49870,0.6353736036456913
AT5G49880,-0.036785769517654596
AT5G49890,0.29383222580408397
AT5G49900,0.45514221813570793
AT5G49910,-0.3317130387081383
AT5G49930,-0.09032141960781041
AT5G49940,-0.10311285866123004
AT5G49945,0.09496389993401202
AT5G49950,-0.3332550171372302
AT5G49960,0.3935478816432656
AT5G49970,-0.28606048847054666
AT5G49980,-0.38341437208828577
AT5G49990,-0.6409645121644679
AT5G50000,-0.3363281426109113
AT5G50010,-0.2507516683697428
AT5G50020,-0.3620273642417983
AT5G50030,-2.6826615294764204
AT5G50060,-2.6724263804689485
AT5G50070,3.3984254061124917
AT5G50090,-0.8428151118331385
AT5G50100,0.2013772051674916
AT5G50110,0.010210105084542904
AT5G50120,0.9466458919489353
AT5G50130,-0.3771640322534952
AT5G50140,3.3984254061124917
AT5G50150,-0.15064285310089767
AT5G50160,-1.5146151160089782
AT5G50170,-0.689809394826344
AT5G50175,-1.1318033904565934
AT5G50180,-0.26044730078814865
AT5G50200,1.0376852678346047
AT5G50210,0.26845640287951916
AT5G50230,0.29597786201458737
AT5G50240,-1.0164323794669725
AT5G50250,-0.07993489149840434
AT5G50260,-0.3277050665362112
AT5G50280,-0.44757402904830196
AT5G50290,-0.6330677949978998
AT5G50300,-0.5792527249512571
AT5G50310,-0.36217309807570974
AT5G50320,-0.09206046958662646
AT5G50330,0.6237029012448497
AT5G50335,-0.8137840831437241
AT5G50340,-0.0837583961008144
AT5G50350,0.1453828166989456
AT5G50360,1.1814275130139866
AT5G50370,-0.07554166611116513
AT5G50375,-0.1878683487826563
AT5G50380,0.3161155910585039
AT5G50390,0.7765127198759285
AT5G50400,-0.577433096919892
AT5G50410,0.05235318872016861
AT5G50420,0.41045411112179764
AT5G50430,1.1351721231198724
AT5G50440,0.8348012104894046
AT5G50443,1.0922543782383005
AT5G50450,0.41007007636106546
AT5G50460,0.31557111372053137
AT5G50520,0.13033519510687375
AT5G50530,1.0784634829846271
AT5G50540,4.467362266340174
AT5G50550,0.3309273639962818
AT5G50560,-0.5247302360832566
AT5G50565,0.4591937743256883
AT5G50570,1.2806019910399995
AT5G50590,-0.46756066335210167
AT5G50600,0.8730441578771071
AT5G50610,0.8235694161154805
AT5G50630,0.0867136204507316
AT5G50640,0.4508443979625513
AT5G50650,0.31960386998112555
AT5G50660,1.129128631340664
AT5G50665,0.29687075665042434
AT5G50670,1.1149528033862568
AT5G50680,-0.09460468593372717
AT5G50690,0.7453382230529453
AT5G50710,3.6021136418851913
AT5G50720,0.5778091171497054
AT5G50740,-0.9297722076959682
AT5G50750,-0.0694951418549215
AT5G50760,-0.28359050427066484
AT5G50770,-4.9394003660782575
AT5G50780,-0.3075451505704459
AT5G50790,3.65244030034024
AT5G50800,-3.9858226167845556
AT5G50810,-0.0026906508939064104
AT5G50820,-1.6995886476878597
AT5G50840,0.6314893689917777
AT5G50850,0.170842693879627
AT5G50860,-0.41571374268839056
AT5G50870,0.133607501218469
AT5G50890,1.187475387395255
AT5G50900,1.0548319170126395
AT5G50915,0.1568486800237018
AT5G50920,-0.2892006047305546
AT5G50930,-0.2878412706663875
AT5G50940,0.11663915737226825
AT5G50950,-0.3179908932606551
AT5G50960,0.21999772961798664
AT5G50970,-0.30475951690747133
AT5G50990,0.025682636309785095
AT5G51000,6.416624828866167
AT5G51010,-0.1597770763070344
AT5G51020,-0.3431029765515717
AT5G51030,-4.820314865751284
AT5G51040,0.1381018284230033
AT5G51050,0.4434936909816906
AT5G51060,0.4957436203236921
AT5G51070,0.5536103131075685
AT5G51080,-0.4507889326097355
AT5G51100,-0.13949372742112423
AT5G51110,-0.22783171651231257
AT5G51120,0.22061517641830983
AT5G51130,0.31510626302172234
AT5G51140,-0.2592651474213213
AT5G51150,0.27780743949157977
AT5G51160,-0.45789795997909544
AT5G51170,-0.3379120656075382
AT5G51180,0.5869817678474302
AT5G51190,13.268774808686508
AT5G51200,0.8984165699331479
AT5G51210,0.6206566331851672
AT5G51220,0.5764531259722121
AT5G51230,0.04248498900261084
AT5G51260,0.6511855587538075
AT5G51270,-0.3720983646155498
AT5G51280,-0.03607326750561951
AT5G51290,-0.20514524831683625
AT5G51300,0.06516826629365333
AT5G51310,-0.6847806370990905
AT5G51330,-0.5473027429749459
AT5G51340,-0.23632279880179236
AT5G51350,-0.1154976138670956
AT5G51370,-0.17677525862664292
AT5G51380,0.9613615342227303
AT5G51390,0.2975776281747233
AT5G51400,0.484150478476414
AT5G51410,-0.20321426131552817
AT5G51420,2.696276678122706
AT5G51430,0.655620480149087
AT5G51440,-1.3981114362438736
AT5G51450,-0.13243287274414894
AT5G51451,-0.12701926125318333
AT5G51460,1.4532714033408127
AT5G51465,4.405172770137137
AT5G51470,0.6361636393105241
AT5G51480,3.2631208921115857
AT5G51490,2.0591277068349685
AT5G51500,2.350096389969695
AT5G51510,0.2236565832349248
AT5G51520,1.2388006076701552
AT5G51530,-0.28790234755531324
AT5G51540,-0.3338170378101179
AT5G51545,0.034255656850203355
AT5G51550,1.4353425610022645
AT5G51560,-0.691042657489187
AT5G51570,-0.23428187109355397
AT5G51580,-0.26510682146800013
AT5G51585,6.175565901084555
AT5G51590,-0.038923056106716404
AT5G51600,-0.27083337040894345
AT5G51620,0.9608059228869446
AT5G51630,0.22403249169672157
AT5G51640,0.7903385066190226
AT5G51660,-0.3275667922325382
AT5G51670,0.21625905865229794
AT5G51680,-0.3237417418226104
AT5G51690,-0.48777565706488824
AT5G51700,0.012070571144195371
AT5G51710,1.0402051186951564
AT5G51720,0.017063026283890687
AT5G51730,-0.711236666850036
AT5G51740,0.6830894567276742
AT5G51750,-1.0508283912567877
AT5G51760,0.6206566331851672
AT5G51770,0.24591057851227685
AT5G51780,0.6177240194085184
AT5G51790,0.8516081730183284
AT5G51795,0.5114483131361456
AT5G51800,0.6924414539726605
AT5G51810,-1.4484446981794599
AT5G51820,-0.34982780857113066
AT5G51830,0.8618374800909114
AT5G51840,0.4950551107404141
AT5G51850,-0.797587694825999
AT5G51880,0.21676938426612932
AT5G51890,-0.00426063722138286
AT5G51910,-0.6050710861467514
AT5G51920,-0.17329487632035784
AT5G51930,0.7577277695830784
AT5G51940,-0.125991152078677
AT5G51950,-2.1877396986622313
AT5G51960,-0.29120036806880106
AT5G51970,-1.059263375239782
AT5G51980,-0.08272087999431907
AT5G51990,2.6623377602122282
AT5G52000,0.8904776342608866
AT5G52010,-0.08356140845380308
AT5G52020,0.981509248975914
AT5G52030,-0.21622337395867408
AT5G52040,0.09746691665590197
AT5G52050,2.249757009961165
AT5G52060,0.9247473389263084
AT5G52070,0.30292455095495424
AT5G52100,-0.7335303994380222
AT5G52110,-0.40170560492113633
AT5G52120,0.09953843633573232
AT5G52170,0.3330841596407026
AT5G52180,0.13494741629527332
AT5G52190,0.18607419579278242
AT5G52200,0.8052947328588511
AT5G52210,1.2165207786549608
AT5G52220,-0.6497254870925856
AT5G52230,-0.2672501444806172
AT5G52240,0.1646160586961539
AT5G52250,1.4824529264325952
AT5G52260,0.9676414842892191
AT5G52270,0.05996903688155383
AT5G52280,0.18551551589925905
AT5G52290,1.8922035783846827
AT5G52300,-0.6757136224243507
AT5G52310,2.997326959882
AT5G52320,-0.42993000035958034
AT5G52330,0.11748069285792988
AT5G52340,0.6772803775433238
AT5G52350,-0.9391377017546062
AT5G52360,-1.8777557325959988
AT5G52370,-0.38978591902668186
AT5G52380,0.02682730776283449
AT5G52390,-0.5355787657181753
AT5G52400,5.71123111753766
AT5G52410,0.16592938838512375
AT5G52420,-0.8841720423620553
AT5G52430,0.9113179669552692
AT5G52440,-0.6187186447254196
AT5G52450,-0.4105230450281739
AT5G52470,0.010788505373053382
AT5G52500,2.6551264287920437
AT5G52510,-0.2378522216294328
AT5G52520,-0.24530338330596
AT5G52530,0.6023933505220755
AT5G52540,0.016710770251986935
AT5G52545,-0.4554270618483897
AT5G52547,-0.03909829646447233
AT5G52550,-0.2604934151358405
AT5G52560,0.6074828269786744
AT5G52570,0.09539528806577041
AT5G52580,0.8057026215250628
AT5G52600,-0.3793532378961328
AT5G52630,-0.18799875168283922
AT5G52640,-0.6679600427250479
AT5G52650,0.28851787195769757
AT5G52660,-0.2134186290634331
AT5G52690,2.6623377602122282
AT5G52710,0.08139945547374433
AT5G52740,2.3446486774886925
AT5G52750,3.7537767516264133
AT5G52760,4.509114027038078
AT5G52780,-1.618221674876514
AT5G52790,-0.18415191197050368
AT5G52800,-0.1299374347788431
AT5G52810,0.6870610835281898
AT5G52820,-0.14740695356210728
AT5G52830,0.7940253086058828
AT5G52840,-0.0022255466924493436
AT5G52850,0.054879318336634064
AT5G52860,1.138642294144742
AT5G52870,0.5122406440771876
AT5G52880,-0.5285266169350383
AT5G52882,1.9325086275465515
AT5G52890,-0.2879515104316539
AT5G52900,0.4704015619289215
AT5G52910,-0.21654993543099577
AT5G52920,-0.12839034615945055
AT5G52930,-0.9466941615862056
AT5G52940,-1.2944032102126
AT5G52950,0.010146149613720594
AT5G52960,-0.26226607749387654
AT5G52965,2.6623377602122282
AT5G52970,-0.32975181815272153
AT5G52980,0.6701826445971502
AT5G52990,0.06241471248998176
AT5G53000,0.7217307318255446
AT5G53010,-0.18177919267812717
AT5G53020,-0.8892158902930963
AT5G53030,-0.4906533799004606
AT5G53045,-0.5817219650275518
AT5G53050,0.20099683252609304
AT5G53060,0.3440266380679748
AT5G53070,0.030133277342930854
AT5G53080,-0.8948596075567995
AT5G53090,-0.645601909191927
AT5G53110,-0.007399392620151329
AT5G53120,-0.26668194232457576
AT5G53130,0.5681162238310087
AT5G53140,0.4558738445050941
AT5G53150,-0.12441289267232383
AT5G53160,-0.041238968698343995
AT5G53170,-0.7475888800855595
AT5G53180,-0.3102880984936806
AT5G53200,-0.768980175171266
AT5G53210,0.21346464608491825
AT5G53220,-0.3453570671696628
AT5G53230,-2.6826615294764204
AT5G53250,0.5386106860836666
AT5G53280,-0.08051243282970222
AT5G53290,1.4380243149979375
AT5G53300,0.4450809912996444
AT5G53310,1.337620721624161
AT5G53320,-0.025617884238154438
AT5G53330,0.0972853312372269
AT5G53340,0.60798435721376
AT5G53350,-0.5518232743085805
AT5G53360,0.273910756180795
AT5G53370,0.2103325802635365
AT5G53380,0.5742248727635335
AT5G53390,-0.9394889692700722
AT5G53400,-0.3899710807842643
AT5G53420,-0.2359497001686063
AT5G53430,-0.7792307007277063
AT5G53440,-0.04318326997980229
AT5G53450,-0.7517614725209502
AT5G53460,-0.8360769680967518
AT5G53470,0.35387179519358525
AT5G53480,0.3004416089685825
AT5G53486,-2.791480758123787
AT5G53490,0.019697189482963756
AT5G53500,0.5740471738967815
AT5G53530,0.25578765846520085
AT5G53540,0.02132265425040187
AT5G53550,0.44356023014198276
AT5G53560,0.1728698811494608
AT5G53570,0.6294224974207654
AT5G53580,-0.2864429253835106
AT5G53590,0.6374664062555941
AT5G53592,-1.1858557948154544
AT5G53600,-3.9654352774431447
AT5G53620,-0.22933814062349292
AT5G53650,0.02374977346509221
AT5G53660,0.02229998620628737
AT5G53700,2.4835752640288704
AT5G53730,-1.0044678433621996
AT5G53742,-3.6464673130340506
AT5G53750,2.370722173460714
AT5G53760,0.09399000467508753
AT5G53770,0.1468203432694921
AT5G53800,0.008606831507006026
AT5G53810,0.9503278859414296
AT5G53820,-1.9228535764146448
AT5G53830,0.2061092850041961
AT5G53850,-0.28070359801990485
AT5G53860,-0.4477321336300253
AT5G53870,1.7731382292182
AT5G53880,0.7229727837976124
AT5G53890,-0.15310651380174436
AT5G53895,0.7002176497064785
AT5G53900,-0.7953713099091384
AT5G53920,0.0969181863112481
AT5G53930,0.2756112181250069
AT5G53940,-0.48975873870447667
AT5G53950,-0.4789528249745018
AT5G53970,-0.03394948854950963
AT5G53980,1.876996931299657
AT5G53990,0.39453045236863044
AT5G54000,2.696276678122706
AT5G54020,0.3221155129504335
AT5G54030,-0.3072726896565625
AT5G54035,2.6623377602122282
AT5G54040,-0.6841161105874581
AT5G54050,-1.3677784015003869
AT5G54060,-1.1885896117043835
AT5G54070,-3.461079007329271
AT5G54080,-0.5618080591713622
AT5G54090,-0.4301414258693038
AT5G54095,-1.2878974246557142
AT5G54100,0.724711907755846
AT5G54110,0.30493666627851773
AT5G54130,0.3857590046559473
AT5G54140,0.5534959109837646
AT5G54145,0.23602454229622127
AT5G54148,0.9704139580639666
AT5G54150,2.696276678122706
AT5G54160,-0.33837598190733026
AT5G54165,1.147237766743044
AT5G54170,0.8210136576805447
AT5G54180,-0.09758403223795428
AT5G54190,-0.6665959228439964
AT5G54200,0.12589215506874565
AT5G54230,0.4487842285343701
AT5G54240,0.5287650981814299
AT5G54250,-2.2991256535487676
AT5G54260,-0.3124610895729781
AT5G54270,-0.945393629964716
AT5G54280,-0.5095974507023245
AT5G54290,-0.12806944862777894
AT5G54300,1.0918531789780086
AT5G54310,0.41436056535878807
AT5G54370,0.01318533241201697
AT5G54380,1.677220395276331
AT5G54390,-0.891903888575188
AT5G54400,-0.6016566395595685
AT5G54430,0.4111092426057508
AT5G54440,0.631959442362234
AT5G54450,-0.0658771637273737
AT5G54470,0.06681369826056584
AT5G54490,3.050713704515947
AT5G54500,-0.19104504928840457
AT5G54510,-2.1321716817271947
AT5G54520,0.19891149427921406
AT5G54530,-1.7052556906187226
AT5G54540,-0.19608308862102236
AT5G54550,2.7244159962067913
AT5G54560,-2.6826615294764204
AT5G54570,-0.46326717584335114
AT5G54580,0.009267697855568751
AT5G54585,-3.0875105038222714
AT5G54590,-1.5388327626510976
AT5G54600,-0.17034718941068444
AT5G54610,-2.6826615294764204
AT5G54620,-3.182193088847303
AT5G54630,-1.434388632052717
AT5G54640,-0.1001695208631181
AT5G54650,1.0542210207049232
AT5G54660,-0.2835235461915479
AT5G54670,-0.35290195336559455
AT5G54680,0.06589030663302198
AT5G54690,0.28997614620390244
AT5G54710,4.630252811371737
AT5G54720,4.817168627281276
AT5G54730,0.013889679747781339
AT5G54750,0.29833113726417315
AT5G54760,0.2455027862349947
AT5G54770,-0.6720466701286768
AT5G54780,0.1700689173842496
AT5G54790,1.613967669842714
AT5G54800,-0.059396784528308336
AT5G54810,0.33655809733652625
AT5G54830,1.0916633940958074
AT5G54840,-0.5722130112477452
AT5G54850,0.4343053008509175
AT5G54855,-0.3440806259438953
AT5G54860,0.592409652913913
AT5G54870,-0.24985074873172464
AT5G54880,0.23405542790709644
AT5G54890,-0.46033794777212994
AT5G54900,0.10212446175062241
AT5G54910,0.3499842371912264
AT5G54920,0.03642634480638894
AT5G54930,-0.21809094133785847
AT5G54940,0.7017767473266624
AT5G54960,0.6063145476034938
AT5G54970,0.04481599559310092
AT5G54980,-0.44893261134256046
AT5G55000,0.04414060302396516
AT5G55010,-1.6185190974249781
AT5G55020,0.6167716803461377
AT5G55040,0.23918719672290187
AT5G55050,2.198838011357575
AT5G55060,-0.047929244304461216
AT5G55070,0.22798046223771024
AT5G55080,2.696276678122706
AT5G55090,2.033017918124954
AT5G55100,-0.007479146292991293
AT5G55110,-0.471940329232879
AT5G55120,-0.47748605320766574
AT5G55125,-0.15172748396739644
AT5G55130,-0.2979415602506093
AT5G55135,-2.6826615294764204
AT5G55140,0.05998238421954612
AT5G55160,-0.267778936950935
AT5G55170,1.1190326405934654
AT5G55180,1.7373132740489738
AT5G55190,-0.18000624181588445
AT5G55200,0.7229379348886931
AT5G55210,0.018753641014037127
AT5G55220,-0.13476695581053383
AT5G55230,0.04653592613544449
AT5G55250,0.27552166334083084
AT5G55260,-0.39191748523971975
AT5G55270,-2.6724263804689485
AT5G55280,0.011638015750223382
AT5G55290,0.44878267654670495
AT5G55300,-0.22533082185641823
AT5G55310,0.07423116389329923
AT5G55320,4.297755328240865
AT5G55340,-0.8091729694230587
AT5G55350,-0.22553405329344223
AT5G55360,-0.5286501833798167
AT5G55370,0.46101265396969526
AT5G55380,0.12694688254421885
AT5G55390,-0.3318030272298953
AT5G55400,0.8477122949020417
AT5G55430,2.6623377602122282
AT5G55450,0.8999084174431984
AT5G55460,-0.6944452466919289
AT5G55470,-0.9861871179430215
AT5G55480,-0.14860386136377485
AT5G55490,0.6295599082515362
AT5G55500,0.1311316163087403
AT5G55507,4.297755328240865
AT5G55510,-0.02397091791906876
AT5G55520,-0.25485640930119036
AT5G55530,0.35373456800897457
AT5G55540,-0.4113477615968477
AT5G55550,0.2553080039327752
AT5G55560,0.16955347485943598
AT5G55570,0.8667359089233309
AT5G55580,-0.6188119527214073
AT5G55590,-0.8928595766635157
AT5G55600,-0.04737555989260234
AT5G55610,0.6332781273535869
AT5G55620,0.2279051095669668
AT5G55630,1.0021838872747357
AT5G55640,-0.24840597071372975
AT5G55650,-0.08907036696354674
AT5G55660,-0.12985925718075514
AT5G55670,0.31901801992776335
AT5G55680,-0.1940500517314239
AT5G55690,4.07419490325191
AT5G55700,0.1782976077414868
AT5G55710,-0.316043217993268
AT5G55720,-1.5471360152864657
AT5G55730,-0.8249162015832042
AT5G55740,-0.7220153329253512
AT5G55760,0.16397033071320097
AT5G55770,0.04927996111823608
AT5G55780,-0.43510091138360185
AT5G55790,-0.44775071806602973
AT5G55810,-0.12770088172863595
AT5G55820,-0.01544369323995743
AT5G55830,-0.41554652001103815
AT5G55840,-0.5617271655680328
AT5G55850,1.4816141960827982
AT5G55860,0.1542853763601965
AT5G55893,-0.20031198133614325
AT5G55900,-0.02607989575491731
AT5G55910,0.19007595535947122
AT5G55920,0.63624276658439
AT5G55930,1.1163156333228954
AT5G55940,0.4372292213743035
AT5G55950,0.4225632518668233
AT5G55960,0.10827003991418202
AT5G55970,0.6984635170242136
AT5G55990,-0.6695510049301947
AT5G56000,0.4135345305648882
AT5G56010,-0.2586321023573144
AT5G56020,0.37603029969821505
AT5G56030,-0.13457946146821667
AT5G56040,0.38456803115867705
AT5G56050,1.080804630186166
AT5G56060,3.3984254061124917
AT5G56080,-0.8598760528247718
AT5G56090,0.5816310764259043
AT5G56100,-1.3970690823711123
AT5G56120,-0.45530833342655286
AT5G56130,0.2764502818548582
AT5G56140,1.1267050439588864
AT5G56150,0.20165133633966797
AT5G56160,1.0397470306283338
AT5G56170,2.009731026793232
AT5G56180,-0.4311867197578063
AT5G56190,0.7351261796439911
AT5G56200,-1.2399023245124823
AT5G56210,-0.3931947187181346
AT5G56220,0.550885988261379
AT5G56230,0.826557338279025
AT5G56240,0.3539849552949053
AT5G56250,0.8393317932497627
AT5G56260,0.20597027819236907
AT5G56270,-0.23579437799036196
AT5G56280,0.10610156381597628
AT5G56290,-0.11388631455034072
AT5G56300,-1.5033737580008848
AT5G56310,-0.2776685051772618
AT5G56320,0.21954936586413887
AT5G56325,-3.5579944875375635
AT5G56340,1.2938408623866284
AT5G56350,1.3384941192614577
AT5G56360,0.01829961503600577
AT5G56370,-0.16996512784314632
AT5G56380,-0.8412371129371035
AT5G56420,-0.10688800100225775
AT5G56450,-0.44034109657992815
AT5G56460,-0.050904203019559766
AT5G56490,-1.3348136474478511
AT5G56500,-0.4212798571281135
AT5G56510,0.1456133732742105
AT5G56520,-0.16655447252014013
AT5G56530,-0.6178959033090584
AT5G56540,0.7447593955988205
AT5G56550,0.8550404941804643
AT5G56555,-2.6826615294764204
AT5G56580,0.5513186859036784
AT5G56590,-0.8884839955468273
AT5G56600,-0.2673294685523615
AT5G56610,-0.17009320306529105
AT5G56620,1.1916457779081437
AT5G56630,-0.13536516009355634
AT5G56640,-1.8778757470751295
AT5G56650,-0.4083129127789498
AT5G56660,-0.09519225020447014
AT5G56670,0.29565365932610094
AT5G56680,0.5826329447296787
AT5G56700,-1.761208912465816
AT5G56710,0.36981998107109726
AT5G56720,1.1052392669475581
AT5G56730,-0.28590421366888263
AT5G56740,-0.21169492797363726
AT5G56750,-0.07440208864155329
AT5G56760,0.5317834118798381
AT5G56780,0.11243539131604359
AT5G56790,-0.6036084089150182
AT5G56795,0.017677437649163966
AT5G56810,0.6940007168079834
AT5G56840,0.9631373426495562
AT5G56850,-1.4596811651946546
AT5G56860,-0.1461600461600137
AT5G56870,-0.0714154477380948
AT5G56890,0.6716422892918588
AT5G56900,-0.36172613453053387
AT5G56910,0.29989584029961713
AT5G56930,0.11811014357306512
AT5G56940,-0.16286834123814223
AT5G56950,0.24104285435356332
AT5G56960,2.6623377602122282
AT5G56970,-0.9330496197362041
AT5G56980,1.693549685658035
AT5G56990,-0.7322423950556267
AT5G57000,1.2735763437047425
AT5G57010,2.043475991065438
AT5G57015,0.6505221297992948
AT5G57020,0.5489994349718211
AT5G57030,-0.6501249082927045
AT5G57035,0.4191919689116019
AT5G57040,-0.3768461441633085
AT5G57050,-0.5871181945211211
AT5G57060,0.9286584623958216
AT5G57070,0.06562785481768602
AT5G57080,0.49054599324615245
AT5G57090,0.44118291137942944
AT5G57100,-0.09401709680260184
AT5G57110,0.13400072511377295
AT5G57120,-0.1390848954850949
AT5G57123,-1.5650727704816163
AT5G57130,0.06489923445454569
AT5G57140,-0.579952678817387
AT5G57150,-0.5647024531050653
AT5G57160,-0.0772739151653283
AT5G57170,-0.969206740277596
AT5G57180,-0.7404032479875005
AT5G57190,-0.7724475818714145
AT5G57200,-0.625578189127463
AT5G57210,0.5231216899825624
AT5G57220,3.5772845340721555
AT5G57230,0.1633152591644696
AT5G57240,0.0836524171535045
AT5G57250,-0.07424726582207888
AT5G57260,-3.6056265338478264
AT5G57270,-0.0982053821238595
AT5G57280,-0.012535826928424903
AT5G57290,0.24248453855396704
AT5G57300,0.07966290785331424
AT5G57320,-0.4033299212840813
AT5G57330,-0.10360957474858595
AT5G57340,-0.889977283229689
AT5G57345,-1.0351747986796151
AT5G57350,-0.7470119587534265
AT5G57360,-0.40177901749930195
AT5G57370,0.21574491773595758
AT5G57390,0.06869587157557232
AT5G57400,-1.3861405783008611
AT5G57410,-0.1345821161264658
AT5G57420,-0.1557522555366608
AT5G57440,-0.38036814081463516
AT5G57450,0.149631282849466
AT5G57460,0.9096306889498259
AT5G57480,1.1768238910186253
AT5G57490,0.02131732168762211
AT5G57500,1.0539933178902259
AT5G57510,2.6025561118409706
AT5G57520,-1.402447981817423
AT5G57530,0.2955189327715552
AT5G57540,0.008963954850828645
AT5G57550,-1.3942391269494743
AT5G57560,4.44740681200178
AT5G57565,1.3839745837720059
AT5G57567,0.9758739249373343
AT5G57570,-0.047872658019957104
AT5G57580,0.23225886221962347
AT5G57590,-0.8066300971146606
AT5G57610,-0.557221617204584
AT5G57620,0.023947697177126488
AT5G57625,-0.12300817255817108
AT5G57630,0.16356508456985644
AT5G57640,0.587007758516839
AT5G57650,-0.34859710647174574
AT5G57655,-0.650633837443296
AT5G57660,-0.15000248484986003
AT5G57670,-0.6808007790215994
AT5G57685,0.07844456736653108
AT5G57690,0.5589340917136553
AT5G57700,-0.3853845459836406
AT5G57710,0.8967493130922384
AT5G57720,4.110670368424876
AT5G57740,-0.1250167402073223
AT5G57760,2.7023573471268736
AT5G57770,0.8859321165204881
AT5G57780,-2.8919310702894845
AT5G57785,-2.570916198488686
AT5G57790,-2.1282389820473573
AT5G57800,-0.328007148875861
AT5G57810,-0.9364952525140722
AT5G57815,-0.4550164915716898
AT5G57820,3.3984254061124917
AT5G57830,0.30500600108164383
AT5G57840,-0.25859508940292886
AT5G57850,-0.20075309328032304
AT5G57860,-0.13292349922274307
AT5G57870,0.4064025189859927
AT5G57880,-0.20908015824690376
AT5G57887,-0.0131970536278625
AT5G57890,-0.5419768693803166
AT5G57900,-0.01806045022204319
AT5G57910,0.63580469860842
AT5G57920,0.4568765919571846
AT5G57930,-0.909148237967653
AT5G57940,0.9363708698563498
AT5G57950,0.1339266463225253
AT5G57960,-0.5331023769869457
AT5G57970,0.10786576996513488
AT5G57980,0.3177736621639319
AT5G57990,0.8716648695109304
AT5G58000,0.48004623863431267
AT5G58003,0.09238614472488064
AT5G58005,-0.4217058225242966
AT5G58010,0.21243279036266466
AT5G58020,0.5911948295825105
AT5G58030,0.5524404408265458
AT5G58040,-0.0174314438816307
AT5G58050,2.696276678122706
AT5G58060,0.5104286321251501
AT5G58070,-0.4216408234042793
AT5G58080,5.023064210441491
AT5G58090,1.2217360387604645
AT5G58100,-0.026937657403693784
AT5G58110,0.28640110657841245
AT5G58120,2.2550115020348827
AT5G58130,-0.1634756519216563
AT5G58140,-1.0956263289538968
AT5G58160,1.221352001981529
AT5G58170,5.600087324109741
AT5G58180,3.211613175081286
AT5G58190,0.7912751140953859
AT5G58200,-0.29640773120774955
AT5G58210,0.1992114471435715
AT5G58220,-0.30060111601250056
AT5G58230,0.360855155718646
AT5G58240,0.004801793212390368
AT5G58250,-0.45141077033133326
AT5G58260,-0.3916602279404826
AT5G58270,-0.12876655983817187
AT5G58280,-1.2315291724202426
AT5G58290,0.2858852335916909
AT5G58300,-0.2411568164798933
AT5G58310,0.32118466888016817
AT5G58320,0.411760377148017
AT5G58330,-0.4340387769204433
AT5G58340,-0.8171794477428069
AT5G58350,-0.018124716310062107
AT5G58360,-0.9969932666655322
AT5G58370,-0.3469598659533488
AT5G58375,-0.24868533425821665
AT5G58380,0.876524510199612
AT5G58390,-0.8627065658604357
AT5G58400,-1.0026714102028567
AT5G58410,-0.143913946456408
AT5G58420,0.2441485959777491
AT5G58430,1.1962515686981883
AT5G58440,0.07930177892145375
AT5G58450,-0.36115295244246265
AT5G58470,0.1971471152256629
AT5G58480,-0.9400086936392753
AT5G58490,-0.6275476437624635
AT5G58500,-0.27414487471704563
AT5G58510,0.3317548291714759
AT5G58520,-0.5376323104147244
AT5G58530,0.30996276918618343
AT5G58540,-0.1661290062966851
AT5G58550,-0.016393506201176595
AT5G58560,-0.3314488974662693
AT5G58570,0.2842463461473237
AT5G58575,0.36358253654102024
AT5G58580,0.12608977914126532
AT5G58590,-0.6583604718959521
AT5G58600,0.19854770328707894
AT5G58610,0.9449282460526669
AT5G58620,1.3169577217859403
AT5G58630,-0.1884941823533307
AT5G58640,0.3751961621360639
AT5G58650,2.0753084279307377
AT5G58660,1.808489345560184
AT5G58670,0.8291914924836143
AT5G58680,0.3169620345756915
AT5G58690,0.9423668937586255
AT5G58700,0.29395044126373393
AT5G58710,-0.055856282660082565
AT5G58720,1.035501788153761
AT5G58730,1.6487651750511068
AT5G58740,-0.08254073886912919
AT5G58750,3.2017355216863193
AT5G58760,-0.18989755608145792
AT5G58770,-0.262221734362742
AT5G58780,0.237641312514038
AT5G58784,1.49757621443107
AT5G58787,-0.5608530489877857
AT5G58790,0.3374762374485216
AT5G58800,-0.820741406620605
AT5G58840,0.21366392101331064
AT5G58860,-0.520872452101039
AT5G58870,-0.4771729394819247
AT5G58880,-1.8778757470751295
AT5G58900,1.130376693355345
AT5G58910,-0.5470382206479774
AT5G58920,-0.40343798709011486
AT5G58930,-0.21842117152166807
AT5G58940,0.383550600673903
AT5G58950,-0.2456420927598688
AT5G58960,-0.39729543895678904
AT5G58970,0.2906296400707489
AT5G58980,-0.12515208897187222
AT5G58990,0.03338482827920681
AT5G59000,0.2614797612110287
AT5G59010,-0.39589261487654
AT5G59020,-0.3676413304528762
AT5G59030,-0.5865652327899148
AT5G59050,-0.6247951119662144
AT5G59060,0.8232227824990958
AT5G59080,-0.2410129844397793
AT5G59070,4.760348496461103
AT5G59090,1.0721445902874414
AT5G59130,-1.3585752788326468
AT5G59140,-0.14947165806538543
AT5G59150,1.2129969837349268
AT5G59160,0.6228359675972056
AT5G59170,-0.8038541376318886
AT5G59180,0.1839373161234095
AT5G59190,-0.284493898256984
AT5G59200,0.1654295288471573
AT5G59210,0.477603465297499
AT5G59220,0.03322695714778439
AT5G59240,0.5037285149296014
AT5G59250,-0.32664020895662244
AT5G59260,-0.11987010101470529
AT5G59270,0.6331807301297632
AT5G59290,0.22694384750713698
AT5G59300,-0.28088444323600414
AT5G59310,1.8730318233610872
AT5G59320,-0.6206109517647136
AT5G59330,-2.4427244015287193
AT5G59340,0.30562870948643817
AT5G59350,-1.4897222201764384
AT5G59360,-1.469912922505251
AT5G59370,0.3740372681542219
AT5G59380,0.34515709456372323
AT5G59390,0.2560985770707493
AT5G59400,0.39075431915829256
AT5G59410,-0.418482183207636
AT5G59420,0.46952541140178683
AT5G59430,-0.3472997625917089
AT5G59440,-0.11822213460485982
AT5G59450,1.3460420452852697
AT5G59460,0.11800757501776597
AT5G59470,-1.28805884682547
AT5G59480,0.6465433060119801
AT5G59490,-0.23210133236221028
AT5G59500,-0.24786973588631916
AT5G59510,-0.2840697332372933
AT5G59520,-1.0548110636101702
AT5G59530,-0.11997225105743507
AT5G59540,-0.018681529821106754
AT5G59550,1.960950301864782
AT5G59560,-0.2598940270034004
AT5G59570,0.8643976331335212
AT5G59580,0.2616630526484938
AT5G59590,0.5458585763833336
AT5G59610,-0.21335187877257641
AT5G59613,0.1060042612442622
AT5G59650,-0.2069742063372752
AT5G59660,-1.14492105611312
AT5G59670,-0.013254674193931951
AT5G59680,1.0959552591238915
AT5G59690,0.05612530858333773
AT5G59700,-0.6776620569309657
AT5G59710,-0.023882917350352573
AT5G59720,-0.03083375822693661
AT5G59730,1.1238915433611802
AT5G59740,0.6854856305916754
AT5G59750,-0.4709410843826703
AT5G59760,-0.9219118827161314
AT5G59770,-0.33248458291768523
AT5G59780,-0.5522911743004368
AT5G59790,0.012809305303474317
AT5G59800,1.07455091246521
AT5G59820,3.7808277511777213
AT5G59830,0.03929496180843782
AT5G59840,0.23707805499609716
AT5G59845,-3.1306416248999303
AT5G59850,0.4317421484469292
AT5G59860,1.8728773498034657
AT5G59865,1.1131997198248353
AT5G59870,0.17240678689442704
AT5G59880,0.4969653088915074
AT5G59890,-0.011751897393025741
AT5G59895,1.8730852100772803
AT5G59900,-0.28425018547430614
AT5G59910,0.1411763041787798
AT5G59920,0.10924763136457817
AT5G59930,0.49938892997371875
AT5G59940,0.15816154386596645
AT5G59950,0.804844221336003
AT5G59960,0.23340891951595388
AT5G59970,0.24350593682911598
AT5G59980,0.36726029412788014
AT5G59990,-1.1591311213942457
AT5G60020,-0.6653563719988161
AT5G60030,0.16146291705923163
AT5G60040,-0.05763493671928756
AT5G60050,-0.559335898650241
AT5G60060,0.5795721467008124
AT5G60100,-0.716726032809819
AT5G60110,0.5894892297540414
AT5G60120,-0.3129844451142667
AT5G60130,-0.7153784625251465
AT5G60140,2.412957466966165
AT5G60142,-3.298044781966685
AT5G60150,-0.2531981394957875
AT5G60160,-0.027726523468998024
AT5G60170,0.19225338172640344
AT5G60180,-0.6065671897479779
AT5G60190,-0.13598953406871309
AT5G60200,-0.2196494711207568
AT5G60210,-0.6087227340046926
AT5G60220,-0.06828877377248532
AT5G60230,0.10824937611358239
AT5G60250,0.43684500368718004
AT5G60260,2.432481517537188
AT5G60270,1.782984926922764
AT5G60280,0.37254713638826353
AT5G60290,0.6694920730659731
AT5G60300,0.3740057000338753
AT5G60310,0.8684916075395753
AT5G60320,-0.03258873981687511
AT5G60335,0.5048574761917389
AT5G60340,-0.03872013671462814
AT5G60350,0.3281674498879256
AT5G60360,-0.591721792522338
AT5G60370,0.2970400821180156
AT5G60380,3.715044581530864
AT5G60390,0.251528297086502
AT5G60400,0.43936690360139724
AT5G60410,-0.004590712351574431
AT5G60430,0.6212192990728127
AT5G60440,-1.038171655866421
AT5G60450,-0.5008285878009465
AT5G60460,0.6759186262873996
AT5G60470,-1.2894715747967804
AT5G60480,2.6551264287920437
AT5G60490,-0.34864214318715786
AT5G60520,0.5745146521712677
AT5G60530,0.13169175320912666
AT5G60540,-0.15125082434547268
AT5G60550,0.23914676130765528
AT5G60570,0.5480704500884659
AT5G60580,0.022153037018817386
AT5G60590,0.49738058554518616
AT5G60600,-0.18308001368437962
AT5G60610,-0.4150509359552047
AT5G60620,-0.32110221230819996
AT5G60630,0.23054013315551755
AT5G60640,0.5158379108682852
AT5G60650,-0.5274354291415059
AT5G60660,0.11141830742834355
AT5G60670,0.1133179114636935
AT5G60680,-0.12962936818402715
AT5G60690,-0.6871348557599835
AT5G60700,0.2743304418048046
AT5G60710,0.2304660648077826
AT5G60720,0.27982043194934386
AT5G60730,0.4209371904275412
AT5G60740,-2.6724263804689485
AT5G60750,0.15869048630439858
AT5G60760,0.7728072575973577
AT5G60770,2.6623377602122282
AT5G60780,3.5328140478313754
AT5G60790,0.27950979261585784
AT5G60800,-0.72970867679373
AT5G60810,-1.0033768264516165
AT5G60820,0.9477143405141084
AT5G60830,2.6623377602122282
AT5G60840,0.1881281341503297
AT5G60850,-0.302401077925198
AT5G60860,2.135367597838429
AT5G60870,-0.19812226240973452
AT5G60880,-1.339835576562712
AT5G60890,-0.8248501401297034
AT5G60900,-4.868816945586457
AT5G60910,-0.8192107708825526
AT5G60920,1.4365909385876348
AT5G60930,-0.26596559506236156
AT5G60940,-0.49337115194433534
AT5G60950,0.6771614511286754
AT5G60960,0.18033811435074723
AT5G60970,-0.48697617958898715
AT5G60980,-0.018122496972047934
AT5G60990,-0.1872657275290947
AT5G61000,-0.7048921196210163
AT5G61010,1.4864733966350758
AT5G61020,0.08023164561622703
AT5G61030,0.21753869712243917
AT5G61040,-0.4759832010657951
AT5G61060,-0.4077345881045084
AT5G61070,0.542882802557938
AT5G61090,1.831901511812102
AT5G61120,-0.32107086428957593
AT5G61130,-0.31072369991734256
AT5G61140,-0.2131189568990295
AT5G61150,-0.18817539446027118
AT5G61160,2.3381958240326846
AT5G61170,0.2976427426369161
AT5G61190,-0.3976319613358351
AT5G61200,-0.7190723872186923
AT5G61210,1.4342117845113207
AT5G61220,-0.05177213726403228
AT5G61230,0.21281487625919335
AT5G61240,1.6299100123927734
AT5G61250,0.8245646615093807
AT5G61260,0.8462789288602184
AT5G61270,1.1289252377298027
AT5G61280,1.1010171142498941
AT5G61290,-1.3664399114224863
AT5G61300,0.10893389533655919
AT5G61310,-0.15827219474482915
AT5G61330,-0.6462616023722654
AT5G61340,-0.3083801920038528
AT5G61350,0.23493945053161344
AT5G61360,0.21984772561497962
AT5G61370,0.11767090849367765
AT5G61380,0.7802360727605713
AT5G61390,1.4114757861598988
AT5G61400,-0.5158536013643267
AT5G61410,-0.13417468823174306
AT5G61412,-0.0658771637273737
AT5G61420,-1.4043113648750312
AT5G61430,-0.1251130250802379
AT5G61440,2.2334887679538267
AT5G61450,0.185144658880476
AT5G61460,-0.20905397549079477
AT5G61480,-0.24072072345867523
AT5G61490,0.8214377263638628
AT5G61500,-0.0791320707471173
AT5G61510,-0.028378907383859134
AT5G61520,-0.5194465854113309
AT5G61530,-0.5318259925855703
AT5G61540,-0.6390941797959718
AT5G61550,-0.3568680710227515
AT5G61560,1.2522799845856352
AT5G61570,0.8154147320933214
AT5G61580,-0.27219848202811325
AT5G61590,0.7528872868627423
AT5G61600,3.036231859390195
AT5G61610,0.43548298637948313
AT5G61620,4.186147711099165
AT5G61630,4.158559396086054
AT5G61640,-0.11166605347758245
AT5G61650,-0.5603532167025866
AT5G61660,1.054203095282298
AT5G61670,-0.3850645559127624
AT5G61730,-0.3756431101642596
AT5G61740,-0.12316360003323484
AT5G61750,4.399608905459191
AT5G61760,0.41788742039681026
AT5G61770,0.10750188736449141
AT5G61780,1.179237917469448
AT5G61790,0.26450355726715147
AT5G61800,0.26599815342234934
AT5G61810,1.2496426774087819
AT5G61820,-0.09150402756938796
AT5G61830,-0.2603485543171406
AT5G61840,0.1346544329221538
AT5G61850,0.033383134488904405
AT5G61865,0.5838841916204706
AT5G61880,-0.1641739912864343
AT5G61890,5.245800217376486
AT5G61910,-0.32255052676168494
AT5G61900,0.9894142028089202
AT5G61920,-0.17157693072410168
AT5G61930,0.3997562758340233
AT5G61940,0.39616175366091116
AT5G61950,0.20118706396470545
AT5G61960,-0.2882608792277993
AT5G61970,0.46368302445400417
AT5G61980,1.2222763919244977
AT5G61990,0.14980716451846735
AT5G62000,-0.025792143822247687
AT5G62020,0.9435369327280969
AT5G62030,0.11635394854850582
AT5G62040,1.4853844440287443
AT5G62050,0.2525580881874355
AT5G62070,1.5285594203117765
AT5G62080,-0.014984432603277274
AT5G62090,-0.20631224801875897
AT5G62100,-0.6181457023171009
AT5G62130,-1.379377963502574
AT5G62140,-1.4826313100863362
AT5G62150,0.03371092191356204
AT5G62160,-2.6826615294764204
AT5G62165,-0.6678674020109033
AT5G62170,-0.5055019619713287
AT5G62180,1.3024045563405673
AT5G62190,-0.28344252386157187
AT5G62200,-0.5053924868047381
AT5G62210,-0.4459247481735367
AT5G62220,-0.0620091649948111
AT5G62230,-1.1149224417377999
AT5G62240,0.33098958382575466
AT5G62250,-0.6064605054786579
AT5G62260,0.5525320990688972
AT5G62270,0.21905590321024943
AT5G62280,1.0628668682139975
AT5G62290,0.16546469637434316
AT5G62300,0.20207960358352775
AT5G62310,0.8939312864066934
AT5G62320,-2.674639620965142
AT5G62330,-0.03258873981687511
AT5G62340,0.5462577481580675
AT5G62350,-0.19603978534246402
AT5G62360,1.477581430690573
AT5G62370,-0.00015329484511894675
AT5G62380,-0.8272286207079553
AT5G62390,0.8060521811950526
AT5G62400,-2.6826615294764204
AT5G62410,0.4199778009852972
AT5G62420,-0.742480072856355
AT5G62430,-2.761761123060843
AT5G62440,0.038886909744834094
AT5G62460,0.46059400201820455
AT5G62470,1.7985897659170769
AT5G62480,0.28967815780008743
AT5G62490,4.776308404259827
AT5G62500,0.6088720620012475
AT5G62510,2.6551264287920437
AT5G62520,2.2220694391108515
AT5G62530,0.23538576570333128
AT5G62540,0.910947056792204
AT5G62550,-0.3817769099614245
AT5G62560,1.0470157997977614
AT5G62570,1.2112901807483498
AT5G62575,0.05945474104642306
AT5G62580,0.4943995905278231
AT5G62600,0.6295894577895534
AT5G62610,0.3435739981077291
AT5G62620,0.5042271921514635
AT5G62630,-0.7155528957349999
AT5G62640,0.242432164951027
AT5G62650,-0.5804206927221648
AT5G62670,-0.7436015274645523
AT5G62680,0.26624442171224444
AT5G62690,0.02644041918153578
AT5G62700,0.09518372392045367
AT5G62710,-1.115094222526245
AT5G62720,-0.6498678665104816
AT5G62730,0.18248975038516702
AT5G62740,0.16325956920934165
AT5G62760,0.2686225953016339
AT5G62770,1.441385717405857
AT5G62790,-0.41959968666663194
AT5G62810,0.10977218022425897
AT5G62820,-1.0783697406535744
AT5G62830,-2.6724263804689485
AT5G62840,-0.30435012585464055
AT5G62850,1.2041616664190709
AT5G62865,2.4558344353559773
AT5G62880,-0.03115152711932841
AT5G62890,-0.26269313709049785
AT5G62900,-0.025161000063199365
AT5G62910,0.4536170504687626
AT5G62920,0.41576975822539597
AT5G62930,0.02017281820380021
AT5G62940,0.006510302533167799
AT5G62950,0.09506822027163728
AT5G62960,-0.062445541090029595
AT5G62970,0.33594453005238584
AT5G62980,-0.7588803946078517
AT5G62990,-0.0013994126127187425
AT5G63000,-0.21068309683551628
AT5G63010,0.19675213741413863
AT5G63020,-0.06568923596370463
AT5G63030,0.14228996612856676
AT5G63040,0.024509502061696307
AT5G63050,0.3033345260797591
AT5G63060,-0.15321998668043801
AT5G63070,3.5328140478313754
AT5G63080,0.11354857767333046
AT5G63090,-1.0005295353204717
AT5G63100,-0.28705649512900416
AT5G63110,0.40609615688879264
AT5G63120,0.3878178935215888
AT5G63130,3.8325339713583615
AT5G63135,0.21454478184144818
AT5G63140,0.4915532796162224
AT5G63150,0.7532310880956149
AT5G63160,2.3528228096555344
AT5G63180,-2.9604629314311093
AT5G63190,-0.860834389648198
AT5G63200,-0.5367657253685065
AT5G63220,0.4877441990282945
AT5G63250,3.1084972934769426
AT5G63260,0.524083339361178
AT5G63270,-0.06477442623905977
AT5G63280,-0.007583929506369933
AT5G63290,0.4173648629567577
AT5G63300,0.31592133914927817
AT5G63310,-0.22682406569607347
AT5G63320,0.6648832117686254
AT5G63350,-0.5838828427894602
AT5G63370,1.1039521925502602
AT5G63380,0.7274267327537248
AT5G63390,0.8241273217760486
AT5G63400,0.4886581253914744
AT5G63410,0.49920112281829604
AT5G63420,-0.6864246365780905
AT5G63440,0.35638976509334114
AT5G63450,1.1681428497005248
AT5G63460,0.052952048551522295
AT5G63470,-0.5359691553991999
AT5G63480,-0.500151587103897
AT5G63490,0.5540387794748148
AT5G63500,-0.3841709285523191
AT5G63510,-0.1568377883745365
AT5G63520,-0.5810695617282073
AT5G63530,-0.0942854125122668
AT5G63540,0.3617202729690529
AT5G63550,-0.1319076371083845
AT5G63560,-0.41894677993137674
AT5G63570,0.10506137170287544
AT5G63580,-0.3099657945064711
AT5G63590,-0.9543136467953639
AT5G63595,-0.727161959067339
AT5G63600,0.16726149156080086
AT5G63610,0.5719493301341415
AT5G63620,0.2623789860751377
AT5G63625,-1.3416807321613804
AT5G63630,-0.6354412868828704
AT5G63640,0.958283276270145
AT5G63650,-0.11277272068981618
AT5G63660,0.8187210998297205
AT5G63670,-0.7474775347173244
AT5G63680,0.24591888593919317
AT5G63690,-0.11043638399264628
AT5G63700,-0.9557228689547379
AT5G63710,-0.31806225539533817
AT5G63750,2.0052592206976763
AT5G63760,0.1651809325651584
AT5G63770,0.9818176885546918
AT5G63780,-0.6255996036840761
AT5G63790,1.6732992260691164
AT5G63800,-0.8000124355538103
AT5G63810,0.3091075137596857
AT5G63820,0.459298179860667
AT5G63830,-0.3064168023990569
AT5G63840,0.3338955747286165
AT5G63850,0.2624689169978417
AT5G63860,-0.5749630046840559
AT5G63870,0.6821136928394353
AT5G63880,0.3388211912109102
AT5G63890,-0.12086275275455109
AT5G63900,2.1225537561595624
AT5G63905,1.3656498604375875
AT5G63910,-0.14727962853003237
AT5G63920,-0.33064030267707095
AT5G63930,-0.07532677885267491
AT5G63940,-0.2511585092259164
AT5G63950,0.11619087784226059
AT5G63960,-0.4297567259924062
AT5G63970,-0.6187869055882531
AT5G63980,-0.40244991667067576
AT5G63990,0.25542862534286886
AT5G64000,-0.16029293411749615
AT5G64010,0.1455869321128262
AT5G64020,0.8117039623483391
AT5G64030,0.21162370915502804
AT5G64040,-0.45197798894438235
AT5G64050,-0.1459166736299444
AT5G64060,0.5485811440224568
AT5G64070,0.05177333407508574
AT5G64080,-0.12239162725825536
AT5G64090,0.7476463035377717
AT5G64100,1.0237699848496107
AT5G64110,0.7200666791360318
AT5G64120,1.5652189779735854
AT5G64130,1.2017408340440874
AT5G64140,0.4215371451114996
AT5G64150,-0.03457171141260601
AT5G64160,0.3626648931103144
AT5G64170,-1.2365313639252755
AT5G64180,-0.3981635178660489
AT5G64190,-0.7116197121557933
AT5G64200,-0.10951251236344278
AT5G64210,-2.674639620965142
AT5G64220,0.562797054707104
AT5G64230,0.5412810831851113
AT5G64240,-0.06481786110897383
AT5G64250,-0.21765513762558963
AT5G64260,1.3285457081171268
AT5G64270,0.034543451520719394
AT5G64280,-0.7628081248998673
AT5G64290,0.023132876626394825
AT5G64300,1.3812783239959627
AT5G64310,3.323998376082881
AT5G64320,0.10214924207997243
AT5G64330,-0.3779780645174837
AT5G64340,-0.32592845950136734
AT5G64350,-0.12174649267577772
AT5G64360,0.054272219236830996
AT5G64370,0.026542423562601256
AT5G64380,-1.0880018740560646
AT5G64390,0.4260354352360616
AT5G64400,0.1800563715119653
AT5G64410,0.4769823558446546
AT5G64420,0.1562361265292226
AT5G64430,0.176025406770553
AT5G64440,0.2885668421416823
AT5G64450,2.279900550860282
AT5G64460,-0.18989892812450423
AT5G64470,-0.03679617516363623
AT5G64480,0.13147524356763582
AT5G64490,-0.3246051267908283
AT5G64500,-0.27549573922536036
AT5G64510,-1.1770619601538965
AT5G64520,-0.37731741023317183
AT5G64530,0.7076989757851406
AT5G64540,0.8238780387605394
AT5G64550,-0.6466326178236839
AT5G64560,0.43400635732485987
AT5G64570,1.884601400378179
AT5G64580,0.081203599125932
AT5G64590,-2.6724263804689485
AT5G64600,0.7321766080564359
AT5G64610,0.09958031774132985
AT5G64620,1.01907390932202
AT5G64630,-0.183444930064682
AT5G64640,1.2203750278137642
AT5G64650,-0.21148187799802354
AT5G64660,2.7764942147924034
AT5G64667,-1.0864232010736847
AT5G64670,0.11492530378910512
AT5G64680,0.08605017757000215
AT5G64687,-0.04855446420315681
AT5G64690,-0.13491959896784234
AT5G64700,-0.6785788752399674
AT5G64710,0.1844321499416955
AT5G64720,-2.674639620965142
AT5G64730,0.018537852926185188
AT5G64740,1.614554378882062
AT5G64750,5.326020152457764
AT5G64760,0.18462546015218034
AT5G64770,-3.2671763077159284
AT5G64780,-0.41349007578893565
AT5G64790,3.8693325504205762
AT5G64800,-3.2122086673229475
AT5G64810,-0.002643876293868807
AT5G64813,0.7467306968650849
AT5G64816,-0.044201264197006575
AT5G64820,2.6623377602122282
AT5G64830,-0.0030957439063588267
AT5G64840,-0.9335439957422837
AT5G64850,1.1125303454507858
AT5G64860,-1.1065799783092882
AT5G64870,2.2874941214343014
AT5G64880,-0.37180474691506765
AT5G64890,2.0049163628040545
AT5G64900,0.901357390774234
AT5G64905,4.096128275124291
AT5G64910,-0.15081787909312336
AT5G64920,0.22948244922233657
AT5G64930,-0.17124944472093337
AT5G64940,-0.7673169971917719
AT5G64950,0.4741600936525372
AT5G64960,0.10191173719916659
AT5G64970,-0.38021038173936944
AT5G64980,0.21992682073206887
AT5G64990,1.041270949946322
AT5G65000,0.1273631172567836
AT5G65010,-1.3471742029147173
AT5G65020,-0.46412551052167894
AT5G65030,-0.1608105440968737
AT5G65040,0.2866793965719303
AT5G65050,-0.11069445687360424
AT5G65060,0.1637874338739925
AT5G65070,-0.3759535377596523
AT5G65080,0.12047421096618234
AT5G65090,0.2675881642156142
AT5G65100,-1.5033737580008848
AT5G65110,0.34166150722856764
AT5G65120,0.6018875895384656
AT5G65130,6.277885710147723
AT5G65140,1.6086256843608346
AT5G65158,2.6551264287920437
AT5G65160,0.030401728989484702
AT5G65165,2.696276678122706
AT5G65170,-0.04289611087327714
AT5G65180,-0.0612249639370818
AT5G65200,0.6133573584966312
AT5G65205,-0.33308643221268364
AT5G65207,0.2005897042661546
AT5G65210,-0.16237859555968293
AT5G65220,-0.22053848593209707
AT5G65230,0.20378537930103524
AT5G65240,-0.14445053441622155
AT5G65250,-0.1853190340554038
AT5G65260,-0.3642491208490807
AT5G65270,1.3710422887224858
AT5G65280,0.6470127424709794
AT5G65290,0.6166842144091927
AT5G65300,2.697024093300009
AT5G65310,-0.5424758063605797
AT5G65320,-1.6088776922227142
AT5G65330,3.6021136418851913
AT5G65340,0.0006262882475830503
AT5G65350,0.10926970129674367
AT5G65360,0.1029124290330111
AT5G65380,-1.0739276666427864
AT5G65390,0.36229032416775675
AT5G65400,-0.09106615183265153
AT5G65410,-0.027661464799911002
AT5G65420,-0.3663723929030746
AT5G65430,1.0121675124332308
AT5G65440,0.7643722620907536
AT5G65450,0.5250625591460389
AT5G65460,-0.18241001193625403
AT5G65470,1.6780532356331688
AT5G65480,-2.287059463948383
AT5G65490,-0.3747201518096335
AT5G65495,-0.1888276243977775
AT5G65500,0.6913323394693314
AT5G65510,-0.25462401939949236
AT5G65520,0.175076774595651
AT5G65530,-0.1681966985741708
AT5G65540,-0.00026371822958304623
AT5G65550,0.4367764768635365
AT5G65560,0.4100473744829395
AT5G65570,-0.13203889700916807
AT5G65580,-0.17581652928973956
AT5G65590,-0.25006398423315085
AT5G65600,1.0950013663373916
AT5G65609,0.2511570571657968
AT5G65610,1.1634777075194815
AT5G65613,0.9990644147640685
AT5G65620,0.11059844416300156
AT5G65630,1.3648105304752622
AT5G65640,-0.42836027789588177
AT5G65650,0.6417675439621927
AT5G65660,0.3215948793672769
AT5G65670,0.02843043967283338
AT5G65683,-0.2847032888595855
AT5G65690,2.90553017304242
AT5G65687,-0.09402551121701828
AT5G65685,0.040818864913703866
AT5G65700,0.4060084936175392
AT5G65710,-0.258070304503545
AT5G65720,0.04344914848971066
AT5G65730,-0.4503651347200773
AT5G65740,-0.27392848167267964
AT5G65750,0.043081403698777485
AT5G65760,-0.7729452501886326
AT5G65770,-0.11784936124119233
AT5G65780,-0.6164061621770288
AT5G65790,-0.06972827251010899
AT5G65800,-2.7005187105190505
AT5G65810,0.9124894661914952
AT5G65820,-0.06450683071616456
AT5G65830,0.20239854722894207
AT5G65840,-0.1402043902134752
AT5G65850,-0.06423214111907904
AT5G65860,0.07974156626329461
AT5G65870,0.825780454751621
AT5G65880,0.3693140743060599
AT5G65890,-1.4191003761188423
AT5G65900,-0.04745284879622444
AT5G65910,0.5454627725415587
AT5G65920,1.4024499758962474
AT5G65925,1.5890959449177493
AT5G65930,0.30794003284250054
AT5G65940,-0.3542884129957546
AT5G65950,0.405339150702948
AT5G65960,0.30688530024107114
AT5G65970,0.27439754919998316
AT5G65980,-0.7999900459376049
AT5G65990,-1.0080229944122823
AT5G66000,0.3906178499906956
AT5G66005,-0.33169590777837427
AT5G66010,0.22424413782365132
AT5G66020,-1.87785450462112
AT5G66030,-0.043958043824406115
AT5G66040,-0.8274801449459194
AT5G66050,0.8297080326815213
AT5G66052,-0.8606264855143949
AT5G66055,-0.16204686350476752
AT5G66060,0.32839988234794765
AT5G66070,2.18598732855157
AT5G66080,0.7911771849201769
AT5G66090,-0.466068109626152
AT5G66100,0.4952223143117285
AT5G66110,0.5322421700769516
AT5G66120,-0.0878657266971298
AT5G66130,0.22056262965042742
AT5G66140,-0.007407538501165156
AT5G66150,-0.06621175519024738
AT5G66160,-0.22860715710830837
AT5G66170,0.0979116270627635
AT5G66180,-0.18491589645704642
AT5G66190,-0.24964440731950518
AT5G66200,1.2706469074726494
AT5G66210,1.9306766781657216
AT5G66230,-0.15916753832487926
AT5G66220,2.6623377602122282
AT5G66240,-0.29165435480786545
AT5G66250,-0.12918858451164286
AT5G66270,-0.8815219131879496
AT5G66280,0.18757864979144204
AT5G66290,0.11325308818638814
AT5G66300,-0.39443341133147586
AT5G66310,-0.27792255055939646
AT5G66320,-0.6060879130949779
AT5G66330,0.11596198072119632
AT5G66335,4.284187352151434
AT5G66350,-0.3869452806223485
AT5G66360,0.08080430002714613
AT5G66370,3.211613175081286
AT5G66380,0.24975120798457517
AT5G66390,0.44718874407125886
AT5G66400,-1.0031940441066671
AT5G66410,0.8488393512440682
AT5G66420,0.26775453651467174
AT5G66440,0.053764219787042475
AT5G66450,0.09874434998994487
AT5G66460,-1.3391817639762293
AT5G66470,-0.2902231255169691
AT5G66480,-0.006733871344330551
AT5G66490,-0.8067879738668174
AT5G66500,0.5171537192429455
AT5G66510,0.029065059394663945
AT5G66530,-0.46932001812985746
AT5G66540,0.3418952724481897
AT5G66550,0.027534224623503578
AT5G66560,-0.256087489598647
AT5G66570,-0.4217032346032531
AT5G66580,-2.1517734581220274
AT5G66590,-3.0384891953707958
AT5G66600,-1.2793669434506658
AT5G66595,-3.557797147071437
AT5G66607,1.491718635825393
AT5G66610,0.2466810689803017
AT5G66620,3.135626393825442
AT5G66630,2.053884137339917
AT5G66631,0.09329733974776981
AT5G66640,2.0579882530242197
AT5G66650,3.346167789811593
AT5G66658,0.2573335008716588
AT5G66660,-0.048917531903473054
AT5G66670,-0.9247361098598306
AT5G66675,1.540213637837376
AT5G66680,0.3579063164467946
AT5G66690,-1.081483729353671
AT5G66700,-0.5011353049254471
AT5G66710,0.33374589528408455
AT5G66720,-0.11132476040875851
AT5G66730,0.32592020388015014
AT5G66740,-0.42962913382610923
AT5G66750,-0.7772437179004372
AT5G66760,0.6489072157138484
AT5G66770,0.9692993604096456
AT5G66780,2.796048636135153
AT5G66790,0.012284766131591518
AT5G66800,0.2834734894340823
AT5G66810,0.3365130419078602
AT5G66815,-2.6826615294764204
AT5G66820,-0.9418714485067284
AT5G66830,5.142086921311937
AT5G66840,-0.2626750044015643
AT5G66850,0.32954540566747753
AT5G66860,0.3404029677494605
AT5G66870,-0.4575488319454143
AT5G66880,-0.6769592786236714
AT5G66900,0.4275255894098085
AT5G66910,-0.03288816134471615
AT5G66920,1.7634920659088253
AT5G66930,0.1704833565956247
AT5G66940,1.1198249995353877
AT5G66950,-0.07777212640233176
AT5G66960,0.056094659062464323
AT5G66980,-2.6724263804689485
AT5G66985,0.014152241926608704
AT5G67020,0.04139672478105921
AT5G67030,-0.5102941440949227
AT5G67040,3.3984254061124917
AT5G67050,0.9411355319234189
AT5G67060,2.0121809780693005
AT5G67070,-0.0022831871457793572
AT5G67080,4.336221523071624
AT5G67090,0.12003062099331745
AT5G67100,-0.6569567372803203
AT5G67110,-0.5103918824628857
AT5G67120,2.696276678122706
AT5G67130,-0.4978158727880571
AT5G67140,-0.06461577862439691
AT5G67150,-0.7108420230530202
AT5G67160,-0.3681152628270915
AT5G67170,0.2153011906256958
AT5G67180,-0.7364081662175392
AT5G67190,0.48905786422982084
AT5G67200,-1.2338699391199104
AT5G67210,0.5227490921307795
AT5G67220,0.07848526366888511
AT5G67230,-0.23135734632768926
AT5G67240,-0.09632597826798825
AT5G67245,-0.17295526161078809
AT5G67250,0.4313725313944834
AT5G67260,-1.1155892086800525
AT5G67265,-3.1272867351755402
AT5G67270,-0.3735969543056635
AT5G67280,-1.8697006929243427
AT5G67290,-0.18394127266305527
AT5G67300,1.6684443966509548
AT5G67310,1.7580643441692085
AT5G67320,-0.008629577600112208
AT5G67330,-0.7017847958260804
AT5G67340,1.2612179898605798
AT5G67350,-0.9470912456189817
AT5G67360,-0.37937612739478793
AT5G67370,-0.41365175072251475
AT5G67380,-0.3851112205103313
AT5G67385,-1.0645297593433003
AT5G67390,-0.7014425168369939
AT5G67400,0.2346572703518688
AT5G67410,0.17690893949132022
AT5G67411,-0.8380930540704131
AT5G67420,0.18636659758849622
AT5G67430,-1.4761172801187676
AT5G67440,0.5770750650871922
AT5G67450,2.1120916405361947
AT5G67460,0.5079958919835114
AT5G67470,1.6898051275356558
AT5G67480,0.39538497142966866
AT5G67490,0.02445488619843767
AT5G67500,0.31105800858535393
AT5G67510,0.5105087562605303
AT5G67520,1.1054578067751344
AT5G67530,0.28433831320269726
AT5G67540,0.970222659080399
AT5G67550,0.7055197785339724
AT5G67560,0.914832191777456
AT5G67570,-0.7987636721364335
AT5G67580,-0.07984586418468875
AT5G67590,0.06215177244262329
AT5G67600,-0.2303878352895379
AT5G67610,-0.5340838715877372
AT5G67620,-0.013418785914889493
AT5G67630,0.7158113217460926
AT5G67640,0.6723615897911122
ATMG00010,2.6551264287920437
ATMG00030,0.7744556966346086
ATMG00040,0.8697881918205242
ATMG00050,2.369953019867446
ATMG00060,0.73104168282414
ATMG00070,0.5141232841516428
ATMG00080,1.1115819955671744
ATMG00090,0.7697781186811345
ATMG00110,2.265192779751497
ATMG00120,2.1225537561595624
ATMG00130,5.968050104846424
ATMG00140,1.8788670540799015
ATMG00150,2.724282441276621
ATMG00160,0.5805507483665108
ATMG00170,1.2366587443368082
ATMG00180,1.025764250059161
ATMG00200,1.9044682413602523
ATMG00210,3.5160344925245095
ATMG00240,0.823265258500218
ATMG00260,0.8238780387605394
ATMG00270,1.8320826702396305
ATMG00280,4.110670368424876
ATMG00285,1.4255845896052286
ATMG00290,5.455064705829214
ATMG00300,4.074609867458875
ATMG00310,3.8707434907726563
ATMG00320,0.9676414842892191
ATMG00370,5.421613393761459
ATMG00400,-0.061801350486987344
ATMG00410,1.475997345208484
ATMG00430,3.715044581530864
ATMG00450,2.696276678122706
ATMG00470,1.1011689828774522
ATMG00480,0.8457626805095266
ATMG00500,2.696276678122706
ATMG00510,1.091206350652369
ATMG00513,0.8031498086748479
ATMG00516,1.1521045439465343
ATMG00520,0.8171912374871723
ATMG00530,-3.461079007329271
ATMG00550,-2.6826615294764204
ATMG00560,2.3538545411175145
ATMG00570,2.190101485909588
ATMG00580,0.6193731957356038
ATMG00590,-1.184183230780529
ATMG00600,1.8728773498034657
ATMG00620,0.6764231127522984
ATMG00630,0.5046856839510413
ATMG00640,0.017435436917382894
ATMG00650,-0.7804499005891719
ATMG00660,0.24305157406543001
ATMG00670,1.668474672824031
ATMG00680,3.211613175081286
ATMG00690,0.5949016071471744
ATMG00710,4.478523683232915
ATMG00720,-0.434531142636684
ATMG00730,2.097106957844254
ATMG00750,-2.6826615294764204
ATMG00810,1.1543329165336096
ATMG00820,0.7402773652082466
ATMG00830,0.8164687428218523
ATMG00860,-2.6826615294764204
ATMG00870,0.8300694379238011
ATMG00890,0.4967361672322426
ATMG00900,-0.3752284050667447
ATMG00920,3.6021136418851913
ATMG00940,2.15360136443784
ATMG00960,0.6712696185530398
ATMG00970,3.8707434907726563
ATMG00980,0.693047593902445
ATMG00990,-4.638851879175917
ATMG01000,1.5463110635766586
ATMG01010,-2.6724263804689485
ATMG01030,-0.8507495383324698
ATMG01040,2.6623377602122282
ATMG01050,-4.618957856567752
ATMG01060,1.3651677626938234
ATMG01080,0.022624521658591926
ATMG01090,0.8686639666385488
ATMG01130,3.308889409183959
ATMG01150,-3.182051915876951
ATMG01170,1.8404239593563498
ATMG01180,1.0849937202071858
ATMG01190,0.9352511108751357
ATMG01200,0.5250328049949776
ATMG01210,1.2394841779157437
ATMG01220,1.172934773361963
ATMG01230,4.110670368424876
ATMG01240,2.6551264287920437
ATMG01250,2.696276678122706
ATMG01260,3.174573937231123
ATMG01275,4.557844696792796
ATMG01280,1.3169410246618838
ATMG01290,0.0966716683748357
ATMG01310,-2.6724263804689485
ATMG01320,-0.284058460475536
ATMG01330,1.0228126077967388
ATMG01350,2.0977300635926164
ATMG01360,1.3359784595074073
ATMG01370,0.9055512492240846
ATMG01400,2.6623377602122282
ATMG01410,1.3527618577402816
ATCG00020,-0.3347275033885946
ATCG00040,0.09207684060697775
ATCG00070,-1.6834917664055715
ATCG00120,-0.24721841732518018
ATCG00130,0.5585673490319834
ATCG00140,0.8478430159800117
ATCG00150,-0.43544768327332134
ATCG00160,-0.013374531801220895
ATCG00170,-0.22719886539810713
ATCG00180,0.5078610437498837
ATCG00190,0.3442219675030606
ATCG00270,-0.22635880804206424
ATCG00280,-0.31745323897865424
ATCG00300,3.5328140478313754
ATCG00330,-0.5970613677659871
ATCG00340,-0.4439708335955261
ATCG00350,-1.01421483177671
ATCG00360,0.31393589572251157
ATCG00380,-0.36635642643780303
ATCG00420,-0.8547634111003538
ATCG00430,-0.09928510746127803
ATCG00440,-0.6336592513126909
ATCG00470,0.22183650268460725
ATCG00480,-0.16857406873974848
ATCG00490,-0.2232990806020355
ATCG00500,1.209557447673442
ATCG00520,-1.0102559014068773
ATCG00530,-0.3494203587250159
ATCG00540,-0.008860147798669199
ATCG00550,-1.8777557325959988
ATCG00580,0.5386687107525685
ATCG00630,-0.057878163030615944
ATCG00640,-0.05411820660772968
ATCG00650,-2.69375995449576
ATCG00660,1.820975312651615
ATCG00670,-0.5249692786709821
ATCG00680,-0.21526976664074268
ATCG00700,2.6551264287920437
ATCG00710,-4.313157615717886
ATCG00720,-0.1819371501596882
ATCG00730,-0.28401573549645365
ATCG00740,0.0858097277514364
ATCG00750,0.29521960284710147
ATCG00770,0.7398887472246268
ATCG00780,-0.09847230796527298
ATCG00790,0.29190787223925296
ATCG00800,0.39983121441733505
ATCG00810,0.034426166308207745
ATCG00820,-3.8556302957249997
ATCG00830,0.028662811023176284
ATCG00840,0.8032416225798235
ATCG00860,0.5069235258179785
ATCG00890,-0.10874203315894208
ATCG00900,-0.14514790828179677
ATCG00905,0.685007960877287
ATCG01000,-1.0738501375497633
ATCG01010,-1.3692777257866058
ATCG01020,5.9557954395902
ATCG01040,-0.018254300017269322
ATCG01050,-1.094981907500204
ATCG01060,-1.46377932251386
ATCG01070,-2.674639620965142
ATCG01080,0.9495295788490816
ATCG01090,-3.182051915876951
ATCG01100,-0.36022028445872617
ATCG01110,0.15472543038835343
ATCG01120,2.6551264287920437
ATCG01130,0.6500187312944531
ATCG01230,0.49433329531371595
ATCG01240,0.529046824583518
ATCG01250,0.32355902671831893
ATCG01280,-0.24586131474985798
ATCG01300,-0.06732361476933015
ATCG01310,-0.23697300327277543
